{
	"credit": "Made with Blockbench",
	"textures": {
		"0": "ben_ten:block/bindings",
		"particle": "ben_ten:block/bindings"
	},
	"elements": [
		{
			"from": [13.2, 2.5, 3.6],
			"to": [14.2, 9, 4.6],
			"rotation": {"angle": 0, "axis": "y", "origin": [-1.8, 2.5, -1.9]},
			"faces": {
				"north": {"uv": [7.75, 5.0625, 8.8125, 6.0625], "texture": "#0"},
				"east": {"uv": [7.75, 5.0625, 8.8125, 6.0625], "texture": "#0"},
				"south": {"uv": [7.75, 5.0625, 8.8125, 6.0625], "texture": "#0"},
				"west": {"uv": [7.75, 5.0625, 8.8125, 6.0625], "texture": "#0"},
				"up": {"uv": [7.75, 5.0625, 8.8125, 6.0625], "texture": "#0"},
				"down": {"uv": [7.75, 5.0625, 8.8125, 6.0625], "texture": "#0"}
			}
		},
		{
			"from": [12.55588, 0.06912, 3.04656],
			"to": [13.55588, 5.31912, 4.04656],
			"rotation": {"angle": 0, "axis": "y", "origin": [9.825, 8.41994, 3.42156]},
			"faces": {
				"north": {"uv": [7.75, 5.0625, 8.8125, 6.0625], "texture": "#0"},
				"east": {"uv": [7.75, 5.0625, 8.8125, 6.0625], "texture": "#0"},
				"south": {"uv": [7.75, 5.0625, 8.8125, 6.0625], "texture": "#0"},
				"west": {"uv": [7.75, 5.0625, 8.8125, 6.0625], "texture": "#0"},
				"up": {"uv": [7.75, 5.0625, 8.8125, 6.0625], "texture": "#0"},
				"down": {"uv": [7.75, 5.0625, 8.8125, 6.0625], "texture": "#0"}
			}
		},
		{
			"from": [9.45851, 5.9829, 3.04656],
			"to": [14.45851, 6.9829, 4.04656],
			"rotation": {"angle": -22.5, "axis": "z", "origin": [9.825, 8.41994, 3.42156]},
			"faces": {
				"north": {"uv": [7.75, 5.0625, 8.8125, 6.0625], "rotation": 90, "texture": "#0"},
				"east": {"uv": [7.75, 5.0625, 8.8125, 6.0625], "rotation": 90, "texture": "#0"},
				"south": {"uv": [7.75, 5.0625, 8.8125, 6.0625], "rotation": 90, "texture": "#0"},
				"west": {"uv": [7.75, 5.0625, 8.8125, 6.0625], "rotation": 90, "texture": "#0"},
				"up": {"uv": [7.75, 5.0625, 8.8125, 6.0625], "rotation": 90, "texture": "#0"},
				"down": {"uv": [7.75, 5.0625, 8.8125, 6.0625], "rotation": 90, "texture": "#0"}
			}
		},
		{
			"from": [13.2, 6.19454, 5.33744],
			"to": [14.2, 11.19454, 6.33744],
			"rotation": {"angle": 45, "axis": "x", "origin": [13.7, 8.44454, 4.83744]},
			"faces": {
				"north": {"uv": [7.75, 5.0625, 8.8125, 6.0625], "texture": "#0"},
				"east": {"uv": [7.75, 5.0625, 8.8125, 6.0625], "texture": "#0"},
				"south": {"uv": [7.75, 5.0625, 8.8125, 6.0625], "texture": "#0"},
				"west": {"uv": [7.75, 5.0625, 8.8125, 6.0625], "texture": "#0"},
				"up": {"uv": [7.75, 5.0625, 8.8125, 6.0625], "texture": "#0"},
				"down": {"uv": [7.75, 5.0625, 8.8125, 6.0625], "texture": "#0"}
			}
		},
		{
			"from": [7.84261, 6.95584, 3.04656],
			"to": [8.84261, 11.95584, 4.04656],
			"rotation": {"angle": 22.5, "axis": "z", "origin": [9.825, 8.41994, 3.42156]},
			"faces": {
				"north": {"uv": [7.75, 5.0625, 8.8125, 6.0625], "texture": "#0"},
				"east": {"uv": [7.75, 5.0625, 8.8125, 6.0625], "texture": "#0"},
				"south": {"uv": [7.75, 5.0625, 8.8125, 6.0625], "texture": "#0"},
				"west": {"uv": [7.75, 5.0625, 8.8125, 6.0625], "texture": "#0"},
				"up": {"uv": [7.75, 5.0625, 8.8125, 6.0625], "texture": "#0"},
				"down": {"uv": [7.75, 5.0625, 8.8125, 6.0625], "texture": "#0"}
			}
		},
		{
			"from": [13.2, 4.88813, 13.13593],
			"to": [14.2, 9.88813, 14.13593],
			"rotation": {"angle": -22.5, "axis": "x", "origin": [13.95, 5.13813, 12.38593]},
			"faces": {
				"north": {"uv": [7.75, 5.0625, 8.8125, 6.0625], "texture": "#0"},
				"east": {"uv": [7.75, 5.0625, 8.8125, 6.0625], "texture": "#0"},
				"south": {"uv": [7.75, 5.0625, 8.8125, 6.0625], "texture": "#0"},
				"west": {"uv": [7.75, 5.0625, 8.8125, 6.0625], "texture": "#0"},
				"up": {"uv": [7.75, 5.0625, 8.8125, 6.0625], "texture": "#0"},
				"down": {"uv": [7.75, 5.0625, 8.8125, 6.0625], "texture": "#0"}
			}
		},
		{
			"from": [9.27612, 9.58051, 11.42922],
			"to": [14.27612, 10.33051, 12.42922],
			"rotation": {"angle": -22.5, "axis": "z", "origin": [13.27612, 10.33051, 9.67922]},
			"faces": {
				"north": {"uv": [7.75, 5.0625, 8.8125, 6.0625], "rotation": 90, "texture": "#0"},
				"east": {"uv": [7.75, 5.0625, 8.8125, 6.0625], "rotation": 90, "texture": "#0"},
				"south": {"uv": [7.75, 5.0625, 8.8125, 6.0625], "rotation": 90, "texture": "#0"},
				"west": {"uv": [7.75, 5.0625, 8.8125, 6.0625], "rotation": 90, "texture": "#0"},
				"up": {"uv": [7.75, 5.0625, 8.8125, 6.0625], "rotation": 90, "texture": "#0"},
				"down": {"uv": [7.75, 5.0625, 8.8125, 6.0625], "rotation": 90, "texture": "#0"}
			}
		},
		{
			"from": [5.50083, 10.49864, 11.42922],
			"to": [8.25083, 11.24864, 12.42922],
			"rotation": {"angle": 0, "axis": "y", "origin": [14.50083, 14.74864, 9.67922]},
			"faces": {
				"north": {"uv": [7.75, 5.0625, 8.8125, 6.0625], "rotation": 90, "texture": "#0"},
				"east": {"uv": [7.75, 5.0625, 8.8125, 6.0625], "rotation": 90, "texture": "#0"},
				"south": {"uv": [7.75, 5.0625, 8.8125, 6.0625], "rotation": 90, "texture": "#0"},
				"west": {"uv": [7.75, 5.0625, 8.8125, 6.0625], "rotation": 90, "texture": "#0"},
				"up": {"uv": [7.75, 5.0625, 8.8125, 6.0625], "rotation": 90, "texture": "#0"},
				"down": {"uv": [7.75, 5.0625, 8.8125, 6.0625], "rotation": 90, "texture": "#0"}
			}
		},
		{
			"from": [0.59314, 14.34606, 11.42922],
			"to": [3.34314, 15.09606, 12.42922],
			"rotation": {"angle": 22.5, "axis": "z", "origin": [14.09314, 18.59606, 9.67922]},
			"faces": {
				"north": {"uv": [7.75, 5.0625, 8.8125, 6.0625], "rotation": 90, "texture": "#0"},
				"east": {"uv": [7.75, 5.0625, 8.8125, 6.0625], "rotation": 90, "texture": "#0"},
				"south": {"uv": [7.75, 5.0625, 8.8125, 6.0625], "rotation": 90, "texture": "#0"},
				"west": {"uv": [7.75, 5.0625, 8.8125, 6.0625], "rotation": 90, "texture": "#0"},
				"up": {"uv": [7.75, 5.0625, 8.8125, 6.0625], "rotation": 90, "texture": "#0"},
				"down": {"uv": [7.75, 5.0625, 8.8125, 6.0625], "rotation": 90, "texture": "#0"}
			}
		},
		{
			"from": [9.0625, 7.62481, 11.42922],
			"to": [9.8125, 10.37481, 12.42922],
			"rotation": {"angle": -22.5, "axis": "z", "origin": [5.5625, 25.62481, 9.67922]},
			"faces": {
				"north": {"uv": [7.75, 5.0625, 8.8125, 6.0625], "texture": "#0"},
				"east": {"uv": [7.75, 5.0625, 8.8125, 6.0625], "texture": "#0"},
				"south": {"uv": [7.75, 5.0625, 8.8125, 6.0625], "texture": "#0"},
				"west": {"uv": [7.75, 5.0625, 8.8125, 6.0625], "texture": "#0"},
				"up": {"uv": [7.75, 5.0625, 8.8125, 6.0625], "texture": "#0"},
				"down": {"uv": [7.75, 5.0625, 8.8125, 6.0625], "texture": "#0"}
			}
		},
		{
			"from": [1.90778, 4.90559, 11.42922],
			"to": [2.65778, 7.65559, 12.42922],
			"rotation": {"angle": 0, "axis": "y", "origin": [5.40778, 25.90559, 9.67922]},
			"faces": {
				"north": {"uv": [7.75, 5.0625, 8.8125, 6.0625], "texture": "#0"},
				"east": {"uv": [7.75, 5.0625, 8.8125, 6.0625], "texture": "#0"},
				"south": {"uv": [7.75, 5.0625, 8.8125, 6.0625], "texture": "#0"},
				"west": {"uv": [7.75, 5.0625, 8.8125, 6.0625], "texture": "#0"},
				"up": {"uv": [7.75, 5.0625, 8.8125, 6.0625], "texture": "#0"},
				"down": {"uv": [7.75, 5.0625, 8.8125, 6.0625], "texture": "#0"}
			}
		},
		{
			"from": [1.90778, 6.51554, 19.30813],
			"to": [2.65778, 7.51554, 20.30813],
			"rotation": {"angle": 22.5, "axis": "x", "origin": [5.40778, 26.01554, 9.80813]},
			"faces": {
				"north": {"uv": [7.75, 5.0625, 8.8125, 6.0625], "texture": "#0"},
				"east": {"uv": [7.75, 5.0625, 8.8125, 6.0625], "texture": "#0"},
				"south": {"uv": [7.75, 5.0625, 8.8125, 6.0625], "texture": "#0"},
				"west": {"uv": [7.75, 5.0625, 8.8125, 6.0625], "texture": "#0"},
				"up": {"uv": [7.75, 5.0625, 8.8125, 6.0625], "texture": "#0"},
				"down": {"uv": [7.75, 5.0625, 8.8125, 6.0625], "texture": "#0"}
			}
		},
		{
			"from": [7.43097, 13.12033, 11.42922],
			"to": [9.18097, 13.87033, 12.42922],
			"rotation": {"angle": 22.5, "axis": "z", "origin": [14.43097, 13.87033, 9.67922]},
			"faces": {
				"north": {"uv": [7.75, 5.0625, 8.8125, 6.0625], "rotation": 90, "texture": "#0"},
				"east": {"uv": [7.75, 5.0625, 8.8125, 6.0625], "rotation": 90, "texture": "#0"},
				"south": {"uv": [7.75, 5.0625, 8.8125, 6.0625], "rotation": 90, "texture": "#0"},
				"west": {"uv": [7.75, 5.0625, 8.8125, 6.0625], "rotation": 90, "texture": "#0"},
				"up": {"uv": [7.75, 5.0625, 8.8125, 6.0625], "rotation": 90, "texture": "#0"},
				"down": {"uv": [7.75, 5.0625, 8.8125, 6.0625], "rotation": 90, "texture": "#0"}
			}
		},
		{
			"from": [13.2, 9.03553, 7.13553],
			"to": [14.2, 10.03553, 11.63553],
			"rotation": {"angle": 0, "axis": "y", "origin": [13.7, 11.53553, 6.88553]},
			"faces": {
				"north": {"uv": [7.75, 5.0625, 8.8125, 6.0625], "rotation": 180, "texture": "#0"},
				"east": {"uv": [7.75, 5.0625, 8.8125, 6.0625], "rotation": 180, "texture": "#0"},
				"south": {"uv": [7.75, 5.0625, 8.8125, 6.0625], "rotation": 180, "texture": "#0"},
				"west": {"uv": [7.75, 5.0625, 8.8125, 6.0625], "rotation": 180, "texture": "#0"},
				"up": {"uv": [7.75, 5.0625, 8.8125, 6.0625], "rotation": 180, "texture": "#0"},
				"down": {"uv": [7.75, 5.0625, 8.8125, 6.0625], "rotation": 180, "texture": "#0"}
			}
		},
		{
			"from": [7.49535, -1.19005, 2.79656],
			"to": [8.49535, 2.05995, 3.79656],
			"rotation": {"angle": -22.5, "axis": "z", "origin": [8.8796, 9.22922, 3.42156]},
			"faces": {
				"north": {"uv": [7.75, 5.0625, 8.8125, 6.0625], "texture": "#0"},
				"east": {"uv": [7.75, 5.0625, 8.8125, 6.0625], "texture": "#0"},
				"south": {"uv": [7.75, 5.0625, 8.8125, 6.0625], "texture": "#0"},
				"west": {"uv": [7.75, 5.0625, 8.8125, 6.0625], "texture": "#0"},
				"up": {"uv": [7.75, 5.0625, 8.8125, 6.0625], "texture": "#0"},
				"down": {"uv": [7.75, 5.0625, 8.8125, 6.0625], "texture": "#0"}
			}
		},
		{
			"from": [4.19799, 5.65171, 11.44656],
			"to": [5.19799, 9.15171, 12.44656],
			"rotation": {"angle": 22.5, "axis": "z", "origin": [9.83224, 9.82098, 12.07156]},
			"faces": {
				"north": {"uv": [7.75, 5.0625, 8.8125, 6.0625], "texture": "#0"},
				"east": {"uv": [7.75, 5.0625, 8.8125, 6.0625], "texture": "#0"},
				"south": {"uv": [7.75, 5.0625, 8.8125, 6.0625], "texture": "#0"},
				"west": {"uv": [7.75, 5.0625, 8.8125, 6.0625], "texture": "#0"},
				"up": {"uv": [7.75, 5.0625, 8.8125, 6.0625], "texture": "#0"},
				"down": {"uv": [7.75, 5.0625, 8.8125, 6.0625], "texture": "#0"}
			}
		},
		{
			"from": [4.74405, 10.49233, 11.44656],
			"to": [5.74405, 13.99233, 12.44656],
			"rotation": {"angle": 45, "axis": "z", "origin": [10.3783, 8.6616, 12.07156]},
			"faces": {
				"north": {"uv": [7.75, 5.0625, 8.8125, 6.0625], "texture": "#0"},
				"east": {"uv": [7.75, 5.0625, 8.8125, 6.0625], "texture": "#0"},
				"south": {"uv": [7.75, 5.0625, 8.8125, 6.0625], "texture": "#0"},
				"west": {"uv": [7.75, 5.0625, 8.8125, 6.0625], "texture": "#0"},
				"up": {"uv": [7.75, 5.0625, 8.8125, 6.0625], "texture": "#0"},
				"down": {"uv": [7.75, 5.0625, 8.8125, 6.0625], "texture": "#0"}
			}
		},
		{
			"from": [7.19075, 5.25067, 11.44656],
			"to": [8.19075, 10.25067, 12.44656],
			"rotation": {"angle": -22.5, "axis": "z", "origin": [9.825, 8.41994, 12.07156]},
			"faces": {
				"north": {"uv": [7.75, 5.0625, 8.8125, 6.0625], "texture": "#0"},
				"east": {"uv": [7.75, 5.0625, 8.8125, 6.0625], "texture": "#0"},
				"south": {"uv": [7.75, 5.0625, 8.8125, 6.0625], "texture": "#0"},
				"west": {"uv": [7.75, 5.0625, 8.8125, 6.0625], "texture": "#0"},
				"up": {"uv": [7.75, 5.0625, 8.8125, 6.0625], "texture": "#0"},
				"down": {"uv": [7.75, 5.0625, 8.8125, 6.0625], "texture": "#0"}
			}
		},
		{
			"from": [5.17844, 0.25, 11.44656],
			"to": [6.17844, 3.75, 12.44656],
			"rotation": {"angle": 22.5, "axis": "z", "origin": [8.81269, 8.91927, 12.07156]},
			"faces": {
				"north": {"uv": [7.75, 5.0625, 8.8125, 6.0625], "texture": "#0"},
				"east": {"uv": [7.75, 5.0625, 8.8125, 6.0625], "texture": "#0"},
				"south": {"uv": [7.75, 5.0625, 8.8125, 6.0625], "texture": "#0"},
				"west": {"uv": [7.75, 5.0625, 8.8125, 6.0625], "texture": "#0"},
				"up": {"uv": [7.75, 5.0625, 8.8125, 6.0625], "texture": "#0"},
				"down": {"uv": [7.75, 5.0625, 8.8125, 6.0625], "texture": "#0"}
			}
		},
		{
			"from": [8.31021, 1.05132, 11.19656],
			"to": [13.81021, 2.05132, 12.19656],
			"rotation": {"angle": -22.5, "axis": "y", "origin": [7.89094, 8.18557, 12.07156]},
			"faces": {
				"north": {"uv": [7.75, 5.0625, 8.8125, 6.0625], "rotation": 270, "texture": "#0"},
				"east": {"uv": [7.75, 5.0625, 8.8125, 6.0625], "rotation": 270, "texture": "#0"},
				"south": {"uv": [7.75, 5.0625, 8.8125, 6.0625], "rotation": 270, "texture": "#0"},
				"west": {"uv": [7.75, 5.0625, 8.8125, 6.0625], "rotation": 270, "texture": "#0"},
				"up": {"uv": [7.75, 5.0625, 8.8125, 6.0625], "rotation": 270, "texture": "#0"},
				"down": {"uv": [7.75, 5.0625, 8.8125, 6.0625], "rotation": 270, "texture": "#0"}
			}
		},
		{
			"from": [13.2, 0.07685, 13.09839],
			"to": [14.2, 5.57685, 14.09839],
			"rotation": {"angle": 0, "axis": "y", "origin": [8.03073, 8.4611, 11.47339]},
			"faces": {
				"north": {"uv": [7.75, 5.0625, 8.8125, 6.0625], "rotation": 270, "texture": "#0"},
				"east": {"uv": [7.75, 5.0625, 8.8125, 6.0625], "rotation": 270, "texture": "#0"},
				"south": {"uv": [7.75, 5.0625, 8.8125, 6.0625], "rotation": 270, "texture": "#0"},
				"west": {"uv": [7.75, 5.0625, 8.8125, 6.0625], "rotation": 270, "texture": "#0"},
				"up": {"uv": [7.75, 5.0625, 8.8125, 6.0625], "rotation": 270, "texture": "#0"},
				"down": {"uv": [7.75, 5.0625, 8.8125, 6.0625], "rotation": 270, "texture": "#0"}
			}
		},
		{
			"from": [6.17844, 1.5, 11.44656],
			"to": [7.17844, 6.5, 12.44656],
			"rotation": {"angle": 0, "axis": "y", "origin": [8.81269, 8.91927, 12.07156]},
			"faces": {
				"north": {"uv": [7.75, 5.0625, 8.8125, 6.0625], "texture": "#0"},
				"east": {"uv": [7.75, 5.0625, 8.8125, 6.0625], "texture": "#0"},
				"south": {"uv": [7.75, 5.0625, 8.8125, 6.0625], "texture": "#0"},
				"west": {"uv": [7.75, 5.0625, 8.8125, 6.0625], "texture": "#0"},
				"up": {"uv": [7.75, 5.0625, 8.8125, 6.0625], "texture": "#0"},
				"down": {"uv": [7.75, 5.0625, 8.8125, 6.0625], "texture": "#0"}
			}
		},
		{
			"from": [4.85716, 2.1354, 11.44656],
			"to": [8.35716, 3.1354, 12.44656],
			"rotation": {"angle": 0, "axis": "y", "origin": [3.24141, 9.30467, 12.07156]},
			"faces": {
				"north": {"uv": [7.75, 5.0625, 8.8125, 6.0625], "texture": "#0"},
				"east": {"uv": [7.75, 5.0625, 8.8125, 6.0625], "texture": "#0"},
				"south": {"uv": [7.75, 5.0625, 8.8125, 6.0625], "texture": "#0"},
				"west": {"uv": [7.75, 5.0625, 8.8125, 6.0625], "texture": "#0"},
				"up": {"uv": [7.75, 5.0625, 8.8125, 6.0625], "texture": "#0"},
				"down": {"uv": [7.75, 5.0625, 8.8125, 6.0625], "texture": "#0"}
			}
		},
		{
			"from": [6.17844, 2.25, 11.44656],
			"to": [7.17844, 6.5, 12.44656],
			"rotation": {"angle": 0, "axis": "y", "origin": [8.81269, 8.91927, 12.07156]},
			"faces": {
				"north": {"uv": [7.75, 5.0625, 8.8125, 6.0625], "texture": "#0"},
				"east": {"uv": [7.75, 5.0625, 8.8125, 6.0625], "texture": "#0"},
				"south": {"uv": [7.75, 5.0625, 8.8125, 6.0625], "texture": "#0"},
				"west": {"uv": [7.75, 5.0625, 8.8125, 6.0625], "texture": "#0"},
				"up": {"uv": [7.75, 5.0625, 8.8125, 6.0625], "texture": "#0"},
				"down": {"uv": [7.75, 5.0625, 8.8125, 6.0625], "texture": "#0"}
			}
		},
		{
			"from": [7.49535, -1.19005, 11.44656],
			"to": [8.49535, 2.05995, 12.44656],
			"rotation": {"angle": -22.5, "axis": "z", "origin": [8.8796, 9.22922, 12.07156]},
			"faces": {
				"north": {"uv": [7.75, 5.0625, 8.8125, 6.0625], "texture": "#0"},
				"east": {"uv": [7.75, 5.0625, 8.8125, 6.0625], "texture": "#0"},
				"south": {"uv": [7.75, 5.0625, 8.8125, 6.0625], "texture": "#0"},
				"west": {"uv": [7.75, 5.0625, 8.8125, 6.0625], "texture": "#0"},
				"up": {"uv": [7.75, 5.0625, 8.8125, 6.0625], "texture": "#0"},
				"down": {"uv": [7.75, 5.0625, 8.8125, 6.0625], "texture": "#0"}
			}
		},
		{
			"from": [5.17844, 0.25, 2.79656],
			"to": [6.17844, 3.75, 3.79656],
			"rotation": {"angle": 22.5, "axis": "z", "origin": [8.81269, 8.91927, 3.42156]},
			"faces": {
				"north": {"uv": [7.75, 5.0625, 8.8125, 6.0625], "texture": "#0"},
				"east": {"uv": [7.75, 5.0625, 8.8125, 6.0625], "texture": "#0"},
				"south": {"uv": [7.75, 5.0625, 8.8125, 6.0625], "texture": "#0"},
				"west": {"uv": [7.75, 5.0625, 8.8125, 6.0625], "texture": "#0"},
				"up": {"uv": [7.75, 5.0625, 8.8125, 6.0625], "texture": "#0"},
				"down": {"uv": [7.75, 5.0625, 8.8125, 6.0625], "texture": "#0"}
			}
		},
		{
			"from": [4.85716, 2.1354, 2.79656],
			"to": [8.35716, 3.1354, 3.79656],
			"rotation": {"angle": 0, "axis": "y", "origin": [9.68789, 8.76965, 3.42156]},
			"faces": {
				"north": {"uv": [7.75, 5.0625, 8.8125, 6.0625], "rotation": 90, "texture": "#0"},
				"east": {"uv": [7.75, 5.0625, 8.8125, 6.0625], "rotation": 90, "texture": "#0"},
				"south": {"uv": [7.75, 5.0625, 8.8125, 6.0625], "rotation": 90, "texture": "#0"},
				"west": {"uv": [7.75, 5.0625, 8.8125, 6.0625], "rotation": 90, "texture": "#0"},
				"up": {"uv": [7.75, 5.0625, 8.8125, 6.0625], "rotation": 90, "texture": "#0"},
				"down": {"uv": [7.75, 5.0625, 8.8125, 6.0625], "rotation": 90, "texture": "#0"}
			}
		},
		{
			"from": [6.17844, 1.5, 2.79656],
			"to": [7.17844, 6.5, 3.79656],
			"rotation": {"angle": 0, "axis": "y", "origin": [8.81269, 8.91927, 3.42156]},
			"faces": {
				"north": {"uv": [7.75, 5.0625, 8.8125, 6.0625], "texture": "#0"},
				"east": {"uv": [7.75, 5.0625, 8.8125, 6.0625], "texture": "#0"},
				"south": {"uv": [7.75, 5.0625, 8.8125, 6.0625], "texture": "#0"},
				"west": {"uv": [7.75, 5.0625, 8.8125, 6.0625], "texture": "#0"},
				"up": {"uv": [7.75, 5.0625, 8.8125, 6.0625], "texture": "#0"},
				"down": {"uv": [7.75, 5.0625, 8.8125, 6.0625], "texture": "#0"}
			}
		},
		{
			"from": [6.17844, 2.25, 2.79656],
			"to": [7.17844, 6.5, 3.79656],
			"rotation": {"angle": 0, "axis": "y", "origin": [8.81269, 8.91927, 3.42156]},
			"faces": {
				"north": {"uv": [7.75, 5.0625, 8.8125, 6.0625], "texture": "#0"},
				"east": {"uv": [7.75, 5.0625, 8.8125, 6.0625], "texture": "#0"},
				"south": {"uv": [7.75, 5.0625, 8.8125, 6.0625], "texture": "#0"},
				"west": {"uv": [7.75, 5.0625, 8.8125, 6.0625], "texture": "#0"},
				"up": {"uv": [7.75, 5.0625, 8.8125, 6.0625], "texture": "#0"},
				"down": {"uv": [7.75, 5.0625, 8.8125, 6.0625], "texture": "#0"}
			}
		},
		{
			"from": [7.19075, 5.25067, 2.79656],
			"to": [8.19075, 10.25067, 3.79656],
			"rotation": {"angle": -22.5, "axis": "z", "origin": [9.825, 8.41994, 3.42156]},
			"faces": {
				"north": {"uv": [7.75, 5.0625, 8.8125, 6.0625], "texture": "#0"},
				"east": {"uv": [7.75, 5.0625, 8.8125, 6.0625], "texture": "#0"},
				"south": {"uv": [7.75, 5.0625, 8.8125, 6.0625], "texture": "#0"},
				"west": {"uv": [7.75, 5.0625, 8.8125, 6.0625], "texture": "#0"},
				"up": {"uv": [7.75, 5.0625, 8.8125, 6.0625], "texture": "#0"},
				"down": {"uv": [7.75, 5.0625, 8.8125, 6.0625], "texture": "#0"}
			}
		},
		{
			"from": [7.84039, 10.14229, 2.79656],
			"to": [13.09039, 11.14229, 3.79656],
			"rotation": {"angle": -22.5, "axis": "z", "origin": [7.40857, 7.98507, 3.42156]},
			"faces": {
				"north": {"uv": [7.75, 5.0625, 8.8125, 6.0625], "rotation": 270, "texture": "#0"},
				"east": {"uv": [7.75, 5.0625, 8.8125, 6.0625], "rotation": 270, "texture": "#0"},
				"south": {"uv": [7.75, 5.0625, 8.8125, 6.0625], "rotation": 270, "texture": "#0"},
				"west": {"uv": [7.75, 5.0625, 8.8125, 6.0625], "rotation": 270, "texture": "#0"},
				"up": {"uv": [7.75, 5.0625, 8.8125, 6.0625], "rotation": 270, "texture": "#0"},
				"down": {"uv": [7.75, 5.0625, 8.8125, 6.0625], "rotation": 270, "texture": "#0"}
			}
		},
		{
			"from": [2.2, 7.62051, 3.43173],
			"to": [3.2, 8.62051, 7.93173],
			"rotation": {"angle": 22.5, "axis": "x", "origin": [-6.925, -1.37466, 2.62613]},
			"faces": {
				"north": {"uv": [7.75, 5.0625, 8.8125, 6.0625], "rotation": 90, "texture": "#0"},
				"east": {"uv": [7.75, 5.0625, 8.8125, 6.0625], "rotation": 90, "texture": "#0"},
				"south": {"uv": [7.75, 5.0625, 8.8125, 6.0625], "rotation": 90, "texture": "#0"},
				"west": {"uv": [7.75, 5.0625, 8.8125, 6.0625], "rotation": 90, "texture": "#0"},
				"up": {"uv": [7.75, 5.0625, 8.8125, 6.0625], "rotation": 90, "texture": "#0"},
				"down": {"uv": [7.75, 5.0625, 8.8125, 6.0625], "rotation": 90, "texture": "#0"}
			}
		},
		{
			"from": [2.2, 5.43715, 3.07639],
			"to": [3.2, 6.43715, 7.82639],
			"rotation": {"angle": 22.5, "axis": "x", "origin": [-6.925, -1.55802, 3.02079]},
			"faces": {
				"north": {"uv": [7.75, 5.0625, 8.8125, 6.0625], "rotation": 90, "texture": "#0"},
				"east": {"uv": [7.75, 5.0625, 8.8125, 6.0625], "rotation": 90, "texture": "#0"},
				"south": {"uv": [7.75, 5.0625, 8.8125, 6.0625], "rotation": 90, "texture": "#0"},
				"west": {"uv": [7.75, 5.0625, 8.8125, 6.0625], "rotation": 90, "texture": "#0"},
				"up": {"uv": [7.75, 5.0625, 8.8125, 6.0625], "rotation": 90, "texture": "#0"},
				"down": {"uv": [7.75, 5.0625, 8.8125, 6.0625], "rotation": 90, "texture": "#0"}
			}
		},
		{
			"from": [2.2, -5.16857, 8.98766],
			"to": [3.2, 1.58143, 9.98766],
			"rotation": {"angle": -22.5, "axis": "x", "origin": [-6.925, 7.13703, -0.00751]},
			"faces": {
				"north": {"uv": [7.75, 5.0625, 8.8125, 6.0625], "rotation": 180, "texture": "#0"},
				"east": {"uv": [7.75, 5.0625, 8.8125, 6.0625], "rotation": 180, "texture": "#0"},
				"south": {"uv": [7.75, 5.0625, 8.8125, 6.0625], "rotation": 180, "texture": "#0"},
				"west": {"uv": [7.75, 5.0625, 8.8125, 6.0625], "rotation": 180, "texture": "#0"},
				"up": {"uv": [7.75, 5.0625, 8.8125, 6.0625], "rotation": 180, "texture": "#0"},
				"down": {"uv": [7.75, 5.0625, 8.8125, 6.0625], "rotation": 180, "texture": "#0"}
			}
		},
		{
			"from": [4.74405, 10.49233, 2.79656],
			"to": [5.74405, 13.99233, 3.79656],
			"rotation": {"angle": 45, "axis": "z", "origin": [10.3783, 8.6616, 3.42156]},
			"faces": {
				"north": {"uv": [7.75, 5.0625, 8.8125, 6.0625], "texture": "#0"},
				"east": {"uv": [7.75, 5.0625, 8.8125, 6.0625], "texture": "#0"},
				"south": {"uv": [7.75, 5.0625, 8.8125, 6.0625], "texture": "#0"},
				"west": {"uv": [7.75, 5.0625, 8.8125, 6.0625], "texture": "#0"},
				"up": {"uv": [7.75, 5.0625, 8.8125, 6.0625], "texture": "#0"},
				"down": {"uv": [7.75, 5.0625, 8.8125, 6.0625], "texture": "#0"}
			}
		},
		{
			"from": [4.19799, 4.90171, 2.79656],
			"to": [5.19799, 8.40171, 3.79656],
			"rotation": {"angle": 22.5, "axis": "z", "origin": [9.83224, 9.07098, 3.42156]},
			"faces": {
				"north": {"uv": [7.75, 5.0625, 8.8125, 6.0625], "texture": "#0"},
				"east": {"uv": [7.75, 5.0625, 8.8125, 6.0625], "texture": "#0"},
				"south": {"uv": [7.75, 5.0625, 8.8125, 6.0625], "texture": "#0"},
				"west": {"uv": [7.75, 5.0625, 8.8125, 6.0625], "texture": "#0"},
				"up": {"uv": [7.75, 5.0625, 8.8125, 6.0625], "texture": "#0"},
				"down": {"uv": [7.75, 5.0625, 8.8125, 6.0625], "texture": "#0"}
			}
		},
		{
			"from": [12.7, -2.93873, 10.55566],
			"to": [13.7, 2.06127, 11.55566],
			"rotation": {"angle": -22.5, "axis": "x", "origin": [12.2, 3.31127, 4.80566]},
			"faces": {
				"north": {"uv": [7.75, 5.0625, 8.8125, 6.0625], "texture": "#0"},
				"east": {"uv": [7.75, 5.0625, 8.8125, 6.0625], "texture": "#0"},
				"south": {"uv": [7.75, 5.0625, 8.8125, 6.0625], "texture": "#0"},
				"west": {"uv": [7.75, 5.0625, 8.8125, 6.0625], "texture": "#0"},
				"up": {"uv": [7.75, 5.0625, 8.8125, 6.0625], "texture": "#0"},
				"down": {"uv": [7.75, 5.0625, 8.8125, 6.0625], "texture": "#0"}
			}
		},
		{
			"from": [12.7, -4.41857, 9.98766],
			"to": [13.7, 2.33143, 10.98766],
			"rotation": {"angle": -22.5, "axis": "x", "origin": [3.575, 7.88703, 0.99249]},
			"faces": {
				"north": {"uv": [7.75, 5.0625, 8.8125, 6.0625], "rotation": 180, "texture": "#0"},
				"east": {"uv": [7.75, 5.0625, 8.8125, 6.0625], "rotation": 180, "texture": "#0"},
				"south": {"uv": [7.75, 5.0625, 8.8125, 6.0625], "rotation": 180, "texture": "#0"},
				"west": {"uv": [7.75, 5.0625, 8.8125, 6.0625], "rotation": 180, "texture": "#0"},
				"up": {"uv": [7.75, 5.0625, 8.8125, 6.0625], "rotation": 180, "texture": "#0"},
				"down": {"uv": [7.75, 5.0625, 8.8125, 6.0625], "rotation": 180, "texture": "#0"}
			}
		},
		{
			"from": [12.7, 8.37051, 4.43173],
			"to": [13.7, 9.37051, 8.93173],
			"rotation": {"angle": 22.5, "axis": "x", "origin": [3.575, -0.62466, 3.62613]},
			"faces": {
				"north": {"uv": [7.75, 5.0625, 8.8125, 6.0625], "rotation": 90, "texture": "#0"},
				"east": {"uv": [7.75, 5.0625, 8.8125, 6.0625], "rotation": 90, "texture": "#0"},
				"south": {"uv": [7.75, 5.0625, 8.8125, 6.0625], "rotation": 90, "texture": "#0"},
				"west": {"uv": [7.75, 5.0625, 8.8125, 6.0625], "rotation": 90, "texture": "#0"},
				"up": {"uv": [7.75, 5.0625, 8.8125, 6.0625], "rotation": 90, "texture": "#0"},
				"down": {"uv": [7.75, 5.0625, 8.8125, 6.0625], "rotation": 90, "texture": "#0"}
			}
		},
		{
			"from": [12.7, 6.18715, 4.07639],
			"to": [13.7, 7.18715, 8.82639],
			"rotation": {"angle": 22.5, "axis": "x", "origin": [3.575, -0.80802, 4.02079]},
			"faces": {
				"north": {"uv": [7.75, 5.0625, 8.8125, 6.0625], "rotation": 90, "texture": "#0"},
				"east": {"uv": [7.75, 5.0625, 8.8125, 6.0625], "rotation": 90, "texture": "#0"},
				"south": {"uv": [7.75, 5.0625, 8.8125, 6.0625], "rotation": 90, "texture": "#0"},
				"west": {"uv": [7.75, 5.0625, 8.8125, 6.0625], "rotation": 90, "texture": "#0"},
				"up": {"uv": [7.75, 5.0625, 8.8125, 6.0625], "rotation": 90, "texture": "#0"},
				"down": {"uv": [7.75, 5.0625, 8.8125, 6.0625], "rotation": 90, "texture": "#0"}
			}
		},
		{
			"from": [12.7, 4.74072, 3.51342],
			"to": [13.7, 5.74072, 8.01342],
			"rotation": {"angle": -45, "axis": "x", "origin": [13.2, 7.24072, 5.01342]},
			"faces": {
				"north": {"uv": [7.75, 5.0625, 8.8125, 6.0625], "rotation": 180, "texture": "#0"},
				"east": {"uv": [7.75, 5.0625, 8.8125, 6.0625], "rotation": 180, "texture": "#0"},
				"south": {"uv": [7.75, 5.0625, 8.8125, 6.0625], "rotation": 180, "texture": "#0"},
				"west": {"uv": [7.75, 5.0625, 8.8125, 6.0625], "rotation": 180, "texture": "#0"},
				"up": {"uv": [7.75, 5.0625, 8.8125, 6.0625], "rotation": 180, "texture": "#0"},
				"down": {"uv": [7.75, 5.0625, 8.8125, 6.0625], "rotation": 180, "texture": "#0"}
			}
		},
		{
			"from": [12.45, 0.11836, 4.51865],
			"to": [13.45, 5.11836, 5.51865],
			"rotation": {"angle": -22.5, "axis": "x", "origin": [13.2, 2.61836, 4.51865]},
			"faces": {
				"north": {"uv": [7.75, 5.0625, 8.8125, 6.0625], "texture": "#0"},
				"east": {"uv": [7.75, 5.0625, 8.8125, 6.0625], "texture": "#0"},
				"south": {"uv": [7.75, 5.0625, 8.8125, 6.0625], "texture": "#0"},
				"west": {"uv": [7.75, 5.0625, 8.8125, 6.0625], "texture": "#0"},
				"up": {"uv": [7.75, 5.0625, 8.8125, 6.0625], "texture": "#0"},
				"down": {"uv": [7.75, 5.0625, 8.8125, 6.0625], "texture": "#0"}
			}
		},
		{
			"from": [12.7, 0.06127, 4.30566],
			"to": [13.7, 5.06127, 5.30566],
			"rotation": {"angle": 22.5, "axis": "x", "origin": [13.2, 3.31127, 4.80566]},
			"faces": {
				"north": {"uv": [7.75, 5.0625, 8.8125, 6.0625], "texture": "#0"},
				"east": {"uv": [7.75, 5.0625, 8.8125, 6.0625], "texture": "#0"},
				"south": {"uv": [7.75, 5.0625, 8.8125, 6.0625], "texture": "#0"},
				"west": {"uv": [7.75, 5.0625, 8.8125, 6.0625], "texture": "#0"},
				"up": {"uv": [7.75, 5.0625, 8.8125, 6.0625], "texture": "#0"},
				"down": {"uv": [7.75, 5.0625, 8.8125, 6.0625], "texture": "#0"}
			}
		},
		{
			"from": [2.2, -0.68873, 3.30566],
			"to": [3.2, 4.31127, 4.30566],
			"rotation": {"angle": 22.5, "axis": "x", "origin": [2.7, 2.56127, 3.80566]},
			"faces": {
				"north": {"uv": [7.75, 5.0625, 8.8125, 6.0625], "texture": "#0"},
				"east": {"uv": [7.75, 5.0625, 8.8125, 6.0625], "texture": "#0"},
				"south": {"uv": [7.75, 5.0625, 8.8125, 6.0625], "texture": "#0"},
				"west": {"uv": [7.75, 5.0625, 8.8125, 6.0625], "texture": "#0"},
				"up": {"uv": [7.75, 5.0625, 8.8125, 6.0625], "texture": "#0"},
				"down": {"uv": [7.75, 5.0625, 8.8125, 6.0625], "texture": "#0"}
			}
		},
		{
			"from": [2.2, -3.68873, 9.55566],
			"to": [3.2, 1.31127, 10.55566],
			"rotation": {"angle": -22.5, "axis": "x", "origin": [1.7, 2.56127, 3.80566]},
			"faces": {
				"north": {"uv": [7.75, 5.0625, 8.8125, 6.0625], "texture": "#0"},
				"east": {"uv": [7.75, 5.0625, 8.8125, 6.0625], "texture": "#0"},
				"south": {"uv": [7.75, 5.0625, 8.8125, 6.0625], "texture": "#0"},
				"west": {"uv": [7.75, 5.0625, 8.8125, 6.0625], "texture": "#0"},
				"up": {"uv": [7.75, 5.0625, 8.8125, 6.0625], "texture": "#0"},
				"down": {"uv": [7.75, 5.0625, 8.8125, 6.0625], "texture": "#0"}
			}
		},
		{
			"from": [1.95, -0.63164, 3.51865],
			"to": [2.95, 4.36836, 4.51865],
			"rotation": {"angle": -22.5, "axis": "x", "origin": [2.7, 1.86836, 3.51865]},
			"faces": {
				"north": {"uv": [7.75, 5.0625, 8.8125, 6.0625], "texture": "#0"},
				"east": {"uv": [7.75, 5.0625, 8.8125, 6.0625], "texture": "#0"},
				"south": {"uv": [7.75, 5.0625, 8.8125, 6.0625], "texture": "#0"},
				"west": {"uv": [7.75, 5.0625, 8.8125, 6.0625], "texture": "#0"},
				"up": {"uv": [7.75, 5.0625, 8.8125, 6.0625], "texture": "#0"},
				"down": {"uv": [7.75, 5.0625, 8.8125, 6.0625], "texture": "#0"}
			}
		},
		{
			"from": [2.2, 3.99072, 2.51342],
			"to": [3.2, 4.99072, 7.01342],
			"rotation": {"angle": -45, "axis": "x", "origin": [2.7, 6.49072, 4.01342]},
			"faces": {
				"north": {"uv": [7.75, 5.0625, 8.8125, 6.0625], "rotation": 180, "texture": "#0"},
				"east": {"uv": [7.75, 5.0625, 8.8125, 6.0625], "rotation": 180, "texture": "#0"},
				"south": {"uv": [7.75, 5.0625, 8.8125, 6.0625], "rotation": 180, "texture": "#0"},
				"west": {"uv": [7.75, 5.0625, 8.8125, 6.0625], "rotation": 180, "texture": "#0"},
				"up": {"uv": [7.75, 5.0625, 8.8125, 6.0625], "rotation": 180, "texture": "#0"},
				"down": {"uv": [7.75, 5.0625, 8.8125, 6.0625], "rotation": 180, "texture": "#0"}
			}
		}
	],
	"display": {
		"ground": {
			"translation": [0, 5, 0]
		},
		"head": {
			"translation": [0, -9.25, 0],
			"scale": [2, 2, 2]
		}
	}
}