{
	"credit": "Made with Blockbench",
	"textures": {
		"0": "ben_ten:block/disk_black",
		"2": "ben_ten:block/disk_yellow",
		"3": "ben_ten:block/disk_gray",
		"particle": "ben_ten:block/disk_black"
	},
	"elements": [
		{
			"name": "Cube",
			"from": [6.4087, 7.5, 0],
			"to": [9.5913, 10, 16],
			"rotation": {"angle": -45, "axis": "y", "origin": [8, 8, 8]},
			"faces": {
				"north": {"uv": [0, 0, 1, 1], "texture": "#3"},
				"east": {"uv": [0, 0, 1, 1], "texture": "#3"},
				"south": {"uv": [0, 0, 1, 1], "texture": "#3"},
				"west": {"uv": [0, 0, 1, 1], "texture": "#3"},
				"up": {"uv": [0, 0, 1, 1], "texture": "#3"},
				"down": {"uv": [0, 0, 1, 1], "texture": "#3"}
			}
		},
		{
			"name": "Cube",
			"from": [6.4087, 7.5, 0],
			"to": [9.5913, 10, 16],
			"rotation": {"angle": -22.5, "axis": "y", "origin": [8, 8, 8]},
			"faces": {
				"north": {"uv": [0, 0, 1, 1], "texture": "#3"},
				"east": {"uv": [0, 0, 1, 1], "texture": "#3"},
				"south": {"uv": [0, 0, 1, 1], "texture": "#3"},
				"west": {"uv": [0, 0, 1, 1], "texture": "#3"},
				"up": {"uv": [0, 0, 1, 1], "texture": "#3"},
				"down": {"uv": [0, 0, 1, 1], "texture": "#3"}
			}
		},
		{
			"name": "Cube",
			"from": [6.4087, 7.5, 0],
			"to": [9.5913, 10, 16],
			"rotation": {"angle": 0, "axis": "y", "origin": [8, 8, 8]},
			"faces": {
				"north": {"uv": [0, 0, 1, 1], "texture": "#3"},
				"east": {"uv": [0, 0, 1, 1], "texture": "#3"},
				"south": {"uv": [0, 0, 1, 1], "texture": "#3"},
				"west": {"uv": [0, 0, 1, 1], "texture": "#3"},
				"up": {"uv": [0, 0, 1, 1], "texture": "#3"},
				"down": {"uv": [0, 0, 1, 1], "texture": "#3"}
			}
		},
		{
			"name": "Cube",
			"from": [6.4087, 7.5, 0],
			"to": [9.5913, 10, 16],
			"rotation": {"angle": 22.5, "axis": "y", "origin": [8, 8, 8]},
			"faces": {
				"north": {"uv": [0, 0, 1, 1], "texture": "#3"},
				"east": {"uv": [0, 0, 1, 1], "texture": "#3"},
				"south": {"uv": [0, 0, 1, 1], "texture": "#3"},
				"west": {"uv": [0, 0, 1, 1], "texture": "#3"},
				"up": {"uv": [0, 0, 1, 1], "texture": "#3"},
				"down": {"uv": [0, 0, 1, 1], "texture": "#3"}
			}
		},
		{
			"name": "Cube",
			"from": [6.4087, 7.5, 0],
			"to": [9.5913, 10, 16],
			"rotation": {"angle": 45, "axis": "y", "origin": [8, 8, 8]},
			"faces": {
				"north": {"uv": [0, 0, 1, 1], "texture": "#3"},
				"east": {"uv": [0, 0, 1, 1], "texture": "#3"},
				"south": {"uv": [0, 0, 1, 1], "texture": "#3"},
				"west": {"uv": [0, 0, 1, 1], "texture": "#3"},
				"up": {"uv": [0, 0, 1, 1], "texture": "#3"},
				"down": {"uv": [0, 0, 1, 1], "texture": "#3"}
			}
		},
		{
			"name": "Cube",
			"from": [0, 7.5, 6.4087],
			"to": [16, 10, 9.5913],
			"rotation": {"angle": -22.5, "axis": "y", "origin": [8, 8, 8]},
			"faces": {
				"north": {"uv": [0, 0, 1, 1], "texture": "#3"},
				"east": {"uv": [0, 0, 1, 1], "texture": "#3"},
				"south": {"uv": [0, 0, 1, 1], "texture": "#3"},
				"west": {"uv": [0, 0, 1, 1], "texture": "#3"},
				"up": {"uv": [0, 0, 1, 1], "texture": "#3"},
				"down": {"uv": [0, 0, 1, 1], "texture": "#3"}
			}
		},
		{
			"name": "Cube",
			"from": [0, 7.5, 6.4087],
			"to": [16, 10, 9.5913],
			"rotation": {"angle": 0, "axis": "y", "origin": [8, 8, 8]},
			"faces": {
				"north": {"uv": [0, 0, 1, 1], "texture": "#3"},
				"east": {"uv": [0, 0, 1, 1], "texture": "#3"},
				"south": {"uv": [0, 0, 1, 1], "texture": "#3"},
				"west": {"uv": [0, 0, 1, 1], "texture": "#3"},
				"up": {"uv": [0, 0, 1, 1], "texture": "#3"},
				"down": {"uv": [0, 0, 1, 1], "texture": "#3"}
			}
		},
		{
			"name": "Cube",
			"from": [0, 7.5, 6.4087],
			"to": [16, 10, 9.5913],
			"rotation": {"angle": 22.5, "axis": "y", "origin": [8, 8, 8]},
			"faces": {
				"north": {"uv": [0, 0, 1, 1], "texture": "#3"},
				"east": {"uv": [0, 0, 1, 1], "texture": "#3"},
				"south": {"uv": [0, 0, 1, 1], "texture": "#3"},
				"west": {"uv": [0, 0, 1, 1], "texture": "#3"},
				"up": {"uv": [0, 0, 1, 1], "texture": "#3"},
				"down": {"uv": [0, 0, 1, 1], "texture": "#3"}
			}
		},
		{
			"name": "Cube",
			"from": [6.30924, 8.25, -0.5],
			"to": [9.69076, 9.25, 16.5],
			"rotation": {"angle": -45, "axis": "y", "origin": [8, 8.75, 8]},
			"faces": {
				"north": {"uv": [0, 0, 1, 1], "texture": "#3"},
				"east": {"uv": [0, 0, 1, 1], "texture": "#3"},
				"south": {"uv": [0, 0, 1, 1], "texture": "#3"},
				"west": {"uv": [0, 0, 1, 1], "texture": "#3"},
				"up": {"uv": [0, 0, 1, 1], "texture": "#0"},
				"down": {"uv": [0, 0, 1, 1], "texture": "#0"}
			}
		},
		{
			"name": "Cube",
			"from": [6.30924, 8.25, -0.5],
			"to": [9.69076, 9.25, 16.5],
			"rotation": {"angle": -22.5, "axis": "y", "origin": [8, 8.75, 8]},
			"faces": {
				"north": {"uv": [0, 0, 1, 1], "texture": "#3"},
				"east": {"uv": [0, 0, 1, 1], "texture": "#3"},
				"south": {"uv": [0, 0, 1, 1], "texture": "#3"},
				"west": {"uv": [0, 0, 1, 1], "texture": "#3"},
				"up": {"uv": [0, 0, 1, 1], "texture": "#0"},
				"down": {"uv": [0, 0, 1, 1], "texture": "#0"}
			}
		},
		{
			"name": "Cube",
			"from": [6.30924, 8.25, -0.5],
			"to": [9.69076, 9.25, 16.5],
			"rotation": {"angle": 0, "axis": "y", "origin": [8, 8.75, 8]},
			"faces": {
				"north": {"uv": [0, 0, 1, 1], "texture": "#3"},
				"east": {"uv": [0, 0, 1, 1], "texture": "#3"},
				"south": {"uv": [0, 0, 1, 1], "texture": "#3"},
				"west": {"uv": [0, 0, 1, 1], "texture": "#3"},
				"up": {"uv": [0, 0, 1, 1], "texture": "#0"},
				"down": {"uv": [0, 0, 1, 1], "texture": "#0"}
			}
		},
		{
			"name": "Cube",
			"from": [6.30924, 8.25, -0.5],
			"to": [9.69076, 9.25, 16.5],
			"rotation": {"angle": 22.5, "axis": "y", "origin": [8, 8.75, 8]},
			"faces": {
				"north": {"uv": [0, 0, 1, 1], "texture": "#3"},
				"east": {"uv": [0, 0, 1, 1], "texture": "#3"},
				"south": {"uv": [0, 0, 1, 1], "texture": "#3"},
				"west": {"uv": [0, 0, 1, 1], "texture": "#3"},
				"up": {"uv": [0, 0, 1, 1], "texture": "#0"},
				"down": {"uv": [0, 0, 1, 1], "texture": "#0"}
			}
		},
		{
			"name": "Cube",
			"from": [6.30924, 8.25, -0.5],
			"to": [9.69076, 9.25, 16.5],
			"rotation": {"angle": 45, "axis": "y", "origin": [8, 8.75, 8]},
			"faces": {
				"north": {"uv": [0, 0, 1, 1], "texture": "#3"},
				"east": {"uv": [0, 0, 1, 1], "texture": "#3"},
				"south": {"uv": [0, 0, 1, 1], "texture": "#3"},
				"west": {"uv": [0, 0, 1, 1], "texture": "#3"},
				"up": {"uv": [0, 0, 1, 1], "texture": "#0"},
				"down": {"uv": [0, 0, 1, 1], "texture": "#0"}
			}
		},
		{
			"name": "Cube",
			"from": [-0.5, 8.25, 6.30924],
			"to": [16.5, 9.25, 9.69076],
			"rotation": {"angle": -22.5, "axis": "y", "origin": [8, 8.75, 8]},
			"faces": {
				"north": {"uv": [0, 0, 1, 1], "texture": "#3"},
				"east": {"uv": [0, 0, 1, 1], "texture": "#3"},
				"south": {"uv": [0, 0, 1, 1], "texture": "#3"},
				"west": {"uv": [0, 0, 1, 1], "texture": "#3"},
				"up": {"uv": [0, 0, 1, 1], "texture": "#0"},
				"down": {"uv": [0, 0, 1, 1], "texture": "#0"}
			}
		},
		{
			"name": "Cube",
			"from": [-0.5, 8.25, 6.30924],
			"to": [16.5, 9.25, 9.69076],
			"rotation": {"angle": 0, "axis": "y", "origin": [8, 8.75, 8]},
			"faces": {
				"north": {"uv": [0, 0, 1, 1], "texture": "#3"},
				"east": {"uv": [0, 0, 1, 1], "texture": "#3"},
				"south": {"uv": [0, 0, 1, 1], "texture": "#3"},
				"west": {"uv": [0, 0, 1, 1], "texture": "#3"},
				"up": {"uv": [0, 0, 1, 1], "texture": "#0"},
				"down": {"uv": [0, 0, 1, 1], "texture": "#0"}
			}
		},
		{
			"name": "Cube",
			"from": [-0.5, 8.25, 6.30924],
			"to": [16.5, 9.25, 9.69076],
			"rotation": {"angle": 22.5, "axis": "y", "origin": [8, 8.75, 8]},
			"faces": {
				"north": {"uv": [0, 0, 1, 1], "texture": "#3"},
				"east": {"uv": [0, 0, 1, 1], "texture": "#3"},
				"south": {"uv": [0, 0, 1, 1], "texture": "#3"},
				"west": {"uv": [0, 0, 1, 1], "texture": "#3"},
				"up": {"uv": [0, 0, 1, 1], "texture": "#0"},
				"down": {"uv": [0, 0, 1, 1], "texture": "#0"}
			}
		},
		{
			"name": "Cube",
			"from": [6.80653, 6.5, 2],
			"to": [9.19347, 7.5, 14],
			"rotation": {"angle": -45, "axis": "y", "origin": [8, 7, 8]},
			"faces": {
				"north": {"uv": [0, 0, 1, 1], "texture": "#2"},
				"east": {"uv": [0, 0, 1, 1], "texture": "#2"},
				"south": {"uv": [0, 0, 1, 1], "texture": "#2"},
				"west": {"uv": [0, 0, 1, 1], "texture": "#2"},
				"up": {"uv": [0, 0, 1, 1], "texture": "#2"},
				"down": {"uv": [0, 0, 1, 1], "texture": "#2"}
			}
		},
		{
			"name": "Cube",
			"from": [6.80653, 6.5, 2],
			"to": [9.19347, 7.5, 14],
			"rotation": {"angle": -22.5, "axis": "y", "origin": [8, 7, 8]},
			"faces": {
				"north": {"uv": [0, 0, 1, 1], "texture": "#0"},
				"east": {"uv": [0, 0, 1, 1], "texture": "#0"},
				"south": {"uv": [0, 0, 1, 1], "texture": "#0"},
				"west": {"uv": [0, 0, 1, 1], "texture": "#0"},
				"up": {"uv": [0, 0, 1, 1], "texture": "#0"},
				"down": {"uv": [0, 0, 1, 1], "texture": "#0"}
			}
		},
		{
			"name": "Cube",
			"from": [6.80653, 6.5, 2],
			"to": [9.19347, 7.5, 14],
			"rotation": {"angle": 0, "axis": "y", "origin": [8, 7, 8]},
			"faces": {
				"north": {"uv": [0, 0, 1, 1], "texture": "#2"},
				"east": {"uv": [0, 0, 1, 1], "texture": "#2"},
				"south": {"uv": [0, 0, 1, 1], "texture": "#2"},
				"west": {"uv": [0, 0, 1, 1], "texture": "#2"},
				"up": {"uv": [0, 0, 1, 1], "texture": "#2"},
				"down": {"uv": [0, 0, 1, 1], "texture": "#2"}
			}
		},
		{
			"name": "Cube",
			"from": [6.80653, 6.5, 2],
			"to": [9.19347, 7.5, 14],
			"rotation": {"angle": 22.5, "axis": "y", "origin": [8, 7, 8]},
			"faces": {
				"north": {"uv": [0, 0, 1, 1], "texture": "#0"},
				"east": {"uv": [0, 0, 1, 1], "texture": "#0"},
				"south": {"uv": [0, 0, 1, 1], "texture": "#0"},
				"west": {"uv": [0, 0, 1, 1], "texture": "#0"},
				"up": {"uv": [0, 0, 1, 1], "texture": "#0"},
				"down": {"uv": [0, 0, 1, 1], "texture": "#0"}
			}
		},
		{
			"name": "Cube",
			"from": [6.80653, 6.5, 2],
			"to": [9.19347, 7.5, 14],
			"rotation": {"angle": 45, "axis": "y", "origin": [8, 7, 8]},
			"faces": {
				"north": {"uv": [0, 0, 1, 1], "texture": "#2"},
				"east": {"uv": [0, 0, 1, 1], "texture": "#2"},
				"south": {"uv": [0, 0, 1, 1], "texture": "#2"},
				"west": {"uv": [0, 0, 1, 1], "texture": "#2"},
				"up": {"uv": [0, 0, 1, 1], "texture": "#2"},
				"down": {"uv": [0, 0, 1, 1], "texture": "#2"}
			}
		},
		{
			"name": "Cube",
			"from": [2, 6.5, 6.80653],
			"to": [14, 7.5, 9.19347],
			"rotation": {"angle": -22.5, "axis": "y", "origin": [8, 7, 8]},
			"faces": {
				"north": {"uv": [0, 0, 1, 1], "texture": "#0"},
				"east": {"uv": [0, 0, 1, 1], "texture": "#0"},
				"south": {"uv": [0, 0, 1, 1], "texture": "#0"},
				"west": {"uv": [0, 0, 1, 1], "texture": "#0"},
				"up": {"uv": [0, 0, 1, 1], "texture": "#0"},
				"down": {"uv": [0, 0, 1, 1], "texture": "#0"}
			}
		},
		{
			"name": "Cube",
			"from": [2, 6.5, 6.80653],
			"to": [14, 7.5, 9.19347],
			"rotation": {"angle": 0, "axis": "y", "origin": [8, 7, 8]},
			"faces": {
				"north": {"uv": [0, 0, 1, 1], "texture": "#2"},
				"east": {"uv": [0, 0, 1, 1], "texture": "#2"},
				"south": {"uv": [0, 0, 1, 1], "texture": "#2"},
				"west": {"uv": [0, 0, 1, 1], "texture": "#2"},
				"up": {"uv": [0, 0, 1, 1], "texture": "#2"},
				"down": {"uv": [0, 0, 1, 1], "texture": "#2"}
			}
		},
		{
			"name": "Cube",
			"from": [2, 6.5, 6.80653],
			"to": [14, 7.5, 9.19347],
			"rotation": {"angle": 22.5, "axis": "y", "origin": [8, 7, 8]},
			"faces": {
				"north": {"uv": [0, 0, 1, 1], "texture": "#0"},
				"east": {"uv": [0, 0, 1, 1], "texture": "#0"},
				"south": {"uv": [0, 0, 1, 1], "texture": "#0"},
				"west": {"uv": [0, 0, 1, 1], "texture": "#0"},
				"up": {"uv": [0, 0, 1, 1], "texture": "#0"},
				"down": {"uv": [0, 0, 1, 1], "texture": "#0"}
			}
		},
		{
			"name": "Cube",
			"from": [6.90598, 6.05, 2.5],
			"to": [9.09402, 7.05, 13.5],
			"rotation": {"angle": -45, "axis": "y", "origin": [8, 6.55, 8]},
			"faces": {
				"north": {"uv": [0, 0, 1, 1], "texture": "#3"},
				"east": {"uv": [0, 0, 1, 1], "texture": "#3"},
				"south": {"uv": [0, 0, 1, 1], "texture": "#3"},
				"west": {"uv": [0, 0, 1, 1], "texture": "#3"},
				"up": {"uv": [0, 0, 1, 1], "texture": "#3"},
				"down": {"uv": [0, 0, 1, 1], "texture": "#3"}
			}
		},
		{
			"name": "Cube",
			"from": [6.90598, 6.05, 2.5],
			"to": [9.09402, 7.05, 13.5],
			"rotation": {"angle": -22.5, "axis": "y", "origin": [8, 6.55, 8]},
			"faces": {
				"north": {"uv": [0, 0, 1, 1], "texture": "#3"},
				"east": {"uv": [0, 0, 1, 1], "texture": "#3"},
				"south": {"uv": [0, 0, 1, 1], "texture": "#3"},
				"west": {"uv": [0, 0, 1, 1], "texture": "#3"},
				"up": {"uv": [0, 0, 1, 1], "texture": "#3"},
				"down": {"uv": [0, 0, 1, 1], "texture": "#3"}
			}
		},
		{
			"name": "Cube",
			"from": [6.90598, 6.05, 2.5],
			"to": [9.09402, 7.05, 13.5],
			"rotation": {"angle": 0, "axis": "y", "origin": [8, 6.55, 8]},
			"faces": {
				"north": {"uv": [0, 0, 1, 1], "texture": "#3"},
				"east": {"uv": [0, 0, 1, 1], "texture": "#3"},
				"south": {"uv": [0, 0, 1, 1], "texture": "#3"},
				"west": {"uv": [0, 0, 1, 1], "texture": "#3"},
				"up": {"uv": [0, 0, 1, 1], "texture": "#3"},
				"down": {"uv": [0, 0, 1, 1], "texture": "#3"}
			}
		},
		{
			"name": "Cube",
			"from": [6.90598, 6.05, 2.5],
			"to": [9.09402, 7.05, 13.5],
			"rotation": {"angle": 22.5, "axis": "y", "origin": [8, 6.55, 8]},
			"faces": {
				"north": {"uv": [0, 0, 1, 1], "texture": "#3"},
				"east": {"uv": [0, 0, 1, 1], "texture": "#3"},
				"south": {"uv": [0, 0, 1, 1], "texture": "#3"},
				"west": {"uv": [0, 0, 1, 1], "texture": "#3"},
				"up": {"uv": [0, 0, 1, 1], "texture": "#3"},
				"down": {"uv": [0, 0, 1, 1], "texture": "#3"}
			}
		},
		{
			"name": "Cube",
			"from": [6.90598, 6.05, 2.5],
			"to": [9.09402, 7.05, 13.5],
			"rotation": {"angle": 45, "axis": "y", "origin": [8, 6.55, 8]},
			"faces": {
				"north": {"uv": [0, 0, 1, 1], "texture": "#3"},
				"east": {"uv": [0, 0, 1, 1], "texture": "#3"},
				"south": {"uv": [0, 0, 1, 1], "texture": "#3"},
				"west": {"uv": [0, 0, 1, 1], "texture": "#3"},
				"up": {"uv": [0, 0, 1, 1], "texture": "#3"},
				"down": {"uv": [0, 0, 1, 1], "texture": "#3"}
			}
		},
		{
			"name": "Cube",
			"from": [2.5, 6.05, 6.90598],
			"to": [13.5, 7.05, 9.09402],
			"rotation": {"angle": -22.5, "axis": "y", "origin": [8, 6.55, 8]},
			"faces": {
				"north": {"uv": [0, 0, 1, 1], "texture": "#3"},
				"east": {"uv": [0, 0, 1, 1], "texture": "#3"},
				"south": {"uv": [0, 0, 1, 1], "texture": "#3"},
				"west": {"uv": [0, 0, 1, 1], "texture": "#3"},
				"up": {"uv": [0, 0, 1, 1], "texture": "#3"},
				"down": {"uv": [0, 0, 1, 1], "texture": "#3"}
			}
		},
		{
			"name": "Cube",
			"from": [2.5, 6.05, 6.90598],
			"to": [13.5, 7.05, 9.09402],
			"rotation": {"angle": 0, "axis": "y", "origin": [8, 6.55, 8]},
			"faces": {
				"north": {"uv": [0, 0, 1, 1], "texture": "#3"},
				"east": {"uv": [0, 0, 1, 1], "texture": "#3"},
				"south": {"uv": [0, 0, 1, 1], "texture": "#3"},
				"west": {"uv": [0, 0, 1, 1], "texture": "#3"},
				"up": {"uv": [0, 0, 1, 1], "texture": "#3"},
				"down": {"uv": [0, 0, 1, 1], "texture": "#3"}
			}
		},
		{
			"name": "Cube",
			"from": [2.5, 6.05, 6.90598],
			"to": [13.5, 7.05, 9.09402],
			"rotation": {"angle": 22.5, "axis": "y", "origin": [8, 6.55, 8]},
			"faces": {
				"north": {"uv": [0, 0, 1, 1], "texture": "#3"},
				"east": {"uv": [0, 0, 1, 1], "texture": "#3"},
				"south": {"uv": [0, 0, 1, 1], "texture": "#3"},
				"west": {"uv": [0, 0, 1, 1], "texture": "#3"},
				"up": {"uv": [0, 0, 1, 1], "texture": "#3"},
				"down": {"uv": [0, 0, 1, 1], "texture": "#3"}
			}
		},
		{
			"name": "Cube",
			"from": [6.90598, 10.5, 2.5],
			"to": [9.09402, 11.5, 13.5],
			"rotation": {"angle": -45, "axis": "y", "origin": [8, 11, 8]},
			"faces": {
				"north": {"uv": [0, 0, 1, 1], "texture": "#3"},
				"east": {"uv": [0, 0, 1, 1], "texture": "#3"},
				"south": {"uv": [0, 0, 1, 1], "texture": "#3"},
				"west": {"uv": [0, 0, 1, 1], "texture": "#3"},
				"up": {"uv": [0, 0, 1, 1], "texture": "#3"},
				"down": {"uv": [0, 0, 1, 1], "texture": "#3"}
			}
		},
		{
			"name": "Cube",
			"from": [6.90598, 10.5, 2.5],
			"to": [9.09402, 11.5, 13.5],
			"rotation": {"angle": -22.5, "axis": "y", "origin": [8, 11, 8]},
			"faces": {
				"north": {"uv": [0, 0, 1, 1], "texture": "#3"},
				"east": {"uv": [0, 0, 1, 1], "texture": "#3"},
				"south": {"uv": [0, 0, 1, 1], "texture": "#3"},
				"west": {"uv": [0, 0, 1, 1], "texture": "#3"},
				"up": {"uv": [0, 0, 1, 1], "texture": "#3"},
				"down": {"uv": [0, 0, 1, 1], "texture": "#3"}
			}
		},
		{
			"name": "Cube",
			"from": [6.90598, 10.5, 2.5],
			"to": [9.09402, 11.5, 13.5],
			"rotation": {"angle": 0, "axis": "y", "origin": [8, 11, 8]},
			"faces": {
				"north": {"uv": [0, 0, 1, 1], "texture": "#3"},
				"east": {"uv": [0, 0, 1, 1], "texture": "#3"},
				"south": {"uv": [0, 0, 1, 1], "texture": "#3"},
				"west": {"uv": [0, 0, 1, 1], "texture": "#3"},
				"up": {"uv": [0, 0, 1, 1], "texture": "#3"},
				"down": {"uv": [0, 0, 1, 1], "texture": "#3"}
			}
		},
		{
			"name": "Cube",
			"from": [6.90598, 10.5, 2.5],
			"to": [9.09402, 11.5, 13.5],
			"rotation": {"angle": 22.5, "axis": "y", "origin": [8, 11, 8]},
			"faces": {
				"north": {"uv": [0, 0, 1, 1], "texture": "#3"},
				"east": {"uv": [0, 0, 1, 1], "texture": "#3"},
				"south": {"uv": [0, 0, 1, 1], "texture": "#3"},
				"west": {"uv": [0, 0, 1, 1], "texture": "#3"},
				"up": {"uv": [0, 0, 1, 1], "texture": "#3"},
				"down": {"uv": [0, 0, 1, 1], "texture": "#3"}
			}
		},
		{
			"name": "Cube",
			"from": [6.90598, 10.5, 2.5],
			"to": [9.09402, 11.5, 13.5],
			"rotation": {"angle": 45, "axis": "y", "origin": [8, 11, 8]},
			"faces": {
				"north": {"uv": [0, 0, 1, 1], "texture": "#3"},
				"east": {"uv": [0, 0, 1, 1], "texture": "#3"},
				"south": {"uv": [0, 0, 1, 1], "texture": "#3"},
				"west": {"uv": [0, 0, 1, 1], "texture": "#3"},
				"up": {"uv": [0, 0, 1, 1], "texture": "#3"},
				"down": {"uv": [0, 0, 1, 1], "texture": "#3"}
			}
		},
		{
			"name": "Cube",
			"from": [2.5, 10.5, 6.90598],
			"to": [13.5, 11.5, 9.09402],
			"rotation": {"angle": -22.5, "axis": "y", "origin": [8, 11, 8]},
			"faces": {
				"north": {"uv": [0, 0, 1, 1], "texture": "#3"},
				"east": {"uv": [0, 0, 1, 1], "texture": "#3"},
				"south": {"uv": [0, 0, 1, 1], "texture": "#3"},
				"west": {"uv": [0, 0, 1, 1], "texture": "#3"},
				"up": {"uv": [0, 0, 1, 1], "texture": "#3"},
				"down": {"uv": [0, 0, 1, 1], "texture": "#3"}
			}
		},
		{
			"name": "Cube",
			"from": [2.5, 10.5, 6.90598],
			"to": [13.5, 11.5, 9.09402],
			"rotation": {"angle": 0, "axis": "y", "origin": [8, 11, 8]},
			"faces": {
				"north": {"uv": [0, 0, 1, 1], "texture": "#3"},
				"east": {"uv": [0, 0, 1, 1], "texture": "#3"},
				"south": {"uv": [0, 0, 1, 1], "texture": "#3"},
				"west": {"uv": [0, 0, 1, 1], "texture": "#3"},
				"up": {"uv": [0, 0, 1, 1], "texture": "#3"},
				"down": {"uv": [0, 0, 1, 1], "texture": "#3"}
			}
		},
		{
			"name": "Cube",
			"from": [2.5, 10.5, 6.90598],
			"to": [13.5, 11.5, 9.09402],
			"rotation": {"angle": 22.5, "axis": "y", "origin": [8, 11, 8]},
			"faces": {
				"north": {"uv": [0, 0, 1, 1], "texture": "#3"},
				"east": {"uv": [0, 0, 1, 1], "texture": "#3"},
				"south": {"uv": [0, 0, 1, 1], "texture": "#3"},
				"west": {"uv": [0, 0, 1, 1], "texture": "#3"},
				"up": {"uv": [0, 0, 1, 1], "texture": "#3"},
				"down": {"uv": [0, 0, 1, 1], "texture": "#3"}
			}
		},
		{
			"name": "Cube",
			"from": [7.20435, 5.7, 4],
			"to": [8.79565, 6.7, 12],
			"rotation": {"angle": -45, "axis": "y", "origin": [8, 6.2, 8]},
			"faces": {
				"north": {"uv": [0, 0, 1, 1], "texture": "#3"},
				"east": {"uv": [0, 0, 1, 1], "texture": "#3"},
				"south": {"uv": [0, 0, 1, 1], "texture": "#3"},
				"west": {"uv": [0, 0, 1, 1], "texture": "#3"},
				"up": {"uv": [0, 0, 1, 1], "texture": "#3"},
				"down": {"uv": [0, 0, 1, 1], "texture": "#3"}
			}
		},
		{
			"name": "Cube",
			"from": [7.20435, 5.7, 4],
			"to": [8.79565, 6.7, 12],
			"rotation": {"angle": -22.5, "axis": "y", "origin": [8, 6.2, 8]},
			"faces": {
				"north": {"uv": [0, 0, 1, 1], "texture": "#3"},
				"east": {"uv": [0, 0, 1, 1], "texture": "#3"},
				"south": {"uv": [0, 0, 1, 1], "texture": "#3"},
				"west": {"uv": [0, 0, 1, 1], "texture": "#3"},
				"up": {"uv": [0, 0, 1, 1], "texture": "#3"},
				"down": {"uv": [0, 0, 1, 1], "texture": "#3"}
			}
		},
		{
			"name": "Cube",
			"from": [7.20435, 5.7, 4],
			"to": [8.79565, 6.7, 12],
			"rotation": {"angle": 0, "axis": "y", "origin": [8, 6.2, 8]},
			"faces": {
				"north": {"uv": [0, 0, 1, 1], "texture": "#3"},
				"east": {"uv": [0, 0, 1, 1], "texture": "#3"},
				"south": {"uv": [0, 0, 1, 1], "texture": "#3"},
				"west": {"uv": [0, 0, 1, 1], "texture": "#3"},
				"up": {"uv": [0, 0, 1, 1], "texture": "#3"},
				"down": {"uv": [0, 0, 1, 1], "texture": "#3"}
			}
		},
		{
			"name": "Cube",
			"from": [7.20435, 5.7, 4],
			"to": [8.79565, 6.7, 12],
			"rotation": {"angle": 22.5, "axis": "y", "origin": [8, 6.2, 8]},
			"faces": {
				"north": {"uv": [0, 0, 1, 1], "texture": "#3"},
				"east": {"uv": [0, 0, 1, 1], "texture": "#3"},
				"south": {"uv": [0, 0, 1, 1], "texture": "#3"},
				"west": {"uv": [0, 0, 1, 1], "texture": "#3"},
				"up": {"uv": [0, 0, 1, 1], "texture": "#3"},
				"down": {"uv": [0, 0, 1, 1], "texture": "#3"}
			}
		},
		{
			"name": "Cube",
			"from": [7.20435, 5.7, 4],
			"to": [8.79565, 6.7, 12],
			"rotation": {"angle": 45, "axis": "y", "origin": [8, 6.2, 8]},
			"faces": {
				"north": {"uv": [0, 0, 1, 1], "texture": "#3"},
				"east": {"uv": [0, 0, 1, 1], "texture": "#3"},
				"south": {"uv": [0, 0, 1, 1], "texture": "#3"},
				"west": {"uv": [0, 0, 1, 1], "texture": "#3"},
				"up": {"uv": [0, 0, 1, 1], "texture": "#3"},
				"down": {"uv": [0, 0, 1, 1], "texture": "#3"}
			}
		},
		{
			"name": "Cube",
			"from": [4, 5.7, 7.20435],
			"to": [12, 6.7, 8.79565],
			"rotation": {"angle": -22.5, "axis": "y", "origin": [8, 6.2, 8]},
			"faces": {
				"north": {"uv": [0, 0, 1, 1], "texture": "#3"},
				"east": {"uv": [0, 0, 1, 1], "texture": "#3"},
				"south": {"uv": [0, 0, 1, 1], "texture": "#3"},
				"west": {"uv": [0, 0, 1, 1], "texture": "#3"},
				"up": {"uv": [0, 0, 1, 1], "texture": "#3"},
				"down": {"uv": [0, 0, 1, 1], "texture": "#3"}
			}
		},
		{
			"name": "Cube",
			"from": [4, 5.7, 7.20435],
			"to": [12, 6.7, 8.79565],
			"rotation": {"angle": 0, "axis": "y", "origin": [8, 6.2, 8]},
			"faces": {
				"north": {"uv": [0, 0, 1, 1], "texture": "#3"},
				"east": {"uv": [0, 0, 1, 1], "texture": "#3"},
				"south": {"uv": [0, 0, 1, 1], "texture": "#3"},
				"west": {"uv": [0, 0, 1, 1], "texture": "#3"},
				"up": {"uv": [0, 0, 1, 1], "texture": "#3"},
				"down": {"uv": [0, 0, 1, 1], "texture": "#3"}
			}
		},
		{
			"name": "Cube",
			"from": [4, 5.7, 7.20435],
			"to": [12, 6.7, 8.79565],
			"rotation": {"angle": 22.5, "axis": "y", "origin": [8, 6.2, 8]},
			"faces": {
				"north": {"uv": [0, 0, 1, 1], "texture": "#3"},
				"east": {"uv": [0, 0, 1, 1], "texture": "#3"},
				"south": {"uv": [0, 0, 1, 1], "texture": "#3"},
				"west": {"uv": [0, 0, 1, 1], "texture": "#3"},
				"up": {"uv": [0, 0, 1, 1], "texture": "#3"},
				"down": {"uv": [0, 0, 1, 1], "texture": "#3"}
			}
		},
		{
			"name": "Cube",
			"from": [7.20435, 11.2, 4],
			"to": [8.79565, 12.2, 12],
			"rotation": {"angle": -45, "axis": "y", "origin": [8, 11.7, 8]},
			"faces": {
				"north": {"uv": [0, 0, 1, 1], "texture": "#3"},
				"east": {"uv": [0, 0, 1, 1], "texture": "#3"},
				"south": {"uv": [0, 0, 1, 1], "texture": "#3"},
				"west": {"uv": [0, 0, 1, 1], "texture": "#3"},
				"up": {"uv": [0, 0, 1, 1], "texture": "#3"},
				"down": {"uv": [0, 0, 1, 1], "texture": "#3"}
			}
		},
		{
			"name": "Cube",
			"from": [7.20435, 11.2, 4],
			"to": [8.79565, 12.2, 12],
			"rotation": {"angle": -22.5, "axis": "y", "origin": [8, 11.7, 8]},
			"faces": {
				"north": {"uv": [0, 0, 1, 1], "texture": "#3"},
				"east": {"uv": [0, 0, 1, 1], "texture": "#3"},
				"south": {"uv": [0, 0, 1, 1], "texture": "#3"},
				"west": {"uv": [0, 0, 1, 1], "texture": "#3"},
				"up": {"uv": [0, 0, 1, 1], "texture": "#3"},
				"down": {"uv": [0, 0, 1, 1], "texture": "#3"}
			}
		},
		{
			"name": "Cube",
			"from": [7.20435, 11.2, 4],
			"to": [8.79565, 12.2, 12],
			"rotation": {"angle": 0, "axis": "y", "origin": [8, 11.7, 8]},
			"faces": {
				"north": {"uv": [0, 0, 1, 1], "texture": "#3"},
				"east": {"uv": [0, 0, 1, 1], "texture": "#3"},
				"south": {"uv": [0, 0, 1, 1], "texture": "#3"},
				"west": {"uv": [0, 0, 1, 1], "texture": "#3"},
				"up": {"uv": [0, 0, 1, 1], "texture": "#3"},
				"down": {"uv": [0, 0, 1, 1], "texture": "#3"}
			}
		},
		{
			"name": "Cube",
			"from": [7.20435, 11.2, 4],
			"to": [8.79565, 12.2, 12],
			"rotation": {"angle": 22.5, "axis": "y", "origin": [8, 11.7, 8]},
			"faces": {
				"north": {"uv": [0, 0, 1, 1], "texture": "#3"},
				"east": {"uv": [0, 0, 1, 1], "texture": "#3"},
				"south": {"uv": [0, 0, 1, 1], "texture": "#3"},
				"west": {"uv": [0, 0, 1, 1], "texture": "#3"},
				"up": {"uv": [0, 0, 1, 1], "texture": "#3"},
				"down": {"uv": [0, 0, 1, 1], "texture": "#3"}
			}
		},
		{
			"name": "Cube",
			"from": [7.20435, 11.2, 4],
			"to": [8.79565, 12.2, 12],
			"rotation": {"angle": 45, "axis": "y", "origin": [8, 11.7, 8]},
			"faces": {
				"north": {"uv": [0, 0, 1, 1], "texture": "#3"},
				"east": {"uv": [0, 0, 1, 1], "texture": "#3"},
				"south": {"uv": [0, 0, 1, 1], "texture": "#3"},
				"west": {"uv": [0, 0, 1, 1], "texture": "#3"},
				"up": {"uv": [0, 0, 1, 1], "texture": "#3"},
				"down": {"uv": [0, 0, 1, 1], "texture": "#3"}
			}
		},
		{
			"name": "Cube",
			"from": [4, 11.2, 7.20435],
			"to": [12, 12.2, 8.79565],
			"rotation": {"angle": -22.5, "axis": "y", "origin": [8, 11.7, 8]},
			"faces": {
				"north": {"uv": [0, 0, 1, 1], "texture": "#3"},
				"east": {"uv": [0, 0, 1, 1], "texture": "#3"},
				"south": {"uv": [0, 0, 1, 1], "texture": "#3"},
				"west": {"uv": [0, 0, 1, 1], "texture": "#3"},
				"up": {"uv": [0, 0, 1, 1], "texture": "#3"},
				"down": {"uv": [0, 0, 1, 1], "texture": "#3"}
			}
		},
		{
			"name": "Cube",
			"from": [4, 11.2, 7.20435],
			"to": [12, 12.2, 8.79565],
			"rotation": {"angle": 0, "axis": "y", "origin": [8, 11.7, 8]},
			"faces": {
				"north": {"uv": [0, 0, 1, 1], "texture": "#3"},
				"east": {"uv": [0, 0, 1, 1], "texture": "#3"},
				"south": {"uv": [0, 0, 1, 1], "texture": "#3"},
				"west": {"uv": [0, 0, 1, 1], "texture": "#3"},
				"up": {"uv": [0, 0, 1, 1], "texture": "#3"},
				"down": {"uv": [0, 0, 1, 1], "texture": "#3"}
			}
		},
		{
			"name": "Cube",
			"from": [4, 11.2, 7.20435],
			"to": [12, 12.2, 8.79565],
			"rotation": {"angle": 22.5, "axis": "y", "origin": [8, 11.7, 8]},
			"faces": {
				"north": {"uv": [0, 0, 1, 1], "texture": "#3"},
				"east": {"uv": [0, 0, 1, 1], "texture": "#3"},
				"south": {"uv": [0, 0, 1, 1], "texture": "#3"},
				"west": {"uv": [0, 0, 1, 1], "texture": "#3"},
				"up": {"uv": [0, 0, 1, 1], "texture": "#3"},
				"down": {"uv": [0, 0, 1, 1], "texture": "#3"}
			}
		},
		{
			"name": "Cube",
			"from": [7.40326, 4.95, 5],
			"to": [8.59674, 5.95, 11],
			"rotation": {"angle": -45, "axis": "y", "origin": [8, 5.45, 8]},
			"faces": {
				"north": {"uv": [0, 0, 1, 1], "texture": "#3"},
				"east": {"uv": [0, 0, 1, 1], "texture": "#3"},
				"south": {"uv": [0, 0, 1, 1], "texture": "#3"},
				"west": {"uv": [0, 0, 1, 1], "texture": "#3"},
				"up": {"uv": [0, 0, 1, 1], "texture": "#3"},
				"down": {"uv": [0, 0, 1, 1], "texture": "#3"}
			}
		},
		{
			"name": "Cube",
			"from": [7.40326, 4.95, 5],
			"to": [8.59674, 5.95, 11],
			"rotation": {"angle": -22.5, "axis": "y", "origin": [8, 5.45, 8]},
			"faces": {
				"north": {"uv": [0, 0, 1, 1], "texture": "#3"},
				"east": {"uv": [0, 0, 1, 1], "texture": "#3"},
				"south": {"uv": [0, 0, 1, 1], "texture": "#3"},
				"west": {"uv": [0, 0, 1, 1], "texture": "#3"},
				"up": {"uv": [0, 0, 1, 1], "texture": "#3"},
				"down": {"uv": [0, 0, 1, 1], "texture": "#3"}
			}
		},
		{
			"name": "Cube",
			"from": [7.40326, 4.95, 5],
			"to": [8.59674, 5.95, 11],
			"rotation": {"angle": 0, "axis": "y", "origin": [8, 5.45, 8]},
			"faces": {
				"north": {"uv": [0, 0, 1, 1], "texture": "#3"},
				"east": {"uv": [0, 0, 1, 1], "texture": "#3"},
				"south": {"uv": [0, 0, 1, 1], "texture": "#3"},
				"west": {"uv": [0, 0, 1, 1], "texture": "#3"},
				"up": {"uv": [0, 0, 1, 1], "texture": "#3"},
				"down": {"uv": [0, 0, 1, 1], "texture": "#3"}
			}
		},
		{
			"name": "Cube",
			"from": [7.40326, 4.95, 5],
			"to": [8.59674, 5.95, 11],
			"rotation": {"angle": 22.5, "axis": "y", "origin": [8, 5.45, 8]},
			"faces": {
				"north": {"uv": [0, 0, 1, 1], "texture": "#3"},
				"east": {"uv": [0, 0, 1, 1], "texture": "#3"},
				"south": {"uv": [0, 0, 1, 1], "texture": "#3"},
				"west": {"uv": [0, 0, 1, 1], "texture": "#3"},
				"up": {"uv": [0, 0, 1, 1], "texture": "#3"},
				"down": {"uv": [0, 0, 1, 1], "texture": "#3"}
			}
		},
		{
			"name": "Cube",
			"from": [7.40326, 4.95, 5],
			"to": [8.59674, 5.95, 11],
			"rotation": {"angle": 45, "axis": "y", "origin": [8, 5.45, 8]},
			"faces": {
				"north": {"uv": [0, 0, 1, 1], "texture": "#3"},
				"east": {"uv": [0, 0, 1, 1], "texture": "#3"},
				"south": {"uv": [0, 0, 1, 1], "texture": "#3"},
				"west": {"uv": [0, 0, 1, 1], "texture": "#3"},
				"up": {"uv": [0, 0, 1, 1], "texture": "#3"},
				"down": {"uv": [0, 0, 1, 1], "texture": "#3"}
			}
		},
		{
			"name": "Cube",
			"from": [5, 4.95, 7.40326],
			"to": [11, 5.95, 8.59674],
			"rotation": {"angle": -22.5, "axis": "y", "origin": [8, 5.45, 8]},
			"faces": {
				"north": {"uv": [0, 0, 1, 1], "texture": "#3"},
				"east": {"uv": [0, 0, 1, 1], "texture": "#3"},
				"south": {"uv": [0, 0, 1, 1], "texture": "#3"},
				"west": {"uv": [0, 0, 1, 1], "texture": "#3"},
				"up": {"uv": [0, 0, 1, 1], "texture": "#3"},
				"down": {"uv": [0, 0, 1, 1], "texture": "#3"}
			}
		},
		{
			"name": "Cube",
			"from": [5, 4.95, 7.40326],
			"to": [11, 5.95, 8.59674],
			"rotation": {"angle": 0, "axis": "y", "origin": [8, 5.45, 8]},
			"faces": {
				"north": {"uv": [0, 0, 1, 1], "texture": "#3"},
				"east": {"uv": [0, 0, 1, 1], "texture": "#3"},
				"south": {"uv": [0, 0, 1, 1], "texture": "#3"},
				"west": {"uv": [0, 0, 1, 1], "texture": "#3"},
				"up": {"uv": [0, 0, 1, 1], "texture": "#3"},
				"down": {"uv": [0, 0, 1, 1], "texture": "#3"}
			}
		},
		{
			"name": "Cube",
			"from": [5, 4.95, 7.40326],
			"to": [11, 5.95, 8.59674],
			"rotation": {"angle": 22.5, "axis": "y", "origin": [8, 5.45, 8]},
			"faces": {
				"north": {"uv": [0, 0, 1, 1], "texture": "#3"},
				"east": {"uv": [0, 0, 1, 1], "texture": "#3"},
				"south": {"uv": [0, 0, 1, 1], "texture": "#3"},
				"west": {"uv": [0, 0, 1, 1], "texture": "#3"},
				"up": {"uv": [0, 0, 1, 1], "texture": "#3"},
				"down": {"uv": [0, 0, 1, 1], "texture": "#3"}
			}
		},
		{
			"name": "Cube",
			"from": [7.70163, 7.5, 6.5],
			"to": [8.29837, 8.5, 9.5],
			"rotation": {"angle": -45, "axis": "y", "origin": [8, 8, 8]},
			"color": 7,
			"faces": {
				"north": {"uv": [0, 0, 1, 1], "texture": "#missing"},
				"east": {"uv": [0, 0, 1, 1], "texture": "#missing"},
				"south": {"uv": [0, 0, 1, 1], "texture": "#missing"},
				"west": {"uv": [0, 0, 1, 1], "texture": "#missing"},
				"up": {"uv": [0, 0, 1, 1], "texture": "#missing"},
				"down": {"uv": [0, 0, 1, 1], "texture": "#missing"}
			}
		},
		{
			"name": "Cube",
			"from": [7.70163, 7.5, 6.5],
			"to": [8.29837, 8.5, 9.5],
			"rotation": {"angle": -22.5, "axis": "y", "origin": [8, 8, 8]},
			"color": 4,
			"faces": {
				"north": {"uv": [0, 0, 1, 1], "texture": "#missing"},
				"east": {"uv": [0, 0, 1, 1], "texture": "#missing"},
				"south": {"uv": [0, 0, 1, 1], "texture": "#missing"},
				"west": {"uv": [0, 0, 1, 1], "texture": "#missing"},
				"up": {"uv": [0, 0, 1, 1], "texture": "#missing"},
				"down": {"uv": [0, 0, 1, 1], "texture": "#missing"}
			}
		},
		{
			"name": "Cube",
			"from": [7.70163, 7.5, 6.5],
			"to": [8.29837, 8.5, 9.5],
			"rotation": {"angle": 0, "axis": "y", "origin": [8, 8, 8]},
			"color": 3,
			"faces": {
				"north": {"uv": [0, 0, 1, 1], "texture": "#missing"},
				"east": {"uv": [0, 0, 1, 1], "texture": "#missing"},
				"south": {"uv": [0, 0, 1, 1], "texture": "#missing"},
				"west": {"uv": [0, 0, 1, 1], "texture": "#missing"},
				"up": {"uv": [0, 0, 1, 1], "texture": "#missing"},
				"down": {"uv": [0, 0, 1, 1], "texture": "#missing"}
			}
		},
		{
			"name": "Cube",
			"from": [7.70163, 7.5, 6.5],
			"to": [8.29837, 8.5, 9.5],
			"rotation": {"angle": 22.5, "axis": "y", "origin": [8, 8, 8]},
			"color": 0,
			"faces": {
				"north": {"uv": [0, 0, 1, 1], "texture": "#missing"},
				"east": {"uv": [0, 0, 1, 1], "texture": "#missing"},
				"south": {"uv": [0, 0, 1, 1], "texture": "#missing"},
				"west": {"uv": [0, 0, 1, 1], "texture": "#missing"},
				"up": {"uv": [0, 0, 1, 1], "texture": "#missing"},
				"down": {"uv": [0, 0, 1, 1], "texture": "#missing"}
			}
		},
		{
			"name": "Cube",
			"from": [7.70163, 7.5, 6.5],
			"to": [8.29837, 8.5, 9.5],
			"rotation": {"angle": 45, "axis": "y", "origin": [8, 8, 8]},
			"color": 2,
			"faces": {
				"north": {"uv": [0, 0, 1, 1], "texture": "#missing"},
				"east": {"uv": [0, 0, 1, 1], "texture": "#missing"},
				"south": {"uv": [0, 0, 1, 1], "texture": "#missing"},
				"west": {"uv": [0, 0, 1, 1], "texture": "#missing"},
				"up": {"uv": [0, 0, 1, 1], "texture": "#missing"},
				"down": {"uv": [0, 0, 1, 1], "texture": "#missing"}
			}
		},
		{
			"name": "Cube",
			"from": [6.5, 7.5, 7.70163],
			"to": [9.5, 8.5, 8.29837],
			"rotation": {"angle": -22.5, "axis": "y", "origin": [8, 8, 8]},
			"color": 7,
			"faces": {
				"north": {"uv": [0, 0, 1, 1], "texture": "#missing"},
				"east": {"uv": [0, 0, 1, 1], "texture": "#missing"},
				"south": {"uv": [0, 0, 1, 1], "texture": "#missing"},
				"west": {"uv": [0, 0, 1, 1], "texture": "#missing"},
				"up": {"uv": [0, 0, 1, 1], "texture": "#missing"},
				"down": {"uv": [0, 0, 1, 1], "texture": "#missing"}
			}
		},
		{
			"name": "Cube",
			"from": [6.5, 7.5, 7.70163],
			"to": [9.5, 8.5, 8.29837],
			"rotation": {"angle": 0, "axis": "y", "origin": [8, 8, 8]},
			"color": 6,
			"faces": {
				"north": {"uv": [0, 0, 1, 1], "texture": "#missing"},
				"east": {"uv": [0, 0, 1, 1], "texture": "#missing"},
				"south": {"uv": [0, 0, 1, 1], "texture": "#missing"},
				"west": {"uv": [0, 0, 1, 1], "texture": "#missing"},
				"up": {"uv": [0, 0, 1, 1], "texture": "#missing"},
				"down": {"uv": [0, 0, 1, 1], "texture": "#missing"}
			}
		},
		{
			"name": "Cube",
			"from": [6.5, 7.5, 7.70163],
			"to": [9.5, 8.5, 8.29837],
			"rotation": {"angle": 22.5, "axis": "y", "origin": [8, 8, 8]},
			"color": 5,
			"faces": {
				"north": {"uv": [0, 0, 1, 1], "texture": "#missing"},
				"east": {"uv": [0, 0, 1, 1], "texture": "#missing"},
				"south": {"uv": [0, 0, 1, 1], "texture": "#missing"},
				"west": {"uv": [0, 0, 1, 1], "texture": "#missing"},
				"up": {"uv": [0, 0, 1, 1], "texture": "#missing"},
				"down": {"uv": [0, 0, 1, 1], "texture": "#missing"}
			}
		},
		{
			"name": "Cube",
			"from": [7.80109, 3, 7],
			"to": [8.19891, 5.25, 9],
			"rotation": {"angle": -45, "axis": "y", "origin": [8, 4.75, 8]},
			"faces": {
				"north": {"uv": [0, 0, 1, 1], "texture": "#3"},
				"east": {"uv": [0, 0, 1, 1], "texture": "#3"},
				"south": {"uv": [0, 0, 1, 1], "texture": "#3"},
				"west": {"uv": [0, 0, 1, 1], "texture": "#3"},
				"up": {"uv": [0, 0, 1, 1], "texture": "#3"},
				"down": {"uv": [0, 0, 1, 1], "texture": "#3"}
			}
		},
		{
			"name": "Cube",
			"from": [7.80109, 3, 7],
			"to": [8.19891, 5.25, 9],
			"rotation": {"angle": -22.5, "axis": "y", "origin": [8, 4.75, 8]},
			"faces": {
				"north": {"uv": [0, 0, 1, 1], "texture": "#3"},
				"east": {"uv": [0, 0, 1, 1], "texture": "#3"},
				"south": {"uv": [0, 0, 1, 1], "texture": "#3"},
				"west": {"uv": [0, 0, 1, 1], "texture": "#3"},
				"up": {"uv": [0, 0, 1, 1], "texture": "#3"},
				"down": {"uv": [0, 0, 1, 1], "texture": "#3"}
			}
		},
		{
			"name": "Cube",
			"from": [7.80109, 3, 7],
			"to": [8.19891, 5.25, 9],
			"rotation": {"angle": 0, "axis": "y", "origin": [8, 4.75, 8]},
			"faces": {
				"north": {"uv": [0, 0, 1, 1], "texture": "#3"},
				"east": {"uv": [0, 0, 1, 1], "texture": "#3"},
				"south": {"uv": [0, 0, 1, 1], "texture": "#3"},
				"west": {"uv": [0, 0, 1, 1], "texture": "#3"},
				"up": {"uv": [0, 0, 1, 1], "texture": "#3"},
				"down": {"uv": [0, 0, 1, 1], "texture": "#3"}
			}
		},
		{
			"name": "Cube",
			"from": [7.80109, 3, 7],
			"to": [8.19891, 5.25, 9],
			"rotation": {"angle": 22.5, "axis": "y", "origin": [8, 4.75, 8]},
			"faces": {
				"north": {"uv": [0, 0, 1, 1], "texture": "#3"},
				"east": {"uv": [0, 0, 1, 1], "texture": "#3"},
				"south": {"uv": [0, 0, 1, 1], "texture": "#3"},
				"west": {"uv": [0, 0, 1, 1], "texture": "#3"},
				"up": {"uv": [0, 0, 1, 1], "texture": "#3"},
				"down": {"uv": [0, 0, 1, 1], "texture": "#3"}
			}
		},
		{
			"name": "Cube",
			"from": [7.80109, 3, 7],
			"to": [8.19891, 5.25, 9],
			"rotation": {"angle": 45, "axis": "y", "origin": [8, 4.75, 8]},
			"faces": {
				"north": {"uv": [0, 0, 1, 1], "texture": "#3"},
				"east": {"uv": [0, 0, 1, 1], "texture": "#3"},
				"south": {"uv": [0, 0, 1, 1], "texture": "#3"},
				"west": {"uv": [0, 0, 1, 1], "texture": "#3"},
				"up": {"uv": [0, 0, 1, 1], "texture": "#3"},
				"down": {"uv": [0, 0, 1, 1], "texture": "#3"}
			}
		},
		{
			"name": "Cube",
			"from": [7, 3, 7.80109],
			"to": [9, 5.25, 8.19891],
			"rotation": {"angle": -22.5, "axis": "y", "origin": [8, 4.75, 8]},
			"faces": {
				"north": {"uv": [0, 0, 1, 1], "texture": "#3"},
				"east": {"uv": [0, 0, 1, 1], "texture": "#3"},
				"south": {"uv": [0, 0, 1, 1], "texture": "#3"},
				"west": {"uv": [0, 0, 1, 1], "texture": "#3"},
				"up": {"uv": [0, 0, 1, 1], "texture": "#3"},
				"down": {"uv": [0, 0, 1, 1], "texture": "#3"}
			}
		},
		{
			"name": "Cube",
			"from": [7, 3, 7.80109],
			"to": [9, 5.25, 8.19891],
			"rotation": {"angle": 0, "axis": "y", "origin": [8, 4.75, 8]},
			"faces": {
				"north": {"uv": [0, 0, 1, 1], "texture": "#3"},
				"east": {"uv": [0, 0, 1, 1], "texture": "#3"},
				"south": {"uv": [0, 0, 1, 1], "texture": "#3"},
				"west": {"uv": [0, 0, 1, 1], "texture": "#3"},
				"up": {"uv": [0, 0, 1, 1], "texture": "#3"},
				"down": {"uv": [0, 0, 1, 1], "texture": "#3"}
			}
		},
		{
			"name": "Cube",
			"from": [7, 3, 7.80109],
			"to": [9, 5.25, 8.19891],
			"rotation": {"angle": 22.5, "axis": "y", "origin": [8, 4.75, 8]},
			"faces": {
				"north": {"uv": [0, 0, 1, 1], "texture": "#3"},
				"east": {"uv": [0, 0, 1, 1], "texture": "#3"},
				"south": {"uv": [0, 0, 1, 1], "texture": "#3"},
				"west": {"uv": [0, 0, 1, 1], "texture": "#3"},
				"up": {"uv": [0, 0, 1, 1], "texture": "#3"},
				"down": {"uv": [0, 0, 1, 1], "texture": "#3"}
			}
		},
		{
			"name": "Cube",
			"from": [7.80109, 3, 7],
			"to": [8.19891, 5.25, 9],
			"rotation": {"angle": -45, "axis": "y", "origin": [8, 4.75, 8]},
			"faces": {
				"north": {"uv": [0, 0, 1, 1], "texture": "#3"},
				"east": {"uv": [0, 0, 1, 1], "texture": "#3"},
				"south": {"uv": [0, 0, 1, 1], "texture": "#3"},
				"west": {"uv": [0, 0, 1, 1], "texture": "#3"},
				"up": {"uv": [0, 0, 1, 1], "texture": "#3"},
				"down": {"uv": [0, 0, 1, 1], "texture": "#3"}
			}
		},
		{
			"name": "Cube",
			"from": [7.80109, 3, 7],
			"to": [8.19891, 5.25, 9],
			"rotation": {"angle": -22.5, "axis": "y", "origin": [8, 4.75, 8]},
			"faces": {
				"north": {"uv": [0, 0, 1, 1], "texture": "#3"},
				"east": {"uv": [0, 0, 1, 1], "texture": "#3"},
				"south": {"uv": [0, 0, 1, 1], "texture": "#3"},
				"west": {"uv": [0, 0, 1, 1], "texture": "#3"},
				"up": {"uv": [0, 0, 1, 1], "texture": "#3"},
				"down": {"uv": [0, 0, 1, 1], "texture": "#3"}
			}
		},
		{
			"name": "Cube",
			"from": [7.80109, 3, 7],
			"to": [8.19891, 5.25, 9],
			"rotation": {"angle": 0, "axis": "y", "origin": [8, 4.75, 8]},
			"faces": {
				"north": {"uv": [0, 0, 1, 1], "texture": "#3"},
				"east": {"uv": [0, 0, 1, 1], "texture": "#3"},
				"south": {"uv": [0, 0, 1, 1], "texture": "#3"},
				"west": {"uv": [0, 0, 1, 1], "texture": "#3"},
				"up": {"uv": [0, 0, 1, 1], "texture": "#3"},
				"down": {"uv": [0, 0, 1, 1], "texture": "#3"}
			}
		},
		{
			"name": "Cube",
			"from": [7.80109, 3, 7],
			"to": [8.19891, 5.25, 9],
			"rotation": {"angle": 22.5, "axis": "y", "origin": [8, 4.75, 8]},
			"faces": {
				"north": {"uv": [0, 0, 1, 1], "texture": "#3"},
				"east": {"uv": [0, 0, 1, 1], "texture": "#3"},
				"south": {"uv": [0, 0, 1, 1], "texture": "#3"},
				"west": {"uv": [0, 0, 1, 1], "texture": "#3"},
				"up": {"uv": [0, 0, 1, 1], "texture": "#3"},
				"down": {"uv": [0, 0, 1, 1], "texture": "#3"}
			}
		},
		{
			"name": "Cube",
			"from": [7.80109, 3, 7],
			"to": [8.19891, 5.25, 9],
			"rotation": {"angle": 45, "axis": "y", "origin": [8, 4.75, 8]},
			"faces": {
				"north": {"uv": [0, 0, 1, 1], "texture": "#3"},
				"east": {"uv": [0, 0, 1, 1], "texture": "#3"},
				"south": {"uv": [0, 0, 1, 1], "texture": "#3"},
				"west": {"uv": [0, 0, 1, 1], "texture": "#3"},
				"up": {"uv": [0, 0, 1, 1], "texture": "#3"},
				"down": {"uv": [0, 0, 1, 1], "texture": "#3"}
			}
		},
		{
			"name": "Cube",
			"from": [7, 3, 7.80109],
			"to": [9, 5.25, 8.19891],
			"rotation": {"angle": -22.5, "axis": "y", "origin": [8, 4.75, 8]},
			"faces": {
				"north": {"uv": [0, 0, 1, 1], "texture": "#3"},
				"east": {"uv": [0, 0, 1, 1], "texture": "#3"},
				"south": {"uv": [0, 0, 1, 1], "texture": "#3"},
				"west": {"uv": [0, 0, 1, 1], "texture": "#3"},
				"up": {"uv": [0, 0, 1, 1], "texture": "#3"},
				"down": {"uv": [0, 0, 1, 1], "texture": "#3"}
			}
		},
		{
			"name": "Cube",
			"from": [7, 3, 7.80109],
			"to": [9, 5.25, 8.19891],
			"rotation": {"angle": 0, "axis": "y", "origin": [8, 4.75, 8]},
			"faces": {
				"north": {"uv": [0, 0, 1, 1], "texture": "#3"},
				"east": {"uv": [0, 0, 1, 1], "texture": "#3"},
				"south": {"uv": [0, 0, 1, 1], "texture": "#3"},
				"west": {"uv": [0, 0, 1, 1], "texture": "#3"},
				"up": {"uv": [0, 0, 1, 1], "texture": "#3"},
				"down": {"uv": [0, 0, 1, 1], "texture": "#3"}
			}
		},
		{
			"name": "Cube",
			"from": [7, 3, 7.80109],
			"to": [9, 5.25, 8.19891],
			"rotation": {"angle": 22.5, "axis": "y", "origin": [8, 4.75, 8]},
			"faces": {
				"north": {"uv": [0, 0, 1, 1], "texture": "#3"},
				"east": {"uv": [0, 0, 1, 1], "texture": "#3"},
				"south": {"uv": [0, 0, 1, 1], "texture": "#3"},
				"west": {"uv": [0, 0, 1, 1], "texture": "#3"},
				"up": {"uv": [0, 0, 1, 1], "texture": "#3"},
				"down": {"uv": [0, 0, 1, 1], "texture": "#3"}
			}
		},
		{
			"name": "Cube",
			"from": [7.80109, 2.25, 7],
			"to": [8.19891, 3, 9],
			"rotation": {"angle": -45, "axis": "y", "origin": [8, 2.5, 8]},
			"faces": {
				"north": {"uv": [0, 0, 1, 1], "texture": "#2"},
				"east": {"uv": [0, 0, 1, 1], "texture": "#2"},
				"south": {"uv": [0, 0, 1, 1], "texture": "#2"},
				"west": {"uv": [0, 0, 1, 1], "texture": "#2"},
				"up": {"uv": [0, 0, 1, 1], "texture": "#2"},
				"down": {"uv": [0, 0, 1, 1], "texture": "#2"}
			}
		},
		{
			"name": "Cube",
			"from": [7.80109, 2.25, 7],
			"to": [8.19891, 3, 9],
			"rotation": {"angle": -22.5, "axis": "y", "origin": [8, 2.5, 8]},
			"faces": {
				"north": {"uv": [0, 0, 1, 1], "texture": "#2"},
				"east": {"uv": [0, 0, 1, 1], "texture": "#2"},
				"south": {"uv": [0, 0, 1, 1], "texture": "#2"},
				"west": {"uv": [0, 0, 1, 1], "texture": "#2"},
				"up": {"uv": [0, 0, 1, 1], "texture": "#2"},
				"down": {"uv": [0, 0, 1, 1], "texture": "#2"}
			}
		},
		{
			"name": "Cube",
			"from": [7.80109, 2.25, 7],
			"to": [8.19891, 3, 9],
			"rotation": {"angle": 0, "axis": "y", "origin": [8, 2.5, 8]},
			"faces": {
				"north": {"uv": [0, 0, 1, 1], "texture": "#2"},
				"east": {"uv": [0, 0, 1, 1], "texture": "#2"},
				"south": {"uv": [0, 0, 1, 1], "texture": "#2"},
				"west": {"uv": [0, 0, 1, 1], "texture": "#2"},
				"up": {"uv": [0, 0, 1, 1], "texture": "#2"},
				"down": {"uv": [0, 0, 1, 1], "texture": "#2"}
			}
		},
		{
			"name": "Cube",
			"from": [7.80109, 2.25, 7],
			"to": [8.19891, 3, 9],
			"rotation": {"angle": 22.5, "axis": "y", "origin": [8, 2.5, 8]},
			"faces": {
				"north": {"uv": [0, 0, 1, 1], "texture": "#2"},
				"east": {"uv": [0, 0, 1, 1], "texture": "#2"},
				"south": {"uv": [0, 0, 1, 1], "texture": "#2"},
				"west": {"uv": [0, 0, 1, 1], "texture": "#2"},
				"up": {"uv": [0, 0, 1, 1], "texture": "#2"},
				"down": {"uv": [0, 0, 1, 1], "texture": "#2"}
			}
		},
		{
			"name": "Cube",
			"from": [7.80109, 2.25, 7],
			"to": [8.19891, 3, 9],
			"rotation": {"angle": 45, "axis": "y", "origin": [8, 2.5, 8]},
			"faces": {
				"north": {"uv": [0, 0, 1, 1], "texture": "#2"},
				"east": {"uv": [0, 0, 1, 1], "texture": "#2"},
				"south": {"uv": [0, 0, 1, 1], "texture": "#2"},
				"west": {"uv": [0, 0, 1, 1], "texture": "#2"},
				"up": {"uv": [0, 0, 1, 1], "texture": "#2"},
				"down": {"uv": [0, 0, 1, 1], "texture": "#2"}
			}
		},
		{
			"name": "Cube",
			"from": [7, 2.25, 7.80109],
			"to": [9, 3, 8.19891],
			"rotation": {"angle": -22.5, "axis": "y", "origin": [8, 2.5, 8]},
			"faces": {
				"north": {"uv": [0, 0, 1, 1], "texture": "#2"},
				"east": {"uv": [0, 0, 1, 1], "texture": "#2"},
				"south": {"uv": [0, 0, 1, 1], "texture": "#2"},
				"west": {"uv": [0, 0, 1, 1], "texture": "#2"},
				"up": {"uv": [0, 0, 1, 1], "texture": "#2"},
				"down": {"uv": [0, 0, 1, 1], "texture": "#2"}
			}
		},
		{
			"name": "Cube",
			"from": [7, 2.25, 7.80109],
			"to": [9, 3, 8.19891],
			"rotation": {"angle": 0, "axis": "y", "origin": [8, 2.5, 8]},
			"faces": {
				"north": {"uv": [0, 0, 1, 1], "texture": "#2"},
				"east": {"uv": [0, 0, 1, 1], "texture": "#2"},
				"south": {"uv": [0, 0, 1, 1], "texture": "#2"},
				"west": {"uv": [0, 0, 1, 1], "texture": "#2"},
				"up": {"uv": [0, 0, 1, 1], "texture": "#2"},
				"down": {"uv": [0, 0, 1, 1], "texture": "#2"}
			}
		},
		{
			"name": "Cube",
			"from": [7, 2.25, 7.80109],
			"to": [9, 3, 8.19891],
			"rotation": {"angle": 22.5, "axis": "y", "origin": [8, 2.5, 8]},
			"faces": {
				"north": {"uv": [0, 0, 1, 1], "texture": "#2"},
				"east": {"uv": [0, 0, 1, 1], "texture": "#2"},
				"south": {"uv": [0, 0, 1, 1], "texture": "#2"},
				"west": {"uv": [0, 0, 1, 1], "texture": "#2"},
				"up": {"uv": [0, 0, 1, 1], "texture": "#2"},
				"down": {"uv": [0, 0, 1, 1], "texture": "#2"}
			}
		},
		{
			"name": "Cube",
			"from": [7.80109, 2.25, 7],
			"to": [8.19891, 3, 9],
			"rotation": {"angle": -45, "axis": "y", "origin": [8, 2.5, 8]},
			"faces": {
				"north": {"uv": [0, 0, 1, 1], "texture": "#2"},
				"east": {"uv": [0, 0, 1, 1], "texture": "#2"},
				"south": {"uv": [0, 0, 1, 1], "texture": "#2"},
				"west": {"uv": [0, 0, 1, 1], "texture": "#2"},
				"up": {"uv": [0, 0, 1, 1], "texture": "#2"},
				"down": {"uv": [0, 0, 1, 1], "texture": "#2"}
			}
		},
		{
			"name": "Cube",
			"from": [7.80109, 2.25, 7],
			"to": [8.19891, 3, 9],
			"rotation": {"angle": -22.5, "axis": "y", "origin": [8, 2.5, 8]},
			"faces": {
				"north": {"uv": [0, 0, 1, 1], "texture": "#2"},
				"east": {"uv": [0, 0, 1, 1], "texture": "#2"},
				"south": {"uv": [0, 0, 1, 1], "texture": "#2"},
				"west": {"uv": [0, 0, 1, 1], "texture": "#2"},
				"up": {"uv": [0, 0, 1, 1], "texture": "#2"},
				"down": {"uv": [0, 0, 1, 1], "texture": "#2"}
			}
		},
		{
			"name": "Cube",
			"from": [7.80109, 2.25, 7],
			"to": [8.19891, 3, 9],
			"rotation": {"angle": 0, "axis": "y", "origin": [8, 2.5, 8]},
			"faces": {
				"north": {"uv": [0, 0, 1, 1], "texture": "#2"},
				"east": {"uv": [0, 0, 1, 1], "texture": "#2"},
				"south": {"uv": [0, 0, 1, 1], "texture": "#2"},
				"west": {"uv": [0, 0, 1, 1], "texture": "#2"},
				"up": {"uv": [0, 0, 1, 1], "texture": "#2"},
				"down": {"uv": [0, 0, 1, 1], "texture": "#2"}
			}
		},
		{
			"name": "Cube",
			"from": [7.80109, 2.25, 7],
			"to": [8.19891, 3, 9],
			"rotation": {"angle": 22.5, "axis": "y", "origin": [8, 2.5, 8]},
			"faces": {
				"north": {"uv": [0, 0, 1, 1], "texture": "#2"},
				"east": {"uv": [0, 0, 1, 1], "texture": "#2"},
				"south": {"uv": [0, 0, 1, 1], "texture": "#2"},
				"west": {"uv": [0, 0, 1, 1], "texture": "#2"},
				"up": {"uv": [0, 0, 1, 1], "texture": "#2"},
				"down": {"uv": [0, 0, 1, 1], "texture": "#2"}
			}
		},
		{
			"name": "Cube",
			"from": [7.80109, 2.25, 7],
			"to": [8.19891, 3, 9],
			"rotation": {"angle": 45, "axis": "y", "origin": [8, 2.5, 8]},
			"faces": {
				"north": {"uv": [0, 0, 1, 1], "texture": "#2"},
				"east": {"uv": [0, 0, 1, 1], "texture": "#2"},
				"south": {"uv": [0, 0, 1, 1], "texture": "#2"},
				"west": {"uv": [0, 0, 1, 1], "texture": "#2"},
				"up": {"uv": [0, 0, 1, 1], "texture": "#2"},
				"down": {"uv": [0, 0, 1, 1], "texture": "#2"}
			}
		},
		{
			"name": "Cube",
			"from": [7, 2.25, 7.80109],
			"to": [9, 3, 8.19891],
			"rotation": {"angle": -22.5, "axis": "y", "origin": [8, 2.5, 8]},
			"faces": {
				"north": {"uv": [0, 0, 1, 1], "texture": "#2"},
				"east": {"uv": [0, 0, 1, 1], "texture": "#2"},
				"south": {"uv": [0, 0, 1, 1], "texture": "#2"},
				"west": {"uv": [0, 0, 1, 1], "texture": "#2"},
				"up": {"uv": [0, 0, 1, 1], "texture": "#2"},
				"down": {"uv": [0, 0, 1, 1], "texture": "#2"}
			}
		},
		{
			"name": "Cube",
			"from": [7, 2.25, 7.80109],
			"to": [9, 3, 8.19891],
			"rotation": {"angle": 0, "axis": "y", "origin": [8, 2.5, 8]},
			"faces": {
				"north": {"uv": [0, 0, 1, 1], "texture": "#2"},
				"east": {"uv": [0, 0, 1, 1], "texture": "#2"},
				"south": {"uv": [0, 0, 1, 1], "texture": "#2"},
				"west": {"uv": [0, 0, 1, 1], "texture": "#2"},
				"up": {"uv": [0, 0, 1, 1], "texture": "#2"},
				"down": {"uv": [0, 0, 1, 1], "texture": "#2"}
			}
		},
		{
			"name": "Cube",
			"from": [7, 2.25, 7.80109],
			"to": [9, 3, 8.19891],
			"rotation": {"angle": 22.5, "axis": "y", "origin": [8, 2.5, 8]},
			"faces": {
				"north": {"uv": [0, 0, 1, 1], "texture": "#2"},
				"east": {"uv": [0, 0, 1, 1], "texture": "#2"},
				"south": {"uv": [0, 0, 1, 1], "texture": "#2"},
				"west": {"uv": [0, 0, 1, 1], "texture": "#2"},
				"up": {"uv": [0, 0, 1, 1], "texture": "#2"},
				"down": {"uv": [0, 0, 1, 1], "texture": "#2"}
			}
		},
		{
			"name": "Cube",
			"from": [7.80109, 1.75, 7],
			"to": [8.19891, 2.25, 9],
			"rotation": {"angle": -45, "axis": "y", "origin": [8, 1.75, 8]},
			"faces": {
				"north": {"uv": [0, 0, 1, 1], "texture": "#0"},
				"east": {"uv": [0, 0, 1, 1], "texture": "#0"},
				"south": {"uv": [0, 0, 1, 1], "texture": "#0"},
				"west": {"uv": [0, 0, 1, 1], "texture": "#0"},
				"up": {"uv": [0, 0, 1, 1], "texture": "#0"},
				"down": {"uv": [0, 0, 1, 1], "texture": "#0"}
			}
		},
		{
			"name": "Cube",
			"from": [7.80109, 1.75, 7],
			"to": [8.19891, 2.25, 9],
			"rotation": {"angle": -22.5, "axis": "y", "origin": [8, 1.75, 8]},
			"faces": {
				"north": {"uv": [0, 0, 1, 1], "texture": "#0"},
				"east": {"uv": [0, 0, 1, 1], "texture": "#0"},
				"south": {"uv": [0, 0, 1, 1], "texture": "#0"},
				"west": {"uv": [0, 0, 1, 1], "texture": "#0"},
				"up": {"uv": [0, 0, 1, 1], "texture": "#0"},
				"down": {"uv": [0, 0, 1, 1], "texture": "#0"}
			}
		},
		{
			"name": "Cube",
			"from": [7.80109, 1.75, 7],
			"to": [8.19891, 2.25, 9],
			"rotation": {"angle": 0, "axis": "y", "origin": [8, 1.75, 8]},
			"faces": {
				"north": {"uv": [0, 0, 1, 1], "texture": "#0"},
				"east": {"uv": [0, 0, 1, 1], "texture": "#0"},
				"south": {"uv": [0, 0, 1, 1], "texture": "#0"},
				"west": {"uv": [0, 0, 1, 1], "texture": "#0"},
				"up": {"uv": [0, 0, 1, 1], "texture": "#0"},
				"down": {"uv": [0, 0, 1, 1], "texture": "#0"}
			}
		},
		{
			"name": "Cube",
			"from": [7.80109, 1.75, 7],
			"to": [8.19891, 2.25, 9],
			"rotation": {"angle": 22.5, "axis": "y", "origin": [8, 1.75, 8]},
			"faces": {
				"north": {"uv": [0, 0, 1, 1], "texture": "#0"},
				"east": {"uv": [0, 0, 1, 1], "texture": "#0"},
				"south": {"uv": [0, 0, 1, 1], "texture": "#0"},
				"west": {"uv": [0, 0, 1, 1], "texture": "#0"},
				"up": {"uv": [0, 0, 1, 1], "texture": "#0"},
				"down": {"uv": [0, 0, 1, 1], "texture": "#0"}
			}
		},
		{
			"name": "Cube",
			"from": [7.80109, 1.75, 7],
			"to": [8.19891, 2.25, 9],
			"rotation": {"angle": 45, "axis": "y", "origin": [8, 1.75, 8]},
			"faces": {
				"north": {"uv": [0, 0, 1, 1], "texture": "#0"},
				"east": {"uv": [0, 0, 1, 1], "texture": "#0"},
				"south": {"uv": [0, 0, 1, 1], "texture": "#0"},
				"west": {"uv": [0, 0, 1, 1], "texture": "#0"},
				"up": {"uv": [0, 0, 1, 1], "texture": "#0"},
				"down": {"uv": [0, 0, 1, 1], "texture": "#0"}
			}
		},
		{
			"name": "Cube",
			"from": [7, 1.75, 7.80109],
			"to": [9, 2.25, 8.19891],
			"rotation": {"angle": -22.5, "axis": "y", "origin": [8, 1.75, 8]},
			"faces": {
				"north": {"uv": [0, 0, 1, 1], "texture": "#0"},
				"east": {"uv": [0, 0, 1, 1], "texture": "#0"},
				"south": {"uv": [0, 0, 1, 1], "texture": "#0"},
				"west": {"uv": [0, 0, 1, 1], "texture": "#0"},
				"up": {"uv": [0, 0, 1, 1], "texture": "#0"},
				"down": {"uv": [0, 0, 1, 1], "texture": "#0"}
			}
		},
		{
			"name": "Cube",
			"from": [7, 1.75, 7.80109],
			"to": [9, 2.25, 8.19891],
			"rotation": {"angle": 0, "axis": "y", "origin": [8, 1.75, 8]},
			"faces": {
				"north": {"uv": [0, 0, 1, 1], "texture": "#0"},
				"east": {"uv": [0, 0, 1, 1], "texture": "#0"},
				"south": {"uv": [0, 0, 1, 1], "texture": "#0"},
				"west": {"uv": [0, 0, 1, 1], "texture": "#0"},
				"up": {"uv": [0, 0, 1, 1], "texture": "#0"},
				"down": {"uv": [0, 0, 1, 1], "texture": "#0"}
			}
		},
		{
			"name": "Cube",
			"from": [7, 1.75, 7.80109],
			"to": [9, 2.25, 8.19891],
			"rotation": {"angle": 22.5, "axis": "y", "origin": [8, 1.75, 8]},
			"faces": {
				"north": {"uv": [0, 0, 1, 1], "texture": "#0"},
				"east": {"uv": [0, 0, 1, 1], "texture": "#0"},
				"south": {"uv": [0, 0, 1, 1], "texture": "#0"},
				"west": {"uv": [0, 0, 1, 1], "texture": "#0"},
				"up": {"uv": [0, 0, 1, 1], "texture": "#0"},
				"down": {"uv": [0, 0, 1, 1], "texture": "#0"}
			}
		},
		{
			"name": "Cube",
			"from": [7.80109, 1.75, 7],
			"to": [8.19891, 2.25, 9],
			"rotation": {"angle": -45, "axis": "y", "origin": [8, 1.75, 8]},
			"faces": {
				"north": {"uv": [0, 0, 1, 1], "texture": "#0"},
				"east": {"uv": [0, 0, 1, 1], "texture": "#0"},
				"south": {"uv": [0, 0, 1, 1], "texture": "#0"},
				"west": {"uv": [0, 0, 1, 1], "texture": "#0"},
				"up": {"uv": [0, 0, 1, 1], "texture": "#0"},
				"down": {"uv": [0, 0, 1, 1], "texture": "#0"}
			}
		},
		{
			"name": "Cube",
			"from": [7.80109, 1.75, 7],
			"to": [8.19891, 2.25, 9],
			"rotation": {"angle": -22.5, "axis": "y", "origin": [8, 1.75, 8]},
			"faces": {
				"north": {"uv": [0, 0, 1, 1], "texture": "#0"},
				"east": {"uv": [0, 0, 1, 1], "texture": "#0"},
				"south": {"uv": [0, 0, 1, 1], "texture": "#0"},
				"west": {"uv": [0, 0, 1, 1], "texture": "#0"},
				"up": {"uv": [0, 0, 1, 1], "texture": "#0"},
				"down": {"uv": [0, 0, 1, 1], "texture": "#0"}
			}
		},
		{
			"name": "Cube",
			"from": [7.80109, 1.75, 7],
			"to": [8.19891, 2.25, 9],
			"rotation": {"angle": 0, "axis": "y", "origin": [8, 1.75, 8]},
			"faces": {
				"north": {"uv": [0, 0, 1, 1], "texture": "#0"},
				"east": {"uv": [0, 0, 1, 1], "texture": "#0"},
				"south": {"uv": [0, 0, 1, 1], "texture": "#0"},
				"west": {"uv": [0, 0, 1, 1], "texture": "#0"},
				"up": {"uv": [0, 0, 1, 1], "texture": "#0"},
				"down": {"uv": [0, 0, 1, 1], "texture": "#0"}
			}
		},
		{
			"name": "Cube",
			"from": [7.80109, 1.75, 7],
			"to": [8.19891, 2.25, 9],
			"rotation": {"angle": 22.5, "axis": "y", "origin": [8, 1.75, 8]},
			"faces": {
				"north": {"uv": [0, 0, 1, 1], "texture": "#0"},
				"east": {"uv": [0, 0, 1, 1], "texture": "#0"},
				"south": {"uv": [0, 0, 1, 1], "texture": "#0"},
				"west": {"uv": [0, 0, 1, 1], "texture": "#0"},
				"up": {"uv": [0, 0, 1, 1], "texture": "#0"},
				"down": {"uv": [0, 0, 1, 1], "texture": "#0"}
			}
		},
		{
			"name": "Cube",
			"from": [7.80109, 1.75, 7],
			"to": [8.19891, 2.25, 9],
			"rotation": {"angle": 45, "axis": "y", "origin": [8, 1.75, 8]},
			"faces": {
				"north": {"uv": [0, 0, 1, 1], "texture": "#0"},
				"east": {"uv": [0, 0, 1, 1], "texture": "#0"},
				"south": {"uv": [0, 0, 1, 1], "texture": "#0"},
				"west": {"uv": [0, 0, 1, 1], "texture": "#0"},
				"up": {"uv": [0, 0, 1, 1], "texture": "#0"},
				"down": {"uv": [0, 0, 1, 1], "texture": "#0"}
			}
		},
		{
			"name": "Cube",
			"from": [7, 1.75, 7.80109],
			"to": [9, 2.25, 8.19891],
			"rotation": {"angle": -22.5, "axis": "y", "origin": [8, 1.75, 8]},
			"faces": {
				"north": {"uv": [0, 0, 1, 1], "texture": "#0"},
				"east": {"uv": [0, 0, 1, 1], "texture": "#0"},
				"south": {"uv": [0, 0, 1, 1], "texture": "#0"},
				"west": {"uv": [0, 0, 1, 1], "texture": "#0"},
				"up": {"uv": [0, 0, 1, 1], "texture": "#0"},
				"down": {"uv": [0, 0, 1, 1], "texture": "#0"}
			}
		},
		{
			"name": "Cube",
			"from": [7, 1.75, 7.80109],
			"to": [9, 2.25, 8.19891],
			"rotation": {"angle": 0, "axis": "y", "origin": [8, 1.75, 8]},
			"faces": {
				"north": {"uv": [0, 0, 1, 1], "texture": "#0"},
				"east": {"uv": [0, 0, 1, 1], "texture": "#0"},
				"south": {"uv": [0, 0, 1, 1], "texture": "#0"},
				"west": {"uv": [0, 0, 1, 1], "texture": "#0"},
				"up": {"uv": [0, 0, 1, 1], "texture": "#0"},
				"down": {"uv": [0, 0, 1, 1], "texture": "#0"}
			}
		},
		{
			"name": "Cube",
			"from": [7, 1.75, 7.80109],
			"to": [9, 2.25, 8.19891],
			"rotation": {"angle": 22.5, "axis": "y", "origin": [8, 1.75, 8]},
			"faces": {
				"north": {"uv": [0, 0, 1, 1], "texture": "#0"},
				"east": {"uv": [0, 0, 1, 1], "texture": "#0"},
				"south": {"uv": [0, 0, 1, 1], "texture": "#0"},
				"west": {"uv": [0, 0, 1, 1], "texture": "#0"},
				"up": {"uv": [0, 0, 1, 1], "texture": "#0"},
				"down": {"uv": [0, 0, 1, 1], "texture": "#0"}
			}
		},
		{
			"from": [6.70707, 9.9, 1.5],
			"to": [9.29293, 10.9, 14.5],
			"rotation": {"angle": -45, "axis": "y", "origin": [8, 10.4, 8]},
			"faces": {
				"north": {"uv": [0, 0, 1, 1], "texture": "#3"},
				"east": {"uv": [0, 0, 1, 1], "texture": "#3"},
				"south": {"uv": [0, 0, 1, 1], "texture": "#3"},
				"west": {"uv": [0, 0, 1, 1], "texture": "#3"},
				"up": {"uv": [0, 0, 1, 1], "texture": "#3"},
				"down": {"uv": [0, 0, 1, 1], "texture": "#3"}
			}
		},
		{
			"from": [6.70707, 9.9, 1.5],
			"to": [9.29293, 10.9, 14.5],
			"rotation": {"angle": -22.5, "axis": "y", "origin": [8, 10.4, 8]},
			"faces": {
				"north": {"uv": [0, 0, 1, 1], "texture": "#3"},
				"east": {"uv": [0, 0, 1, 1], "texture": "#3"},
				"south": {"uv": [0, 0, 1, 1], "texture": "#3"},
				"west": {"uv": [0, 0, 1, 1], "texture": "#3"},
				"up": {"uv": [0, 0, 1, 1], "texture": "#3"},
				"down": {"uv": [0, 0, 1, 1], "texture": "#3"}
			}
		},
		{
			"from": [6.70707, 9.9, 1.5],
			"to": [9.29293, 10.9, 14.5],
			"rotation": {"angle": 0, "axis": "y", "origin": [8, 10.4, 8]},
			"faces": {
				"north": {"uv": [0, 0, 1, 1], "texture": "#3"},
				"east": {"uv": [0, 0, 1, 1], "texture": "#3"},
				"south": {"uv": [0, 0, 1, 1], "texture": "#3"},
				"west": {"uv": [0, 0, 1, 1], "texture": "#3"},
				"up": {"uv": [0, 0, 1, 1], "texture": "#3"},
				"down": {"uv": [0, 0, 1, 1], "texture": "#3"}
			}
		},
		{
			"from": [6.70707, 9.9, 1.5],
			"to": [9.29293, 10.9, 14.5],
			"rotation": {"angle": 22.5, "axis": "y", "origin": [8, 10.4, 8]},
			"faces": {
				"north": {"uv": [0, 0, 1, 1], "texture": "#3"},
				"east": {"uv": [0, 0, 1, 1], "texture": "#3"},
				"south": {"uv": [0, 0, 1, 1], "texture": "#3"},
				"west": {"uv": [0, 0, 1, 1], "texture": "#3"},
				"up": {"uv": [0, 0, 1, 1], "texture": "#3"},
				"down": {"uv": [0, 0, 1, 1], "texture": "#3"}
			}
		},
		{
			"from": [6.70707, 9.9, 1.5],
			"to": [9.29293, 10.9, 14.5],
			"rotation": {"angle": 45, "axis": "y", "origin": [8, 10.4, 8]},
			"faces": {
				"north": {"uv": [0, 0, 1, 1], "texture": "#3"},
				"east": {"uv": [0, 0, 1, 1], "texture": "#3"},
				"south": {"uv": [0, 0, 1, 1], "texture": "#3"},
				"west": {"uv": [0, 0, 1, 1], "texture": "#3"},
				"up": {"uv": [0, 0, 1, 1], "texture": "#3"},
				"down": {"uv": [0, 0, 1, 1], "texture": "#3"}
			}
		},
		{
			"from": [1.5, 9.9, 6.70707],
			"to": [14.5, 10.9, 9.29293],
			"rotation": {"angle": -22.5, "axis": "y", "origin": [8, 10.4, 8]},
			"faces": {
				"north": {"uv": [0, 0, 1, 1], "texture": "#3"},
				"east": {"uv": [0, 0, 1, 1], "texture": "#3"},
				"south": {"uv": [0, 0, 1, 1], "texture": "#3"},
				"west": {"uv": [0, 0, 1, 1], "texture": "#3"},
				"up": {"uv": [0, 0, 1, 1], "texture": "#3"},
				"down": {"uv": [0, 0, 1, 1], "texture": "#3"}
			}
		},
		{
			"from": [1.5, 9.9, 6.70707],
			"to": [14.5, 10.9, 9.29293],
			"rotation": {"angle": 0, "axis": "y", "origin": [8, 10.4, 8]},
			"faces": {
				"north": {"uv": [0, 0, 1, 1], "texture": "#3"},
				"east": {"uv": [0, 0, 1, 1], "texture": "#3"},
				"south": {"uv": [0, 0, 1, 1], "texture": "#3"},
				"west": {"uv": [0, 0, 1, 1], "texture": "#3"},
				"up": {"uv": [0, 0, 1, 1], "texture": "#3"},
				"down": {"uv": [0, 0, 1, 1], "texture": "#3"}
			}
		},
		{
			"from": [1.5, 9.9, 6.70707],
			"to": [14.5, 10.9, 9.29293],
			"rotation": {"angle": 22.5, "axis": "y", "origin": [8, 10.4, 8]},
			"faces": {
				"north": {"uv": [0, 0, 1, 1], "texture": "#3"},
				"east": {"uv": [0, 0, 1, 1], "texture": "#3"},
				"south": {"uv": [0, 0, 1, 1], "texture": "#3"},
				"west": {"uv": [0, 0, 1, 1], "texture": "#3"},
				"up": {"uv": [0, 0, 1, 1], "texture": "#3"},
				"down": {"uv": [0, 0, 1, 1], "texture": "#3"}
			}
		}
	],
	"display": {
		"thirdperson_righthand": {
			"scale": [0.2, 0.2, 0.2]
		},
		"thirdperson_lefthand": {
			"scale": [0.2, 0.2, 0.2]
		},
		"firstperson_righthand": {
			"scale": [0.4, 0.4, 0.4]
		},
		"firstperson_lefthand": {
			"scale": [0.4, 0.4, 0.4]
		},
		"ground": {
			"scale": [0.4, 0.4, 0.4]
		},
		"head": {
			"translation": [0, -18.5, 0],
			"scale": [0.6, 0.6, 0.6]
		}
	},
	"groups": [
		{
			"name": "bace",
			"origin": [8, 8, 8],
			"color": 0,
			"children": [0, 1, 2, 3, 4, 5, 6, 7]
		},
		{
			"name": "band",
			"origin": [8, 8, 8],
			"color": 0,
			"children": [8, 9, 10, 11, 12, 13, 14, 15]
		},
		{
			"name": "mixed",
			"origin": [8, 8, 8],
			"color": 0,
			"children": [16, 17, 18, 19, 20, 21, 22, 23]
		},
		{
			"name": "bacebottom",
			"origin": [8, 8, 8],
			"color": 0,
			"children": [24, 25, 26, 27, 28, 29, 30, 31,
				{
					"name": "bacebottom",
					"origin": [8, 8, 8],
					"color": 0,
					"children": [32, 33, 34, 35, 36, 37, 38, 39]
				}
			]
		},
		{
			"name": "bottom2",
			"origin": [8, 8, 8],
			"color": 0,
			"children": [40, 41, 42, 43, 44, 45, 46, 47,
				{
					"name": "bottom2",
					"origin": [8, 8, 8],
					"color": 0,
					"children": [48, 49, 50, 51, 52, 53, 54, 55]
				}
			]
		},
		{
			"name": "biggerbace",
			"origin": [8, 8, 8],
			"color": 0,
			"children": [56, 57, 58, 59, 60, 61, 62, 63]
		},
		{
			"name": "hexadecagon",
			"origin": [8, 8, 8],
			"color": 0,
			"children": [64, 65, 66, 67, 68, 69, 70, 71]
		},
		{
			"name": "hexadecagon",
			"origin": [8, 8, 8],
			"color": 0,
			"children": [72, 73, 74, 75, 76, 77, 78, 79,
				{
					"name": "hexadecagon",
					"origin": [8, 8, 8],
					"color": 0,
					"children": [80, 81, 82, 83, 84, 85, 86, 87]
				}
			]
		},
		{
			"name": "hexadecagon",
			"origin": [8, 8, 8],
			"color": 0,
			"children": [88, 89, 90, 91, 92, 93, 94, 95,
				{
					"name": "hexadecagon",
					"origin": [8, 8, 8],
					"color": 0,
					"children": [96, 97, 98, 99, 100, 101, 102, 103]
				}
			]
		},
		{
			"name": "blackBace",
			"origin": [8, 8, 8],
			"color": 0,
			"children": [104, 105, 106, 107, 108, 109, 110, 111,
				{
					"name": "hexadecagon",
					"origin": [8, 8, 8],
					"color": 0,
					"children": [112, 113, 114, 115, 116, 117, 118, 119]
				}
			]
		},
		{
			"name": "tt",
			"origin": [8, 8, 8],
			"color": 0,
			"children": [120, 121, 122, 123, 124, 125, 126, 127]
		}
	]
}