{
	"credit": "Made with Blockbench",
	"textures": {
		"0": "ben_ten:block/key",
		"particle": "ben_ten:block/key"
	},
	"elements": [
		{
			"name": "main",
			"from": [6.12104, 0, 7.15517],
			"to": [7.12104, 1, 9.35517],
			"rotation": {"angle": 22.5, "axis": "y", "origin": [7.68135, 0.49937, 6.96937]},
			"faces": {
				"north": {"uv": [2, 9, 3, 10], "texture": "#0"},
				"east": {"uv": [6, 6, 8.25, 7], "texture": "#0"},
				"south": {"uv": [3, 9, 4, 10], "texture": "#0"},
				"west": {"uv": [2, 7, 4.25, 8], "texture": "#0"},
				"up": {"uv": [6, 9.25, 5, 7], "texture": "#0"},
				"down": {"uv": [7, 7, 6, 9.25], "texture": "#0"}
			}
		},
		{
			"name": "main",
			"from": [6.31091, 0, 6.73813],
			"to": [9.68591, 1, 7.73813],
			"rotation": {"angle": 0, "axis": "y", "origin": [7.68135, 0.49937, 6.96937]},
			"faces": {
				"north": {"uv": [2, 6, 5.375, 7], "texture": "#0"},
				"east": {"uv": [4, 9, 5, 10], "texture": "#0"},
				"south": {"uv": [6, 3, 9.375, 4], "texture": "#0"},
				"west": {"uv": [9, 6, 10, 7], "texture": "#0"},
				"up": {"uv": [9.375, 5, 6, 4], "texture": "#0"},
				"down": {"uv": [9.375, 5, 6, 6], "texture": "#0"}
			}
		},
		{
			"name": "main",
			"from": [7.15281, 0, 7.57067],
			"to": [8.85281, 1, 9.77067],
			"rotation": {"angle": 0, "axis": "y", "origin": [7.68135, 0.49937, 6.96937]},
			"faces": {
				"north": {"uv": [8, 2, 9.75, 3], "texture": "#0"},
				"east": {"uv": [7, 7, 9.25, 8], "texture": "#0"},
				"south": {"uv": [0, 9, 1.75, 10], "texture": "#0"},
				"west": {"uv": [8, 0, 10.25, 1], "texture": "#0"},
				"up": {"uv": [1.75, 8.25, 0, 6], "texture": "#0"},
				"down": {"uv": [7.75, 0, 6, 2.25], "texture": "#0"}
			}
		},
		{
			"name": "main",
			"from": [8.83074, 0, 6.91116],
			"to": [9.83074, 1, 9.11116],
			"rotation": {"angle": -22.5, "axis": "y", "origin": [7.68135, 0.49937, 6.96937]},
			"faces": {
				"north": {"uv": [9, 8, 10, 9], "texture": "#0"},
				"east": {"uv": [8, 1, 10.25, 2], "texture": "#0"},
				"south": {"uv": [9, 9, 10, 10], "texture": "#0"},
				"west": {"uv": [2, 8, 4.25, 9], "texture": "#0"},
				"up": {"uv": [8, 10.25, 7, 8], "texture": "#0"},
				"down": {"uv": [9, 8, 8, 10.25], "texture": "#0"}
			}
		},
		{
			"name": "key_part",
			"from": [7.7, 0.2, 9.6],
			"to": [8.3, 0.8, 11.1],
			"rotation": {"angle": 0, "axis": "y", "origin": [7.68135, 0.49937, 6.96937]},
			"faces": {
				"north": {"uv": [10, 4, 10.625, 4.625], "texture": "#0"},
				"east": {"uv": [0, 10, 1.5, 10.625], "texture": "#0"},
				"south": {"uv": [5, 10, 5.625, 10.625], "texture": "#0"},
				"west": {"uv": [2, 10, 3.5, 10.625], "texture": "#0"},
				"up": {"uv": [10.625, 3.5, 10, 2], "texture": "#0"},
				"down": {"uv": [4.625, 10, 4, 11.5], "texture": "#0"}
			}
		},
		{
			"name": "other_end",
			"from": [7.725, 0.225, 6.65],
			"to": [8.275, 0.775, 6.75],
			"rotation": {"angle": 0, "axis": "y", "origin": [7.68135, 0.49937, 6.96937]},
			"faces": {
				"north": {"uv": [11, 1, 11.5, 1.5], "texture": "#0"},
				"east": {"uv": [11, 3, 11.125, 3.5], "texture": "#0"},
				"south": {"uv": [2, 11, 2.5, 11.5], "texture": "#0"},
				"west": {"uv": [11, 4, 11.125, 4.5], "texture": "#0"},
				"up": {"uv": [5.5, 11.125, 5, 11], "texture": "#0"},
				"down": {"uv": [11.5, 5, 11, 5.125], "texture": "#0"}
			}
		},
		{
			"name": "other-end",
			"from": [7.825, 0.325, 6.6],
			"to": [8.175, 0.675, 6.65],
			"rotation": {"angle": 0, "axis": "y", "origin": [7.68135, 0.49937, 6.96937]},
			"faces": {
				"north": {"uv": [11, 2, 11.375, 2.375], "texture": "#0"},
				"east": {"uv": [11, 11, 11.125, 11.375], "texture": "#0"},
				"south": {"uv": [3, 11, 3.375, 11.375], "texture": "#0"},
				"west": {"uv": [0, 12, 0.125, 12.375], "texture": "#0"},
				"up": {"uv": [1.375, 12.125, 1, 12], "texture": "#0"},
				"down": {"uv": [12.375, 1, 12, 1.125], "texture": "#0"}
			}
		},
		{
			"from": [8.175, 0.5, 5.4],
			"to": [8.475, 0.5, 6.6],
			"rotation": {"angle": 0, "axis": "y", "origin": [7.68135, 0.49937, 6.96937]},
			"faces": {
				"north": {"uv": [0, 0, 0.25, 0], "texture": "#0"},
				"east": {"uv": [0, 0, 1.25, 0], "texture": "#0"},
				"south": {"uv": [0, 0, 0.25, 0], "texture": "#0"},
				"west": {"uv": [0, 0, 1.25, 0], "texture": "#0"},
				"up": {"uv": [10.25, 6.25, 10, 5], "texture": "#0"},
				"down": {"uv": [6.25, 10, 6, 11.25], "texture": "#0"}
			}
		},
		{
			"from": [7.875, 0.5, 5.1],
			"to": [8.175, 0.5, 5.4],
			"rotation": {"angle": 0, "axis": "y", "origin": [7.68135, 0.49937, 6.96937]},
			"faces": {
				"north": {"uv": [0, 0, 0.25, 0], "texture": "#0"},
				"east": {"uv": [0, 0, 0.25, 0], "texture": "#0"},
				"south": {"uv": [0, 0, 0.25, 0], "texture": "#0"},
				"west": {"uv": [0, 0, 0.25, 0], "texture": "#0"},
				"up": {"uv": [11.25, 6.25, 11, 6], "texture": "#0"},
				"down": {"uv": [7.25, 11, 7, 11.25], "texture": "#0"}
			}
		},
		{
			"from": [7.575, 0.5, 4.8],
			"to": [7.875, 0.5, 5.1],
			"rotation": {"angle": 0, "axis": "y", "origin": [7.68135, 0.49937, 6.96937]},
			"faces": {
				"north": {"uv": [0, 0, 0.25, 0], "texture": "#0"},
				"east": {"uv": [0, 0, 0.25, 0], "texture": "#0"},
				"south": {"uv": [0, 0, 0.25, 0], "texture": "#0"},
				"west": {"uv": [0, 0, 0.25, 0], "texture": "#0"},
				"up": {"uv": [8.25, 11.25, 8, 11], "texture": "#0"},
				"down": {"uv": [11.25, 9, 11, 9.25], "texture": "#0"}
			}
		},
		{
			"from": [6.325, 0.5, 4.5],
			"to": [7.575, 0.5, 4.8],
			"rotation": {"angle": 0, "axis": "y", "origin": [7.68135, 0.49937, 6.96937]},
			"faces": {
				"north": {"uv": [0, 0, 1.25, 0], "texture": "#0"},
				"east": {"uv": [0, 0, 0.25, 0], "texture": "#0"},
				"south": {"uv": [0, 0, 1.25, 0], "texture": "#0"},
				"west": {"uv": [0, 0, 0.25, 0], "texture": "#0"},
				"up": {"uv": [11.25, 7.25, 10, 7], "texture": "#0"},
				"down": {"uv": [11.25, 8, 10, 8.25], "texture": "#0"}
			}
		},
		{
			"from": [6.325, 0.5, 6],
			"to": [6.625, 0.5, 6.3],
			"rotation": {"angle": 0, "axis": "y", "origin": [7.68135, 0.49937, 6.96937]},
			"faces": {
				"north": {"uv": [0, 0, 0.25, 0], "texture": "#0"},
				"east": {"uv": [0, 0, 0.25, 0], "texture": "#0"},
				"south": {"uv": [0, 0, 0.25, 0], "texture": "#0"},
				"west": {"uv": [0, 0, 0.25, 0], "texture": "#0"},
				"up": {"uv": [10.25, 11.25, 10, 11], "texture": "#0"},
				"down": {"uv": [11.25, 10, 11, 10.25], "texture": "#0"}
			}
		},
		{
			"from": [6.025, 0.5, 4.8],
			"to": [6.325, 0.5, 6],
			"rotation": {"angle": 0, "axis": "y", "origin": [7.68135, 0.49937, 6.96937]},
			"faces": {
				"north": {"uv": [0, 0, 0.25, 0], "texture": "#0"},
				"east": {"uv": [0, 0, 1.25, 0], "texture": "#0"},
				"south": {"uv": [0, 0, 0.25, 0], "texture": "#0"},
				"west": {"uv": [0, 0, 1.25, 0], "texture": "#0"},
				"up": {"uv": [9.25, 11.25, 9, 10], "texture": "#0"},
				"down": {"uv": [10.25, 9, 10, 10.25], "texture": "#0"}
			}
		},
		{
			"from": [6.625, 0.5, 6.3],
			"to": [7.825, 0.5, 6.6],
			"rotation": {"angle": 0, "axis": "y", "origin": [7.68135, 0.49937, 6.96937]},
			"faces": {
				"north": {"uv": [0, 0, 1.25, 0], "texture": "#0"},
				"east": {"uv": [0, 0, 0.25, 0], "texture": "#0"},
				"south": {"uv": [0, 0, 1.25, 0], "texture": "#0"},
				"west": {"uv": [0, 0, 0.25, 0], "texture": "#0"},
				"up": {"uv": [1.25, 11.25, 0, 11], "texture": "#0"},
				"down": {"uv": [12.25, 0, 11, 0.25], "texture": "#0"}
			}
		},
		{
			"from": [6.9, 1, 6.8],
			"to": [9.1, 1, 9.15],
			"rotation": {"angle": 0, "axis": "y", "origin": [7.68135, 0.49937, 6.96937]},
			"faces": {
				"north": {"uv": [0, 0, 2.25, 0], "texture": "#0"},
				"east": {"uv": [0, 0, 2.375, 0], "texture": "#0"},
				"south": {"uv": [0, 0, 2.25, 0], "texture": "#0"},
				"west": {"uv": [0, 0, 2.375, 0], "texture": "#0"},
				"up": {"uv": [2.25, 2.375, 0, 0], "texture": "#0"},
				"down": {"uv": [2.25, 3, 0, 5.375], "texture": "#0"}
			}
		},
		{
			"from": [6.9, -0.01, 6.8],
			"to": [9.1, -0.01, 9.15],
			"rotation": {"angle": 0, "axis": "y", "origin": [7.68135, 0.49937, 6.96937]},
			"faces": {
				"north": {"uv": [0, 0, 2.25, 0], "texture": "#0"},
				"east": {"uv": [0, 0, 2.375, 0], "texture": "#0"},
				"south": {"uv": [0, 0, 2.25, 0], "texture": "#0"},
				"west": {"uv": [0, 0, 2.375, 0], "texture": "#0"},
				"up": {"uv": [5.25, 2.375, 3, 0], "texture": "#0"},
				"down": {"uv": [5.25, 3, 3, 5.375], "texture": "#0"}
			}
		}
	],
	"display": {
		"thirdperson_righthand": {
			"rotation": [175, 0, -90],
			"translation": [2.25, 0.25, -0.5],
			"scale": [0.3, 0.3, 0.3]
		},
		"thirdperson_lefthand": {
			"rotation": [175, 0, 90],
			"translation": [-2, 0.25, -0.75],
			"scale": [0.3, 0.3, 0.3]
		},
		"firstperson_righthand": {
			"rotation": [90, -180, 0],
			"translation": [0, 3.25, 7.75],
			"scale": [0.6, 0.6, 0.6]
		},
		"firstperson_lefthand": {
			"rotation": [90, -180, 0],
			"translation": [3, 0.25, 3.75],
			"scale": [0.6, 0.6, 0.6]
		},
		"ground": {
			"translation": [0, 4, 0],
			"scale": [0.8, 0.8, 0.8]
		},
		"gui": {
			"rotation": [-90, -180, 0],
			"scale": [1.63086, 1.63086, 1.63086]
		},
		"fixed": {
			"rotation": [90, 0, 0],
			"translation": [0, 0, 7.5],
			"scale": [1.28125, 1.28125, 1.28125]
		}
	},
	"groups": [
		{
			"name": "main",
			"origin": [8, 8, 8],
			"color": 0,
			"children": [0, 1, 2, 3]
		},
		{
			"name": "key_part",
			"origin": [8, 8, 8],
			"color": 0,
			"children": [4]
		},
		{
			"name": "Other_end",
			"origin": [0, 0, 0],
			"color": 0,
			"children": [5, 6]
		},
		{
			"name": "strap",
			"origin": [8, 8, 8],
			"color": 0,
			"children": [7, 8, 9, 10, 11, 12, 13]
		},
		{
			"name": "other_details",
			"origin": [8, 8, 8],
			"color": 0,
			"children": [14, 15]
		}
	]
}