{
	"forge_marker": 1,
	"defaults": {
		"model": "builtin/generated",
		"textures": {
			"layer0": "blocks/dirt"
		},

		"transform": "forge:default-item"
	},

	"variants": {
		"head": [{
			"textures": {
				"layer0": "maxheroes:items/venom/helmet"
			}
		}],
		
		"chest": [{
			"textures": {
				"layer0": "maxheroes:items/venom/chestplate"
			}
		}],

		"legs": [{
			"textures": {
				"layer0": "maxheroes:items/venom/legs"
			}
		}],

		"feet": [{
			"textures": {
				"layer0": "maxheroes:items/venom/boots"
			}
		}]
	}
}