{
    "name" : {
	    "text": "Mysterious Hulk-like Abilities"
	},
	
	"icon": {
	    "type": "texture",
		"texture": "heroesuniverse:textures/icons/abombicon.png"
	},
	
	"max_level": 1,
	
	"capsule_color": 255,
	
	"abilities": [
		{
		    "ability": "lucraftcore:size_change",
			"size": 1.75,
			"bar_color": "blue"
		},
		{
		    "ability": "lucraftcore:invisibility",
			"cooldown": 1000,
			"bar_color": "blue"
		}
	],
	
	"effects": [
		{
		    "type": "skin_change",
			            "texture": "heroesuniverse:textures/models/blank.png",
			"size": 0,
			"conditions": [
			    {
				    "type": "ability_enabled",
					"ability": "lucraftcore:size_change"
				}
			]
		},
		{
		    "type": "skin_overlay",
			            "texture": "heroesuniverse:textures/models/abombmodel2.png",
			"size": 0.3,
			"conditions": [
			    {
				    "type": "ability_enabled",
					"ability": "lucraftcore:size_change"
				}
			]
		}
	]
}