{
    "name" : {
	    "text": "Quirk: All for One"
	},
	
	"icon": {
	    "type": "texture",
		"texture": "heroesuniverse:textures/icons/allforoneicon.png"
	},
	
	"max_level": 1,
	
	"capsule_color": 12004375,
	
	"abilities": {
		"healing": {
		    "ability": "lucraftcore:healing",
			"frequency": 1,
			"amount": 4
		},
		"health": {
		    "ability": "lucraftcore:health",
			"amount": 40.0,
			"operation": 0,
			"uuid": "ae17092d-ec06-4c02-b6a2-218e82ac9f3a"
		},
		"knockback_resistance": {
		    "ability": "lucraftcore:knockback_resistance",
			"amount": 40.0,
			"operation": 0,
			"uuid": "44630a31-2551-43ca-9165-2f3bae0359e3"
		},
		"strength": {
		    "ability": "lucraftcore:strength",
			"amount": 40.0,
			"operation": 0,
			"uuid": "6f89e3be-28a8-4d73-ad25-0b1105d1d444"
		}
	}
}