{
    "name" : {
	    "text": "Nano Technology"
	},
	
	"icon": {
	    "type": "texture",
		"texture": "heroesuniverse:textures/icons/androidicon.png"
	},
	
	"max_level": 1,
	
	"capsule_color": 8421504,
	
	"abilities": {
		"flight": {
		    "ability": "lucraftcore:flight",
			"speed": 0.25,
			"sprint_speed": 1,
			"bar_color": "gray"
		},
		"kinetic_energy_absorption": {
		    "ability": "heroesexpansion:kinetic_energy_absorption",
			"max_energy": 100,
			"color": [1.0, 0.4, 0.0],
			"bar_color": "gray"
		},
		"x_ray": {
		    "ability": "heroesexpansion:x_ray",
			"bar_color": "gray"
		},
		"spider_sense": {
		    "ability": "heroesexpansion:spider_sense",
			"conditions": [
			    {
				    "type": "lucraftcore:ability",
					"ability": "x_ray"
				}
			]
		},
		"deploy_heavy_blaster": {
			"ability": "lucraftcore:toggle_power",
			"title": {
			    "text": "Deploy Heavy Blaster"
			},
			"bar_color": "gray"
		},
		"heavy_blaster": {
			"ability": "heroesexpansion:photon_blast",
			"cooldown": 10000,
			"title": {
			    "text": "Heavy Blaster"
			},
			"bar_color": "gray",
			"color": [0, 255, 255],
			"conditions": [
			    {
				    "type": "lucraftcore:ability",
					"ability": "deploy_heavy_blaster"
				}
			]
		}
	},
	
	"effects": [
		{
		    "type": "skin_overlay",
			            "texture": "heroesuniverse:textures/models/asprintext1.png",
			"size": 0,
			"conditions": [
			    {
				    "type": "ability_enabled",
					"ability": "lucraftcore:flight"
				}
			]
		},
		{
		    "type": "skin_overlay",
			            "texture": "heroesuniverse:textures/models/androidmodel.png",
			"size": 0,
			"conditions": [
			    {
				    "type": "ability_enabled",
					"ability": "heroesexpansion:x_ray"
				}
			]
		},
		{
		    "type": "hud",
			            "texture": "heroesuniverse:textures/hud/android_hud.png",
			"conditions": [
			    {
				    "type": "ability_enabled",
					"ability": "heroesexpansion:x_ray"
				}
			]
		},
		{
		    "type": "skin_overlay",
			            "texture": "heroesuniverse:textures/models/heavyblast/heavyblast.png",
			"size": 0,
			"conditions": [
			    {
				    "type": "ability_enabled",
					"ability": "lucraftcore:toggle_power"
				}
			]
		},
		{
		    "type": "skin_overlay",
			            "texture": "heroesuniverse:textures/models/heavyblast/heavyblast1.png",
			"size": 0.2,
			"conditions": [
			    {
				    "type": "ability_enabled",
					"ability": "lucraftcore:toggle_power"
				}
			]
		},
		{
		    "type": "skin_overlay",
			            "texture": "heroesuniverse:textures/models/heavyblast/heavyblast2.png",
			"size": 0.4,
			"conditions": [
			    {
				    "type": "ability_enabled",
					"ability": "lucraftcore:toggle_power"
				}
			]
		}
	]
}