{
    "name" : {
	    "text": "Arrancar - Chest Hole"
	},
	
	"icon": {
	    "type": "texture",
		"texture": "heroesuniverse:textures/icons/bl/hollows/holes/chest.png"
	},
	
	"max_level": 1,
	
	"capsule_color": 0,
	
	"abilities": {
		"command_loop": {
		    "ability": "lucraftcore:command_loop",
			"commands": 
			    [
				    "sizechange @s 1"
				]
		}
	},
	
	"effects": [
		{
		    "type": "skin_overlay",
						"texture": "heroesuniverse:textures/models/bleach/hollows/hole/chest.png",
			"size": 0,
			"conditions": [
			    {
				    "type": "always"
				}
			]
		}
	]
}