{
    "name" : {
	    "text": "Black Vortex Boost"
	},
	
	"icon": {
	    "type": "texture",
		"texture": "heroesuniverse:textures/icons(powersizechange.png"
	},
	
	"max_level": 1,
	
	"capsule_color": 72,
	
	"abilities": {
		"flight": {
		    "ability": "lucraftcore:flight",
			"speed": 2,
			"sprint_speed": 5,
			"rotate_arms": false,
			"bar_color": "blue"
			
		},
		"kinetic_energy_absorption": {
		    "ability": "heroesexpansion:kinetic_energy_absorption",
			"max_energy": 1000,
			"color": [0.0, 0.0, 0.2],
			"title": {
			    "text": "Cosmic Burst"
			},
			"icon": {
			    "type": "texture",
				"texture": "heroesuniverse:textures/icons/powerburst.png"
			},
			"bar_color": "blue"
		},
		"size_change": {
			"ability": "lucraftcore:size_change",
			"size": 32,
			"size_changer": "lucraftcore:default",
			"title": {
			    "text": "True Size"
			},
			"icon": {
			    "type": "texture",
				"texture": "heroesuniverse:textures/icons/powersizechange.png"
			},
			"bar_color": "blue"
		},
		"water_running": {
			"ability": "speedsterheroes:water_running",
			"speed": 0,
			"title": {
			    "text": "Water Walking"
			},
			"icon": {
			    "type": "texture",
				"texture": "heroesuniverse:textures/icons/powersizechange.png"
			},
			"bar_color": "blue"
		}
	},
	
	"effects": [
		{
		    "type": "skin_overlay",
			            "texture": "heroesuniverse:textures/models/godeyesmodel4.png",
			"size": 0,
			"conditions": [
			    {
				    "type": "always"
				}
			]
		}
	]
}