{
    "name" : {
	    "text": "Eel Serum"
	},
	
	"icon": {
	    "type": "texture",
		"texture": "heroesuniverse:textures/icons/elecicon.png"
	},
	
	"max_level": 1,
	
	"capsule_color": 65535,
	
	"abilities": [
		{
		    "ability": "heroesexpansion:lightning_attack",
			"distance": 100,
			"bar_color": "light_blue"
		},
		{
		    "ability": "heroesexpansion:lightning_strike",
			"bar_color": "light_blue"
		},
		{
		    "ability": "heroesexpansion:god_mode",
			"damage": 5,
			"bar_color": "light_blue"
		},
		{
		    "ability": "lucraftcore:flight",
			"speed": 1,
			"sprint_speed": 3,
			"bar_color": "light_blue"
		}
	],
	
	"effects": [
	    {
		    "type": "skin_change",
			"texture": "heroesuniverse:textures/models/blanck.png",
			"conditions": [
			    {
				    "type": "always"
				}
			]
		},
		{
		    "type": "glow",
			"color": [0, 1, 1],
			"size": 0,
			"conditions": [
			    {
				    "type": "always"
				}
			]
		},
		{
		    "type": "glowing_hand",
			"color": [0, 1, 1],
			"size": 1.25,
			"conditions": [
			    {
				    "type": "ability_enabled",
					"ability": "heroesexpansion:god_mode"
				}
			]
		},
		{
		    "type": "flickering",
			"color": [0, 1, 1],
			"use_suit_flicker": false,
			"conditions": [
			    {
				    "type": "always"
				}
			]
		},
		{
		    "type": "trail",
            "trail_type": "lightnings",
            "color": [0, 1, 1],
            "use_suit_trail": false,
			"conditions": [
			    {
				    "type": "ability_enabled",
					"ability": "lucraftcore:flight"
				}
			]
		}
	]
}