{
    "name" : {
	    "text": "Quirk: Electrification"
	},
	
	"icon": {
	    "type": "texture",
		"texture": "heroesuniverse:textures/icons/electrificationicon.png"
	},
	
	"max_level": 1,
	
	"capsule_color": 16776960,
	
	"abilities": {
	    "god_mode": {
		    "ability": "heroesexpansion:god_mode",
			"title": {
			    "text": "Electrification (AoE - Radius: 10)"
			},
			"icon": {
	            "type": "texture",
		        "texture": "heroesuniverse:textures/icons/electrificationicon.png"
	        },
			"cooldown": 5000
		},
		"command_loop": {
		    "ability": "lucraftcore:command_loop",
			"commands": [
				"effect @e[r=10] minecraft:slowness 1 225",
				"effect @e[r=10] minecraft:weakness 1 225",
				"effect @e[r=10] minecraft:mining_fatigue 1 225"
			],
			"title": {
			    "text": "Electrification (AoE - Radius: 10)"
			},
			"icon": {
	            "type": "texture",
		        "texture": "heroesuniverse:textures/icons/electrificationicon.png"
	        },
			"conditions": [
				{
					"type": "lucraftcore:ability",
					"ability": "god_mode"
				}
			]
		}
	},
	
	"effects": [
	    {
		    "type": "flickering",
			"color": [1, 1, 0],
			"use_suit_flicker": false,
			"conditions": [
			    {
				    "type": "ability_enabled",
					"ability": "heroesexpansion:god_mode"
				}
			]
		}
	]
}