{
	"name" : {
		"text": "Energy Transformation"
	},

	"icon": {
		"type": "texture",
		"texture": "heroesuniverse:textures/icons/energytransformationicon.png"
	},
	
	"max_level": 1,
	
	"capsule_color" : 16711592,
	
	"effects": [
		{
			"type": "skin_change",
			"texture": "heroesuniverse:textures/models/blanck.png",
			"conditions": [
				{
					"type": "ability_enabled",
					"ability": "lucraftcore:toggle_power"
				}
			]
		},
		{
			"type": "skin_change",
			"texture": "heroesuniverse:textures/models/blanck.png",
			"conditions": [
				{
					"type": "ability_enabled",
					"ability": "heroesexpansion:god_mode"
				}
			]
		},
		{
			"type": "skin_change",
			"texture": "heroesuniverse:textures/models/blanck.png",
			"conditions": [
				{
					"type": "ability_enabled",
					"ability": "heroesexpansion:wall_crawling"
				}
			]
		},
		{
			"type": "skin_change",
			"texture": "heroesuniverse:textures/models/blanck.png",
			"conditions": [
				{
					"type": "ability_enabled",
					"ability": "heroesexpansion:energy_absorption"
				}
			]
		},
		{
			"type": "skin_change",
			"texture": "heroesuniverse:textures/models/blanck.png",
			"conditions": [
				{
					"type": "ability_enabled",
					"ability": "lucraftcore:potion_punch"
				}
			]
		},
		{
			"type": "skin_change",
			"texture": "heroesuniverse:textures/models/blanck.png",
			"conditions": [
				{
					"type": "ability_enabled",
					"ability": "heroesexpansion:web_wings"
				}
			]
		},
		{
			"type": "skin_change",
			"texture": "heroesuniverse:textures/models/blanck.png",
			"conditions": [
				{
					"type": "ability_enabled",
					"ability": "lucraftcore:fire_punch"
				}
			]
		},
		{
		    "type": "name_change",
			"name": {
			    "text": "???"
			},
			"conditions": [
				{
					"type": "ability_enabled",
					"ability": "lucraftcore:toggle_power"
				}
			]
		},
		{
		    "type": "name_change",
			"name": {
			    "text": "???"
			},
			"conditions": [
				{
					"type": "ability_enabled",
					"ability": "heroesexpansion:god_mode"
				}
			]
		},
		{
		    "type": "name_change",
			"name": {
			    "text": "???"
			},
			"conditions": [
				{
					"type": "ability_enabled",
					"ability": "heroesexpansion:wall_crawling"
				}
			]
		},
		{
		    "type": "name_change",
			"name": {
			    "text": "???"
			},
			"conditions": [
				{
					"type": "ability_enabled",
					"ability": "heroesexpansion:energy_absorption"
				}
			]
		},
		{
		    "type": "name_change",
			"name": {
			    "text": "???"
			},
			"conditions": [
				{
					"type": "ability_enabled",
					"ability": "lucraftcore:potion_punch"
				}
			]
		},
		{
		    "type": "name_change",
			"name": {
			    "text": "???"
			},
			"conditions": [
				{
					"type": "ability_enabled",
					"ability": "heroesexpansion:web_wings"
				}
			]
		},
		{
		    "type": "name_change",
			"name": {
			    "text": "???"
			},
			"conditions": [
				{
					"type": "ability_enabled",
					"ability": "lucraftcore:fire_punch"
				}
			]
		},
		{
		    "type": "glow",
			"color": [0.996, 1, 0.658],
			"size": 0,
			"conditions": [
				{
					"type": "ability_enabled",
					"ability": "lucraftcore:toggle_power"
				}
			]
		},
		{
		    "type": "glow",
			"color": [0.584, 0.988, 0.556],
			"size": 0,
			"conditions": [
				{
					"type": "ability_enabled",
					"ability": "heroesexpansion:god_mode"
				}
			]
		},
		{
		    "type": "glow",
			"color": [0.6, 0.603, 0.992],
			"size": 0,
			"conditions": [
				{
					"type": "ability_enabled",
					"ability": "heroesexpansion:wall_crawling"
				}
			]
		},
		{
		    "type": "glow",
			"color": [0.862, 0.6, 0.992],
			"size": 0,
			"conditions": [
				{
					"type": "ability_enabled",
					"ability": "heroesexpansion:energy_absorption"
				}
			]
		},
		{
		    "type": "glow",
			"color": [0.6, 0.89, 0.992],
			"size": 0,
			"conditions": [
				{
					"type": "ability_enabled",
					"ability": "lucraftcore:potion_punch"
				}
			]
		},
		{
		    "type": "glow",
			"color": [0.49, 0.505, 1],
			"size": 0,
			"conditions": [
				{
					"type": "ability_enabled",
					"ability": "heroesexpansion:web_wings"
				}
			]
		},
		{
		    "type": "glow",
			"color": [1, 0.49, 0.49],
			"size": 0,
			"conditions": [
				{
					"type": "ability_enabled",
					"ability": "lucraftcore:fire_punch"
				}
			]
		}
	],
	
	"abilities": {
		"energy_transformations": {
			"ability": "speedsterheroes:wall_running",
			"title": {
			    "text": "Energy Transformations"
			},
			"speed": 0,
			"icon": {
				"type": "texture",
				"texture": "heroesuniverse:textures/icons/emradicon.png"
			},
			"bar_color": "yellow"
		},
		"visible_light": {
			"ability": "lucraftcore:toggle_power",
			"title": {
			    "text": "Transformation: Visible Light"
			},
			"icon": {
				"type": "texture",
				"texture": "heroesuniverse:textures/icons/energytransformationicon.png"
			},
			"bar_color": "yellow",
			"conditions": [
			    {
				    "type": "lucraftcore:ability",
					"ability": "energy_transformations"
				}
			]
		},
		"neutrino": {
			"ability": "lucraftcore:toggle_power",
			"title": {
			    "text": "Transformation: Neutrino"
			},
			"icon": {
				"type": "texture",
				"texture": "heroesuniverse:textures/icons/energytransformationicon.png"
			},
			"bar_color": "yellow",
			"conditions": [
			    {
				    "type": "lucraftcore:ability",
					"ability": "energy_transformations"
				}
			]
		},
		"gamma_rays": {
			"ability": "heroesexpansion:god_mode",
			"title": {
			    "text": "Transformation: Gamma Rays"
			},
			"icon": {
				"type": "texture",
				"texture": "heroesuniverse:textures/icons/gammaraysicon.png"
			},
			"bar_color": "lime",
			"conditions": [
			    {
				    "type": "lucraftcore:ability",
					"ability": "energy_transformations"
				}
			]
		},
		"x_rays": {
			"ability": "heroesexpansion:wall_crawling",
			"title": {
			    "text": "Transformation: X-Rays"
			},
			"icon": {
				"type": "texture",
				"texture": "heroesuniverse:textures/icons/xraysicon.png"
			},
			"bar_color": "light_blue",
			"conditions": [
			    {
				    "type": "lucraftcore:ability",
					"ability": "energy_transformations"
				}
			]
		},
		"uv": {
			"ability": "heroesexpansion:energy_absorption",
			"title": {
			    "text": "Transformation: Ultraviolet"
			},
			"max_energy": 100,
			"max_damage": 10.0,
			"icon": {
				"type": "texture",
				"texture": "heroesuniverse:textures/icons/uvicon.png"
			},
			"bar_color": "purple",
			"conditions": [
			    {
				    "type": "lucraftcore:ability",
					"ability": "energy_transformations"
				}
			]
		},
		"cosmic_rays": {
			"ability": "lucraftcore:potion_punch",
			"potion": "minecraft:speed",
			"amplifier": 0,
			"duration": 1,
			"title": {
			    "text": "Transformation: Cosmic Rays"
			},
			"icon": {
				"type": "texture",
				"texture": "heroesuniverse:textures/icons/cosmicraysicon.png"
			},
			"bar_color": "cyan",
			"conditions": [
			    {
				    "type": "lucraftcore:ability",
					"ability": "energy_transformations"
				}
			]
		},
		"electricity": {
			"ability": "heroesexpansion:web_wings",
			"title": {
			    "text": "Transformation: Electricity"
			},
			"icon": {
				"type": "texture",
				"texture": "heroesuniverse:textures/icons/electricityicon.png"
			},
			"bar_color": "blue",
			"conditions": [
			    {
				    "type": "lucraftcore:ability",
					"ability": "energy_transformations"
				}
			]
		},
		"ir": {
			"ability": "lucraftcore:fire_punch",
			"title": {
			    "text": "Transformation: Infrared"
			},
			"icon": {
				"type": "texture",
				"texture": "heroesuniverse:textures/icons/iricon.png"
			},
			"bar_color": "red",
			"conditions": [
			    {
				    "type": "lucraftcore:ability",
					"ability": "energy_transformations"
				}
			]
		},
		"radio_waves": {
			"ability": "lucraftcore:fire_punch",
			"title": {
			    "text": "Transformation: Radio Waves"
			},
			"icon": {
				"type": "texture",
				"texture": "heroesuniverse:textures/icons/iricon.png"
			},
			"bar_color": "red",
			"conditions": [
			    {
				    "type": "lucraftcore:ability",
					"ability": "energy_transformations"
				}
			]
		},
		"micro_waves": {
			"ability": "lucraftcore:fire_punch",
			"title": {
			    "text": "Transformation: Micro Waves"
			},
			"icon": {
				"type": "texture",
				"texture": "heroesuniverse:textures/icons/iricon.png"
			},
			"bar_color": "red",
			"conditions": [
			    {
				    "type": "lucraftcore:ability",
					"ability": "energy_transformations"
				}
			]
		},
		"neutrino_phase": {
		    "ability": "speedsterheroes:phasing",
			"conditions": [
			    {
				    "type": "lucraftcore:ability",
					"ability": "neutrino"
				}
			],
			"icon": {
				"type": "texture",
				"texture": "heroesuniverse:textures/icons/energytransformationicon.png"
			},
			"bar_color": "yellow"
		},
		"gamma_rays_phase": {
		    "ability": "speedsterheroes:phasing",
			"conditions": [
			    {
				    "type": "lucraftcore:ability",
					"ability": "gamma_rays"
				}
			],
			"icon": {
				"type": "texture",
				"texture": "heroesuniverse:textures/icons/gammaraysicon.png"
			},
			"bar_color": "lime"
		},
		"x_rays_phase": {
		    "ability": "speedsterheroes:phasing",
			"conditions": [
			    {
				    "type": "lucraftcore:ability",
					"ability": "x_rays"
				}
			],
			"icon": {
				"type": "texture",
				"texture": "heroesuniverse:textures/icons/xraysicon.png"
			},
			"bar_color": "light_blue"
		},
		"visible_light_flight": {
		    "ability": "lucraftcore:flight",
			"speed": 5,
			"sprint_speed": 299792458,
			"conditions": [
			    {
				    "type": "lucraftcore:ability",
					"ability": "visible_light"
				}
			],
			"rotate_arms": false,
			"icon": {
				"type": "texture",
				"texture": "heroesuniverse:textures/icons/energytransformationicon.png"
			},
			"bar_color": "yellow"
		},
		"neutrino_flight": {
		    "ability": "lucraftcore:flight",
			"speed": 5,
			"sprint_speed": 270000000,
			"conditions": [
			    {
				    "type": "lucraftcore:ability",
					"ability": "neutrino"
				}
			],
			"rotate_arms": false,
			"icon": {
				"type": "texture",
				"texture": "heroesuniverse:textures/icons/energytransformationicon.png"
			},
			"bar_color": "yellow"
		},
		"gamma_rays_flight": {
		    "ability": "lucraftcore:flight",
			"speed": 5,
			"sprint_speed": 299792458,
			"conditions": [
			    {
				    "type": "lucraftcore:ability",
					"ability": "gamma_rays"
				}
			],
			"rotate_arms": false,
			"icon": {
				"type": "texture",
				"texture": "heroesuniverse:textures/icons/gammaraysicon.png"
			},
			"bar_color": "lime"
		},
		"x_rays_flight": {
		    "ability": "lucraftcore:flight",
			"speed": 5,
			"sprint_speed": 299792458,
			"conditions": [
			    {
				    "type": "lucraftcore:ability",
					"ability": "x_rays"
				}
			],
			"rotate_arms": false,
			"icon": {
				"type": "texture",
				"texture": "heroesuniverse:textures/icons/xraysicon.png"
			},
			"bar_color": "light_blue"
		},
		"uv_flight": {
		    "ability": "lucraftcore:flight",
			"speed": 5,
			"sprint_speed": 299792458,
			"conditions": [
			    {
				    "type": "lucraftcore:ability",
					"ability": "uv"
				}
			],
			"rotate_arms": false,
			"icon": {
				"type": "texture",
				"texture": "heroesuniverse:textures/icons/uvicon.png"
			},
			"bar_color": "purple"
		},
		"cosmic_rays_flight": {
		    "ability": "lucraftcore:flight",
			"speed": 5,
			"sprint_speed": 299792000,
			"conditions": [
			    {
				    "type": "lucraftcore:ability",
					"ability": "cosmic_rays"
				}
			],
			"rotate_arms": false,
			"icon": {
				"type": "texture",
				"texture": "heroesuniverse:textures/icons/cosmicraysicon.png"
			},
			"bar_color": "cyan"
		},
		"electricity_flight": {
		    "ability": "lucraftcore:flight",
			"speed": 5,
			"sprint_speed": 280000000,
			"conditions": [
			    {
				    "type": "lucraftcore:ability",
					"ability": "electricity"
				}
			],
			"rotate_arms": false,
			"icon": {
				"type": "texture",
				"texture": "heroesuniverse:textures/icons/electricityicon.png"
			},
			"bar_color": "blue"
		},
		"ir_flight": {
		    "ability": "lucraftcore:flight",
			"speed": 5,
			"sprint_speed": 299792458,
			"conditions": [
			    {
				    "type": "lucraftcore:ability",
					"ability": "ir"
				}
			],
			"rotate_arms": false,
			"icon": {
				"type": "texture",
				"texture": "heroesuniverse:textures/icons/iricon.png"
			},
			"bar_color": "red"
		},
		"radio_waves_flight": {
		    "ability": "lucraftcore:flight",
			"speed": 5,
			"sprint_speed": 299792458,
			"conditions": [
			    {
				    "type": "lucraftcore:ability",
					"ability": "radio_waves"
				}
			],
			"rotate_arms": false,
			"icon": {
				"type": "texture",
				"texture": "heroesuniverse:textures/icons/iricon.png"
			},
			"bar_color": "red"
		},
		"micro_waves_flight": {
		    "ability": "lucraftcore:flight",
			"speed": 5,
			"sprint_speed": 324,
			"conditions": [
			    {
				    "type": "lucraftcore:ability",
					"ability": "micro_waves"
				}
			],
			"rotate_arms": false,
			"icon": {
				"type": "texture",
				"texture": "heroesuniverse:textures/icons/iricon.png"
			},
			"bar_color": "red"
		},
		"visible_light_blast": {
			"ability": "lucraftcore:energy_blast",
			"bar_color": "yellow",
			"title": {
			    "text": "Visible Light Blast"
			},
			"icon": {
				"type": "texture",
				"texture": "heroesuniverse:textures/icons/lightblastsicon.png"
			},
			"damage": 10.0,
			"color": [255, 241, 175]
		},
		"neutrino_blast": {
			"ability": "lucraftcore:energy_blast",
			"bar_color": "yellow",
			"title": {
			    "text": "Neutrino Blast"
			},
			"icon": {
				"type": "texture",
				"texture": "heroesuniverse:textures/icons/lightblastsicon.png"
			},
			"damage": 10.0,
			"color": [255, 241, 175]
		},
		"gamma_rays_blast": {
			"ability": "lucraftcore:energy_blast",
			"bar_color": "lime",
			"title": {
			    "text": "Gamma Rays Blast"
			},
			"icon": {
				"type": "texture",
				"texture": "heroesuniverse:textures/icons/gammaraysblastsicon.png"
			},
			"damage": 10.0,
			"color": [149, 252, 142]
		},
		"x_rays_blast": {
			"ability": "lucraftcore:energy_blast",
			"bar_color": "light_blue",
			"title": {
			    "text": "X-Rays Blast"
			},
			"icon": {
				"type": "texture",
				"texture": "heroesuniverse:textures/icons/xraysblastsicon.png"
			},
			"damage": 10.0,
			"color": [153, 154, 253]
		},
		"uv_blast": {
			"ability": "lucraftcore:energy_blast",
			"bar_color": "purple",
			"title": {
			    "text": "Ultraviolet Blast"
			},
			"icon": {
				"type": "texture",
				"texture": "heroesuniverse:textures/icons/uvblastsicon.png"
			},
			"damage": 10.0,
			"color": [220, 153, 253]
		},
		"cosmic_rays_blast": {
			"ability": "lucraftcore:energy_blast",
			"bar_color": "cyan",
			"title": {
			    "text": "Cosmic Rays Blast"
			},
			"icon": {
				"type": "texture",
				"texture": "heroesuniverse:textures/icons/cosmicraysblastsicon.png"
			},
			"damage": 10.0,
			"color": [153, 229, 253]
		},
		"electricity_blast": {
			"ability": "lucraftcore:energy_blast",
			"bar_color": "blue",
			"title": {
			    "text": "Electricity Blast"
			},
			"icon": {
				"type": "texture",
				"texture": "heroesuniverse:textures/icons/electricityblastsicon.png"
			},
			"damage": 10.0,
			"color": [125, 129, 255]
		},
		"ir_blast": {
			"ability": "lucraftcore:energy_blast",
			"bar_color": "red",
			"title": {
			    "text": "Infrared Blast"
			},
			"icon": {
				"type": "texture",
				"texture": "heroesuniverse:textures/icons/irblastsicon.png"
			},
			"damage": 10.0,
			"color": [255, 125, 125]
		},
		"radio_waves_blast": {
			"ability": "lucraftcore:energy_blast",
			"bar_color": "red",
			"title": {
			    "text": "Radio Waves Blast"
			},
			"icon": {
				"type": "texture",
				"texture": "heroesuniverse:textures/icons/irblastsicon.png"
			},
			"damage": 10.0,
			"color": [255, 125, 125]
		},
		"micro_waves_blast": {
			"ability": "lucraftcore:energy_blast",
			"bar_color": "red",
			"title": {
			    "text": "Micro Waves Blast"
			},
			"icon": {
				"type": "texture",
				"texture": "heroesuniverse:textures/icons/irblastsicon.png"
			},
			"damage": 10.0,
			"color": [255, 125, 125]
		},
		"visible_light_1": {
		    "ability": "lucraftcore:fire_resistance",
			"conditions": [
			    {
				    "type": "lucraftcore:ability",
					"ability": "visible_light"
				}
			]
		},
		"visible_light_2": {
		    "ability": "lucraftcore:water_breathing",
			"conditions": [
			    {
				    "type": "lucraftcore:ability",
					"ability": "visible_light"
				}
			]
		},
		"visible_light_3": {
		    "ability": "lucraftcore:tough_lungs",
			"conditions": [
			    {
				    "type": "lucraftcore:ability",
					"ability": "visible_light"
				}
			]
		},
		"neutrino_1": {
		    "ability": "lucraftcore:fire_resistance",
			"conditions": [
			    {
				    "type": "lucraftcore:ability",
					"ability": "neutrino"
				}
			]
		},
		"neutrino_2": {
		    "ability": "lucraftcore:water_breathing",
			"conditions": [
			    {
				    "type": "lucraftcore:ability",
					"ability": "neutrino"
				}
			]
		},
		"neutrino_3": {
		    "ability": "lucraftcore:tough_lungs",
			"conditions": [
			    {
				    "type": "lucraftcore:ability",
					"ability": "neutrino"
				}
			]
		},
		"gamma_rays_1": {
		    "ability": "lucraftcore:fire_resistance",
			"conditions": [
			    {
				    "type": "lucraftcore:ability",
					"ability": "gamma_rays"
				}
			]
		},
		"gamma_rays_2": {
		    "ability": "lucraftcore:water_breathing",
			"conditions": [
			    {
				    "type": "lucraftcore:ability",
					"ability": "gamma_rays"
				}
			]
		},
		"gamma_rays_3": {
		    "ability": "lucraftcore:tough_lungs",
			"conditions": [
			    {
				    "type": "lucraftcore:ability",
					"ability": "gamma_rays"
				}
			]
		},
		"x_rays_1": {
		    "ability": "lucraftcore:fire_resistance",
			"conditions": [
			    {
				    "type": "lucraftcore:ability",
					"ability": "x_rays"
				}
			]
		},
		"x_rays_2": {
		    "ability": "lucraftcore:water_breathing",
			"conditions": [
			    {
				    "type": "lucraftcore:ability",
					"ability": "x_rays"
				}
			]
		},
		"x_rays_3": {
		    "ability": "lucraftcore:tough_lungs",
			"conditions": [
			    {
				    "type": "lucraftcore:ability",
					"ability": "x_rays"
				}
			]
		},
		"uv_1": {
		    "ability": "lucraftcore:fire_resistance",
			"conditions": [
			    {
				    "type": "lucraftcore:ability",
					"ability": "uv"
				}
			]
		},
		"uv_2": {
		    "ability": "lucraftcore:water_breathing",
			"conditions": [
			    {
				    "type": "lucraftcore:ability",
					"ability": "uv"
				}
			]
		},
		"uv_3": {
		    "ability": "lucraftcore:tough_lungs",
			"conditions": [
			    {
				    "type": "lucraftcore:ability",
					"ability": "uv"
				}
			]
		},
		"cosmic_rays_1": {
		    "ability": "lucraftcore:fire_resistance",
			"conditions": [
			    {
				    "type": "lucraftcore:ability",
					"ability": "cosmic_rays"
				}
			]
		},
		"cosmic_rays_2": {
		    "ability": "lucraftcore:water_breathing",
			"conditions": [
			    {
				    "type": "lucraftcore:ability",
					"ability": "cosmic_rays"
				}
			]
		},
		"cosmic_rays_3": {
		    "ability": "lucraftcore:tough_lungs",
			"conditions": [
			    {
				    "type": "lucraftcore:ability",
					"ability": "cosmic_rays"
				}
			]
		},
		"electricity_1": {
		    "ability": "lucraftcore:fire_resistance",
			"conditions": [
			    {
				    "type": "lucraftcore:ability",
					"ability": "electricity"
				}
			]
		},
		"electricity_2": {
		    "ability": "lucraftcore:water_breathing",
			"conditions": [
			    {
				    "type": "lucraftcore:ability",
					"ability": "electricity"
				}
			]
		},
		"electricity_3": {
		    "ability": "lucraftcore:tough_lungs",
			"conditions": [
			    {
				    "type": "lucraftcore:ability",
					"ability": "electricity"
				}
			]
		},
		"ir_1": {
		    "ability": "lucraftcore:fire_resistance",
			"conditions": [
			    {
				    "type": "lucraftcore:ability",
					"ability": "ir"
				}
			]
		},
		"ir_2": {
		    "ability": "lucraftcore:water_breathing",
			"conditions": [
			    {
				    "type": "lucraftcore:ability",
					"ability": "ir"
				}
			]
		},
		"ir_3": {
		    "ability": "lucraftcore:tough_lungs",
			"conditions": [
			    {
				    "type": "lucraftcore:ability",
					"ability": "ir"
				}
			]
		},
		"radio_waves_1": {
		    "ability": "lucraftcore:fire_resistance",
			"conditions": [
			    {
				    "type": "lucraftcore:ability",
					"ability": "radio_waves"
				}
			]
		},
		"radio_waves_2": {
		    "ability": "lucraftcore:water_breathing",
			"conditions": [
			    {
				    "type": "lucraftcore:ability",
					"ability": "radio_waves"
				}
			]
		},
		"radio_waves_3": {
		    "ability": "lucraftcore:tough_lungs",
			"conditions": [
			    {
				    "type": "lucraftcore:ability",
					"ability": "radio_waves"
				}
			]
		},
		"micro_waves_1": {
		    "ability": "lucraftcore:fire_resistance",
			"conditions": [
			    {
				    "type": "lucraftcore:ability",
					"ability": "micro_waves"
				}
			]
		},
		"micro_waves_2": {
		    "ability": "lucraftcore:water_breathing",
			"conditions": [
			    {
				    "type": "lucraftcore:ability",
					"ability": "micro_waves"
				}
			]
		},
		"micro_waves_3": {
		    "ability": "lucraftcore:tough_lungs",
			"conditions": [
			    {
				    "type": "lucraftcore:ability",
					"ability": "micro_waves"
				}
			]
		}
	}
}