{
    "name" : {
	    "text": "Quirk: Engine"
	},
	
	"icon": {
	    "type": "texture",
		"texture": "heroesuniverse:textures/icons/noicon.png"
	},
	
	"max_level": 1,
	
	"capsule_color": 16777215,
	
	"abilities": {
	    "toggle_power": {
		    "ability": "lucraftcore:toggle_power",
			"title": {
			    "text": "Engine"
			}
		},
		"god_mode": {
		    "ability": "heroesexpansion:god_mode",
			"title": {
			    "text": "Recipoburst"
			},
			"cooldown": 100,
			"conditions": [
				{
					"type": "lucraftcore:ability",
					"ability": "toggle_power"
				}
			]
		},
		"sprint": {
		    "ability": "lucraftcore:sprint",
			"amount": 2,
			"operation": 0,
			"uuid": "07654cdd-c11b-4a6d-94c9-46f1cd0ee602",
			"conditions": [
				{
					"type": "lucraftcore:ability",
					"ability": "toggle_power"
				}
			]
		},
		"sprint_2": {
		    "ability": "lucraftcore:sprint",
			"amount": 3,
			"operation": 1,
			"uuid": "3d29f971-a84d-4717-81d0-3f4ce586b668",
			"conditions": [
				{
					"type": "lucraftcore:ability",
					"ability": "god_mode"
				}
			]
		}
	}
}