{
    "name" : {
	    "text": "Eternal Power"
	},
	
	"icon": {
	    "type": "texture",
		"texture": "heroesuniverse:textures/icons/overflowicon4.png"
	},
	
	"max_level": 1,
	
	"capsule_color": 16766976,
	
	"abilities": {
		"god_mode": {
		    "ability": "heroesexpansion:god_mode",
			"damage": 12,
			"icon": {
	            "type": "texture",
		        "texture": "heroesuniverse:textures/icons/overflowicon4.png"
	        },
			"title": {
			    "text": "Open Eye"
			},
			"bar_color": "yellow"
		},
		"toggle_power": {
		    "ability": "lucraftcore:toggle_power",
			"cooldown": 5000,
			"icon": {
	            "type": "texture",
		        "texture": "heroesuniverse:textures/icons/overflowicon4.png"
	        },
			"title": {
			    "text": "Rage Mode"
			},
			"bar_color": "yellow"
		},
		"flight": {
		    "ability": "lucraftcore:flight",
			"speed": 1.5,
			"rotate_arms": false,
			"conditions": [
				{
					"type": "lucraftcore:ability",
					"ability": "god_mode"
				}
			],
			"bar_color": "yellow"
		},
		"rage_flight": {
		    "ability": "lucraftcore:flight",
			"speed": 10,
			"title": {
			    "text": "Rage Turbo"
			},
			"rotate_arms": false,
			"conditions": [
				{
					"type": "lucraftcore:ability",
					"ability": "toggle_power"
				},
				{
					"type": "lucraftcore:ability",
					"ability": "god_mode"
				}
			],
			"bar_color": "yellow"
		},
		"jump_boost": {
	        "ability": "lucraftcore:jump_boost",
		    "amount": 4.0,
		    "operation": 0,
		    "uuid": "c95f7023-2cd0-49d2-bbb3-a5f07a177150",
			"conditions": [
				{
					"type": "lucraftcore:ability",
					"ability": "toggle_power"
				},
				{
					"type": "lucraftcore:ability",
					"ability": "god_mode"
				}
			]
		},
		"strength": {
	        "ability": "lucraftcore:strength",
		    "amount": 3.0,
		    "operation": 0,
		    "uuid": "421134d2-74f7-4a2b-8276-1dde988528e8",
			"conditions": [
				{
					"type": "lucraftcore:ability",
					"ability": "toggle_power"
				},
				{
					"type": "lucraftcore:ability",
					"ability": "god_mode"
				}
			]
		},
		"sprint": {
	        "ability": "lucraftcore:sprint",
		    "amount": 3.0,
		    "operation": 0,
		    "uuid": "46311e9b-f4a5-4ad1-b692-f3bb2dd6c84f",
			"conditions": [
				{
					"type": "lucraftcore:ability",
					"ability": "toggle_power"
				},
				{
					"type": "lucraftcore:ability",
					"ability": "god_mode"
				}
			]
		}
	},
	
	"effects": [
	    {
		    "type": "flickering",
			"color": [1, 1, 0],
			"use_suit_flicker": false,
			"conditions": [
			    {
				    "type": "ability_enabled",
					"ability": "heroesexpansion:god_mode"
				}
			]
		},
		{
		    "type": "trail",
			"trail_type": "electricity",
			"color": [1, 1, 0],
			"use_suit_trail": true,
			"conditions": [
			    {
				    "type": "ability_enabled",
					"ability": "heroesexpansion:god_mode"
				}
			]
		},
		{
		    "type": "trail",
			"trail_type": "lightnings",
			"color": [1, 1, 0],
			"use_suit_trail": true,
			"conditions": [
			    {
				    "type": "ability_enabled",
					"ability": "heroesexpansion:god_mode"
				}
			]
		},
		{
		    "type": "glowing_hand",
			"color": [1, 1, 0],
			"size": 1.25,
			"conditions": [
			    {
				    "type": "ability_enabled",
					"ability": "heroesexpansion:god_mode"
				}
			]
		},
		{
		    "type": "skin_overlay",
			            "texture": "heroesuniverse:textures/models/scars/scar6/scar_closed6.png",
			"size": 0,
			"conditions":[
			    {  
				    "type": "not",
				    "conditions": [
					    {
					        "type": "ability_enabled",
						    "ability": "heroesexpansion:god_mode"
						}
					]
				}
			]
		},
		{
		    "type": "skin_overlay",
			            "texture": "heroesuniverse:textures/models/scars/scar6/scar_closed6_ragemode.png",
			"size": 0,
			"conditions":[
			    {  
				    "type": "not",
				    "conditions": [
					    {
					        "type": "ability_enabled",
						    "ability": "heroesexpansion:god_mode"
						}
					]
				},
				{
				    "type": "ability_enabled",
					"ability": "lucraftcore:toggle_power"
				}
			]
		},
		{
		    "type": "skin_overlay",
			            "texture": "heroesuniverse:textures/models/scars/scar6/scar_open6.png",
			"size": 0,
			"conditions":[
			    {
					"type": "ability_enabled",
				    "ability": "heroesexpansion:god_mode"
				}
			]
		},
		{
		    "type": "skin_overlay",
			            "texture": "heroesuniverse:textures/models/scars/scar6/scar_open6_ragemode.png",
			"size": 0,
			"conditions": [
			    {
				    "type": "ability_enabled",
					"ability": "lucraftcore:jump_boost"
				}
			]
	    }
	]
}