{
    "name" : {
	    "text": "Soul Loss, Exolon Plasmids"
	},
	
	"icon": {
	    "type": "texture",
		"texture": "heroesuniverse:textures/icons/overflowicon5.png"
	},
	
	"max_level": 1,
	
	"capsule_color": 16711680,
	
	"abilities": {
		"strength": {
	        "ability": "lucraftcore:strength",
		    "amount": 3.0,
		    "operation": 0,
		    "uuid": "421134d2-74f7-4a2b-8276-1dde988528e8"
		},
		"healing": {
	        "ability": "lucraftcore:healing",
			"frequency": 20
		    "amount": 3.0
		}
	},
	
	"effects": [
		{
		    "type": "skin_change",
			"texture": "heroesuniverse:textures/models/exolonmodel.png",
			"conditions":[
			    {  
				    "type": "always"
				}
			]
		}
	]
}