{
    "name" : {
	    "text": "Quirk: Explosion"
	},
	
	"icon": {
	    "type": "texture",
		"texture": "heroesuniverse:textures/icons/noicon.png"
	},
	
	"max_level": 1,
	
	"capsule_color": 16743680,
	
	"abilities": {
	    "concussive_blast": {
		    "ability": "star-tech:concussive_blast",
			"title": {
			    "text": "Explosion"
			},
			"cooldown": 20
		},
		"energy_blast": {
			"ability": "lucraftcore:energy_blast",
			"damage": 5,
			"cooldown": 70,
			"color": [255, 125, 100],
			"title": {
			    "text": "AP Shot"
			}
		},
		"flight": {
		    "ability": "lucraftcore:flight",
			"rotate_arms": false,
			"speed": 1,
			"sprint_speed": 3,
			"title": {
			    "text": "Explosion Flight"
			}
		}
	},
	
	"effects": [
		{
		    "type": "glowing_hand",
			"color": [1, 0.5, 0.4],
			"size": 1.25,
			"conditions": [
			    {
				    "type": "ability_enabled",
					"ability": "star-tech:concussive_blast"
				}
			]
		},
		{
		    "type": "glowing_hand",
			"color": [1, 0.5, 0.4],
			"size": 1.25,
			"conditions": [
			    {
				    "type": "ability_enabled",
					"ability": "lucraftcore:flight"
				}
			]
		}
	]
}