{
	//code disabler incoming
	[{code disabler{,}]
    "name" : {
	    "text": "Fusion"
	},
	
	"icon": {
	    "type": "texture",
		"texture": "heroesuniverse:textures/icons/overflowicon5.png"
	},
	
	"max_level": 1,
	
	"capsule_color": 16711680,
	
	"abilities": {
		"command_toggle": {
	        "ability": "lucraftcore:command_toggle",
			"title": {
			    "text": "Fusion Stance"
			},
			"commands": [
				"execute @e[r=2,tag=!fusionstance] ~ ~ ~ /scoreboard players tag @s add fusion2",
				"scoreboard players tag @s add fusionstance",
				"execute @e[r=2,tag=fusion2] ~ ~ ~ /scoreboard players tag @p[r=2,tag=fusionstance] add fusion1"
			]
		},
		"command_loop": {
	        "ability": "lucraftcore:command_loop",
			"title": {
			    "text": "Fusion Traits"
			},
			"commands": [
				"execute @e[tag=fusion2,r=4] ~ ~ ~ /tp @s @p[tag=fusion1]",
				"execute @e[tag=fusion2,r=4] ~ ~ ~ /tp @s ~ ~2 ~",
				"effect @e[tag=fusion2] minecraft:invisibility 1 1",
				"execute @p[tag=fusionstance] ~ ~ ~ /scoreboard players tag @s remove fusion2",
				"effect @p[tag=fusion1] minecraft:glowing 1 1",
				"effect @p[tag=fusion1] minecraft:speed 1 10",
				"effect @p[tag=fusion1] minecraft:jump_boost 1 10",
				"effect @p[tag=fusion1] minecraft:haste 1 10",
				"effect @p[tag=fusion1] minecraft:strenght 1 10",
				"effect @p[tag=fusion1] minecraft:regeneration 1 10",
				"effect @p[tag=fusion1] minecraft:resistance 1 10",
				"effect @p[tag=fusion1] minecraft:invisibility 1 1",
				"effect @p[tag=fusion2] minecraft:resistance 1 255",
				"effect @p[tag=fusion2] minecraft:levitation 1 255",
				"effect @p[tag=fusion2] minecraft:regeneration 1 255",
				"effect @p[tag=fusion2] minecraft:instant_health 1 255",
				"execute @s[tag=fusion1] ~ ~ ~ /particle endRod ~ ~1.2 ~ 0.007 0.007 0.007 0.00000001 100 force @a",
				"execute @s[tag=fusion1] ~ ~ ~ /particle endRod ~1 ~1.2 ~ 0.007 0.007 0.007 0.00000001 100 force @a",
				"execute @s[tag=fusion1] ~ ~ ~ /particle endRod ~1 ~1.2 ~0.1 0.007 0.007 0.007 0.00000001 100 force @a",
				"execute @s[tag=fusion1] ~ ~ ~ /particle endRod ~1 ~1.2 ~-0.1 0.007 0.007 0.007 0.00000001 100 force @a",
				"execute @s[tag=fusion1] ~ ~ ~ /particle endRod ~-1 ~1.2 ~-0.1 0.007 0.007 0.007 0.00000001 100 force @a",
				"execute @s[tag=fusion1] ~ ~ ~ /particle endRod ~-1 ~1.2 ~0.1 0.007 0.007 0.007 0.00000001 100 force @a",
				"execute @s[tag=fusion1] ~ ~ ~ /particle endRod ~0.1 ~1.2 ~1 0.007 0.007 0.007 0.00000001 100 force @a",
				"execute @s[tag=fusion1] ~ ~ ~ /particle endRod ~-0.1 ~1.2 ~1 0.007 0.007 0.007 0.00000001 100 force @a",
				"execute @s[tag=fusion1] ~ ~ ~ /particle endRod ~0.1 ~1.2 ~-1 0.007 0.007 0.007 0.00000001 100 force @a",
				"execute @s[tag=fusion1] ~ ~ ~ /particle endRod ~-0.1 ~1.2 ~-1 0.007 0.007 0.007 0.00000001 100 force @a",
				"gamerule commandBlockOutput false"
			]
		},
		"command": {
			"ability": "lucraftcore:command",
			"title": {
			    "text": "Unfuse"
			},
			"commands": [
				"execute @e[tag=fusion2,r=3] ~ ~ ~ /scoreboard players tag @s remove fusion2",
				"execute @p[tag=fusion1] ~ ~ ~ /scoreboard players tag @s remove fusion1"
			]
		}
	}
}