{
    "name" : {
	    "text": "Menos Grande - Gillian"
	},
	
	"icon": {
	    "type": "texture",
		"texture": "heroesuniverse:textures/icons/bl/hollows/skins/hollowpurple.png"
	},
	
	"max_level": 1,
	
	"capsule_color": 13003490,
	
	"abilities": {
		"command_loop": {
		    "ability": "lucraftcore:command_loop",
			"commands": 
			    [
				    "sizechange @s 10"
				]
		}
	},
	
	"effects": [
	    {
		    "type": "skin_overlay",
						"texture": "heroesuniverse:textures/models/bleach/hollows/mask/menos/gillian/1.png",
			"size": 0.02,
			"conditions": [
			    {
				    "type": "always"
				}
			]
		},
		{
		    "type": "skin_overlay",
						"texture": "heroesuniverse:textures/models/bleach/hollows/mask/menos/gillian/2.png",
			"size": 0.01,
			"conditions": [
			    {
				    "type": "always"
				}
			]
		},
		{
		    "type": "skin_overlay",
						"texture": "heroesuniverse:textures/models/bleach/hollows/mask/menos/gillian/3.png",
			"size": 0,
			"conditions": [
			    {
				    "type": "always"
				}
			]
		},
		{
		    "type": "skin_overlay",
						"texture": "heroesuniverse:textures/models/bleach/hollows/hole/chest.png",
			"size": 0,
			"conditions": [
			    {
				    "type": "always"
				}
			]
		},
		{
		    "type": "skin_change",
			"texture": "heroesuniverse:textures/models/bleach/hollows/skin/menos/gillian.png",
			"conditions": [
			    {
				    "type": "always"
				}
			]
		}
	]
}