{
    "name" : {
	    "text": "Quirk: Half-Cold Half-Hot"
	},
	
	"icon": {
	    "type": "texture",
		"texture": "heroesuniverse:textures/icons/hchh.png"
	},
	
	"max_level": 1,
	
	"capsule_color": 16777215,
	
	"abilities": {
	    "toggle_power": {
			"ability": "lucraftcore:toggle_power",
			"title": {
			    "text": "Quirk: Freeze"
			},
			"icon": {
				"type": "texture",
				"texture": "heroesuniverse:textures/gui/hc.png"
			},
			"bar_color": "cyan"
		},
		"fire_punch": {
			"ability": "lucraftcore:fire_punch",
			"icon": {
				"type": "texture",
				"texture": "heroesuniverse:textures/gui/hh_.png"
			},
			"title": {
			    "text": "Quirk: Fire"
		    },
			"bar_color": "orange"
		},
		"god_mode": {
		    "ability": "heroesexpansion:god_mode",
			"icon": {
	            "type": "texture",
		        "texture": "heroesuniverse:textures/gui/hh.png"
	        },
			"title": {
			    "text": "Quirk: Fire (Stage 2)"
		    },
			"conditions": [
				{
					"type": "lucraftcore:ability",
					"ability": "fire_punch"
				}
			],
			"bar_color": "orange"
		},
		"resistance": {
		    "ability": "lucraftcore:resistance",
			"amount": 5.0,
			"operation": 0,
			"uuid": "e07cddc6-afd2-4b7f-8bd2-0b7bf45985e7",
			"conditions": [
				{
					"type": "lucraftcore:ability",
					"ability": "toggle_power"
				}
			]
		},
		"knockback_resistance": {
		    "ability": "lucraftcore:knockback_resistance",
			"amount": 5.0,
			"operation": 0,
			"uuid": "03dcc7c5-0548-4f5d-9054-f3d3c9146f4e",
			"conditions": [
				{
					"type": "lucraftcore:ability",
					"ability": "toggle_power"
				}
			]
		},
		"sprint": {
		    "ability": "lucraftcore:sprint",
			"amount": -1,
			"operation": 0,
			"uuid": "dbb8f9a9-591b-410e-90c1-6990983d7fe3",
			"conditions": [
				{
					"type": "lucraftcore:ability",
					"ability": "toggle_power"
				}
			]
		}
	},
	
	"effects": [
	    {
		    "type": "skin_overlay",
			            "texture": "heroesuniverse:textures/models/halfhotfire.png",
			"size": 0.1,
			"conditions": [
			    {
				    "type": "ability_enabled",
					"ability": "lucraftcore:fire_punch"
				}
			]
	    },
	    {
		    "type": "skin_overlay",
			            "texture": "heroesuniverse:textures/models/halfhotside.png",
			"size": 0.1,
			"conditions": [
			    {
				    "type": "ability_enabled",
					"ability": "heroesexpansion:god_mode"
				}
			]
	    },
		{
		    "type": "skin_overlay",
			            "texture": "heroesuniverse:textures/models/hchhhair.png",
			"size": 0,
			"conditions": [
			    {
				    "type": "always"
				}
			]
	    },
		{
		    "type": "skin_overlay",
			            "texture": "heroesuniverse:textures/models/halfcoldside.png",
			"size": 0,
			"conditions": [
			    {
				    "type": "ability_enabled",
					"ability": "lucraftcore:toggle_power"
				}
			]
	    }
	]
}