{
    "name" : {
	    "text": "Quirk: Hardening"
	},
	
	"icon": {
	    "type": "texture",
		"texture": "heroesuniverse:textures/icons/noicon.png"
	},
	
	"max_level": 1,
	
	"capsule_color": 16767109,
	
	"abilities": {
	    "toggle_power": {
		    "ability": "lucraftcore:toggle_power",
			"title": {
			    "text": "Harden"
			}
		},
		"resistance": {
		    "ability": "lucraftcore:resistance",
			"amount": 200000000,
			"operation": 0,
			"uuid": "07654cdd-c11b-4a6d-94c9-46f1cd0ee602",
			"conditions": [
				{
					"type": "lucraftcore:ability",
					"ability": "toggle_power"
				}
			]
		},
		"knockback_resistance": {
		    "ability": "lucraftcore:knockback_resistance",
			"amount": 200000000,
			"operation": 0,
			"uuid": "3d29f971-a84d-4717-81d0-3f4ce586b668",
			"conditions": [
				{
					"type": "lucraftcore:ability",
					"ability": "toggle_power"
				}
			]
		},
		"fire_resistance": {
		    "ability": "lucraftcore:fire_resistance",
			"conditions": [
				{
					"type": "lucraftcore:ability",
					"ability": "toggle_power"
				}
			]
		}
	}
}