{
    "name" : {
	    "text": "Hollow"
	},
	
	"icon": {
	    "type": "texture",
		"texture": "heroesuniverse:textures/icons/bl/hollows/skins/hollowgreen.png"
	},
	
	"max_level": 1,
	
	"capsule_color": 9287488,
	
	"abilities": {
		"command_loop": {
		    "ability": "lucraftcore:command_loop",
			"commands": 
			    [
				    "sizechange @s 3"
				]
		}
	},
	
	"effects": [
	    {
		    "type": "skin_overlay",
						"texture": "heroesuniverse:textures/models/bleach/hollows/mask/standard/1.png",
			"size": 0,
			"conditions": [
			    {
				    "type": "always"
				}
			]
		},
		{
		    "type": "skin_overlay",
						"texture": "heroesuniverse:textures/models/bleach/hollows/mask/standard/1.png",
			"size": 0.49,
			"conditions": [
			    {
				    "type": "always"
				}
			]
		},
		{
		    "type": "skin_overlay",
						"texture": "heroesuniverse:textures/models/bleach/hollows/mask/standard/2.png",
			"size": 0.5,
			"conditions": [
			    {
				    "type": "always"
				}
			]
		},
		{
		    "type": "skin_overlay",
						"texture": "heroesuniverse:textures/models/bleach/hollows/hole/chest.png",
			"size": 0,
			"conditions": [
			    {
				    "type": "always"
				}
			]
		},
		{
		    "type": "skin_change",
			"texture": "heroesuniverse:textures/models/bleach/hollows/skin/green.png",
			"conditions": [
			    {
				    "type": "always"
				}
			]
		}
	]
}