{
    "name" : {
	    "text": "Gamma Radiation"
	},
	
	"icon": {
	    "type": "texture",
		"texture": "heroesuniverse:textures/icons/hulkicon.png"
	},
	
	"max_level": 1,
	
	"capsule_color": 3568432,
	
	"abilities": [
		{
		    "ability": "lucraftcore:size_change",
			"size": 1.75,
			"bar_color": "green"
		}
	],
	
	"effects": [
		{
		    "type": "skin_change",
			            "texture": "heroesuniverse:textures/models/blank.png",
			"size": 0,
			"conditions": [
			    {
				    "type": "ability_enabled",
					"ability": "lucraftcore:size_change"
				}
			]
		},
		{
		    "type": "skin_overlay",
			            "texture": "heroesuniverse:textures/models/hulkmodel.png",
			"size": 0.3,
			"conditions": [
			    {
				    "type": "ability_enabled",
					"ability": "lucraftcore:size_change"
				}
			]
		}
	]
}