{
    "name" : {
	    "text": "Power of the Iron Fist"
	},
	
	"icon": {
	    "type": "texture",
		"texture": "heroesuniverse:textures/icons/ificon.png"
	},
	
	"max_level": 1,
	
	"capsule_color": 16776960,
	
	"abilities": [
		{
		    "ability": "heroesexpansion:energy_absorption",
			"max_energy": 1000000,
			"title": {
			    "text": "Activate Power"
			},
			"bar_color": "yellow"
		}
	],
	
	"effects": [
		{
		    "type": "glowing_hand",
			"color": [1, 1, 0],
			"size": 1.25,
			"conditions": [
			    {
				    "type": "ability_enabled",
					"ability": "heroesexpansion:energy_absorption"
				}
			]
		}
	]
}