{
    "name" : {
	    "text": "Living Torch"
	},
	
	"icon": {
	    "type": "texture",
		"texture": "heroesuniverse:textures/icons/torchicon.png"
	},
	
	"max_level": 1,
	
	"capsule_color" : 16736000,
	
	"abilities": {
		"fire_punch": {
		    "ability": "lucraftcore:fire_punch",
			"icon": {
	            "type": "texture",
		        "texture": "heroesuniverse:textures/icons/torchicon.png"
	        }
		},
		"flight": {
		    "ability": "lucraftcore:flight",
			"speed": 0.7,
			"sprint_speed": 2,
			"rotate_arms": false,
			"conditions": [
				{
					"type": "lucraftcore:ability",
					"ability": "fire_punch"
				}
			]
		}
	},
	
	"effects": [
	    {
		    "type": "glow",
			"color": [1, 0.4, 0],
			"size": 0.2,
			"conditions": [
			    {
				    "type": "ability_enabled",
					"ability": "lucraftcore:fire_punch"
				}
			]
		}
	]
}