{
    "name" : {
	    "text": "Magic"
	},
	
	"icon": {
	    "type": "texture",
		"texture": "heroesuniverse:textures/icons/magicicon.png"
	},
	
	"max_level": 1,
	
	"capsule_color": 16738304,
	
	"abilities": {
		"god_mode": {
		    "ability": "heroesexpansion:god_mode",
			"title": {
			    "text": "Mandalas of Light"
			},
			"cooldown": 1000,
			"icon": {
	            "type": "texture",
		        "texture": "heroesuniverse:textures/icons/runecircle_.png"
	        },
			"damage": 5
		},
		"toggle_power": {
			"ability": "lucraftcore:toggle_power",
			"title": {
			    "text": "Magic Damage Barrier"
			},
			"cooldown": 500,
			"icon": {
				"type": "texture",
				"texture": "heroesuniverse:textures/gui/circles/runecircle.png"
			}
		},
		"knockback_resistance": {
		    "ability": "lucraftcore:knockback_resistance",
			"amount": 20.0,
			"operation": 0,
			"uuid": "33b87c41-c110-4fc1-a0aa-8e4e76e40fe0",
			"conditions": [
				{
					"type": "lucraftcore:ability",
					"ability": "toggle_power"
				}
			]
		},
		"resistance": {
		    "ability": "lucraftcore:resistance",
			"amount": 20.0,
			"operation": 0,
			"uuid": "8b250726-b718-496a-80f9-143a3c00a2da",
			"conditions": [
				{
					"type": "lucraftcore:ability",
					"ability": "toggle_power"
				}
			]
		}
	},
	
	"effects": [
	    {
		    "type": "skin_overlay",
			            "texture": "heroesuniverse:textures/models/magiccircle.png",
			"size": 3,
			"conditions": [
			    {
				    "type": "ability_enabled",
					"ability": "heroesexpansion:god_mode"
				}
			]
	    },
		{
		    "type": "skin_overlay",
			            "texture": "heroesuniverse:textures/models/magiccirclebarrier.png",
			"size": 20,
			"conditions": [
			    {
				    "type": "ability_enabled",
					"ability": "lucraftcore:toggle_power"
				}
			]
	    }
	]
}