{
    "name" : {
	    "text": "One-Shot Sniper"
	},
	
	"icon": {
	    "type": "texture",
		"texture": "heroesuniverse:textures/icons/overflowicon5.png"
	},
	
	"max_level": 1,
	
	"capsule_color": 16776960,
	
	"abilities": {
		"energy_blast": {
		    "ability": "lucraftcore:energy_blast",
			"damage": 152427.0,
			"color": [255, 0, 255],
			"cooldown": 2000,
			"icon": {
	            "type": "texture",
		        "texture": "heroesuniverse:textures/icons/solar_flare.png"
	        },
			"title": {
			    "text": "One-Shotter"
			},
			"bar_color": "purple"
		}
	}
}