{
    "name" : {
	    "text": "Quirk: One for All - Toshinori Yagi"
	},
	
	"icon": {
	    "type": "texture",
		"texture": "heroesuniverse:textures/icons/oneforallicon.png"
	},
	
	"max_level": 1,
	
	"capsule_color": 16766208,
	
	"abilities": {
	    "god_mode": {
		    "ability": "heroesexpansion:god_mode",
			"title": {
			    "text": "Detroit Smash (One for All: 100%)"
			},
			"cooldown": 200,
			"icon": {
	            "type": "texture",
		        "texture": "heroesuniverse:textures/gui/detroitsmash.png"
	        },
			"damage": 20,
			"bar_color": "yellow"
		},
	    "size_change": {
			"ability": "lucraftcore:size_change",
			"title": {
			    "text": "Buffed Mode"
			},
			"cooldown": 10000,
			"size": 1.5,
			"icon": {
				"type": "texture",
				"texture": "heroesuniverse:textures/icons/oneforallicon.png"
			},
			"bar_color": "yellow"
		},
		"potion_punch": {
			"ability": "lucraftcore:potion_punch",
			"potion": "minecraft:nausea",
			"amplifier": 2,
			"duration": 400,
			"cooldown": 2,
			"icon": {
				"type": "texture",
				"texture": "heroesuniverse:textures/gui/plusultra.png"
			},
			"title": {
			    "text": "United States of Smash (One for All: 1.000.000%)"
		    },
			"conditions": [
				{
					"type": "lucraftcore:ability",
					"ability": "size_change"
				}
			],
			"bar_color": "yellow"
		},
		"healing": {
		    "ability": "lucraftcore:healing",
			"frequency": 64,
			"amount": 4,
			"conditions": [
				{
					"type": "lucraftcore:ability",
					"ability": "size_change"
				}
			]
		},
		"health": {
		    "ability": "lucraftcore:health",
			"amount": 40.0,
			"operation": 0,
			"uuid": "ae17092d-ec06-4c02-b6a2-218e82ac9f3a",
			"conditions": [
				{
					"type": "lucraftcore:ability",
					"ability": "size_change"
				}
			]
		},
		"knockback_resistance": {
		    "ability": "lucraftcore:knockback_resistance",
			"amount": 40.0,
			"operation": 0,
			"uuid": "44630a31-2551-43ca-9165-2f3bae0359e3",
			"conditions": [
				{
					"type": "lucraftcore:ability",
					"ability": "size_change"
				}
			]
		},
		"strength": {
		    "ability": "lucraftcore:strength",
			"amount": 5.0,
			"operation": 0,
			"uuid": "6f89e3be-28a8-4d73-ad25-0b1105d1d444",
			"conditions": [
				{
					"type": "lucraftcore:ability",
					"ability": "size_change"
				}
			]
		},
		"punch": {
		    "ability": "lucraftcore:punch",
			"amount": 2000.0,
			"operation": 0,
			"uuid": "fab34576-5853-4d01-a62d-20d07be674de",
			"conditions": [
				{
					"type": "lucraftcore:ability",
					"ability": "potion_punch"
				}
			]
		},
		"sprint": {
		    "ability": "lucraftcore:sprint",
		    "amount": 5.0,
			"operation": 0,
			"uuid": "69164819-9497-449b-afab-200792910048",
			"conditions": [
				{
					"type": "lucraftcore:ability",
					"ability": "size_change"
				}
			]
		},
		"jump_boost": {
		    "ability": "lucraftcore:jump_boost",
			"amount": 6.0,
			"operation": 0,
			"uuid": "072d6e12-6334-4bff-93db-5052f275761d",
			"conditions": [
				{
					"type": "lucraftcore:ability",
					"ability": "size_change"
				}
			]
		}
	},
	
	"effects": [
		{
		    "type": "skin_overlay",
			"size": 0.2,
			"texture": "heroesuniverse:textures/models/buffedoneforallmodel1.png",
			"conditions": [
			    {
				    "type": "ability_enabled",
					"ability": "lucraftcore:size_change"
				}
			]
	    }
	]
}