{
    "name" : {
	    "text": "Quirk: One for All - Midoriya Izuku"
	},
	
	"icon": {
	    "type": "texture",
		"texture": "heroesuniverse:textures/icons/oneforallicon.png"
	},
	
	"max_level": 1,
	
	"capsule_color": 16766208,
	
	"abilities": {
	    "god_mode": {
		    "ability": "heroesexpansion:god_mode",
			"title": {
			    "text": "Detroit Smash (One for All: 100%)"
			},
			"cooldown": 200,
			"icon": {
	            "type": "texture",
		        "texture": "heroesuniverse:textures/gui/detroitsmash.png"
	        },
			"damage": 10,
			"bar_color": "yellow"
		},
		"energy_absorption": {
		    "ability": "heroesexpansion:energy_absorption",
		    "max_energy": 100,
			"max_damage": 20,
			"cooldown": 1000,
			"icon": {
	            "type": "texture",
		        "texture": "heroesuniverse:textures/gui/fullcowl.png"
	        },
			"title": {
			    "text": "Full Cowl (One for All: 8%)"
		    },
			"bar_color": "yellow"
		},
		"potion_punch": {
			"ability": "lucraftcore:potion_punch",
			"potion": "minecraft:nausea",
			"amplifier": 2,
			"duration": 1000,
			"cooldown": 2000,
			"icon": {
				"type": "texture",
				"texture": "heroesuniverse:textures/gui/plusultra.png"
			},
			"title": {
			    "text": "Detroit-Delaware Smash (One for All: 1.000.000%)"
		    },
			"conditions": [
				{
					"type": "lucraftcore:ability",
					"ability": "energy_absorption"
				}
			],
			"bar_color": "yellow"
		},
		"health": {
		    "ability": "lucraftcore:health",
			"amount": 20.0,
			"operation": 0,
			"uuid": "ae17092d-ec06-4c02-b6a2-218e82ac9f3a",
			"conditions": [
				{
					"type": "lucraftcore:ability",
					"ability": "energy_absorption"
				}
			]
		},
		"knockback_resistance": {
		    "ability": "lucraftcore:knockback_resistance",
			"amount": 20.0,
			"operation": 0,
			"uuid": "44630a31-2551-43ca-9165-2f3bae0359e3",
			"conditions": [
				{
					"type": "lucraftcore:ability",
					"ability": "energy_absorption"
				}
			]
		},
		"strength": {
		    "ability": "lucraftcore:strength",
			"amount": 5.0,
			"operation": 0,
			"uuid": "6f89e3be-28a8-4d73-ad25-0b1105d1d444",
			"conditions": [
				{
					"type": "lucraftcore:ability",
					"ability": "energy_absorption"
				}
			]
		},
		"punch": {
		    "ability": "lucraftcore:punch",
			"amount": 2000.0,
			"operation": 0,
			"uuid": "fab34576-5853-4d01-a62d-20d07be674de",
			"conditions": [
				{
					"type": "lucraftcore:ability",
					"ability": "potion_punch"
				}
			]
		},
		"sprint": {
		    "ability": "lucraftcore:sprint",
		    "amount": 3.0,
			"operation": 0,
			"uuid": "69164819-9497-449b-afab-200792910048",
			"conditions": [
				{
					"type": "lucraftcore:ability",
					"ability": "energy_absorption"
				}
			]
		},
		"jump_boost": {
		    "ability": "lucraftcore:jump_boost",
			"amount": 4.0,
			"operation": 0,
			"uuid": "072d6e12-6334-4bff-93db-5052f275761d",
			"conditions": [
				{
					"type": "lucraftcore:ability",
					"ability": "energy_absorption"
				}
			]
		}
	},
	
	"effects": [
	    {
		    "type": "skin_overlay",
			            "texture": "heroesuniverse:textures/models/detroitsmashmodel.png",
			"size": 0,
			"conditions": [
			    {
				    "type": "ability_enabled",
					"ability": "heroesexpansion:god_mode"
				}
			]
	    },
		{
		    "type": "flickering",
			"color": [0, 1, 0.4],
			"use_suit_flicker": false,
			"conditions": [
			    {
				    "type": "ability_enabled",
					"ability": "heroesexpansion:god_mode"
				}
			]
		},
		{
		    "type": "flickering",
			"color": [0, 1, 0.4],
			"use_suit_flicker": false,
			"conditions": [
			    {
				    "type": "ability_enabled",
					"ability": "heroesexpansion:energy_absorption"
				}
			]
		},
		{
		    "type": "skin_overlay",
			"size": 0,
			"texture": "heroesuniverse:textures/models/fullcowl2model1.png",
			"conditions": [
			    {
				    "type": "ability_enabled",
					"ability": "lucraftcore:potion_punch"
				}
			]
	    }
	]
}