{
    "name" : {
	    "text": "Quantum Decay"
	},
	
	"icon": {
	    "type": "texture",
		"texture": "heroesuniverse:textures/icons/quantumdecayicon.png"
	},
	
	"max_level": 1,
	
	"capsule_color": 16777215,
	
	"abilities": [
	    {
		    "ability": "speedsterheroes:phasing",
			"cooldown": 100,
			"bar_color": "white"
			}
	],
	
	"effects": [
	    {
		    "type": "vibrating",
			"conditions": [
			    {
				    "type": "always"
				}
			]
		},
		{
		    "type": "trail",
			"trail_type": "normal",
			"use_suit_trail": false,
			"color": [1, 1, 1],
			"conditions": [
			    {
				    "type": "moving"
				}
			]
		}
	]
}