{
    "name" : {
	    "text": "Hydrogen Radiation Serum"
	},
	
	"icon": {
	    "type": "texture",
		"texture": "heroesuniverse:textures/icons/radicon.png"
	},
	
	"max_level": 4,
	
	"capsule_color": 2883656,
	
	"abilities": {
	    "super_speed": {
		    "ability": "speedsterheroes:super_speed",
			"base_speed_levels": 0,
			"gives_xp": true,
			"title": {
			    "text": "Use Radiation"
			},
			"icon": {
	            "type": "texture",
		        "texture": "heroesuniverse:textures/icons/radicon.png"
	        },
			"bar_color": "purple"
		},
		"strength": {
			"ability": "lucraftcore:strength",
			"amount": 5.0,
			"operation": 0,
			"uuid": "8a6915e7-6e33-49f2-87e7-036d9d3ee7f3",
			"conditions": [
				{
					"type": "lucraftcore:ability",
					"ability": "super_speed"
				}
			]
		},
		"potion_immunity": {
		    "ability": "the-fifth-world:potion_immunity",
			"required_level": 1,
			"potion": "minecraft:saturation",
			"title": {
			    "text": "Radiation State 1"
			}
		},
		"precision": {
		    "ability": "heroesexpansion:precision",
			"required_level": 2,
			"title": {
			    "text": "Radiation State 2"
			}
		},
		"make_hostile": {
		    "ability": "the-fifth-world:make_hostile",
			"required_level": 3,
			"title": {
			    "text": "Radiation State 3"
			}
		},
		"blindness": {
		    "ability": "heroesexpansion:blindness",
			"required_level": 4,
			"title": {
			    "text": "Radiation State 4"
			}
		},
		"healing": {
			"ability": "lucraftcore:healing",
			"frequency": 20,
			"amount": -2,
			"required_level": 2
		}
	},
	
	"effects": [
		{
		    "type": "skin_overlay",
			            "texture": "heroesuniverse:textures/models/radeyestate1.png",
			"size": 0,
			"conditions": [
			    {
				    "type": "always"
				}
			]
		},
		{
		    "type": "skin_overlay",
			            "texture": "heroesuniverse:textures/models/radeyestate2.png",
			"size": 0,
			"conditions": [
			    {
				    "type": "ability_enabled",
					"ability": "heroesexpansion:precision"
				}
			]
	    },
		{
		    "type": "skin_overlay",
			            "texture": "heroesuniverse:textures/models/radeyestate3.png",
			"size": 0,
			"conditions": [
			    {
				    "type": "ability_enabled",
					"ability": "the-fifth-world:make_hostile"
				}
			]
	    },
		{
		    "type": "skin_overlay",
			            "texture": "heroesuniverse:textures/models/radeyestate4.png",
			"size": 0,
			"conditions": [
			    {
				    "type": "ability_enabled",
					"ability": "heroesexpansion:blindness"
				}
			]
	    },
		{
		    "type": "skin_overlay",
			            "texture": "heroesuniverse:textures/models/radiationdamageboost.png",
			"size": 0.01,
			"conditions": [
			    {
				    "type": "ability_enabled",
					"ability": "speedsterheroes:super_speed"
				}
			]
		}
	]
}