{
    "name" : {
	    "text": "Unfinished Super Soldier Serum"
	},
	
	"icon": {
	    "type": "texture",
		"texture": "heroesuniverse:textures/icons/noicon.png"
	},
	
	"max_level": 1,
	
	"capsule_color": 255,
	
	"abilities": {
		"resistance": {
		    "ability": "lucraftcore:resistance",
			"amount": 5.0,
			"operation": 0,
			"uuid": "e07cddc6-afd2-4b7f-8bd2-0b7bf45985e7"
		},
		"knockback_resistance": {
		    "ability": "lucraftcore:knockback_resistance",
			"amount": 5.0,
			"operation": 0,
			"uuid": "03dcc7c5-0548-4f5d-9054-f3d3c9146f4e"
		},
		"sprint": {
		    "ability": "lucraftcore:sprint",
			"amount": 1,
			"operation": 0,
			"uuid": "dbb8f9a9-591b-410e-90c1-6990983d7fe3"
		}
	},
	
	"effects": [
		{
		    "type": "skin_change",
			"texture": "heroesuniverse:textures/models/redskullmodel.png",
			"conditions": [
			    {
				    "type": "always"
				}
			]
	    }
	]
}