{
    "name" : {
	    "text": "Rinkaku Ghoul"
	},
	
	"icon": {
	    "type": "texture",
		"texture": "heroesuniverse:textures/icons/noicon.png"
	},
	
	"max_level": 1,
	
	"capsule_color": 11468800,
	
	"abilities": {
	    "toggle_power": {
		    "ability": "lucraftcore:toggle_power",
			"title": {
			    "text": "Ghoul Form"
			},
			"bar_color": "red"
		},
		"god_mode": {
		    "ability": "heroesexpansion:god_mode",
			"title": {
			    "text": "Rinkaku Kagune"
			},
			"cooldown": 2000,
			"bar_color": "red",
			"conditions": [
				{
					"type": "lucraftcore:ability",
					"ability": "toggle_power"
				}
			]
		},
		"set_punch": {
            "ability": "lucraftcore:set_punch",
			"cooldown": 10,
			"bar_color": "red",
			"arm": 2,
			"damage": 3.0,
			"reach_distance": 10,
			"title": {
			    "text": "Use Kagune"
			},
			"conditions": [
				{
					"type": "lucraftcore:ability",
					"ability": "god_mode"
				}
			]
		},
		"sprint": {
		    "ability": "lucraftcore:sprint",
			"amount": 2,
			"operation": 0,
			"uuid": "07654cdd-c11b-4a6d-94c9-46f1cd0ee602",
			"conditions": [
				{
					"type": "lucraftcore:ability",
					"ability": "toggle_power"
				}
			]
		},
		"jump_boost": {
		    "ability": "lucraftcore:jump_boost",
			"amount": 2,
			"operation": 0,
			"uuid": "3d29f971-a84d-4717-81d0-3f4ce586b668",
			"conditions": [
				{
					"type": "lucraftcore:ability",
					"ability": "toggle_power"
				}
			]
		},
		"strength": {
		    "ability": "lucraftcore:strength",
			"amount": 2,
			"operation": 0,
			"uuid": "9014f4d4-a906-494e-890c-5f6361f7e2a7",
			"conditions": [
				{
					"type": "lucraftcore:ability",
					"ability": "toggle_power"
				}
			]
		},
		"resistance": {
		    "ability": "lucraftcore:resistance",
			"amount": 10,
			"operation": 0,
			"uuid": "26451902-492e-4677-836a-4c502e593f66",
			"conditions": [
				{
					"type": "lucraftcore:ability",
					"ability": "toggle_power"
				}
			]
		},
		"healing": {
		    "ability": "lucraftcore:healing",
			"frequency": 2,
			"amount": 0.5,
			"conditions": [
				{
					"type": "lucraftcore:ability",
					"ability": "toggle_power"
				}
			]
		}
	},
	
	"effects": [
	    {
		    "type": "skin_overlay",
						"texture": "heroesuniverse:textures/models/ghouls/ghouleyes.png",
			"size": 0,
			"conditions": [
			    {
				    "type": "ability_enabled",
					"ability": "lucraftcore:toggle_power"
				}
			]
		},
		{
		    "type": "skin_overlay",
						"texture": "heroesuniverse:textures/models/ghouls/kagune/rinkaku/rinkaku1.png",
			"size": 0.4,
			"conditions": [
			    {
				    "type": "ability_enabled",
					"ability": "heroesexpansion:god_mode"
				}
			]
		},
		{
		    "type": "skin_overlay",
						"texture": "heroesuniverse:textures/models/ghouls/kagune/rinkaku/rinkaku2.png",
			"size": 0.8,
			"conditions": [
			    {
				    "type": "ability_enabled",
					"ability": "heroesexpansion:god_mode"
				}
			]
		},
		{
		    "type": "skin_overlay",
						"texture": "heroesuniverse:textures/models/ghouls/kagune/rinkaku/rinkaku3.png",
			"size": 1.2,
			"conditions": [
			    {
				    "type": "ability_enabled",
					"ability": "heroesexpansion:god_mode"
				}
			]
		},
		{
		    "type": "skin_overlay",
						"texture": "heroesuniverse:textures/models/ghouls/kagune/rinkaku/rinkaku4.png",
			"size": 1.6,
			"conditions": [
			    {
				    "type": "ability_enabled",
					"ability": "heroesexpansion:god_mode"
				}
			]
		},
		{
		    "type": "skin_overlay",
						"texture": "heroesuniverse:textures/models/ghouls/kagune/rinkaku/rinkaku5.png",
			"size": 2.0,
			"conditions": [
			    {
				    "type": "ability_enabled",
					"ability": "heroesexpansion:god_mode"
				}
			]
		},
		{
		    "type": "skin_overlay",
						"texture": "heroesuniverse:textures/models/ghouls/kagune/rinkaku/rinkaku6.png",
			"size": 2.4,
			"conditions": [
			    {
				    "type": "ability_enabled",
					"ability": "heroesexpansion:god_mode"
				}
			]
		},
		{
		    "type": "skin_overlay",
						"texture": "heroesuniverse:textures/models/ghouls/kagune/rinkaku/rinkaku7.png",
			"size": 2.8,
			"conditions": [
			    {
				    "type": "ability_enabled",
					"ability": "heroesexpansion:god_mode"
				}
			]
		},
		{
		    "type": "skin_overlay",
						"texture": "heroesuniverse:textures/models/ghouls/kagune/rinkaku/rinkaku8.png",
			"size": 3.2,
			"conditions": [
			    {
				    "type": "ability_enabled",
					"ability": "heroesexpansion:god_mode"
				}
			]
		},
		{
		    "type": "skin_overlay",
						"texture": "heroesuniverse:textures/models/ghouls/kagune/rinkaku/rinkaku9.png",
			"size": 3.6,
			"conditions": [
			    {
				    "type": "ability_enabled",
					"ability": "heroesexpansion:god_mode"
				}
			]
		},
		{
		    "type": "skin_overlay",
						"texture": "heroesuniverse:textures/models/ghouls/kagune/rinkaku/rinkaku10.png",
			"size": 4.0,
			"conditions": [
			    {
				    "type": "ability_enabled",
					"ability": "heroesexpansion:god_mode"
				}
			]
		},
		{
		    "type": "skin_overlay",
						"texture": "heroesuniverse:textures/models/ghouls/kagune/rinkaku/rinkaku11.png",
			"size": 4.4,
			"conditions": [
			    {
				    "type": "ability_enabled",
					"ability": "heroesexpansion:god_mode"
				}
			]
		},
		{
		    "type": "skin_overlay",
						"texture": "heroesuniverse:textures/models/ghouls/kagune/rinkaku/rinkaku12.png",
			"size": 4.8,
			"conditions": [
			    {
				    "type": "ability_enabled",
					"ability": "heroesexpansion:god_mode"
				}
			]
		}
	]
}