{
	"name" : {
		"text": "Scorn Symbiote"
	},

	"icon": {
		"type": "texture",
		"texture": "heroesuniverse:textures/icons/scornicon.png"
	},
	
	"max_level": 1,
	
	"capsule_color" : 8519831,
	
	"effects": [
		{
			"type": "skin_change",
			"texture": "heroesuniverse:textures/models/scorn1.png",
			"conditions": [
				{
					"type": "ability_enabled",
					"ability": "lucraftcore:toggle_power"
				}
			]
		},
		{
		    "type": "skin_change",
			"texture": "heroesuniverse:textures/models/scornbeam.png",
			"conditions": [
			    {
				    "type": "ability_enabled",
					"ability": "heroesexpansion:photon_blast"
				}
			]
		},
		{
		    "type": "skin_change",
			"texture": "heroesuniverse:textures/models/scornpunchstrenghtener.png",
			"conditions": [
			    {
				    "type": "ability_enabled",
					"ability": "heroesexpansion:god_mode"
				}
			]
		}
	],
	
	"abilities": {
		"toggle_power": {
			"ability": "lucraftcore:toggle_power",
			"icon": {
				"type": "texture",
				"texture": "heroesuniverse:textures/gui/scornre.png"
			},
			"bar_color": "purple"
		},
		"water_breathing": {
			"ability": "lucraftcore:water_breathing",
			"conditions": [
				{
					"type": "lucraftcore:ability",
					"ability": "toggle_power"
				}
			]
		},
		"photon_blast": {
			"ability": "heroesexpansion:photon_blast",
			"cooldown": 100,
			"color": [0.0, 1.0, 1.0],
			"title": {
			    "text": "Create Weapon: Photon Cannon"
			},
			"conditions": [
				{
					"type": "lucraftcore:ability",
					"ability": "toggle_power"
				}
			],
			"bar_color": "purple"
		},
		"god_mode": {
		    "ability": "heroesexpansion:god_mode",
			"damage": 3,
			"cooldown": 1000,
			"title": {
			    "text": "Create Weapon: Electrolyte Condensator Fist/50.000V"
			},
			"conditions": [
				{
					"type": "lucraftcore:ability",
					"ability": "toggle_power"
				}
			],
			"bar_color": "purple"
		},
		"wall_crawling": {
            "ability": "heroesexpansion:wall_crawling",
            "conditions": [
				{
					"type": "lucraftcore:ability",
					"ability": "toggle_power"
				}
			],
			"bar_color": "purple"
	    },
		"spider_sense": {
		    "ability": "heroesexpansion:spider_sense",
			"conditions": [
				{
					"type": "lucraftcore:ability",
					"ability": "toggle_power"
				}
			]
		},
		"healing": {
		    "ability": "lucraftcore:healing",
			"frequency": 4,
			"amount": 1,
			"conditions": [
				{
					"type": "lucraftcore:ability",
					"ability": "toggle_power"
				}
			]
		},
		"strength": {
		    "ability": "lucraftcore:strength",
			"amount": 4.0,
			"operation": 0,
			"uuid": "32181449-2e34-42a6-b71a-cac1e10b9ece",
			"conditions": [
				{
					"type": "lucraftcore:ability",
					"ability": "toggle_power"
				}
			]
		},
		"sprint": {
		    "ability": "lucraftcore:sprint",
			"amount": 1.0,
			"operation": 0,
			"uuid": "fbe49e43-a654-4875-a42f-1da00d79366b",
			"conditions": [
				{
					"type": "lucraftcore:ability",
					"ability": "toggle_power"
				}
			]
		},
		"jump_boost": {
		    "ability": "lucraftcore:jump_boost",
			"amount": 0.5,
			"operation": 0,
			"uuid": "2627295d-3f0c-4705-82e5-d6bad206c739",
			"conditions": [
				{
					"type": "lucraftcore:ability",
					"ability": "toggle_power"
				}
			]
		},
		"fall_resistance": {
		    "ability": "lucraftcore:fall_resistance",
			"amount": 25.0,
			"operation": 0,
			"uuid": "1439f4e4-3a70-497f-8380-c506efd8d741",
			"conditions": [
				{
					"type": "lucraftcore:ability",
					"ability": "toggle_power"
				}
			]
		},
		"step_assist": {
		    "ability": "lucraftcore:step_assist",
			"amount": 1.0,
			"operation": 0,
			"uuid": "a43c1f19-6265-4241-9310-61f36b5d43a5"
		}
	}
}