{
	"name" : {
		"text": "Scream Symbiote"
	},

	"icon": {
		"type": "texture",
		"texture": "heroesuniverse:textures/icons/venomicon.png"
	},
	
	"max_level": 1,
	
	"capsule_color" : 0,
	
	"effects": [
		{
			"type": "skin_change",
			"texture": "heroesuniverse:textures/models/screammodel.png",
			"conditions": [
				{
					"type": "ability_enabled",
					"ability": "lucraftcore:toggle_power"
				}
			]
		}
	],
	
	"abilities": {
		"toggle_power": {
			"ability": "lucraftcore:toggle_power",
			"icon": {
				"type": "texture",
				"texture": "heroesuniverse:textures/gui/venomre.png"
			},
			"bar_color": "black"
		},
		"water_breathing": {
			"ability": "lucraftcore:water_breathing",
			"conditions": [
				{
					"type": "lucraftcore:ability",
					"ability": "toggle_power"
				}
			]
		},
		"wall_crawling": {
            "ability": "heroesexpansion:wall_crawling",
            "conditions": [
				{
					"type": "lucraftcore:ability",
					"ability": "toggle_power"
				}
			],
			"bar_color": "black"
	    },
		"spider_sense": {
		    "ability": "heroesexpansion:spider_sense",
			"conditions": [
				{
					"type": "lucraftcore:ability",
					"ability": "toggle_power"
				}
			]
		},
		"healing": {
		    "ability": "lucraftcore:healing",
			"frequency": 4,
			"amount": 1,
			"conditions": [
				{
					"type": "lucraftcore:ability",
					"ability": "toggle_power"
				}
			]
		},
		"strength": {
		    "ability": "lucraftcore:strength",
			"amount": 4.0,
			"operation": 0,
			"uuid": "d330a794-710c-4ff7-b31b-dd7330f0503a",
			"conditions": [
				{
					"type": "lucraftcore:ability",
					"ability": "toggle_power"
				}
			]
		},
		"sprint": {
		    "ability": "lucraftcore:sprint",
			"amount": 1.0,
			"operation": 0,
			"uuid": "07654cdd-c11b-4a6d-94c9-46f1cd0ee602",
			"conditions": [
				{
					"type": "lucraftcore:ability",
					"ability": "toggle_power"
				}
			]
		},
		"jump_boost": {
		    "ability": "lucraftcore:jump_boost",
			"amount": 2.0,
			"operation": 0,
			"uuid": "372ba79e-5c98-4fcb-be10-fa0bae6dac94",
			"conditions": [
				{
					"type": "lucraftcore:ability",
					"ability": "toggle_power"
				}
			]
		},
		"fall_resistance": {
		    "ability": "lucraftcore:fall_resistance",
			"amount": 25.0,
			"operation": 0,
			"uuid": "515c0f60-102b-406d-8a3d-91df17c651df",
			"conditions": [
				{
					"type": "lucraftcore:ability",
					"ability": "toggle_power"
				}
			]
		},
		"step_assist": {
		    "ability": "lucraftcore:step_assist",
			"amount": 1.0,
			"operation": 0,
			"uuid": "a43c1f19-6265-4241-9310-61f36b5d43a5"
		}
	}
}