{
    "name" : {
	    "text": "Class: Paladin"
	},
	
	"icon": {
	    "type": "texture",
		"texture": "heroesuniverse:textures/icons/paladinicon.png"
	},
	
	"max_level": 1,
	
	"capsule_color": 16711680,
	
	"abilities": {
		"toggle_power": {
		    "ability": "lucraftcore:toggle_power",
			"icon": {
	            "type": "texture",
		        "texture": "heroesuniverse:textures/icons/skyforgeicon.png"
	        },
			"title": {
			    "text": "Change Class"
			},
			"bar_color": "black"
		},
		"paladin": {
		    "ability": "lucraftcore:command",
			"commands": [
			    "superpower @s heroesuniverse:paladin"
			],
			"icon": {
	            "type": "texture",
		        "texture": "heroesuniverse:textures/icons/paladinicon.png"
	        },
			"title": {
			    "text": "Class: Paladin"
			},
			"bar_color": "black",
			"required_ability": "toggle_power"
		},
		"cryomancer": {
		    "ability": "lucraftcore:command",
			"commands": [
				"superpower @s remove",
			    "superpower @s heroesuniverse:skyforge_class_cryomancer",
				"effect @s minecraft:slowness 1 10",
				"effect @s minecraft:glowing 1 1",
				"effect @s minecraft:invisibility 1 1",
				"particle endRod ~ ~ ~ 0.5 0.5 0.5 0.000001 10000 @a"
			],
			"icon": {
	            "type": "texture",
		        "texture": "heroesuniverse:textures/icons/cryomancericon.png"
	        },
			"title": {
			    "text": "Class: Cryomancer"
			},
			"bar_color": "black",
			"required_ability": "toggle_power"
		},
		"lightbinder": {
		    "ability": "lucraftcore:command",
			"commands": [
				"superpower @s remove",
			    "superpower @s heroesuniverse:skyforge_class_lightbinder",
				"effect @s minecraft:slowness 1 10",
				"effect @s minecraft:glowing 1 1",
				"effect @s minecraft:invisibility 1 1",
				"particle endRod ~ ~ ~ 0.5 0.5 0.5 0.000001 10000 @a"
			],
			"icon": {
	            "type": "texture",
		        "texture": "heroesuniverse:textures/icons/lightbindericon.png"
	        },
			"title": {
			    "text": "Class: Lightbinder"
			},
			"bar_color": "black",
			"required_ability": "toggle_power"
		}
	}
}