{
    "name" : {
	    "text": "Solar Test"
	},
	
	"icon": {
	    "type": "texture",
		"texture": "heroesuniverse:textures/icons/redhulkicon.png"
	},
	
	"max_level": 1,
	
	"capsule_color": 16776960,
	
	"abilities": [
	    "god_mode": {
		    "ability": "heroesexpansion:god_mode",
			"damage": 10,
			"bar_color": "yellow"
		},
		"solar_energy": {
		    "ability": "heroesexpansion:solar_energy",
			"max_solar_energy": 100,
			"bar_color": "yellow",
			"ability_values": [
			    {
				    "ability": "heroesexpansion:god_mode",
					"damage": 10,
					"amount": 2,
					"frequency": 12
				}
			]
		}
	]
}