{
	"name" : {
		"text": "Spirit of Vengeance"
	},

	"icon": {
		"type": "texture",
		"texture": "heroesuniverse:textures/icons/ghostridericon.png"
	},
	
	"max_level": 1,
	
	"capsule_color" : 16738304,
	
	"effects": [
		{
			"type": "skin_overlay",
			"size": 0,
			"texture": "heroesuniverse:textures/models/ghostrider3.png",
			"conditions": [
				{
					"type": "ability_enabled",
					"ability": "lucraftcore:fire_punch"
				}
			]
		},
		{
		    "type": "name_change",
			"name": {
			    "text": "Ghost Rider"
			},
			"conditions": [
				{
					"type": "ability_enabled",
					"ability": "lucraftcore:fire_punch"
				}
			]
		},
		{
			"type": "skin_overlay",
			"size": 0,
			"texture": "heroesuniverse:textures/models/ghostriderhalfcontrol.png",
			"conditions": [
				{
					"type": "ability_enabled",
					"ability": "lucraftcore:toggle_power"
				}
			]
		}
	],
	
	"abilities": {
	    "toggle_power": {
		    "ability": "lucraftcore:toggle_power",
			"title": {
			    "text": "Half Control"
			},
			"icon": {
			    "type": "texture",
				"texture": "heroesuniverse:textures/icons/ghostriderhcicon.png"
			},
			"bar_color": "orange"
		},
		"fire_punch": {
			"ability": "lucraftcore:fire_punch",
			"duration": 20,
			"title": {
			    "text": "Transform"
			},
			"icon": {
				"type": "texture",
				"texture": "heroesuniverse:textures/icons/ghostridericon.png"
			},
			"bar_color": "orange"
		},
		"command": {
		    "ability": "lucraftcore:command",
			"commands": [
			    "playsound minecraft:entity.endermen.scream master @e[r=30] ~ ~ ~"
			],
			"bar_color": "orange",
			"required_ability": "fire_punch"
		},
		"command_loop": {
		    "ability": "lucraftcore:command_loop",
			"commands": [
			    "scoreboard objectives add sv stat.animalsBred",
				"execute @s[score_sv>99] ~ ~ ~ /superpower @s heroesuniverse:spirit_of_justice",
				"execute @s[score_sv>99] ~ ~ ~ /scoreboard players set @s sv 0"
			],
			"title": {
			    "text": "Karma Checker"
			}
		},
		"resistance": {
		    "ability": "lucraftcore:resistance",
			"amount": 9999999999.0,
			"operation": 0,
			"uuid": "0669d99d-b34d-40fc-a4d8-c7ee963cc842",
			"conditions": [
			    {
				    "type": "lucraftcore:ability",
					"ability": "fire_punch"
				}
			]
		},
		"fall_resistance": {
		    "ability": "lucraftcore:fall_resistance",
			"amount": 999999999.0,
			"operation": 0,
			"uuid": "e2bf85b2-f96e-47b9-addf-33023f99b414",
			"conditions": [
			    {
				    "type": "lucraftcore:ability",
					"ability": "fire_punch"
				}
			]
		},
		"knockback_resistance": {
		    "ability": "lucraftcore:knockback_resistance",
			"amount": 9999999999.0,
			"operation": 0,
			"uuid": "3e9c2561-163d-4f24-a774-53933046523c",
			"conditions": [
			    {
				    "type": "lucraftcore:ability",
					"ability": "fire_punch"
				}
			]
		},
		"sprint": {
		    "ability": "lucraftcore:sprint",
			"amount": 3.0,
			"operation": 0,
			"uuid": "4768faed-2d5c-427e-b4b0-96f4ab0fcc4e",
			"conditions": [
			    {
				    "type": "lucraftcore:ability",
					"ability": "fire_punch"
				}
			]
		},
		"step_assist": {
		    "ability": "lucraftcore:step_assist",
			"amount": 1.0,
			"operation": 0,
			"uuid": "9c7acb29-04d8-4027-8e8a-cf8f9e43f4dc",
			"conditions": [
			    {
				    "type": "lucraftcore:ability",
					"ability": "fire_punch"
				}
			]
		},
		"jump_boost": {
		    "ability": "lucraftcore:jump_boost",
			"amount": 2.0,
			"operation": 0,
			"uuid": "e5fc44f1-57aa-4c65-a235-5c97f249b378",
			"conditions": [
			    {
				    "type": "lucraftcore:ability",
					"ability": "fire_punch"
				}
			]
		},
		"strength": {
		    "ability": "lucraftcore:strength",
			"amount": 3.0,
			"operation": 0,
			"uuid": "dd033a0f-076f-47e2-b0ca-f566b8f2f9e0",
			"conditions": [
			    {
				    "type": "lucraftcore:ability",
					"ability": "fire_punch"
				}
			]
		},
		"fire_resistance": {
		    "ability": "lucraftcore:fire_resistance",
			"conditions": [
			    {
				    "type": "lucraftcore:ability",
					"ability": "fire_punch"
				}
			]
		},
		"water_breathing": {
		    "ability": "lucraftcore:water_breathing",
			"conditions": [
			    {
				    "type": "lucraftcore:ability",
					"ability": "fire_punch"
				}
			]
		},
		"tough_lungs": {
		    "ability": "lucraftcore:tough_lungs",
			"conditions": [
			    {
				    "type": "lucraftcore:ability",
					"ability": "fire_punch"
				}
			]
		}
	}
}