{
    "name" : {
	    "text": "Spirit of Scarlet Justice"
	},
	
	"icon": {
	    "type": "texture",
		"texture": "heroesuniverse:textures/icons/sjicon.png"
	},
	
	"max_level": 1,
	
	"capsule_color": 16711680,
	
	"abilities": [
		{
		    "ability": "heroesexpansion:kinetic_energy_absorption",
			"max_energy": 100,
			"color": [1.0, 0.0, 0.0],
			"bar_color": "red"
		},
	],
	
	"effects": [
		{
		    "type": "skin_overlay",
			            "texture": "heroesuniverse:textures/models/sjmarks2.png",
			"size": 0,
			"conditions": [
			    {
				    "type": "always"
				}
			]
		}
	]
}