{
    "name" : {
	    "text": "Sun Incarnation"
	},
	
	"icon": {
	    "type": "texture",
		"texture": "heroesuniverse:textures/icons/solar_flare_2.png"
	},
	
	"max_level": 1,
	
	"capsule_color": 16776960,
	
	"abilities": {
		"fire_punch": {
		    "ability": "lucraftcore:fire_punch",
			"icon": {
	            "type": "texture",
		        "texture": "heroesuniverse:textures/icons/solar_flare.png"
	        },
			"duration": 152427,
			"title": {
			    "text": "Sun Mode"
			},
			"bar_color": "black"
		},
		"energy_blast": {
		    "ability": "lucraftcore:energy_blast",
			"damage": 20.0,
			"color": [255, 127, 0],
			"icon": {
	            "type": "texture",
		        "texture": "heroesuniverse:textures/icons/solar_flare.png"
	        },
			"title": {
			    "text": "Solar Blast"
			},
			"bar_color": "black",
			"conditions": [
				{
					"type": "lucraftcore:ability",
					"ability": "fire_punch"
				}
			]
		},
		"flight": {
		    "ability": "lucraftcore:flight",
			"speed": 1,
			"sprint_speed": 2,
			"rotate_arms": false,
			"icon": {
	            "type": "texture",
		        "texture": "heroesuniverse:textures/icons/solar_flare.png"
	        },
			"title": {
			    "text": "Flight"
			},
			"bar_color": "black",
			"conditions": [
				{
					"type": "lucraftcore:ability",
					"ability": "fire_punch"
				}
			]
		},
		"hunger_immunity": {
		    "ability": "the-fifth-world:potion_immunity",
			"potion": "minecraft:hunger",
			"conditions": [
				{
					"type": "lucraftcore:ability",
					"ability": "fire_punch"
				}
			]
		},
		"poison_immunity": {
		    "ability": "the-fifth-world:potion_immunity",
			"potion": "minecraft:poison",
			"conditions": [
				{
					"type": "lucraftcore:ability",
					"ability": "fire_punch"
				}
			]
		},
		"weakness_immunity": {
		    "ability": "the-fifth-world:potion_immunity",
			"potion": "minecraft:weakness",
			"conditions": [
				{
					"type": "lucraftcore:ability",
					"ability": "fire_punch"
				}
			]
		},
		"slowness_immunity": {
		    "ability": "the-fifth-world:potion_immunity",
			"potion": "minecraft:slowness",
			"conditions": [
				{
					"type": "lucraftcore:ability",
					"ability": "fire_punch"
				}
			]
		},
		"blindness_immunity": {
		    "ability": "the-fifth-world:potion_immunity",
			"potion": "minecraft:blindness",
			"conditions": [
				{
					"type": "lucraftcore:ability",
					"ability": "fire_punch"
				}
			]
		},
		"nausea_immunity": {
		    "ability": "the-fifth-world:potion_immunity",
			"potion": "minecraft:nausea",
			"conditions": [
				{
					"type": "lucraftcore:ability",
					"ability": "fire_punch"
				}
			]
		},
		"wither_immunity": {
		    "ability": "the-fifth-world:potion_immunity",
			"potion": "minecraft:wither",
			"conditions": [
				{
					"type": "lucraftcore:ability",
					"ability": "fire_punch"
				}
			]
		},
		"mining_fatigue_immunity": {
		    "ability": "the-fifth-world:potion_immunity",
			"potion": "minecraft:mining_fatigue",
			"conditions": [
				{
					"type": "lucraftcore:ability",
					"ability": "fire_punch"
				}
			]
		},
		"instant_damage_immunity": {
		    "ability": "the-fifth-world:potion_immunity",
			"potion": "minecraft:instant_damage",
			"conditions": [
				{
					"type": "lucraftcore:ability",
					"ability": "fire_punch"
				}
			]
		},
		"invisibility_immunity": {
		    "ability": "the-fifth-world:potion_immunity",
			"potion": "minecraft:invisibility",
			"conditions": [
				{
					"type": "lucraftcore:ability",
					"ability": "fire_punch"
				}
			]
		},
		"water_breathing_immunity": {
		    "ability": "the-fifth-world:potion_immunity",
			"potion": "minecraft:water_breathing",
			"conditions": [
				{
					"type": "lucraftcore:ability",
					"ability": "fire_punch"
				}
			]
		},
		"fire_resistance": {
		    "ability": "lucraftcore:fire_resistance"
		},
		"tough_lungs": {
		    "ability": "lucraftcore:tough_lungs"
		}
	},
	
	"effects": [
		{
		    "type": "skin_change",
			"texture": "heroesuniverse:textures/models/blanck.png",
			"conditions": [
			    {
				    "type": "ability_enabled",
					"ability": "lucraftcore:fire_punch"
				}
			]
		},
		{
		    "type": "glowing_hand",
			"color": [1, 0.25, 0],
			"size": 15,
			"conditions": [
			    {
				    "type": "ability_enabled",
					"ability": "lucraftcore:fire_punch"
				}
			]
		}
	]
}