{
    "name" : {
	    "text": "Whole"
	},
	
	"icon": {
	    "type": "texture",
		"texture": "heroesuniverse:textures/icons/wholes/chain.png"
	},
	
	"max_level": 1,
	
	"capsule_color": 8421504,
	
	"abilities": {
		"hollow_transformation": {
			"ability": "lucraftcore:command",
			"icon": {
	            "type": "texture",
		        "texture": "heroesuniverse:textures/icons/bl/hollows/holes/chest.png"
	        },
			"title": {
			    "text": "Hollow Transformation"
			},
			"commands": [
				"superpower @s heroesuniverse:hollowgreen"
			]
		}
	},
	
	"effects": [
	    {
		    "type": "skin_overlay",
						"texture": "heroesuniverse:textures/models/bleach/whole_chain/1.png",
			"size": 0,
			"conditions": [
			    {
				    "type": "always"
				}
			]
		},
		{
		    "type": "skin_overlay",
						"texture": "heroesuniverse:textures/models/bleach/whole_chain/2.png",
			"size": 0.2,
			"conditions": [
			    {
				    "type": "always"
				}
			]
		},
		{
		    "type": "skin_overlay",
						"texture": "heroesuniverse:textures/models/bleach/whole_chain/3.png",
			"size": 0.4,
			"conditions": [
				{
					"type": "always"
				}
			]
		}
	]
}