{
    "name" : {
	    "text": "Quirk: Zero Gravity"
	},
	
	"icon": {
	    "type": "texture",
		"texture": "heroesuniverse:textures/icons/zerogravityicon.png"
	},
	
	"max_level": 1,
	
	"capsule_color": 16711900,
	
	"abilities": {
		"potion_punch": {
		    "ability": "lucraftcore:potion_punch",
			"potion": "minecraft:levitation",
			"icon": {
	            "type": "texture",
		        "texture": "heroesuniverse:textures/icons/zerogravityicon.png"
	        },
			"amplifier":3,
			"duration": 60,
			"bar_color": "pink"
		},
		"toggle_power": {
		    "ability": "lucraftcore:toggle_power",
			"icon": {
			    "type": "texture",
				"texture": "heroesuniverse:textures/icons/zerogravityicon.png"
			},
			"title": {
			    "text": "Body Lighten"
			},
			"bar_color": "pink"
		},
		"flight": {
		    "ability": "lucraftcore:flight",
			"icon": {
			    "type": "texture",
				"texture": "heroesuniverse:textures/icons/zerogravityicon.png"
			},
			"title": {
			    "text": "Body Lighten Stage 2"
			},
			"speed": 0.75,
			"rotate_arms": false,
			"conditions": [
				{
					"type": "lucraftcore:ability",
					"ability": "toggle_power"
				}
			],
			"bar_color": "pink"
		},
		"sprint": {
		    "ability": "lucraftcore:sprint",
			"amount": 0.3,
			"operation": 0,
			"uuid": "07654cdd-c11b-4a6d-94c9-46f1cd0ee602",
			"conditions": [
				{
					"type": "lucraftcore:ability",
					"ability": "toggle_power"
				}
			]
		},
		"jump_boost": {
		    "ability": "lucraftcore:jump_boost",
			"amount": 1.0,
			"operation": 0,
			"uuid": "372ba79e-5c98-4fcb-be10-fa0bae6dac94",
			"conditions": [
				{
					"type": "lucraftcore:ability",
					"ability": "toggle_power"
				}
			]
		}
	}
}