{
    "name" : {
        "text": "God of Energy"
    },

    "icon": {
        "type": "texture",
        "texture": "mystheroes:textures/icons/god_of_energy_icon.png"
    },

    "max_level": 5,

    "capsule_color" : 12020522,

    "abilities": [
		{
			"ability": "lucraftcore:flight",
			"cooldown": 0,
			"show_in_bar": true,
			"title": {"translate":"lucraftcore.abilities.flight.name"},
			"bar_color": "light_gray",
			"speed": 1,
			"sprint_speed": 3,
			"rotate_arms": false,
			"required_level": 3
		},
		{
			"ability": "star-tech:power_blast",
			"cooldown": 0,
			"show_in_bar": true,
			"title": {"translate":"star-tech.abilities.power_blast.name"},
			"bar_color": "light_gray",
			"duration": 10,
			"required_level": 4
		},
		{
			"ability": "star-tech:power_rocket_burst",
			"cooldown": 0,
			"show_in_bar": true,
			"title": {"translate":"star-tech.abilities.power_rocket_burst.name"},
			"bar_color": "light_gray",
			"required_level": 5
		},
		{
			"ability": "heroesexpansion:force_field",
			"cooldown": 40,
			"show_in_bar": true,
			"title": {"translate":"heroesexpansion.abilities.force_field.name"},
			"bar_color": "light_gray",
			"color": [76, 54, 1],
			"required_level": 3
		},
		{
			"ability": "lucraftcore:energy_blast",
			"cooldown": 0,
			"show_in_bar": true,
			"title": {"translate":"lucraftcore.abilities.energy_blast.name"},
			"bar_color": "light_gray",
			"damage": 3.0,
			"color": [76, 54, 1]
		},
		{
			"ability": "heroesexpansion:photon_blast",
			"cooldown": 20,
			"show_in_bar": true,
			"title": {"translate":"heroesexpansion.abilities.photon_blast.name"},
			"bar_color": "light_gray",
			"color": [76, 54, 1],
			"required_level": 4
		},
		{
			"ability": "heroesexpansion:energy_absorption",
			"cooldown": 0,
			"show_in_bar": true,
			"title": {"translate":"heroesexpansion.abilities.energy_absorption.name"},
			"bar_color": "light_gray",
			"max_energy": 200,
			"max_damage": 20.0,
			"required_level": 3
		},
		{
			"ability": "heroesexpansion:kinetic_energy_absorption",
			"cooldown": 0,
			"show_in_bar": true,
			"title": {"translate":"heroesexpansion.abilities.kinetic_energy_absorption.name"},
			"bar_color": "light_gray",
			"max_energy": 150,
			"color": [76, 54, 1],
			"required_level": 2
		},
		{
			"ability": "lucraftcore:fire_punch",
			"cooldown": 0,
			"show_in_bar": true,
			"title": {"translate":"lucraftcore.abilities.fire_punch.name"},
			"bar_color": "light_gray",
			"duration": 20
		},
		{
            "ability": "lucraftcore:healing",
            "frequency": 2.5,
            "amount": 3,
			"required_level": 2
        },
		{
			"ability": "lucraftcore:health",
			"amount": 20,
			"operation": 0,
			"uuid": "b2930a55-fa9d-4124-bb58-2ba3169d1495",
			"required_level": 3
		},
		{
			"ability": "lucraftcore:jump_boost",
			"amount": 6,
			"operation": 0,
			"uuid": "b2930a55-fa9d-4124-bb58-2ba3169d1495"
		},
		{
			"ability": "lucraftcore:stength",
			"amount": 20,
			"operation": 0,
			"uuid": "b2930a55-fa9d-4124-bb58-2ba3169d1495",
			"required_level": 2
		},
		{
			"ability": "lucraftcore:punch",
			"amount": 14,
			"operation": 0,
			"uuid": "b2930a55-fa9d-4124-bb58-2ba3169d1495"
		},
		{
			"ability": "lucraftcore:resistance",
			"amount": 11,
			"operation": 0,
			"uuid": "b2930a55-fa9d-4124-bb58-2ba3169d1495"
		},
		{
			"ability": "lucraftcore:fall_resistance",
			"amount": 11,
			"operation": 0,
			"uuid": "b2930a55-fa9d-4124-bb58-2ba3169d1495"
		},
		{
			"ability": "lucraftcore:sprint",
			"amount": 1,
			"operation": 0,
			"uuid": "b2930a55-fa9d-4124-bb58-2ba3169d1495",
			"required_level": 2
		},
		{
			"ability": "lucraftcore:tough_lungs",
			"required_level": 3
		},
		{
			"ability": "lucraftcore:water_breathing",
			"required_level": 2
		},
		{
			"ability": "heroesexpansion:call_weapon",
			"required_level": 3
		},
		{
			"ability": "heroesexpansion:god_mode",
			"damage": 15,
			"cooldown": 250,
			"required_level": 5
		}
	],
	
	"effects": [
        {
			"type": "flickering",
			"color": [0, 92, 82],
			"use_suit_flicker": false,
			"conditions": [
				{
					"type": "ability_enabled",
					"ability": "heroesexpansion:god_mode"
				}
			]
		},
		{
			"type": "trail",
			"trail_type": "particles",
			"color": [0, 92, 82],
			"use_suit_trail": false,
			"conditions": [
				{
					"type": "ability_enabled",
					"ability": "heroesexpansion:god_mode"
				}
			]
		},
		{
			"type": "glowing_hand",
			"color": [0, 92, 82],
			"size": 1,
			"conditions": [
				{
					"type": "ability_enabled",
					"ability": "heroesexpansion:god_mode"
				}
			]
		},
		{
			"type": "glowing_hand",
			"color": [76, 54, 1],
			"size": 1,
			"conditions": [
				{
					"type": "ability_enabled",
					"ability": "heroesexpansion:energy_absorption"
				}
			]
		}
    ]
}