{
	"name" : {
		"text": "Joker Toxen"
	},

	"icon": {
		"type": "texture",
		"texture": "mystheroes:textures/icons/joker_icon.png"
	},
	
	"max_level": 1,
	
	"capsule_color" : 1949696,
	
	"abilities": [
		{
			"ability": "lucraftcore:toggle_power",
			"abilities": [  ],
			"icon": {
						"type": "texture",
						"texture": "mystheroes:textures/icons/joker_icon.png"
					}
		},
		{
			"ability": "lucraftcore:healing",
			"frequency": 1,
			"amount": 2
		},
		{
			"ability": "lucraftcore:health",
			"amount": 1,
			"operation": 0,
			"uuid": "b2930a55-fa9d-4124-bb58-2ba3169d1495"
		},
		{
			"ability": "lucraftcore:stength",
			"amount": 1,
			"operation": 0,
			"uuid": "b2930a55-fa9d-4124-bb58-2ba3169d1495"
		},
		{
			"ability": "lucraftcore:punch",
			"amount": 1,
			"operation": 0,
			"uuid": "b2930a55-fa9d-4124-bb58-2ba3169d1495"
		}	
    ],
	
	"effects": [
	    {
		"type": "skin_change",
        "texture": "mystheroes:textures/skins/joker_skin.png",
		"conditions": [
				{
					"type": "ability_enabled",
					"ability": "lucraftcore:toggle_power"
				}
			]
	    }
	]
}
