{
	"name" : {
		"text": "Flight"
	},

	"icon": {
		"type": "texture",
		"texture": "mystheroes:textures/icons/flight_icon.png"
	},
	
	"max_level": 1,
	
	"capsule_color" : 16748288,
	
	"abilities": [
		{
			"ability": "lucraftcore:toggle_power",
			"title": {"text":"Flight"},
			"abilities": [  ],
			"icon": {
						"type": "texture",
						"texture": "mystheroes:textures/icons/flight_icon.png"
					}
		},
		{
			"ability": "lucraftcore:sprint",
			"amount": 1.2,
			"operation": 0,
			"uuid": "b2930a55-fa9d-4124-bb58-2ba3169d1495",
			"required_ability": "toggle_power"
		},
		{
			"ability": "lucraftcore:strength",
			"amount": 1.5,
			"operation": 0,
			"uuid": "ff38d1b5-fd0c-4063-ae71-0838291e118e",
			"required_ability": "toggle_power"
		},
		{
			"ability": "lucraftcore:punch",
			"amount": 1.5,
			"operation": 0,
			"uuid": "ff38d1b5-fd0c-4063-ae71-0838291e118e",
			"required_ability": "toggle_power"
		},
		{
			"ability": "lucraftcore:fall_resistance",
			"amount": 5,
			"operation": 0,
			"uuid": "ff38d1b5-fd0c-4063-ae71-0838291e118e",
			"required_ability": "toggle_power"
		},
		{
			"ability": "lucraftcore:jump_boost",
			"amount": 1.5,
			"operation": 0,
			"uuid": "ff38d1b5-fd0c-4063-ae71-0838291e118e",
			"required_ability": "toggle_power"
		},
		{
			"ability": "lucraftcore:step_assist",
			"amount": 2,
			"operation": 0,
			"uuid": "b2930a55-fa9d-4124-bb58-2ba3169d1495",
			"required_ability": "toggle_power"
		},
		{
			"ability": "lucraftcore:flight",
			"speed": 0.75,
			"sprint_speed": 5,
			"rotate_arms": true,
			"required_ability": "toggle_power"
		}
	]
}
