{
	"name": {
		"text": "Mystic Arts"
	},

	"icon": {
		"type": "texture",
		"texture": "mystheroes:textures/icons/magic_icon.png"
	},

	"max_level": 10,

	"capsule_color": 16747520,

	"abilities": [{
			"ability": "lucraftcore:fire_resistance"
		},
		{
			"ability": "lucraftcore:water_breathing"
		},
		{
			"ability": "lucraftcore:healing",
			"frequency": 10,
			"amount": 2
		},
		{
			"ability": "lucraftcore:photon_blast",
			"cooldown": 0,
			"damage": 20,
			"color": [255, 85, 2],
			"bar_color": "orange"
		},
		{
			"ability": "heroesexpansion:portal",
			"cooldown": 0,
			"bar_color": "orange"
		},
		{
			"ability": "heroesexpansion:grab_entity",
			"cooldown": 0,
			"bar_color": "orange"
		},
		{
			"ability": "heroesexpansion:black_hole",
			"cooldown": 0,
			"show_in_bar": true,
			"title": {
				"translate": "heroesexpansion.abilities.black_hole.name"
			},
			"icon": {
				"type": "internal"
			},
			"bar_color": "orange"
		},
		{
			"ability": "heroesexpansion:force_field",
			"cooldown": 0,
			"show_in_bar": true,
			"title": {
				"translate": "heroesexpansion.abilities.force_field.name"
			},
			"icon": {
				"type": "internal"
			},
			"bar_color": "orange",
			"color": [255, 85, 2]
		},
		{
			"ability": "the-fifth-world:summon_entity",
			"cooldown": 0,
			"entity": "minecraft:rabbit",
			"number": 1,
			"required_level": 4
		}
	]

}