{
	"name" : {
		"text": "Shazam"
	},

	"icon": {
		"type": "texture",
		"texture": "mystheroes:textures/icons/shazam_icon.png"
	},
	
	"max_level": 1,
	
	"capsule_color" : 16770048,
	
	"abilities": [
		{
			"ability": "heroesexpansion:god_mode",
			"title": {"text":"SHAZAM"},
			"damage": 0,
			"icon": {
						"type": "texture",
						"texture": "mystheroes:textures/icons/shazam_icon.png"
					}
		},
		{
			"ability": "lucraftcore:toggle_power",
			"title": {"text":"Running"},
			"required_ability": "god_mode",
			"icon": {
						"type": "texture",
						"texture": "mystheroes:textures/icons/speedforce_icon.png"
					}
		},
		{
			"ability": "lucraftcore:sprint",
			"amount": 7.75,
			"operation": 0,
			"uuid": "b2930a55-fa9d-4124-bb58-2ba3169d1495",
			"required_ability": "toggle_power"
		},
		{
			"ability": "lucraftcore:tough_lungs",
			"required_ability": "god_mode"
		},
		{
			"ability": "lucraftcore:water_breathing",
			"required_ability": "god_mode"
		},
		{
            "ability": "lucraftcore:fire_resistance",
			"required_ability": "god_mode"
		},
		{
			"ability": "lucraftcore:flight",
			"speed": 0.75,
			"sprint_speed": 4,
			"rotate_arms": true,
			"required_ability": "god_mode"
	    },
		{
			"ability": "heroesexpansion:lightning_strike",
			"cooldown": 1,
			"show_in_bar": false,
			"required_ability": "god_mode",
			"parent_ability": "god_mode"
		},
		{
			"ability": "heroesexpansion:lightning_strike",
			"cooldown": 50,
			"title": {"text":" Zap!"},
			"required_ability": "god_mode"
		},
		{
            "ability": "lucraftcore:healing",
            "frequency": 17,
            "amount": 6,
			"required_ability": "god_mode"
        },
		{
			"ability": "lucraftcore:health",
			"amount": 30,
			"operation": 0,
			"uuid": "b2930a55-fa9d-4124-bb58-2ba3169d1495",
			"required_ability": "god_mode"
		},
		{
			"ability": "lucraftcore:jump_boost",
			"amount": 4.5,
			"operation": 0,
			"uuid": "b2930a55-fa9d-4124-bb58-2ba3169d1495",
			"required_ability": "god_mode"
		},
		{
			"ability": "lucraftcore:stength",
			"amount": 25,
			"operation": 0,
			"uuid": "b2930a55-fa9d-4124-bb58-2ba3169d1495"	,
			"required_ability": "god_mode"
		},
		{
			"ability": "lucraftcore:punch",
			"amount": 18,
			"operation": 0,
			"uuid": "b2930a55-fa9d-4124-bb58-2ba3169d1495",
			"required_ability": "god_mode"
		},
		{
			"ability": "lucraftcore:resistance",
			"amount": 15,
			"operation": 0,
			"uuid": "b2930a55-fa9d-4124-bb58-2ba3169d1495",
			"required_ability": "god_mode"
		},
		{
			"ability": "lucraftcore:fall_resistance",
			"amount": 25,
			"operation": 0,
			"uuid": "b2930a55-fa9d-4124-bb58-2ba3169d1495",
			"required_ability": "god_mode"
		},
		{
		"ability": "lucraftcore:size_change",
		"size": 0.75
	    }
    ],
	
	"effects": [
	    {
		"type": "skin_overlay",
        "texture": "mystheroes:textures/skins/shazam_skin.png",
		"glow": false,
        "size": 0.3,
		"conditions": [
				{
					"type": "ability_enabled",
					"ability": "heroesexpansion:god_mode"
				}
			]
	    },
		{
			"type": "name_change",
			"name": {
				"text": "Shazam"
			},
			"conditions": [
				{
					"type": "ability_enabled",
					"ability": "heroesexpansion:god_mode"
				}
			]
		},
		{
			"type": "glowing_hand",
			"color": [0, 1, 1],
			"size": 1.25,
			"conditions": [
				{
					"type": "ability_enabled",
					"ability": "heroesexpansion:lightning_strike"
				}
			]
		}
	]
}
