{
	"name": {
		"text": "Ant-Man's Suit"
	},

	"armor_material": {
		"durability": 1000,
		"damage_reduction_amounts": [3, 6, 8, 3],
		"enchantibility": 20,
		"toughness": 2.0,
		"sound": "item.armor.equip_generic"
	},

	"creative_tab": "maxheroes",

	"description": {
		"text": "Antman (Civil War) (MCU)"
	},

	"abilities": [{
			"ability": "lucraftcore:fire_resistance"
		},
		{
			"ability": "lucraftcore:healing",
			"frequency": 20,
			"amount": 5
		},
		{
			"ability": "lucraftcore:strength",
			"factor": 1,
			"operation": 1,
			"uuid": "0669d99d-b34d-40fc-a4d8-c7ee963cc842"
		},
		{
			"ability": "lucraftcore:size_change",
			"size": 10,
			"key": 3
		},
		{
			"ability": "lucraftcore:size_change",
			"size": 0.1,
			"key": 4
		}
	],


	"armor_parts": {

		"head": {
			"openable": true,
			"glow": true,
			"armor_model_scale": 0.5,
			"name": {
				"text": "Ant-Man's Helmet"
			},
			"textures": {
				"normal": "maxheroes:textures/models/armor/antman/helmet.png",
				"normal_open": "maxheroes:textures/models/armor/antman/helmet_open.png",
				"glow": "maxheroes:textures/models/armor/antman/helmet_glow.png",
				"glow_open": "maxheroes:textures/models/armor/antman/helmet_open_glow.png"

			},
			"item_texture": {
				"blockstate": "maxheroes:antman_suit"
			}

		},

		"chest": {
			"openable": false,
			"glow": true,
			"armor_model_scale": 0.22,
			"name": {
				"text": "Ant-Man's Chestplate"
			},
			"textures": {
				"normal": "maxheroes:textures/models/armor/antman/chestplate.png",
				"normal_smallarms": "maxheroes:textures/models/armor/antman/chestplate_smallarms.png",
				"glow": "maxheroes:textures/models/armor/antman/chest_glow.png",
				"glow_smallarms": "maxheroes:textures/models/armor/antman/chest_small_glow.png"

			},
			"item_texture": {
				"blockstate": "maxheroes:antman_suit"
			}
		},

		"legs": {
			"openable": false,
			"glow": false,
			"armor_model_scale": 0.25,
			"name": {
				"text": "Ant-Man's Leggings"
			},
			"textures": {
				"normal": "maxheroes:textures/models/armor/antman/legs.png"
			},
			"item_texture": {
				"blockstate": "maxheroes:antman_suit"
			}
		},

		"feet": {
			"openable": false,
			"glow": false,
			"armor_model_scale": 0.22,
			"name": {
				"text": "Ant-Man's Boots"
			},
			"textures": {
				"normal": "maxheroes:textures/models/armor/antman/boots.png"
			},
			"item_texture": {
				"blockstate": "maxheroes:antman_suit"
			}
		}
	}
}