{
	"name": {
		"text": "Arrow's Suit"
	},

	"armor_material": {
		"durability": 1000,
		"damage_reduction_amounts": [3, 6, 8, 3],
		"enchantibility": 15,
		"toughness": 0.0,
		"sound": "item.armor.equip_generic"
	},

	"description": {
		"text": "Arrow (CW) (Season 3)"
	},

	"creative_tab": "maxheroes",

	"abilities": [
		{
			"ability": "lucraftcore:healing",
			"frequency": 20,
			"amount": 5
		}

	],

	"armor_parts": {

		"head": {
			"openable": true,
			"glow": false,
			"armor_model_scale": 0.5,
			"name": {
				"text": "Arrow's Hood"
			},
			"textures": {
				"normal": "maxheroes:textures/models/armor/arrow/helmet.png",
				"normal_open": "maxheroes:textures/models/armor/arrow/helmet_open.png"
			},
			"item_texture": {
				"blockstate": "maxheroes:arrow_suit"
			}
		},

		"chest": {
			"openable": false,
			"glow": false,
			"armor_model_scale": 0.22,
			"name": {
				"text": "Arrow's Chestpiece"
			},
			"textures": {
				"normal": "maxheroes:textures/models/armor/arrow/chestplate.png",
				"normal_open": "maxheroes:textures/models/armor/arrow/chestplate_open.png",
				"normal_smallarms": "maxheroes:textures/models/armor/arrow/chestplate_smallarms.png",
				"normal_smallarms_open": "maxheroes:textures/models/armor/arrow/chestplate_smallarms_open.png"
			},
			"item_texture": {
				"blockstate": "maxheroes:arrow_suit"
			}
		},

		"legs": {
			"openable": false,
			"glow": false,
			"armor_model_scale": 0.25,
			"name": {
				"text": "Arrow's Pants"
			},
			"textures": {
				"normal": "maxheroes:textures/models/armor/arrow/legs.png"

			},
			"item_texture": {
				"blockstate": "maxheroes:arrow_suit"
			}
		},

		"feet": {
			"openable": false,
			"glow": false,
			"armor_model_scale": 0.22,
			"name": {
				"text": "Arrow's Boots"
			},
			"textures": {
				"normal": "maxheroes:textures/models/armor/arrow/boots.png"

			},
			"item_texture": {
				"blockstate": "maxheroes:arrow_suit"
			}
		}
	}
}