{
	"name": {
		"text": "The Atom's Suit"
	},

	"armor_material": {
		"durability": 1000,
		"damage_reduction_amounts": [3, 6, 8, 3],
		"enchantibility": 20,
		"toughness": 2.0,
		"sound": "item.armor.equip_generic"
	},

"creative_tab": "maxheroes",

	"description": {
		"text": "The Atom (CW)"
	},

	"abilities": [{
			"ability": "lucraftcore:fire_resistance"
		},
		{
			"ability": "lucraftcore:healing",
			"frequency": 20,
			"amount": 5
		},
		{
                 "ability": "lucraftcore:flight",
                 "cooldown": 0,
                 "show_in_bar": true,
                 "speed": 1,
                 "sprint_speed": 3,
                 "rotate_arms": false
           },
           {
                 "ability": "heroesexpansion:photon_blast",
                 "cooldown": 14,
                 "show_in_bar": true,
                 "color": [0, 0, 255]
           },
           {
			"ability": "lucraftcore:size_change",
			"size": 10,
                "key": 3
		},
           {
			"ability": "lucraftcore:size_change",
			"size": 0.1,
                "key": 4
		},
		{
		    "ability": "lucraftcore:energy_blast",
			"cooldown": 25,
            "damage": 9,
            "color": [0, 0, 255],
			"key": 2
		}
	],


	"armor_parts": {

		"head": {
			"openable": true,
			"glow": false,
			"armor_model_scale": 0.5,
			"name": {
				"text": "Atom's Helmet"
			},
			"textures": {
				"normal": "maxheroes:textures/models/armor/atom/helmet.png",
				"normal_open": "maxheroes:textures/models/armor/atom/helmet_open.png"
			},
			"item_texture": {
				"blockstate": "maxheroes:atom_suit"
			}

		},

		"chest": {
			"openable": false,
			"glow": false,
			"armor_model_scale": 0.22,
			"name": {
				"text": "Atom's Chestplate"
			},
			"textures": {
				"normal": "maxheroes:textures/models/armor/atom/chestplate.png",
				"normal_smallarms": "maxheroes:textures/models/armor/atom/chestplate_smallarms.png"
			},
			"item_texture": {
				"blockstate": "maxheroes:atom_suit"
			}
		},

		"legs": {
			"openable": false,
			"glow": false,
			"armor_model_scale": 0.25,
			"name": {
				"text": "Atom's Leggings"
			},
			"textures": {
				"normal": "maxheroes:textures/models/armor/atom/legs.png"
			},
			"item_texture": {
				"blockstate": "maxheroes:atom_suit"
			}
		},

		"feet": {
			"openable": false,
			"glow": false,
			"armor_model_scale": 0.22,
			"name": {
				"text": "Atom's Boots"
			},
			"textures": {
				"normal": "maxheroes:textures/models/armor/atom/boots.png"
			},
			"item_texture": {
				"blockstate": "maxheroes:atom_suit"
			}
		}
	}
}
