{
	"name": {
		"text": "Batman's Suit"
	},

	"armor_material": {
		"durability": 1000,
		"damage_reduction_amounts": [3, 6, 8, 3],
		"enchantibility": 15,
		"toughness": 0.0,
		"sound": "item.armor.equip_generic"
	},

	"description": {
		"text": "Batman (DCEU) (Justice League)"
	},

	"creative_tab": "maxheroes",

	"abilities": [{
			"ability": "lucraftcore:fire_resistance"
		},
           {
			"ability": "lucraftcore:punch",
			"factor": 2,
			"operation": 2,
                "uuid": "2125e01b-30bf-434d-b7e1-994dacc52f19"

		},
           {
                 "ability": "heroesexpansion:web_wings",
                 "cooldown": 0,
                 "show_in_bar": true
           },
           {
			"ability": "lucraftcore:invisibility",
                "cooldown": 400
		},
           {
			"ability": "lucraftcore:strength",
			"factor": 2,
			"operation": 2,
                "uuid": "2125e01b-30bf-434d-b7e1-994dacc52f19"

		},
           {
			"ability": "lucraftcore:sprint",
			"factor": 1,
			"operation": 1,
                "uuid": "2125e01b-30bf-434d-b7e1-994dacc52f19"

		},
           {
			"ability": "lucraftcore:jump_boost",
			"factor": 2,
			"operation": 2,
                "uuid": "2125e01b-30bf-434d-b7e1-994dacc52f19"

		},
		{
			"ability": "lucraftcore:healing",
			"frequency": 20,
			"amount": 5
		}

	],


	"armor_parts": {

		"head": {
			"openable": true,
			"glow": false,
			"armor_model_scale": 0.5,
			"name": {
				"text": "Batman's Mask"
			},
			"textures": {
				"normal": "maxheroes:textures/models/armor/batmandceu/helmet.png",
				"normal_open": "maxheroes:textures/models/armor/batmandceu/helmet_open.png"
			},
			"item_texture": {
				"blockstate": "maxheroes:batmandceu_suit"
			}
		},

		"chest": {
			"openable": false,
			"glow": false,
			"armor_model_scale": 0.22,
			"name": {
				"text": "Batman's Chestpiece"
			},
			"textures": {
				"normal": "maxheroes:textures/models/armor/batmandceu/chestplate.png",
				"normal_open": "maxheroes:textures/models/armor/batmandceu/chestplate_open.png",
				"normal_smallarms": "maxheroes:textures/models/armor/batmandceu/chestplate_smallarms.png",
				"normal_smallarms_open": "maxheroes:textures/models/armor/batmandceu/chestplate_smallarms_open.png"
			},
			"item_texture": {
				"blockstate": "maxheroes:batmandceu_suit"
			}
		},

		"legs": {
			"openable": false,
			"glow": false,
			"armor_model_scale": 0.25,
			"name": {
				"text": "Batman's Pants"
			},
			"textures": {
				"normal": "maxheroes:textures/models/armor/batmandceu/legs.png"

			},
			"item_texture": {
				"blockstate": "maxheroes:batmandceu_suit"
			}
		},

		"feet": {
			"openable": false,
			"glow": false,
			"armor_model_scale": 0.22,
			"name": {
				"text": "Batman's Boots"
			},
			"textures": {
				"normal": "maxheroes:textures/models/armor/batmandceu/boots.png"

			},
			"item_texture": {
				"blockstate": "maxheroes:batmandceu_suit"
			}
		}
	}
}