{
	"name": {
		"text": "BEEBO"
	},

	"armor_material": {
		"durability": 100000,
		"damage_reduction_amounts": [10, 10, 10, 10],
		"enchantibility": 15,
		"toughness": 10.0,
		"sound": "item.armor.equip_generic"
	},

	"description": {
		"text": "BEEBO, LO-LO-LOVES YOU !"
	},

	"creative_tab": "god",

	"abilities": [
		{
			"ability": "lucraftcore:healing",
			"frequency": 20,
			"amount": 5
		},
           {
                "ability": "speedsterheroes:turn_into_bubbles",
                "cooldown": 0,
                "show_in_bar": true
           },
           {
                "ability": "speedsterheroes:blade",
                "cooldown": 0,
                "show_in_bar": true,
                "title": {"translate":"Beebo but it's not cute"}
           },
           {
                "ability": "heroesexpansion:god_mode",
                "cooldown": 0,
                "show_in_bar": true,
                "title": {"translate":"Better than Thanos"},
                "damage": 40.0
           },
           {
                "ability": "heroesexpansion:heat_vision",
                "cooldown": 0,
                "show_in_bar": true,
                "color": [255, 0, 0]
           },
           {
                "ability": "heroesexpansion:grab_entity",
                "cooldown": 0,
                "show_in_bar": true
           },
           {
                "ability": "lucraftcore:size_change",
                "cooldown": 0,
                "show_in_bar": true,
                "size": 10.0,
                "size_changer": "lucraftcore:default"
           },
           {
                "ability": "lucraftcore:knockback_resistance",
                "show_in_bar": false,
                "amount": 10.0,
                "operation": 0,
                "uuid": "0669d99d-b34d-40fc-a4d8-c7ee963cc842"
           },
           { 
                "ability": "lucraftcore:slowfall",
                "cooldown": 0,
                "show_in_bar": true
           },
           {
                "ability": "lucraftcore:invisibility",
                "cooldown": 0,
                "show_in_bar": true
           },
           {
              "ability": "lucraftcore:jump_boost",
              "show_in_bar": false,
              "amount": 30.0,
              "operation": 0,
              "uuid": "0669d99d-b34d-40fc-a4d8-c7ee963cc842"
           } 


	],

	"armor_parts": {

		"head": {
			"openable": false,
			"glow": false,
			"armor_model_scale": 2.0,
			"name": {
				"text": "BEEBO THE BLUE GOD"
			},
			"textures": {
				"normal": "maxheroes:textures/models/armor/beebo/helmet.png",
				"normal_open": "maxheroes:textures/models/armor/beebo/helmet_open.png"
			},
			"item_texture": {
				"blockstate": "maxheroes:beebo_suit"
			}
		},

		"chest": {
			"openable": false,
			"glow": false,
			"armor_model_scale": 1.5,
			"name": {
				"text": "BEEBO THE BLUE GOD"
			},
			"textures": {
				"normal": "maxheroes:textures/models/armor/beebo/chestplate.png",
				"normal_open": "maxheroes:textures/models/armor/beebo/chestplate_open.png",
				"normal_smallarms": "maxheroes:textures/models/armor/beebo/chestplate_smallarms.png",
				"normal_smallarms_open": "maxheroes:textures/models/armor/beebo/chestplate_smallarms_open.png"
			},
			"item_texture": {
				"blockstate": "maxheroes:beebo_suit"
			}
		},

		"legs": {
			"openable": false,
			"glow": false,
			"armor_model_scale": 1.0,
			"name": {
				"text": "BEEBO THE BLUE GOD"
			},
			"textures": {
				"normal": "maxheroes:textures/models/armor/beebo/legs.png"

			},
			"item_texture": {
				"blockstate": "maxheroes:beebo_suit"
			}
		},

		"feet": {
			"openable": false,
			"glow": false,
			"armor_model_scale": 1.0,
			"name": {
				"text": "BEEBO THE BLUE GOD"
			},
			"textures": {
				"normal": "maxheroes:textures/models/armor/beebo/boots.png"

			},
			"item_texture": {
				"blockstate": "maxheroes:beebo_suit"
			}
		}
	}
}