{
	"name": {
		"text": "Bidoof."
	},

	"armor_material": {
		"durability": 100000,
		"damage_reduction_amounts": [100, 100, 100, 100],
		"enchantibility": 15,
		"toughness": 10.0,
		"sound": "maxheroes:sounds/trigger.ogg"
	},

	"description": {
		"text": "The Perfect Bidoof."
	},

	"creative_tab": "god",

	"abilities": [
		{
			"ability": "lucraftcore:healing",
			"frequency": 20,
			"amount": 5
		},
           {
                "ability": "speedsterheroes:turn_into_bubbles",
                "cooldown": 0,
                "show_in_bar": true,
                "title": {"translate":"Be one with Bidoof."}
           }, 
           {
                "ability": "heroesexpansion:god_mode",
                "cooldown": 0,
                "show_in_bar": true,
                "title": {"translate":"Bidoof."},
                "damage": 40.0
           },
		   {
                "ability": "heroesexpansion:photon_blast",
                "cooldown": 0,
                "show_in_bar": true,
                "title": {"translate":"This."},
                "color": [255, 200, 0]
           },
           {
                "ability": "heroesexpansion:grab_entity",
                "cooldown": 0,
                "show_in_bar": true
           },
           {
                "ability": "heroesexpansion:heat_vision",
                "cooldown": 0,
                "show_in_bar": true,
                "title": {"translate":"Eye of Bidoof"},
                "color": [255, 200, 0]
           },
           {
                "ability": "lucraftcore:knockback_resistance",
                "show_in_bar": false,
                "amount": 10.0,
                "operation": 0,
                "uuid": "0669d99d-b34d-40fc-a4d8-c7ee963cc842"
           },
           { 
                "ability": "lucraftcore:slowfall",
                "cooldown": 0,
                "show_in_bar": true
           },
           {
                "ability": "lucraftcore:flight",
                "cooldown": 0,
                "show_in_bar": true,
                "speed": 0.76,
                "sprint_speed": 10.0,
                "rotate_arms": true
           }, 
		   {
                "ability": "lucraftcore:teleport",
                "cooldown": 5,
                "show_in_bar": true,
                "distance": 130.0
           },
           {
                "ability": "lucraftcore:invisibility",
                "cooldown": 0,
                "show_in_bar": true
           },
           {
              "ability": "lucraftcore:jump_boost",
              "show_in_bar": false,
              "amount": 2.0,
              "operation": 0,
              "uuid": "0669d99d-b34d-40fc-a4d8-c7ee963cc842"
           } 


	],

	"armor_parts": {

		"head": {
			"openable": false,
			"glow": true,
			"armor_model_scale": 0.5,
			"name": {
				"text": "Bidoof."
			},
			"textures": {
				"normal": "maxheroes:textures/models/armor/bidoof/helmet.png",
				"glow": "maxheroes:textures/models/armor/bidoof/helmet_glow.png"
			},
			"item_texture": {
				"blockstate": "maxheroes:bidoof_suit"
			}
		},

		"chest": {
			"openable": false,
			"glow": true,
			"armor_model_scale": 0.22,
			"name": {
				"text": "Bidoof."
			},
			"textures": {
				"normal": "maxheroes:textures/models/armor/bidoof/chestplate.png",
				"glow": "maxheroes:textures/models/armor/bidoof/chest_glow.png",
				"normal_smallarms": "maxheroes:textures/models/armor/bidoof/chestplate_smallarms.png",
				"smallarms_glow": "maxheroes:textures/models/armor/bidoof/chest_smallarms_glow.png"
			},
			"item_texture": {
				"blockstate": "maxheroes:bidoof_suit"
			}
		},

		"legs": {
			"openable": false,
			"glow": true,
			"armor_model_scale": 0.25,
			"name": {
				"text": "Bidoof."
			},
			"textures": {
				"normal": "maxheroes:textures/models/armor/bidoof/legs.png",
                      "glow":
"maxheroes:textures/models/armor/bidoof/legs_glow.png"

			},
			"item_texture": {
				"blockstate": "maxheroes:bidoof_suit"
			}
		},

		"feet": {
			"openable": false,
			"glow": true,
			"armor_model_scale": 0.22,
			"name": {
				"text": "Bidoof."
			},
			"textures": {
				"normal": "maxheroes:textures/models/armor/bidoof/boots.png",
                      "glow":
"maxheroes:textures/models/armor/bidoof/boots_glow.png"

			},
			"item_texture": {
				"blockstate": "maxheroes:bidoof_suit"
			}
		}
	}
}