{
	"name": {
		"text": "Bluestorm's Suit"
	},

	"armor_material": {
		"durability": 10,
		"damage_reduction_amounts": [3, 6, 8, 3],
		"enchantibility": 20,
		"toughness": 2.0,
		"sound": "item.armor.equip_generic"
	},

"creative_tab": "maxheroes",

	"description": {
		"text": "Bluestorm (Custom)"
	},

	"abilities": [{
			"ability": "lucraftcore:fire_resistance"
		},
		{
			"ability": "lucraftcore:healing",
			"frequency": 20,
			"amount": 5
		}
	],


	"armor_parts": {

		"chest": {
			"openable": false,
			"glow": true,
			"armor_model_scale": 0.22,
			"name": {
				"text": "Bluestorm's Chestpiece"
			},
			"textures": {
				"normal": "maxheroes:textures/models/armor/bluestorm/chestplate.png",
				"normal_smallarms": "maxheroes:textures/models/armor/bluestorm/chestplate_smallarms.png",
                     "glow": "maxheroes:textures/models/armor/bluestorm/chest_glow.png",
				"glow_smallarms": "maxheroes:textures/models/armor/bluestorm/chest_glow.png"

			},
			"item_texture": {
				"blockstate": "maxheroes:bluestorm_suit"
			}
		},

		"legs": {
			"openable": false,
			"glow": false,
			"armor_model_scale": 0.25,
			"name": {
				"text": "Bluestorm's Pants"
			},
			"textures": {
				"normal": "maxheroes:textures/models/armor/bluestorm/legs.png"
			},
			"item_texture": {
				"blockstate": "maxheroes:bluestorm_suit"
			}
		},

		"feet": {
			"openable": false,
			"glow": false,
			"armor_model_scale": 0.22,
			"name": {
				"text": "Bluestorm's Boots"
			},
			"textures": {
				"normal": "maxheroes:textures/models/armor/bluestorm/boots.png"
			},
			"item_texture": {
				"blockstate": "maxheroes:bluestorm_suit"
			}
		}
	}
}
