{
	"name": {
		"text": "Captain America's Suit"
	},

	"armor_material": {
		"durability": 1000,
		"damage_reduction_amounts": [3, 6, 8, 3],
		"enchantibility": 15,
		"toughness": 0.0,
		"sound": "item.armor.equip_generic"
	},

	"description": {
		"text": "Captain America (MCU) (Infinity War)"
	},

"creative_tab": "maxheroes",

	"abilities": [{
			"ability": "lucraftcore:fire_resistance"
		},
		{
			"ability": "lucraftcore:healing",
			"frequency": 20,
			"amount": 1.5
		},           
           {
			"ability": "lucraftcore:strength",
			"factor": 2,
			"operation": 2,
                "uuid": "2125e01b-30bf-434d-b7e1-994dacc52f19"

		}
	],

	"armor_parts": {

			"chest": {
			"openable": false,
			"glow": false,
			"armor_model_scale": 0.22,
			"name": {
				"text": "Captain America's Chestpiece"
			},
			"textures": {
				"normal": "maxheroes:textures/models/armor/captainamerica/chestplate.png",
				"normal_open": "maxheroes:textures/models/armor/captainamerica/chestplate_open.png",
				"normal_smallarms": "maxheroes:textures/models/armor/captainamerica/chestplate_smallarms.png",
				"normal_smallarms_open": "maxheroes:textures/models/armor/captainamerica/chestplate_smallarms_open.png"
			},
			"item_texture": {
				"blockstate": "maxheroes:captainamerica_suit"
			}
		},

		"legs": {
			"openable": false,
			"glow": false,
			"armor_model_scale": 0.25,
			"name": {
				"text": "Captain America's Pants"
			},
			"textures": {
				"normal": "maxheroes:textures/models/armor/captainamerica/legs.png"

			},
			"item_texture": {
				"blockstate": "maxheroes:captainamerica_suit"
			}
		},

		"feet": {
			"openable": false,
			"glow": false,
			"armor_model_scale": 0.22,
			"name": {
				"text": "Captain America's Boots"
			},
			"textures": {
				"normal": "maxheroes:textures/models/armor/captainamerica/boots.png"

			},
			"item_texture": {
				"blockstate": "maxheroes:captainamerica_suit"
			}
		}
	}
}