{
	"name": {
		"text": "Cicada's Suit"
	},

	"armor_material": {
		"durability": 1000,
		"damage_reduction_amounts": [3, 6, 8, 3],
		"enchantibility": 15,
		"toughness": 0.0,
		"sound": "item.armor.equip_generic"
	},

	"description": {
		"text": "Cicada (CW)"
	},

"creative_tab": "maxheroes",

	"abilities": [{
			"ability": "lucraftcore:healing",
			"frequency": 20,
			"amount": 1.5
		},
           {
			"ability": "lucraftcore:resistance",
			"factor": 1,
			"operation": 1,
                "uuid": "2125e01b-30bf-434d-b7e1-994dacc52f19"

		},
           {
			"ability": "lucraftcore:fall_resistance",
			"factor": 1.5,
			"operation": 1.5,
                "uuid": "2125e01b-30bf-434d-b7e1-994dacc52f19"

		}
	],

	"armor_parts": {

		"head": {
			"openable": true,
			"glow": false,
			"armor_model_scale": 0.5,
			"name": {
				"text": "Cicada's Hood"
			},
			"textures": {
				"normal": "maxheroes:textures/models/armor/cicada/helmet.png",
				"normal_open": "maxheroes:textures/models/armor/cicada/helmet_open.png"
			},
			"item_texture": {
				"blockstate": "maxheroes:cicada_suit"
			}
		},

		"chest": {
			"openable": false,
			"glow": false,
			"armor_model_scale": 0.22,
			"name": {
				"text": "Cicada's Jacket"
			},
			"textures": {
				"normal": "maxheroes:textures/models/armor/cicada/chestplate.png",
				"normal_open": "maxheroes:textures/models/armor/cicada/chestplate_open.png",
				"normal_smallarms": "maxheroes:textures/models/armor/cicada/chestplate_smallarms.png",
				"normal_smallarms_open": "maxheroes:textures/models/armor/cicada/chestplate_smallarms_open.png"
			},
			"item_texture": {
				"blockstate": "maxheroes:cicada_suit"
			}
		},

		"legs": {
			"openable": false,
			"glow": false,
			"armor_model_scale": 0.25,
			"name": {
				"text": "Cicada's Pants"
			},
			"textures": {
				"normal": "maxheroes:textures/models/armor/cicada/legs.png"

			},
			"item_texture": {
				"blockstate": "maxheroes:cicada_suit"
			}
		},

		"feet": {
			"openable": false,
			"glow": false,
			"armor_model_scale": 0.22,
			"name": {
				"text": "Cicada's Boots"
			},
			"textures": {
				"normal": "maxheroes:textures/models/armor/cicada/boots.png"

			},
			"item_texture": {
				"blockstate": "maxheroes:cicada_suit"
			}
		}
	}
}