{
	"name": {
		"text": "John Constantine's Suit"
	},

	"armor_material": {
		"durability": 1000,
		"damage_reduction_amounts": [3, 6, 8, 3],
		"enchantibility": 15,
		"toughness": 0.0,
		"sound": "item.armor.equip_generic"
	},

	"description": {
		"text": "John Constantine (CW)"
	},

	"creative_tab": "maxheroes",

	"abilities": [{
			"ability": "lucraftcore:teleport",
			"distance": 40
		},
		{
			"ability": "lucraftcore:potion_punch",
			"potion": "minecraft:levitation",
			"amplifier": 1,
			"duration": 300
		},
           {         
                "ability": "lucraftcore:invisibility"
           },
		{
			"ability": "lucraftcore:potion_punch",
			"potion": "minecraft:slowness",
			"amplifier": 3,
			"duration": 100
		},
		{
			"ability": "lucraftcore:potion_punch",
			"potion": "minecraft:wither",
			"amplifier": 3,
			"duration": 60
		},
		{
			"ability": "lucraftcore:potion_punch",
			"potion": "minecraft:mining_fatigue",
			"amplifier": 10,
			"duration": 60
		},
		{
			"ability": "lucraftcore:potion_punch",
			"potion": "minecraft:nausea",
			"amplifier": 1,
			"duration": 100
		},
		{
			"ability": "lucraftcore:potion_punch",
			"potion": "minecraft:blindness",
			"amplifier": 1,
			"duration": 100
		},
		{
			"ability": "lucraftcore:potion_punch",
			"potion": "minecraft:hunger",
			"amplifier": 1,
			"duration": 100
		},
		{
			"ability": "lucraftcore:potion_punch",
			"potion": "minecraft:weakness",
			"amplifier": 5,
			"duration": 60
		},
		{
			"ability": "lucraftcore:energy_blast",
			"cooldown": 7,
			"damage": 5,
			"color": [1.0, 0.32, 0.0],
			"key": 2
		},
		{
			"ability": "lucraftcore:healing",
			"frequency": 20,
			"amount": 5
		}

	],

	"armor_parts": {

		"chest": {
			"openable": false,
			"glow": false,
			"armor_model_scale": 0.22,
			"name": {
				"text": "John Constantine's Jacket"
			},
			"textures": {
				"normal": "maxheroes:textures/models/armor/constantine/chestplate.png",
				"normal_open": "maxheroes:textures/models/armor/constantine/chestplate_open.png",
				"normal_smallarms": "maxheroes:textures/models/armor/constantine/chestplate_smallarms.png",
				"normal_smallarms_open": "maxheroes:textures/models/armor/constantine/chestplate_smallarms_open.png"
			},
			"item_texture": {
				"blockstate": "maxheroes:constantine_suit"
			}
		}
	}
}