{
	"name": {
		"text": "Cyborg's Suit"
	},

	"armor_material": {
		"durability": 1000,
		"damage_reduction_amounts": [6, 8, 10, 6],
		"enchantibility": 15,
		"toughness": 0.0,
		"sound": "item.armor.equip_generic"
	},

	"description": {
		"text": "Cyborg (DCEU)"
	},

	"creative_tab": "maxheroes",

	"abilities": [
		{
			"ability": "lucraftcore:healing",
			"frequency": 20,
			"amount": 5
		},
		{
            "ability": "heroesexpansion:photon_blast",
            "cooldown": 50,
            "show_in_bar": true,
            "color": [255, 0, 0]
        },
		{
            "ability": "lucraftcore:strength",
            "show_in_bar": false,
            "amount": 4.0,
            "operation": 0,
            "uuid": "0669d99d-b34d-40fc-a4d8-c7ee963cc842"
        },
        {
            "ability": "lucraftcore:punch",
            "show_in_bar": false,
            "amount": 3.0,
            "operation": 0,
            "uuid": "0669d99d-b34d-40fc-a4d8-c7ee963cc842"
        },
		{
            "ability": "lucraftcore:flight",
            "cooldown": 0,
            "show_in_bar": true,
            "speed": 1,
            "sprint_speed": 3.5,
            "rotate_arms": false
	    }
	],

	"armor_parts": {

		"head": {
			"openable": false,
			"glow": true,
			"armor_model_scale": 0.5,
			"name": {
				"text": "Cyborg's Mask"
			},
			"textures": {
				"normal": "maxheroes:textures/models/armor/cyborg/helmet.png",
				"glow": "maxheroes:textures/models/armor/cyborg/helmet_glow.png"
			},
			"item_texture": {
				"blockstate": "maxheroes:cyborg_suit"
			}
		},

		"chest": {
			"openable": false,
			"glow": true,
			"armor_model_scale": 0.22,
			"name": {
				"text": "Cyborg's Chestpiece"
			},
			"textures": {
				"normal": "maxheroes:textures/models/armor/cyborg/chestplate.png",
				"glow": "maxheroes:textures/models/armor/cyborg/chestplate_glow.png",
				"normal_smallarms": "maxheroes:textures/models/armor/cyborg/chestplate_smallarms.png",
				"glow_smallarms": "maxheroes:textures/models/armor/cyborg/chestplate_smallarms_glow.png"
			},
			"item_texture": {
				"blockstate": "maxheroes:cyborg_suit"
			}
		},

		"legs": {
			"openable": false,
			"glow": false,
			"armor_model_scale": 0.25,
			"name": {
				"text": "Cyborg's Legs"
			},
			"textures": {
				"normal": "maxheroes:textures/models/armor/cyborg/legs.png"

			},
			"item_texture": {
				"blockstate": "maxheroes:cyborg_suit"
			}
		},

		"feet": {
			"openable": false,
			"glow": false,
			"armor_model_scale": 0.22,
			"name": {
				"text": "Cyborg's Boots"
			},
			"textures": {
				"normal": "maxheroes:textures/models/armor/cyborg/boots.png"

			},
			"item_texture": {
				"blockstate": "maxheroes:cyborg_suit"
			}
		}
	}
}