{
	"name": {
		"text": "DarkSpeed's Suit"
	},

	"armor_material": {
		"durability": 10,
		"damage_reduction_amounts": [3, 6, 8, 3],
		"enchantibility": 20,
		"toughness": 0.0,
		"sound": "item.armor.equip_generic"
	},

"creative_tab": "maxspeedsters",

	"data": {
		"trail": {
			"red": 1,
			"green": 0,
			"blue": 0
		},
		"flicker": {
			"red": 0.55,
			"green": 0,
			"blue": 1
		},

		"speed_levels": 17
	},

	"description": {
		"text": "DarkSpeed (Custom)"
	},

	"abilities": [{
			"ability": "lucraftcore:fire_resistance"
		},
		{
			"ability": "lucraftcore:healing",
			"frequency": 20,
			"amount": 5
		},
		           {
			"ability": "speedsterheroes:suit_ring"
		},
          { 
      "ability": "speedsterheroes:blade"
    }

	],

	"effects": [{
			"type": "flickering",
			"color": [0.55, 0, 1],
			"use_suit_flicker": true,
			"conditions": [{
				"type": "ability_enabled",
				"ability": "speedsterheroes:super_speed"
			}]
		},
		{
			"type": "vibrating",
			"conditions": [{
				"type": "ability_enabled",
				"ability": "speedsterheroes:super_speed"
			}]
		},
          { 
                "type": "blade",
                "conditions": [
        {
          "type": "ability_enabled",
          "ability": "speedsterheroes:blade"
        }
      ]
    }

	],


	"armor_parts": {

		"head": {
			"openable": true,
			"glow": true,
			"armor_model_scale": 0.8,
			"name": {
				"text": "DarkSpeed's Mask"
			},
			"textures": {
				"normal": "maxheroes:textures/models/armor/darkspeed/helmet.png",
				"normal_open": "maxheroes:textures/models/armor/darkspeed/helmet_open.png",
				"glow": "maxheroes:textures/models/armor/darkspeed/helmet_glow.png",
                     "glow_open":
"maxheroes:textures/models/armor/darkspeed/helmet_open_glow.png"
			},
			"item_texture": {
				"blockstate": "maxheroes:darkspeed_suit"
			}

		},

		"chest": {
			"openable": false,
			"glow": true,
			"armor_model_scale": 0.57,
			"name": {
				"text": "DarkSpeed's Chestpiece"
			},
			"textures": {
				"normal": "maxheroes:textures/models/armor/darkspeed/chestplate.png",
				"normal_smallarms": "maxheroes:textures/models/armor/darkspeed/chestplate_smallarms.png",
				"glow": "maxheroes:textures/models/armor/darkspeed/chest_glow.png",
                     "glow_smallarms":
"maxheroes:textures/models/armor/darkspeed/chest_small_glow.png"
			},
			"item_texture": {
				"blockstate": "maxheroes:darkspeed_suit"
			}
		},

		"legs": {
			"openable": false,
			"glow": true,
			"armor_model_scale": 0.55,
			"name": {
				"text": "DarkSpeed's Pants"
			},
			"textures": {
				"normal": "maxheroes:textures/models/armor/darkspeed/legs.png",
				"glow": "maxheroes:textures/models/armor/darkspeed/legs_glow.png"
			},
			"item_texture": {
				"blockstate": "maxheroes:darkspeed_suit"
			}
		},

		"feet": {
			"openable": false,
			"glow": true,
			"armor_model_scale": 0.57,
			"name": {
				"text": "DarkSpeed's Boots"
			},
			"textures": {
				"normal": "maxheroes:textures/models/armor/darkspeed/boots.png",
				"glow": "maxheroes:textures/models/armor/darkspeed/boots_glow.png"
			},
			"item_texture": {
				"blockstate": "maxheroes:darkspeed_suit"
			}
		}
	}
}