{
	"name": {
		"text": "The Flash's Suit"
	},

	"armor_material": {
		"durability": 10,
		"damage_reduction_amounts": [3, 6, 8, 3],
		"enchantibility": 20,
		"toughness": 0.0,
		"sound": "item.armor.equip_generic"
	},

"creative_tab": "maxspeedsters",

	"data": {
		"trail": {
			"red": 0.286,
			"green": 0.655,
			"blue": 1
		},
		"flicker": {
			"red": 0.286,
			"green": 0.655,
			"blue": 1
		},
		"speed_levels": 9
	},

	"description": {
		"text": "The Flash (DCEU)"
	},

	"abilities": [{
			"ability": "lucraftcore:fire_resistance"
		},
		{
			"ability": "lucraftcore:healing",
			"frequency": 20,
			"amount": 5
		},
		{
			"ability": "speedsterheroes:suit_ring"
		}
	],

"effects": [{
			"type": "trail",
			"trail_type": "electricity",
			"color": [0.286, 0.655, 1],
			"use_suit_trail": true,
			"conditions": [{
				"type": "ability_enabled",
				"ability": "speedsterheroes:super_speed"
			}]
		}
	],


	"armor_parts": {

		"head": {
			"openable": true,
			"glow": false,
			"armor_model_scale": 0.5,
			"name": {
				"text": "Flash's Helmet"
			},
			"textures": {
				"normal": "maxheroes:textures/models/armor/dceu/helmet.png",
				"normal_open": "maxheroes:textures/models/armor/dceu/helmet_open.png"			},
			"item_texture": {
				"blockstate": "maxheroes:dceu_suit"
			}

		},

		"chest": {
			"openable": false,
			"glow": false,
			"armor_model_scale": 0.22,
			"name": {
				"text": "Flash's Chestpiece"
			},
			"textures": {
				"normal": "maxheroes:textures/models/armor/dceu/chestplate.png",
				"normal_smallarms": "maxheroes:textures/models/armor/dceu/chestplate_smallarms.png"			},
			"item_texture": {
				"blockstate": "maxheroes:dceu_suit"
			}
		},

		"legs": {
			"openable": false,
			"glow": false,
			"armor_model_scale": 0.25,
			"name": {
				"text": "Flash's Pants"
			},
			"textures": {
				"normal": "maxheroes:textures/models/armor/dceu/legs.png"			},
			"item_texture": {
				"blockstate": "maxheroes:dceu_suit"
			}
		},

		"feet": {
			"openable": false,
			"glow": false,
			"armor_model_scale": 0.22,
			"name": {
				"text": "Flash's Boots"
			},
			"textures": {
				"normal": "maxheroes:textures/models/armor/dceu/boots.png"			},
			"item_texture": {
				"blockstate": "maxheroes:dceu_suit"
			}
		}
	}
}