{
	"name": {
		"text": "Demon Speed's Suit"
	},

	"armor_material": {
		"durability": 10,
		"damage_reduction_amounts": [3, 6, 8, 3],
		"enchantibility": 20,
		"toughness": 0.0,
		"sound": "item.armor.equip_generic"
	},

"creative_tab": "maxspeedsters",

	"data": {
		"trail": {
			"red": 0,
			"green": 0,
			"blue": 1
		},
		"flicker": {
			"red": 0,
			"green": 1,
			"blue": 0.365
		},

		"speed_levels": 12
	},

	"description": {
		"text": "Demon Speed (Custom)"
	},

	"abilities": [{
			"ability": "lucraftcore:fire_resistance"
		},
		{
			"ability": "lucraftcore:healing",
			"frequency": 20,
			"amount": 5
		},
           {
			"ability": "speedsterheroes:suit_ring"
		}
	],

	"effects": [{
			"type": "flickering",
			"color": [0, 0, 1],
			"use_suit_flicker": true,
			"conditions": [{
				"type": "ability_enabled",
				"ability": "speedsterheroes:super_speed"
			}]
		},
		{
			"type": "vibrating",
			"conditions": [{
				"type": "ability_enabled",
				"ability": "speedsterheroes:super_speed"
			}]
		}
	],


	"armor_parts": {

		"head": {
			"openable": true,
			"glow": true,
			"armor_model_scale": 0.5,
			"name": {
				"text": "Demon Speed's Mask"
			},
			"textures": {
				"normal": "maxheroes:textures/models/armor/demonspeed/helmet.png",
				"normal_open": "maxheroes:textures/models/armor/demonspeed/helmet_open.png",
				"glow": "maxheroes:textures/models/armor/demonspeed/helmet_glow.png",
                     "glow_open":
"maxheroes:textures/models/armor/demonspeed/helmet_open_glow.png"
			},
			"item_texture": {
				"blockstate": "maxheroes:demonspeed_suit"
			}

		},

		"chest": {
			"openable": false,
			"glow": true,
			"armor_model_scale": 0.22,
			"name": {
				"text": "Demon Speed's Chestpiece"
			},
			"textures": {
				"normal": "maxheroes:textures/models/armor/demonspeed/chestplate.png",
				"normal_smallarms": "maxheroes:textures/models/armor/demonspeed/chestplate_smallarms.png",
				"glow": "maxheroes:textures/models/armor/demonspeed/chest_glow.png",
                      "glow_smallarms":
"maxheroes:textures/models/armor/demonspeed/chest_small_glow.png"
			},
			"item_texture": {
				"blockstate": "maxheroes:demonspeed_suit"
			}
		},

		"legs": {
			"openable": false,
			"glow": true,
			"armor_model_scale": 0.25,
			"name": {
				"text": "Demon Speed's Pants"
			},
			"textures": {
				"normal": "maxheroes:textures/models/armor/demonspeed/legs.png",
				"glow": "maxheroes:textures/models/armor/demonspeed/legs_glow.png"
			},
			"item_texture": {
				"blockstate": "maxheroes:demonspeed_suit"
			}
		},

		"feet": {
			"openable": false,
			"glow": true,
			"armor_model_scale": 0.22,
			"name": {
				"text": "Demon Speed's Boots"
			},
			"textures": {
				"normal": "maxheroes:textures/models/armor/demonspeed/boots.png",
				"glow": "maxheroes:textures/models/armor/demonspeed/boots_glow.png"
			},
			"item_texture": {
				"blockstate": "maxheroes:demonspeed_suit"
			}
		}
	}
}