{
	"name": {
		"text": "Future Flash's Suit"
	},

	"armor_material": {
		"durability": 10,
		"damage_reduction_amounts": [3, 6, 8, 3],
		"enchantibility": 20,
		"toughness": 0.0,
		"sound": "item.armor.equip_generic"
	},

	"creative_tab": "maxspeedsters",

	"data": {
		"trail": {
			"red": 0.616,
			"green": 0.871,
			"blue": 0.949
		},
		"flicker": {
			"red": 0.616,
			"green": 0.871,
			"blue": 0.949
		},

		"speed_levels": 27
	},

	"description": {
		"text": "Future Flash (Comics)"
	},

	"abilities": [{
			"ability": "lucraftcore:fire_resistance"
		},
		{
			"ability": "lucraftcore:healing",
			"frequency": 20,
			"amount": 5
		},
		{
			"ability": "speedsterheroes:suit_ring"
		}
	],

	"effects": [{
		"type": "flickering",
		"color": [0, 1, 0],
		"use_suit_flicker": true,
		"conditions": [{
			"type": "ability_enabled",
			"ability": "speedsterheroes:super_speed"
		}]
	}],

	"armor_parts": {

		"head": {
			"openable": true,
			"glow": true,
			"armor_model_scale": 0.5,
			"name": {
				"text": "Future Flash's Mask"
			},
			"textures": {
				"normal": "maxheroes:textures/models/armor/futureflash/helmet.png",
				"normal_open": "maxheroes:textures/models/armor/futureflash/helmet_open.png",
				"glow": "maxheroes:textures/models/armor/futureflash/helmet_glow.png",
				"glow_open": "maxheroes:textures/models/armor/futureflash/helmet_open_glow.png"

			},
			"item_texture": {
				"blockstate": "maxheroes:futureflash_suit"
			}

		},

		"chest": {
			"openable": false,
			"glow": true,
			"armor_model_scale": 0.22,
			"name": {
				"text": "Future Flash's Chestpiece"
			},
			"textures": {
				"normal": "maxheroes:textures/models/armor/futureflash/chestplate.png",
				"normal_smallarms": "maxheroes:textures/models/armor/futureflash/chestplate_smallarms.png",
				"glow": "maxheroes:textures/models/armor/futureflash/chest_glow.png",
                     "glow_smallarms":
"maxheroes:textures/models/armor/futureflash/chest_small_glow.png"

			},
			"item_texture": {
				"blockstate": "maxheroes:futureflash_suit"
			}
		},

		"legs": {
			"openable": false,
			"glow": true,
			"armor_model_scale": 0.25,
			"name": {
				"text": "Future Flash's Pants"
			},
			"textures": {
				"normal": "maxheroes:textures/models/armor/futureflash/legs.png",
				"glow": "maxheroes:textures/models/armor/futureflash/legs_glow.png"
			},

			"item_texture": {
				"blockstate": "maxheroes:futureflash_suit"
			}
		},

		"feet": {
			"openable": false,
			"glow": true,
			"armor_model_scale": 0.22,
			"name": {
				"text": "Future Flash's Boots"
			},
			"textures": {
				"normal": "maxheroes:textures/models/armor/futureflash/boots.png",
				"glow": "maxheroes:textures/models/armor/futureflash/boots_glow.png"
			},
			"item_texture": {
				"blockstate": "maxheroes:futureflash_suit"
			}
		}
	}
}