{
	"name": {
		"text": "Golden Life's Suit"
	},

	"armor_material": {
		"durability": 10,
		"damage_reduction_amounts": [3, 6, 8, 3],
		"enchantibility": 20,
		"toughness": 0.0,
		"sound": "item.armor.equip_generic"
	},

	"creative_tab": "maxspeedsters",

	"data": {
		"trail": {
			"red": 1,
			"green": 1,
			"blue": 0
		},
		"flicker": {
			"red": 1,
			"green": 1,
			"blue": 0
		},

		"speed_levels": 24
	},

	"description": {
		"text": "Golden Life (Comics)"
	},

	"abilities": [{
			"ability": "lucraftcore:fire_resistance"
		},
		{
			"ability": "lucraftcore:healing",
			"frequency": 20,
			"amount": 5
		},
		{
			"ability": "speedsterheroes:suit_ring"
		}
	],

	"effects": [{
			"type": "trail",
			"trail_type": "normal",
			"color": [1, 1, 0],
			"use_suit_trail": false,
			"conditions": [{
				"type": "ability_enabled",
				"ability": "speedsterheroes:super_speed"
			}]
		},
		{
			"type": "trail",
			"trail_type": "electricity",
			"color": [1, 1, 0],
			"use_suit_trail": true,
			"conditions": [{
				"type": "ability_enabled",
				"ability": "speedsterheroes:super_speed"
			}]
		}


	],


	"armor_parts": {

		"head": {
			"openable": true,
			"glow": true,
			"armor_model_scale": 0.5,
			"name": {
				"text": "Golden Life's Mask"
			},
			"textures": {
				"normal": "maxheroes:textures/models/armor/goldenlife/helmet.png",
				"normal_open": "maxheroes:textures/models/armor/goldenlife/helmet_open.png",
				"glow": "maxheroes:textures/models/armor/goldenlife/helmet_glow.png",
				"glow_open": "maxheroes:textures/models/armor/goldenlife/helmet_open_glow.png"

			},
			"item_texture": {
				"blockstate": "maxheroes:goldenlife_suit"
			}

		},

		"chest": {
			"openable": false,
			"glow": true,
			"armor_model_scale": 0.22,
			"name": {
				"text": "Golden Life's Chestpiece"
			},
			"textures": {
				"normal": "maxheroes:textures/models/armor/goldenlife/chestplate.png",
				"normal_smallarms": "maxheroes:textures/models/armor/goldenlife/chestplate_smallarms.png",
				"glow": "maxheroes:textures/models/armor/goldenlife/chest_glow.png",
                      "glow_smallarms":
"maxheroes:textures/models/armor/goldenlife/chest_small_glow.png"

			},
			"item_texture": {
				"blockstate": "maxheroes:goldenlife_suit"
			}
		},

		"legs": {
			"openable": false,
			"glow": true,
			"armor_model_scale": 0.25,
			"name": {
				"text": "Golden Life's Pants"
			},
			"textures": {
				"normal": "maxheroes:textures/models/armor/goldenlife/legs.png",
				"glow": "maxheroes:textures/models/armor/goldenlife/legs_glow.png"
			},
			"item_texture": {
				"blockstate": "maxheroes:goldenlife_suit"
			}
		},

		"feet": {
			"openable": false,
			"glow": false,
			"armor_model_scale": 0.22,
			"name": {
				"text": "Golden Life's Boots"
			},
			"textures": {
				"normal": "maxheroes:textures/models/armor/goldenlife/boots.png",
				"glow": "maxheroes:textures/models/armor/goldenlife/boots_glow.png"
			},

			"item_texture": {
				"blockstate": "maxheroes:goldenlife_suit"
			}
		}
	}
}