{
	"name": {
		"text": "Golden Flash's Suit"
	},

	"armor_material": {
		"durability": 10,
		"damage_reduction_amounts": [3, 6, 8, 3],
		"enchantibility": 20,
		"toughness": 0.0,
		"sound": "item.armor.equip_generic"
	},

"creative_tab": "maxspeedsters",

	"data": {
		"trail": {
			"red": 1,
			"green": 0.5,
			"blue": 0
		},
		"flicker": {
			"red": 1,
			"green": 0.5,
			"blue": 0
		},
		"speed_levels": 14
	},

	"description": {
		"text": "Golden Flash (Custom)"
	},

	"abilities": [{
			"ability": "lucraftcore:fire_resistance"
		},
		{
			"ability": "lucraftcore:healing",
			"frequency": 20,
			"amount": 5
		},
		{
			"ability": "speedsterheroes:suit_ring"
		}
	],

	"effects": [{
			"type": "flickering",
			"color": [0, 1, 0],
			"use_suit_flicker": true,
			"conditions": [{
					"type": "ability_enabled",
            "ability": "speedsterheroes:super_speed"
				}
			]
		},
		{
			"type": "vibrating",
			"conditions": [{
				"type": "ability_enabled",
				"ability": "speedsterheroes:super_speed"
			}]
		}
	],


	"armor_parts": {

		"head": {
			"openable": true,
			"glow": true,
			"armor_model_scale": 0.5,
			"name": {
				"text": "Golden Flash's Mask"
			},
			"textures": {
				"normal": "maxheroes:textures/models/armor/goldflash/helmet.png",
				"normal_open": "maxheroes:textures/models/armor/goldflash/helmet_open.png",
                      "glow":
"maxheroes:textures/models/armor/goldflash/helmet_glow.png",
                      "glow_open":
"maxheroes:textures/models/armor/goldflash/helmet_open_glow.png"

			},
			"item_texture": {
				"blockstate": "maxheroes:goldflash_suit"
			}

		},

		"chest": {
			"openable": false,
			"glow": false,
			"armor_model_scale": 0.22,
			"name": {
				"text": "Golden Flash's Chestpiece"
			},
			"textures": {
				"normal": "maxheroes:textures/models/armor/goldflash/chestplate.png",
				"normal_smallarms": "maxheroes:textures/models/armor/goldflash/chestplate_smallarms.png"
			},
			"item_texture": {
				"blockstate": "maxheroes:goldflash_suit"
			}
		},

		"legs": {
			"openable": false,
			"glow": false,
			"armor_model_scale": 0.25,
			"name": {
				"text": "Gold Flash's Pants"
			},
			"textures": {
				"normal": "maxheroes:textures/models/armor/goldflash/legs.png"
			},
			"item_texture": {
				"blockstate": "maxheroes:goldflash_suit"
			}
		},

		"feet": {
			"openable": false,
			"glow": false,
			"armor_model_scale": 0.22,
			"name": {
				"text": "Golden Flash's Boots"
			},
			"textures": {
				"normal": "maxheroes:textures/models/armor/goldflash/boots.png"
			},
			"item_texture": {
				"blockstate": "maxheroes:goldflash_suit"
			}
		}
	}
}