{
	"name": {
		"text": "Herobrine Head"
	},

	"armor_material": {
		"durability": 1000,
		"damage_reduction_amounts": [3, 6, 8, 3],
		"enchantibility": 15,
		"toughness": 0.0,
		"sound": "item.armor.equip_generic"
	},

	"description": {
		"text": "An Ancient Spirit possesses this head"
	},

"creative_tab": "maxheroes",

	
	"abilities": [{
			"ability": "lucraftcore:fire_resistance"
		},
		{
			"ability": "lucraftcore:healing",
			"frequency": 20,
			"amount": 5
		},
		{
			"ability": "lucraftcore:teleport",
			"key": 1,
			"distance": 150
		},
		{
			"ability": "heroesexpansion:lightning_strike",
			"key": 2
		},
		{
			"ability": "heroesexpansion:god_mode",
			"key": 4,
			"damage": 15
		},

		{
			"ability": "heroesexpansion:lightning_attack",
			"key": 3,
			"distance": 40

		},
		{
			"ability": "lucraftcore:health",
			"factor": 0.5,
			"operation": 1,
			"uuid": "0669d99d-b34d-40fc-a4d8-c7ee963cc842",
			"key": 5
		}

	],

	"armor_parts": {

		"head": {
			"openable": false,
			"glow": true,
			"armor_model_scale": 0.5,
			"name": {
				"text": "Mythical Head of Evil"
			},
			"textures": {
				"normal": "maxheroes:textures/models/armor/herobrine/helmet.png",
				"glow": "maxheroes:textures/models/armor/herobrine/helmet_glow.png"
			},
			"item_texture": {
				"blockstate": "maxheroes:herobrine_suit"
			}
		}
	}
}
