{
	"name": {
		"text": "Iron Spider's Suit"
	},

	"armor_material": {
		"durability": 10,
		"damage_reduction_amounts": [3, 6, 8, 3],
		"enchantibility": 20,
		"toughness": 2.0,
		"sound": "item.armor.equip_generic"
	},

"creative_tab": "maxheroes",

	"description": {
		"text": "Spider-Man (Infinity War)"
	},

	"abilities": [{
			"ability": "lucraftcore:fire_resistance"
		},
		{
			"ability": "lucraftcore:healing",
			"frequency": 20,
			"amount": 5
		},
           {
                 "ability": "heroesexpansion:web_wings",
                 "cooldown": 0,
                 "show_in_bar": true
           },
           {
			"ability": "lucraftcore:punch",
			"factor": 2,
			"operation": 2,
                "uuid": "2125e01b-30bf-434d-b7e1-994dacc52f19"

		},
           {
			"ability": "lucraftcore:fall_resistance",
			"factor": 1.5,
			"operation": 1.5,
                "uuid": "2125e01b-30bf-434d-b7e1-994dacc52f19"

		},
		{		
		    "ability": "lucraftcore:energy_blast",
			"cooldown": 5,
            "damage": 6,
            "color": [0.0, 127, 255],
			"key": 2
		}
	],


	"armor_parts": {

		"head": {
			"openable": true,
			"glow": true,
			"armor_model_scale": 0.5,
			"name": {
				"text": "Iron Spider's Mask"
			},
			"textures": {
				"normal": "maxheroes:textures/models/armor/ironspider/helmet.png",
				"normal_open": "maxheroes:textures/models/armor/ironspider/helmet_open.png",
                      "glow": "maxheroes:textures/models/armor/ironspider/helmet_glow.png",
				"glow_open": "maxheroes:textures/models/armor/ironspider/helmet_open_glow.png"

			},
			"item_texture": {
				"blockstate": "maxheroes:ironspider_suit"
			}

		},

		"chest": {
			"openable": false,
			"glow": true,
			"armor_model_scale": 0.22,
			"name": {
				"text": "Iron Spider's Chestplate"
			},
			"textures": {
				"normal": "maxheroes:textures/models/armor/ironspider/chestplate.png",
				"normal_smallarms": "maxheroes:textures/models/armor/ironspider/chestplate_smallarms.png",
                      "glow": "maxheroes:textures/models/armor/ironspider/chest_glow.png",
                      "glow_smallarms": "maxheroes:textures/models/armor/ironspider/chest_glow.png"

				
			},
			"item_texture": {
				"blockstate": "maxheroes:ironspider_suit"
			}
		},

		"legs": {
			"openable": false,
			"glow": false,
			"armor_model_scale": 0.25,
			"name": {
				"text": "Iron Spider's Leggings"
			},
			"textures": {
				"normal": "maxheroes:textures/models/armor/ironspider/legs.png",
                     
                      "glow": "maxheroes:textures/models/armor/ironspider/legs_glow.png"

			},
			"item_texture": {
				"blockstate": "maxheroes:ironspider_suit"
			}
		},

		"feet": {
			"openable": false,
			"glow": false,
			"armor_model_scale": 0.22,
			"name": {
				"text": "Iron Spider's Boots"
			},
			"textures": {
				"normal": "maxheroes:textures/models/armor/ironspider/boots.png"
			},
			"item_texture": {
				"blockstate": "maxheroes:ironspider_suit"
			}
		}
	}
}
