{
	"name": {
		"text": "Iron Man's Suit"
	},

	"armor_material": {
		"durability": 10,
		"damage_reduction_amounts": [3, 6, 8, 3],
		"enchantibility": 20,
		"toughness": 2.0,
		"sound": "item.armor.equip_generic"
	},

"creative_tab": "maxheroes",

	"description": {
		"text": "Iron Man (Infinity War)"
	},

	"abilities": [{
			"ability": "lucraftcore:fire_resistance"
		},
		{
			"ability": "lucraftcore:healing",
			"frequency": 20,
			"amount": 5
		},
		{
	
                 "ability": "lucraftcore:flight",
                 "cooldown": 0,
                 "show_in_bar": true,
                 "speed": 2,
                 "sprint_speed": 4,
                 "rotate_arms": false
           },
           {
                 "ability": "heroesexpansion:photon_blast",
                 "cooldown": 20,
                 "show_in_bar": true,
                 "color": [0, 127, 255]
           },
        	{
		    "ability": "lucraftcore:energy_blast",
			"cooldown": 5,
            "damage": 6,
            "color": [0, 127, 255],
			"key": 2
		}
	],


	"armor_parts": {

		"head": {
			"openable": true,
			"glow": true,
			"armor_model_scale": 0.5,
			"name": {
				"text": "Iron Man's Helmet"
			},
			"textures": {
				"normal": "maxheroes:textures/models/armor/ironman/helmet.png",
				"normal_open": "maxheroes:textures/models/armor/ironman/helmet_open.png",
                      "glow": "maxheroes:textures/models/armor/ironman/helmet_glow.png",
				"glow_open": "maxheroes:textures/models/armor/ironman/helmet_open_glow.png"

			},
			"item_texture": {
				"blockstate": "maxheroes:ironman_suit"
			}

		},

		"chest": {
			"openable": false,
			"glow": true,
			"armor_model_scale": 0.22,
			"name": {
				"text": "Iron Man's Chestplate"
			},
			"textures": {
				"normal": "maxheroes:textures/models/armor/ironman/chestplate.png",
				"normal_smallarms": "maxheroes:textures/models/armor/ironman/chestplate_smallarms.png",
                      "glow": "maxheroes:textures/models/armor/ironman/chest_glow.png"
				
			},
			"item_texture": {
				"blockstate": "maxheroes:ironman_suit"
			}
		},

		"legs": {
			"openable": false,
			"glow": true,
			"armor_model_scale": 0.25,
			"name": {
				"text": "Iron Man's Leggings"
			},
			"textures": {
				"normal": "maxheroes:textures/models/armor/ironman/legs.png",
                     
                      "glow": "maxheroes:textures/models/armor/ironman/legs_glow.png"

			},
			"item_texture": {
				"blockstate": "maxheroes:ironman_suit"
			}
		},

		"feet": {
			"openable": false,
			"glow": false,
			"armor_model_scale": 0.22,
			"name": {
				"text": "Iron Man's Boots"
			},
			"textures": {
				"normal": "maxheroes:textures/models/armor/ironman/boots.png"
			},
			"item_texture": {
				"blockstate": "maxheroes:ironman_suit"
			}
		}
	}
}
