{
	"name": {
		"text": "Killer Frost's Suit"
	},

	"armor_material": {
		"durability": 1000,
		"damage_reduction_amounts": [3, 6, 8, 3],
		"enchantibility": 15,
		"toughness": 0.0,
		"sound": "item.armor.equip_generic"
	},

	"description": {
		"text": "Killer Frost (CW)"
	},

	"creative_tab": "maxheroes",

	

	"armor_parts": {

		"head": {
			"openable": true,
			"glow": false,
			"armor_model_scale": 0.5,
			"name": {
				"text": "Killer Frost's Hair"
			},
			"textures": {
				"normal": "maxheroes:textures/models/armor/killerfrost/helmet.png",
				"normal_open": "maxheroes:textures/models/armor/killerfrost/helmet_open.png"
			},
			"item_texture": {
				"blockstate": "maxheroes:killerfrost_suit"
			}
		},

		"chest": {
			"openable": false,
			"glow": false,
			"armor_model_scale": 0.22,
			"name": {
				"text": "Killer Frost's Jacket"
			},
			"textures": {
				"normal": "maxheroes:textures/models/armor/killerfrost/chestplate.png",
				"normal_open": "maxheroes:textures/models/armor/killerfrost/chestplate_open.png",
				"normal_smallarms": "maxheroes:textures/models/armor/killerfrost/chestplate_smallarms.png",
				"normal_smallarms_open": "maxheroes:textures/models/armor/killerfrost/chestplate_smallarms_open.png"
			},
			"item_texture": {
				"blockstate": "maxheroes:killerfrost_suit"
			}
		},

		"legs": {
			"openable": false,
			"glow": false,
			"armor_model_scale": 0.25,
			"name": {
				"text": "Killer Frost's Pants"
			},
			"textures": {
				"normal": "maxheroes:textures/models/armor/killerfrost/legs.png"

			},
			"item_texture": {
				"blockstate": "maxheroes:killerfrost_suit"
			}
		},

		"feet": {
			"openable": false,
			"glow": false,
			"armor_model_scale": 0.22,
			"name": {
				"text": "Killer Frost's Shoes"
			},
			"textures": {
				"normal": "maxheroes:textures/models/armor/killerfrost/boots.png"

			},
			"item_texture": {
				"blockstate": "maxheroes:killerfrost_suit"
			}
		}
	}
}