{
	"name": {
		"text": "Lightspeed's Suit"
	},

	"armor_material": {
		"durability": 10,
		"damage_reduction_amounts": [3, 6, 8, 3],
		"enchantibility": 20,
		"toughness": 0.0,
		"sound": "item.armor.equip_generic"
	},

	"creative_tab": "maxspeedsters",

	"data": {
		"trail": {
			"red": 1,
			"green": 0.5,
			"blue": 0
		},
		"flicker": {
			"red": 0,
			"green": 1,
			"blue": 0
		},

		"speed_levels": 17
	},

	"description": {
		"text": "Lightspeed (Custom)"
	},

	"abilities": [{
			"ability": "lucraftcore:fire_resistance"
		},
		{
			"ability": "lucraftcore:healing",
			"frequency": 20,
			"amount": 5
		},
		{
			"ability": "speedsterheroes:suit_ring"
		}
	],

	"effects": [{
			"type": "trail",
			"trail_type": "electricity",
			"color": [0, 0, 1],
			"use_suit_trail": false,
			"conditions": [{
				"type": "ability_enabled",
				"ability": "speedsterheroes:super_speed"
			}]
		},
           {
			"type": "flickering",
			"color": [0, 1, 0],
			"use_suit_flicker": true,
			"conditions": [{
				"type": "ability_enabled",
				"ability": "speedsterheroes:super_speed"
			}]
		},

		{
			"type": "trail",
			"trail_type": "normal",
			"color": [0, 1, 0],
			"use_suit_trail": true,
			"conditions": [{
				"type": "ability_enabled",
				"ability": "speedsterheroes:super_speed"
			}]
		},
{
			"type": "trail",
			"trail_type": "lightnings",
			"color": [1, 0.5, 0],
			"use_suit_trail": true,
			"conditions": [{
				"type": "ability_enabled",
				"ability": "speedsterheroes:super_speed"
			}]
		}




	],


	"armor_parts": {

		"head": {
			"openable": true,
			"glow": true,
			"armor_model_scale": 0.5,
			"name": {
				"text": "Lightspeed's Mask"
			},
			"textures": {
				"normal": "maxheroes:textures/models/armor/lightspeed/helmet.png",
				"normal_open": "maxheroes:textures/models/armor/lightspeed/helmet_open.png",
				"glow": "maxheroes:textures/models/armor/lightspeed/helmet_glow.png",
				"glow_open": "maxheroes:textures/models/armor/lightspeed/helmet_open_glow.png"

			},
			"item_texture": {
				"blockstate": "maxheroes:lightspeed_suit"
			}

		},

		"chest": {
			"openable": false,
			"glow": true,
			"armor_model_scale": 0.22,
			"name": {
				"text": "Lightspeed's Chestpiece"
			},
			"textures": {
				"normal": "maxheroes:textures/models/armor/lightspeed/chestplate.png",
				"normal_smallarms": "maxheroes:textures/models/armor/lightspeed/chestplate_smallarms.png",
				"glow": "maxheroes:textures/models/armor/lightspeed/chest_glow.png",
                      "glow_smallarms":
"maxheroes:textures/models/armor/lightspeed/chest_small_glow.png"

			},
			"item_texture": {
				"blockstate": "maxheroes:lightspeed_suit"
			}
		},

		"legs": {
			"openable": false,
			"glow": true,
			"armor_model_scale": 0.25,
			"name": {
				"text": "Lightspeed's Pants"
			},
			"textures": {
				"normal": "maxheroes:textures/models/armor/lightspeed/legs.png",
				"glow": "maxheroes:textures/models/armor/lightspeed/legs_glow.png"
			},
			"item_texture": {
				"blockstate": "maxheroes:lightspeed_suit"
			}
		},

		"feet": {
			"openable": false,
			"glow": true,
			"armor_model_scale": 0.22,
			"name": {
				"text": "Lightspeed's Boots"
			},
			"textures": {
				"normal": "maxheroes:textures/models/armor/lightspeed/boots.png",
				"glow": "maxheroes:textures/models/armor/lightspeed/boots_glow.png"
			},

			"item_texture": {
				"blockstate": "maxheroes:lightspeed_suit"
			}
		}
	}
}
