{
	"name": {
		"text": "Loki's Suit"
	},

	"armor_material": {
		"durability": 10,
		"damage_reduction_amounts": [3, 6, 8, 3],
		"enchantibility": 20,
		"toughness": 2.0,
		"sound": "item.armor.equip_generic"
	},

"creative_tab": "maxheroes",

	"description": {
		"text": "Loki (MCU)"
	},

	"abilities": [{
			"ability": "lucraftcore:invisibility"
		},
           {
			"ability": "speedsterheroes:phasing",
			"cooldown": 600
		},
           {
			"ability": "speedsterheroes:time_remnant",
			"cooldown": 400
		},
           {
			"ability": "lucraftcore:energy_blast",
			"cooldown": 7,
			"damage": 5,
			"color": [1.0, 0.32, 0.0],
			"key": 2
		}


	],


	"armor_parts": {

		"chest": {
			"openable": false,
			"glow": false,
			"armor_model_scale": 0.22,
			"name": {
				"text": "Loki's Chestpiece"
			},
			"textures": {
				"normal": "maxheroes:textures/models/armor/loki/chestplate.png",
				"normal_smallarms": "maxheroes:textures/models/armor/loki/chestplate_smallarms.png",
                     "glow": "maxheroes:textures/models/armor/loki/chest_glow.png",
				"glow_smallarms": "maxheroes:textures/models/armor/loki/chest_small_glow.png"

			},
			"item_texture": {
				"blockstate": "maxheroes:loki_suit"
			}
		},

		"legs": {
			"openable": false,
			"glow": false,
			"armor_model_scale": 0.25,
			"name": {
				"text": "Loki's Pants"
			},
			"textures": {
				"normal": "maxheroes:textures/models/armor/loki/legs.png"
			},
			"item_texture": {
				"blockstate": "maxheroes:loki_suit"
			}
		},

		"feet": {
			"openable": false,
			"glow": false,
			"armor_model_scale": 0.22,
			"name": {
				"text": "Loki's Boots"
			},
			"textures": {
				"normal": "maxheroes:textures/models/armor/loki/boots.png"
			},
			"item_texture": {
				"blockstate": "maxheroes:loki_suit"
			}
		}
	}
}
