{
	"name": {
		"text": "The Flash's Suit"
	},

	"armor_material": {
		"durability": 10,
		"damage_reduction_amounts": [3, 6, 8, 3],
		"enchantibility": 20,
		"toughness": 0.0,
		"sound": "item.armor.equip_generic"
	},

"creative_tab": "maxspeedsters",

	"data": {
		"trail": {
			"red": 1,
			"green": 0.2,
			"blue": 0
		},
		"flicker": {
			"red": 1,
			"green": 0.2,
			"blue": 0
		},
		"speed_levels": 18
	},

	"description": {
		"text": "The Flash (Season 5) (CW)"
	},

	"abilities": [{
			"ability": "lucraftcore:fire_resistance"
		},
		{
			"ability": "lucraftcore:healing",
			"frequency": 20,
			"amount": 5
		},
		{
			"ability": "speedsterheroes:suit_ring"
		}
	],

	"armor_parts": {

		"head": {
			"openable": true,
			"glow": false,
			"armor_model_scale": 0.5,
			"name": {
				"text": "Flash's Mask"
			},
			"textures": {
				"normal": "maxheroes:textures/models/armor/newflash/helmet.png",
				"normal_open": "maxheroes:textures/models/armor/newflash/helmet_open.png"
			},
			"item_texture": {
				"blockstate": "maxheroes:newflash_suit"
			}

		},

		"chest": {
			"openable": false,
			"glow": false,
			"armor_model_scale": 0.22,
			"name": {
				"text": "Flash's Chestpiece"
			},
			"textures": {
				"normal": "maxheroes:textures/models/armor/newflash/chestplate.png",
				"normal_smallarms": "maxheroes:textures/models/armor/newflash/chestplate_smallarms.png"
			},
			"item_texture": {
				"blockstate": "maxheroes:newflash_suit"
			}
		},

		"legs": {
			"openable": false,
			"glow": false,
			"armor_model_scale": 0.25,
			"name": {
				"text": "Flash's Pants"
			},
			"textures": {
				"normal": "maxheroes:textures/models/armor/newflash/legs.png"
			},
			"item_texture": {
				"blockstate": "maxheroes:newflash_suit"
			}
		},

		"feet": {
			"openable": false,
			"glow": false,
			"armor_model_scale": 0.22,
			"name": {
				"text": "Flash's Boots"
			},
			"textures": {
				"normal": "maxheroes:textures/models/armor/newflash/boots.png"
			},
			"item_texture": {
				"blockstate": "maxheroes:newflash_suit"
			}
		}
	}
}