{
	"name": {
		"text": "XS's Suit"
	},

	"armor_material": {
		"durability": 10,
		"damage_reduction_amounts": [3, 6, 8, 3],
		"enchantibility": 20,
		"toughness": 0.0,
		"sound": "item.armor.equip_generic"
	},

	"creative_tab": "maxspeedsters",

	"data": {
		"trail": {
			"red": 0.514,
			"green": 0,
			"blue": 1
		},
		"flicker": {
			"red": 1,
			"green": 0.5,
			"blue": 0
		},
		"speed_levels": 15
	},

	"description": {
		"text": "XS (CW)"
	},

	"abilities": [{
			"ability": "lucraftcore:fire_resistance"
		},
		{
			"ability": "lucraftcore:healing",
			"frequency": 20,
			"amount": 5
		},
		{
			"ability": "speedsterheroes:suit_ring"
		}
	],

	"armor_parts": {

		"head": {
			"openable": true,
			"glow": false,
			"armor_model_scale": 0.5,
			"name": {
				"text": "XS's Mask"
			},
			"textures": {
				"normal": "maxheroes:textures/models/armor/noraallen/helmet.png",
				"normal_open": "maxheroes:textures/models/armor/noraallen/helmet_open.png"
			},
			"item_texture": {
				"blockstate": "maxheroes:noraallen_suit"
			}

		},

		"chest": {
			"openable": false,
			"glow": false,
			"armor_model_scale": 0.22,
			"name": {
				"text": "XS's Jacket"
			},
			"textures": {
				"normal": "maxheroes:textures/models/armor/noraallen/chestplate.png",
				"normal_smallarms": "maxheroes:textures/models/armor/noraallen/chestplate_smallarms.png"
			},
			"item_texture": {
				"blockstate": "maxheroes:noraallen_suit"
			}
		},

		"legs": {
			"openable": false,
			"glow": false,
			"armor_model_scale": 0.25,
			"name": {
				"text": "XS's Pants"
			},
			"textures": {
				"normal": "maxheroes:textures/models/armor/noraallen/legs.png"
			},
			"item_texture": {
				"blockstate": "maxheroes:noraallen_suit"
			}
		},

		"feet": {
			"openable": false,
			"glow": false,
			"armor_model_scale": 0.22,
			"name": {
				"text": "XS's Boots"
			},
			"textures": {
				"normal": "maxheroes:textures/models/armor/noraallen/boots.png"
			},
			"item_texture": {
				"blockstate": "maxheroes:noraallen_suit"
			}
		}
	}
}