{
	"name": {
		"text": "Chroma Savitar's Suit"
	},

	"armor_material": {
		"durability": 10,
		"damage_reduction_amounts": [3, 6, 8, 3],
		"enchantibility": 20,
		"toughness": 0.0,
		"sound": "item.armor.equip_generic"
	},

	"creative_tab": "maxspeedsters",

	"data": {
		"trail": {
			"red": 1,
			"green": 1,
			"blue": 1
		},
		"flicker": {
			"red": 1,
			"green": 1,
			"blue": 1
		},

		"speed_levels": 11
	},

	"description": {
		"text": "Chroma Savitar (Meme)"
	},

	"abilities": [{
			"ability": "lucraftcore:fire_resistance"
		},
		{
			"ability": "lucraftcore:healing",
			"frequency": 20,
			"amount": 5
		},
		{
			"ability": "speedsterheroes:suit_ring"
		}

	],

	"effects": [{
			"type": "flickering",
			"color": [1, 1, 1],
			"use_suit_flicker": true,
			"conditions": [{
				"type": "ability_enabled",
				"ability": "speedsterheroes:super_speed"
			}]
		},
		{
			"type": "vibrating",
			"conditions": [{
				"type": "ability_enabled",
				"ability": "speedsterheroes:super_speed"
			}]
		},
		{
			"type": "blade",
			"conditions": [{
				"type": "ability_enabled",
				"ability": "speedsterheroes:blade"
			}]
		}

	],


	"armor_parts": {

		"head": {
			"openable": true,
			"glow": true,
			"armor_model_scale": 0.8,
			"name": {
				"text": "Chroma Savitar's Mask"
			},
			"textures": {
				"normal": "maxheroes:textures/models/armor/rainbowsavitar/helmet.png",
				"normal_open": "maxheroes:textures/models/armor/rainbowsavitar/helmet_open.png",
				"glow": "maxheroes:textures/models/armor/rainbowsavitar/helmet_glow.png",
                      "glow_open":
"maxheroes:textures/models/armor/rainbowsavitar/helmet_open_glow.png"
			},
			"item_texture": {
				"blockstate": "maxheroes:rainbowsavitar_suit"
			}

		},

		"chest": {
			"openable": false,
			"glow": true,
			"armor_model_scale": 0.57,
			"name": {
				"text": "Chroma Savitar's Chestpiece"
			},
			"textures": {
				"normal": "maxheroes:textures/models/armor/rainbowsavitar/chestplate.png",
				"normal_smallarms": "maxheroes:textures/models/armor/rainbowsavitar/chestplate_smallarms.png",
				"glow": "maxheroes:textures/models/armor/rainbowsavitar/chest_glow.png",
                      "glow_smallarms":
"maxheroes:textures/models/armor/rainbowsavitar/chest_small_glow.png"
			},
			"item_texture": {
				"blockstate": "maxheroes:rainbowsavitar_suit"
			}
		},

		"legs": {
			"openable": false,
			"glow": true,
			"armor_model_scale": 0.55,
			"name": {
				"text": "Chroma Savitar's Pants"
			},
			"textures": {
				"normal": "maxheroes:textures/models/armor/rainbowsavitar/legs.png",
				"glow": "maxheroes:textures/models/armor/rainbowsavitar/legs_glow.png"
			},
			"item_texture": {
				"blockstate": "maxheroes:rainbowsavitar_suit"
			}
		},

		"feet": {
			"openable": false,
			"glow": true,
			"armor_model_scale": 0.57,
			"name": {
				"text": "Chroma Savitar's Boots"
			},
			"textures": {
				"normal": "maxheroes:textures/models/armor/rainbowsavitar/boots.png",
				"glow": "maxheroes:textures/models/armor/rainbowsavitar/boots_glow.png"
			},
			"item_texture": {
				"blockstate": "maxheroes:rainbowsavitar_suit"
			}
		}
	}
}