{
	"name": {
		"text": "Shazam's Suit"
	},

	"armor_material": {
		"durability": 1000,
		"damage_reduction_amounts": [3, 6, 8, 3],
		"enchantibility": 15,
		"toughness": 0.0,
		"sound": "item.armor.equip_generic"
	},

	"description": {
		"text": "Shazam (Shazam!)"
	},

	"creative_tab": "maxheroes",

	"abilities": [
		{
			"ability": "lucraftcore:healing",
			"frequency": 20,
			"amount": 5
		},
		{
            "ability": "lucraftcore:flight",
            "cooldown": 0,
            "show_in_bar": true,
            "speed": 2,
            "sprint_speed": 5,
            "rotate_arms": true
	    },
		{
            "ability": "lucraftcore:strength",
            "show_in_bar": false,
            "amount": 4.0,
            "operation": 0,
            "uuid": "0669d99d-b34d-40fc-a4d8-c7ee963cc842"
        },
        {
            "ability": "lucraftcore:punch",
            "show_in_bar": false,
            "amount": 6.0,
            "operation": 0,
            "uuid": "0669d99d-b34d-40fc-a4d8-c7ee963cc842"
        },
		{
            "ability": "heroesexpansion:god_mode",
            "cooldown": 0,
            "show_in_bar": true,
            "damage": 7.0
        },
		{
            "ability": "heroesexpansion:lightning_strike",
            "cooldown": 30,
            "show_in_bar": true
        }
		

	],

	"armor_parts": {

		
		"chest": {
			"openable": false,
			"glow": true,
			"armor_model_scale": 0.22,
			"name": {
				"text": "Shazam's Chestpiece"
			},
			"textures": {
				"normal": "maxheroes:textures/models/armor/shazam/chestplate.png",
				"glow": "maxheroes:textures/models/armor/shazam/chestplate_glow.png",
				"normal_smallarms": "maxheroes:textures/models/armor/shazam/chestplate_smallarms.png",
				"glow_smallarms": "maxheroes:textures/models/armor/shazam/chestplate_smallarms_glow.png"
			},
			"item_texture": {
				"blockstate": "maxheroes:shazam_suit"
			}
		},

		"legs": {
			"openable": false,
			"glow": false,
			"armor_model_scale": 0.25,
			"name": {
				"text": "Shazam's Pants"
			},
			"textures": {
				"normal": "maxheroes:textures/models/armor/shazam/legs.png"

			},
			"item_texture": {
				"blockstate": "maxheroes:shazam_suit"
			}
		},

		"feet": {
			"openable": false,
			"glow": false,
			"armor_model_scale": 0.22,
			"name": {
				"text": "Shazam's Boots"
			},
			"textures": {
				"normal": "maxheroes:textures/models/armor/shazam/boots.png"

			},
			"item_texture": {
				"blockstate": "maxheroes:shazam_suit"
			}
		}
	}
}