{
	"name": {
		"text": "Spider-Man's Suit"
	},

	"armor_material": {
		"durability": 1000,
		"damage_reduction_amounts": [3, 6, 8, 3],
		"enchantibility": 15,
		"toughness": 0.0,
		"sound": "item.armor.equip_generic"
	},

	"description": {
		"text": "Spider-Man (Homecoming)"
	},

"creative_tab": "maxheroes",

	"abilities": [{
			"ability": "lucraftcore:fire_resistance"
		},
           {
                 "ability": "heroesexpansion:web_wings",
                 "cooldown": 0,
                 "show_in_bar": true
           },
		{
			"ability": "lucraftcore:healing",
			"frequency": 20,
			"amount": 1.5
		}
	],

	"armor_parts": {

		"head": {
			"openable": true,
			"glow": false,
			"armor_model_scale": 0.5,
			"name": {
				"text": "Spider-Man's Mask"
			},
			"textures": {
				"normal": "maxheroes:textures/models/armor/spiderman/helmet.png",
				"normal_open": "maxheroes:textures/models/armor/spiderman/helmet_open.png"
			},
			"item_texture": {
				"blockstate": "maxheroes:spiderman_suit"
			}
		},

		"chest": {
			"openable": false,
			"glow": false,
			"armor_model_scale": 0.22,
			"name": {
				"text": "Spider-Man's Chestpiece"
			},
			"textures": {
				"normal": "maxheroes:textures/models/armor/spiderman/chestplate.png",
				"normal_open": "maxheroes:textures/models/armor/spiderman/chestplate_open.png",
				"normal_smallarms": "maxheroes:textures/models/armor/spiderman/chestplate_smallarms.png",
				"normal_smallarms_open": "maxheroes:textures/models/armor/spiderman/chestplate_smallarms_open.png"
			},
			"item_texture": {
				"blockstate": "maxheroes:spiderman_suit"
			}
		},

		"legs": {
			"openable": false,
			"glow": false,
			"armor_model_scale": 0.25,
			"name": {
				"text": "Spider-Man's Pants"
			},
			"textures": {
				"normal": "maxheroes:textures/models/armor/spiderman/legs.png"

			},
			"item_texture": {
				"blockstate": "maxheroes:spiderman_suit"
			}
		},

		"feet": {
			"openable": false,
			"glow": false,
			"armor_model_scale": 0.22,
			"name": {
				"text": "Spider-Man's Boots"
			},
			"textures": {
				"normal": "maxheroes:textures/models/armor/spiderman/boots.png"

			},
			"item_texture": {
				"blockstate": "maxheroes:spiderman_suit"
			}
		}
	}
}