{
	"name": {
		"text": "Captain Falcon's Suit"
	},

	"armor_material": {
		"durability": 1000,
		"damage_reduction_amounts": [3, 6, 8, 3],
		"enchantibility": 15,
		"toughness": 0.0,
		"sound": "item.armor.equip_generic"
	},

	"description": {
		"text": "Captain Falcon (F-ZERO Series)"
	},

	"creative_tab": "supersmashbros",

	"abilities": [
           {
             "ability": "lucraftcore:jump_boost",
             "show_in_bar": false,
             "amount": 2.3,
             "operation": 0,
             "uuid": "0669d99d-b34d-40fc-a4d8-c7ee963cc842"
           },
           {
             "ability": "lucraftcore:resistance",
             "show_in_bar": false,
             "amount": 1.0,
             "operation": 0,
             "uuid": "0669d99d-b34d-40fc-a4d8-c7ee963cc842"
           },
		   {
             "ability": "lucraftcore:punch",
             "show_in_bar": false,
             "amount": 2.5,
             "operation": 0,
             "uuid": "0669d99d-b34d-40fc-a4d8-c7ee963cc842"
           },
		   {
             "ability": "lucraftcore:fire_punch",
             "cooldown": 60,
             "show_in_bar": true,
             "title": {"translate":"FALCON..."},
             "duration": 10
           }, 
		   {
             "ability": "heroesexpansion:god_mode",
             "cooldown": 60,
             "show_in_bar": true,
             "title": {"translate":"...PUUUUNCH !!!"},
             "damage": 7.5,
			 "conditions": [{
				"type": "lucraftcore:ability",
				"ability": "fire_punch"
				}]
           },
           {
             "ability": "lucraftcore:strength",
             "show_in_bar": false,
             "amount": 1.8,
             "operation": 0,
             "uuid": "0669d99d-b34d-40fc-a4d8-c7ee963cc842"
           }, 
           {
             "ability": "lucraftcore:sprint",
             "show_in_bar": false,
             "amount": 2.0,
             "operation": 0,
             "uuid": "0669d99d-b34d-40fc-a4d8-c7ee963cc842"
           }
	],

	"armor_parts": {

		"head": {
			"openable": true,
			"glow": false,
			"armor_model_scale": 0.5,
			"name": {
				"text": "Captain Falcon's Helmet"
			},
			"textures": {
				"normal": "maxheroes:textures/models/armor/captainfalcon/helmet.png",
				"normal_open": "maxheroes:textures/models/armor/captainfalcon/helmet_open.png"
			},
			"item_texture": {
				"blockstate": "maxheroes:ssbcaptainfalcon_suit"
			}
		},

		"chest": {
			"openable": false,
			"glow": false,
			"armor_model_scale": 0.22,
			"name": {
				"text": "Captain Falcon's Chestpiece"
			},
			"textures": {
				"normal": "maxheroes:textures/models/armor/captainfalcon/chestplate.png",
				"normal_open": "maxheroes:textures/models/armor/captainfalcon/chestplate_open.png",
				"normal_smallarms": "maxheroes:textures/models/armor/captainfalcon/chestplate_smallarms.png",
				"normal_smallarms_open": "maxheroes:textures/models/armor/captainfalcon/chestplate_smallarms_open.png"
			},
			"item_texture": {
				"blockstate": "maxheroes:ssbcaptainfalcon_suit"
			}
		},

		"legs": {
			"openable": false,
			"glow": false,
			"armor_model_scale": 0.25,
			"name": {
				"text": "Captain Falcon's Pants"
			},
			"textures": {
				"normal": "maxheroes:textures/models/armor/captainfalcon/legs.png"

			},
			"item_texture": {
				"blockstate": "maxheroes:ssbcaptainfalcon_suit"
			}
		},

		"feet": {
			"openable": false,
			"glow": false,
			"armor_model_scale": 0.22,
			"name": {
				"text": "Captain Falcon's Boots"
			},
			"textures": {
				"normal": "maxheroes:textures/models/armor/captainfalcon/boots.png"

			},
			"item_texture": {
				"blockstate": "maxheroes:ssbcaptainfalcon_suit"
			}
		}
	}
}