{
	"name": {
		"text": "Donkey Kong's Suit"
	},

	"armor_material": {
		"durability": 1000,
		"damage_reduction_amounts": [3, 6, 8, 3],
		"enchantibility": 15,
		"toughness": 0.0,
		"sound": "item.armor.equip_generic"
	},

	"description": {
		"text": "Donkey Kong (Donkey Kong Series)"
	},

	"creative_tab": "supersmashbros",

	"abilities": [
           {
            "ability": "lucraftcore:punch",
            "show_in_bar": false,
            "amount": 5.0,
            "operation": 0,
            "uuid": "0669d99d-b34d-40fc-a4d8-c7ee963cc842"
           },
           {
             "ability": "lucraftcore:jump_boost",
             "show_in_bar": false,
             "amount": 1.6,
             "operation": 0,
             "uuid": "0669d99d-b34d-40fc-a4d8-c7ee963cc842"
           },
           {
             "ability": "heroesexpansion:grab_entity",
             "cooldown": 80,
             "show_in_bar": true
           }, 
           {
             "ability": "lucraftcore:resistance",
             "show_in_bar": false,
             "amount": 1.0,
             "operation": 0,
             "uuid": "0669d99d-b34d-40fc-a4d8-c7ee963cc842"
           },
           {
             "ability": "lucraftcore:size_change",
             "cooldown": 0,
             "show_in_bar": true,
             "size": 2.0,
             "size_changer": "lucraftcore:default"
           },
           {
             "ability": "heroesexpansion:god_mode",
             "cooldown": 200,
             "show_in_bar": true,
             "title": {"translate":"Super Punches"},
             "damage": 5.0
           },
           {
             "ability": "lucraftcore:strength",
             "show_in_bar": false,
             "amount": 2.5,
             "operation": 0,
             "uuid": "0669d99d-b34d-40fc-a4d8-c7ee963cc842"
           }, 
           {
             "ability": "lucraftcore:sprint",
             "show_in_bar": false,
             "amount": 0.5,
             "operation": 0,
             "uuid": "0669d99d-b34d-40fc-a4d8-c7ee963cc842"
           }
	],

	"armor_parts": {

		"head": {
			"openable": false,
			"glow": false,
			"armor_model_scale": 0.5,
			"name": {
				"text": "Donkey Kong's Head"
			},
			"textures": {
				"normal": "maxheroes:textures/models/armor/dk/helmet.png",
				"normal_open": "maxheroes:textures/models/armor/dk/helmet_open.png"
			},
			"item_texture": {
				"blockstate": "maxheroes:ssbdk_suit"
			}
		},

		"chest": {
			"openable": false,
			"glow": false,
			"armor_model_scale": 0.22,
			"name": {
				"text": "Donkey Kong's Body"
			},
			"textures": {
				"normal": "maxheroes:textures/models/armor/dk/chestplate.png",
				"normal_open": "maxheroes:textures/models/armor/dk/chestplate_open.png",
				"normal_smallarms": "maxheroes:textures/models/armor/dk/chestplate_smallarms.png",
				"normal_smallarms_open": "maxheroes:textures/models/armor/dk/chestplate_smallarms_open.png"
			},
			"item_texture": {
				"blockstate": "maxheroes:ssbdk_suit"
			}
		},

		"legs": {
			"openable": false,
			"glow": false,
			"armor_model_scale": 0.25,
			"name": {
				"text": "Donkey Kong's Legs"
			},
			"textures": {
				"normal": "maxheroes:textures/models/armor/dk/legs.png"

			},
			"item_texture": {
				"blockstate": "maxheroes:ssbdk_suit"
			}
		},

		"feet": {
			"openable": false,
			"glow": false,
			"armor_model_scale": 0.22,
			"name": {
				"text": "Donkey Kong's Feet"
			},
			"textures": {
				"normal": "maxheroes:textures/models/armor/dk/boots.png"

			},
			"item_texture": {
				"blockstate": "maxheroes:ssbdk_suit"
			}
		}
	}
}