{
	"name": {
		"text": "Fox's Suit"
	},

	"armor_material": {
		"durability": 1000,
		"damage_reduction_amounts": [3, 6, 8, 3],
		"enchantibility": 15,
		"toughness": 0.0,
		"sound": "item.armor.equip_generic"
	},

	"description": {
		"text": "Fox (Star Fox Series)"
	},

	"creative_tab": "supersmashbros",

	"abilities": [
		{
            "ability": "lucraftcore:energy_blast",
            "cooldown": 3,
            "show_in_bar": true,
            "title": {"translate":"Gun Lasers"},
            "icon": { "type": "internal" },
            "damage": 1.0,
            "color": [255, 0, 0]
           },
           {
             "ability": "lucraftcore:flight",
             "cooldown": 15,
             "show_in_bar": true,
			 "title": {"translate":"Speed Dodge"},
             "speed": 0.9,
             "sprint_speed": 2.0,
             "rotate_arms": false
           },
           {
             "ability": "lucraftcore:fire_punch",
             "cooldown": 60,
             "show_in_bar": true,
             "title": {"translate":"FIRE !"},
             "duration": 20
           }, 
           {
             "ability": "lucraftcore:jump_boost",
             "show_in_bar": false,
             "amount": 1.6,
             "operation": 0,
             "uuid": "0669d99d-b34d-40fc-a4d8-c7ee963cc842"
           },
           {
             "ability": "heroesexpansion:grab_entity",
             "cooldown": 110,
             "show_in_bar": true
           }, 
           {
             "ability": "lucraftcore:resistance",
             "show_in_bar": false,
             "amount": 1.0,
             "operation": 0,
             "uuid": "0669d99d-b34d-40fc-a4d8-c7ee963cc842"
           },
           {
             "ability": "lucraftcore:tough_lungs",
             "show_in_bar": false
           },
           {
             "ability": "lucraftcore:sprint",
             "show_in_bar": false,
             "amount": 1.5,
             "operation": 0,
             "uuid": "0669d99d-b34d-40fc-a4d8-c7ee963cc842"
           }
	],

	"armor_parts": {

		"head": {
			"openable": false,
			"glow": false,
			"armor_model_scale": 0.5,
			"name": {
				"text": "Fox's Wig"
			},
			"textures": {
				"normal": "maxheroes:textures/models/armor/fox/helmet.png",
				"normal_open": "maxheroes:textures/models/armor/fox/helmet_open.png"
			},
			"item_texture": {
				"blockstate": "maxheroes:ssbfox_suit"
			}
		},

		"chest": {
			"openable": false,
			"glow": false,
			"armor_model_scale": 0.22,
			"name": {
				"text": "Fox's Chestpiece"
			},
			"textures": {
				"normal": "maxheroes:textures/models/armor/fox/chestplate.png",
				"normal_open": "maxheroes:textures/models/armor/fox/chestplate_open.png",
				"normal_smallarms": "maxheroes:textures/models/armor/fox/chestplate_smallarms.png",
				"normal_smallarms_open": "maxheroes:textures/models/armor/fox/chestplate_smallarms_open.png"
			},
			"item_texture": {
				"blockstate": "maxheroes:ssbfox_suit"
			}
		},

		"legs": {
			"openable": false,
			"glow": false,
			"armor_model_scale": 0.25,
			"name": {
				"text": "Fox's Pants"
			},
			"textures": {
				"normal": "maxheroes:textures/models/armor/fox/legs.png"

			},
			"item_texture": {
				"blockstate": "maxheroes:ssbfox_suit"
			}
		},

		"feet": {
			"openable": false,
			"glow": false,
			"armor_model_scale": 0.22,
			"name": {
				"text": "Fox's Boots"
			},
			"textures": {
				"normal": "maxheroes:textures/models/armor/fox/boots.png"

			},
			"item_texture": {
				"blockstate": "maxheroes:ssbfox_suit"
			}
		}
	}
}