{
	"name": {
		"text": "Luigi's Suit"
	},

	"armor_material": {
		"durability": 1000,
		"damage_reduction_amounts": [3, 6, 8, 3],
		"enchantibility": 15,
		"toughness": 0.0,
		"sound": "item.armor.equip_generic"
	},

	"description": {
		"text": "Luigi (Super Mario. Series)"
	},

	"creative_tab": "supersmashbros",

	"abilities": [
		{
            "ability": "lucraftcore:energy_blast",
            "cooldown": 8,
            "show_in_bar": true,
            "title": {"translate":"Fire Ball"},
            "icon": { "type": "internal" },
            "damage": 3.0,
            "color": [0, 255, 0]
           },
           {
            "ability": "lucraftcore:punch",
            "show_in_bar": false,
            "amount": 2.0,
            "operation": 0,
            "uuid": "0669d99d-b34d-40fc-a4d8-c7ee963cc842"
           },
           {
             "ability": "lucraftcore:jump_boost",
             "show_in_bar": false,
             "amount": 5.0,
             "operation": 0,
             "uuid": "0669d99d-b34d-40fc-a4d8-c7ee963cc842"
           },
           {
             "ability": "lucraftcore:resistance",
             "show_in_bar": false,
             "amount": 1.0,
             "operation": 0,
             "uuid": "0669d99d-b34d-40fc-a4d8-c7ee963cc842"
           },
           {
             "ability": "lucraftcore:sprint",
             "show_in_bar": false,
             "amount": 1.0,
             "operation": 0,
             "uuid": "0669d99d-b34d-40fc-a4d8-c7ee963cc842"
           }
	],

	"armor_parts": {

		"head": {
			"openable": true,
			"glow": false,
			"armor_model_scale": 0.5,
			"name": {
				"text": "Luigi's Cap"
			},
			"textures": {
				"normal": "maxheroes:textures/models/armor/luigi/helmet.png",
				"normal_open": "maxheroes:textures/models/armor/luigi/helmet_open.png"
			},
			"item_texture": {
				"blockstate": "maxheroes:ssbluigi_suit"
			}
		},

		"chest": {
			"openable": false,
			"glow": false,
			"armor_model_scale": 0.22,
			"name": {
				"text": "Luigi's Chestpiece"
			},
			"textures": {
				"normal": "maxheroes:textures/models/armor/luigi/chestplate.png",
				"normal_open": "maxheroes:textures/models/armor/luigi/chestplate_open.png",
				"normal_smallarms": "maxheroes:textures/models/armor/luigi/chestplate_smallarms.png",
				"normal_smallarms_open": "maxheroes:textures/models/armor/luigi/chestplate_smallarms_open.png"
			},
			"item_texture": {
				"blockstate": "maxheroes:ssbluigi_suit"
			}
		},

		"legs": {
			"openable": false,
			"glow": false,
			"armor_model_scale": 0.25,
			"name": {
				"text": "Luigi's Pants"
			},
			"textures": {
				"normal": "maxheroes:textures/models/armor/luigi/legs.png"

			},
			"item_texture": {
				"blockstate": "maxheroes:ssbluigi_suit"
			}
		},

		"feet": {
			"openable": false,
			"glow": false,
			"armor_model_scale": 0.22,
			"name": {
				"text": "Luigi's Boots"
			},
			"textures": {
				"normal": "maxheroes:textures/models/armor/luigi/boots.png"

			},
			"item_texture": {
				"blockstate": "maxheroes:ssbluigi_suit"
			}
		}
	}
}