{
	"name": {
		"text": "Link's Suit"
	},

	"armor_material": {
		"durability": 1000,
		"damage_reduction_amounts": [3, 6, 8, 3],
		"enchantibility": 15,
		"toughness": 0.0,
		"sound": "item.armor.equip_generic"
	},

	"description": {
		"text": "Link (The Legend of Zelda Series)"
	},

	"creative_tab": "supersmashbros",

	"abilities": [
		{
            "ability": "lucraftcore:energy_blast",
            "cooldown": 15,
            "show_in_bar": true,
            "title": {"translate":"Skyward Strike"},
            "icon": { "type": "internal" },
            "damage": 2.0,
            "color": [165, 255, 255]
           },
           {
             "ability": "lucraftcore:jump_boost",
             "show_in_bar": false,
             "amount": 2.0,
             "operation": 0,
             "uuid": "0669d99d-b34d-40fc-a4d8-c7ee963cc842"
           },
           {
             "ability": "lucraftcore:resistance",
             "show_in_bar": false,
             "amount": 1.0,
             "operation": 0,
             "uuid": "0669d99d-b34d-40fc-a4d8-c7ee963cc842"
           },
           {
             "ability": "lucraftcore:sprint",
             "show_in_bar": false,
             "amount": 1.0,
             "operation": 0,
             "uuid": "0669d99d-b34d-40fc-a4d8-c7ee963cc842"
           }
	],

	"armor_parts": {

		"head": {
			"openable": true,
			"glow": false,
			"armor_model_scale": 0.5,
			"name": {
				"text": "Link's Cap"
			},
			"textures": {
				"normal": "maxheroes:textures/models/armor/link/helmet.png",
				"normal_open": "maxheroes:textures/models/armor/link/helmet_open.png"
			},
			"item_texture": {
				"blockstate": "maxheroes:ssblink_suit"
			}
		},

		"chest": {
			"openable": false,
			"glow": false,
			"armor_model_scale": 0.22,
			"name": {
				"text": "Link's Chestpiece"
			},
			"textures": {
				"normal": "maxheroes:textures/models/armor/link/chestplate.png",
				"normal_open": "maxheroes:textures/models/armor/link/chestplate_open.png",
				"normal_smallarms": "maxheroes:textures/models/armor/link/chestplate_smallarms.png",
				"normal_smallarms_open": "maxheroes:textures/models/armor/link/chestplate_smallarms_open.png"
			},
			"item_texture": {
				"blockstate": "maxheroes:ssblink_suit"
			}
		},

		"legs": {
			"openable": false,
			"glow": false,
			"armor_model_scale": 0.25,
			"name": {
				"text": "Link's Pants"
			},
			"textures": {
				"normal": "maxheroes:textures/models/armor/link/legs.png"

			},
			"item_texture": {
				"blockstate": "maxheroes:ssblink_suit"
			}
		},

		"feet": {
			"openable": false,
			"glow": false,
			"armor_model_scale": 0.22,
			"name": {
				"text": "Link's Boots"
			},
			"textures": {
				"normal": "maxheroes:textures/models/armor/link/boots.png"

			},
			"item_texture": {
				"blockstate": "maxheroes:ssblink_suit"
			}
		}
	}
}