{
	"name": {
		"text": "Mega Man's Suit"
	},

	"armor_material": {
		"durability": 1000,
		"damage_reduction_amounts": [3, 6, 8, 3],
		"enchantibility": 15,
		"toughness": 0.0,
		"sound": "item.armor.equip_generic"
	},

	"description": {
		"text": "Mega Man (Mega Man Series)"
	},

	"creative_tab": "supersmashbros",

	"abilities": [
           {
             "ability": "lucraftcore:jump_boost",
             "show_in_bar": false,
             "amount": 2.0,
             "operation": 0,
             "uuid": "0669d99d-b34d-40fc-a4d8-c7ee963cc842"
           },
           {
             "ability": "heroesexpansion:lightning_attack",
             "cooldown": 20,
             "show_in_bar": true,
             "title": {"translate":"Lightning Attack"},
             "damage": 2.0
           },
           {
             "ability": "lucraftcore:energy_blast",
             "cooldown": 120,
             "show_in_bar": true,
             "title": {"translate":"Energy Blast"},
             "damage": 6.5,
             "color": [40, 40, 225]
           },
           {
             "ability": "lucraftcore:energy_blast",
             "cooldown": 40,
             "show_in_bar": true,
             "title": {"translate":"Fire Shoot"},
             "damage": 1.0,
             "color": [255, 80, 0]
           },
           {
            "ability": "lucraftcore:punch",
            "show_in_bar": false,
            "amount": 2.0,
            "operation": 0,
            "uuid": "0669d99d-b34d-40fc-a4d8-c7ee963cc842"
           },
           {
             "ability": "speedsterheroes:arm_vortex",
             "cooldown": 50,
             "show_in_bar": true,
             "distance": 3.0
           },
           {
             "ability": "lucraftcore:resistance",
             "show_in_bar": false,
             "amount": 1.0,
             "operation": 0,
             "uuid": "0669d99d-b34d-40fc-a4d8-c7ee963cc842"
           },
           {
             "ability": "heroesexpansion:grab_entity",
             "cooldown": 80,
             "show_in_bar": true
           }, 
           {
             "ability": "heroesexpansion:heat_vision",
             "cooldown": 40,
             "show_in_bar": true,
             "title": {"translate":"Mega Laser"},
             "color": [255, 0, 0]
           },
           {
             "ability": "lucraftcore:sprint",
             "show_in_bar": false,
             "amount": 1.0,
             "operation": 0,
             "uuid": "0669d99d-b34d-40fc-a4d8-c7ee963cc842"
           }
	],

	"armor_parts": {

		"head": {
			"openable": false,
			"glow": false,
			"armor_model_scale": 0.5,
			"name": {
				"text": "Mega Man's Helmet"
			},
			"textures": {
				"normal": "maxheroes:textures/models/armor/megaman/helmet.png",
				"normal_open": "maxheroes:textures/models/armor/megaman/helmet_open.png"
			},
			"item_texture": {
				"blockstate": "maxheroes:ssbmegaman_suit"
			}
		},

		"chest": {
			"openable": false,
			"glow": false,
			"armor_model_scale": 0.22,
			"name": {
				"text": "Mega Man's Chestplate"
			},
			"textures": {
				"normal": "maxheroes:textures/models/armor/megaman/chestplate.png",
				"normal_open": "maxheroes:textures/models/armor/megaman/chestplate_open.png",
				"normal_smallarms": "maxheroes:textures/models/armor/megaman/chestplate_smallarms.png",
				"normal_smallarms_open": "maxheroes:textures/models/armor/megaman/chestplate_smallarms_open.png"
			},
			"item_texture": {
				"blockstate": "maxheroes:ssbmegaman_suit"
			}
		},

		"legs": {
			"openable": false,
			"glow": false,
			"armor_model_scale": 0.25,
			"name": {
				"text": "Mega Man's Leggings"
			},
			"textures": {
				"normal": "maxheroes:textures/models/armor/megaman/legs.png"

			},
			"item_texture": {
				"blockstate": "maxheroes:ssbmegaman_suit"
			}
		},

		"feet": {
			"openable": false,
			"glow": false,
			"armor_model_scale": 0.22,
			"name": {
				"text": "Mega Man's Boots"
			},
			"textures": {
				"normal": "maxheroes:textures/models/armor/megaman/boots.png"

			},
			"item_texture": {
				"blockstate": "maxheroes:ssbmegaman_suit"
			}
		}
	}
}