{
	"name": {
		"text": "Mewtwo's Suit"
	},

	"armor_material": {
		"durability": 1000,
		"damage_reduction_amounts": [3, 6, 8, 3],
		"enchantibility": 15,
		"toughness": 0.0,
		"sound": "item.armor.equip_generic"
	},

	"description": {
		"text": "Mewtwo (Pok�mon Series)"
	},

	"creative_tab": "supersmashbros",

	"abilities": [
           {
            "ability": "lucraftcore:punch",
            "show_in_bar": false,
            "amount": 1.0,
            "operation": 0,
            "uuid": "0669d99d-b34d-40fc-a4d8-c7ee963cc842"
           },
           {
            "ability": "lucraftcore:energy_blast",
            "cooldown": 120,
            "show_in_bar": true,
            "title": {"translate":"Shadow Ball"},
            "icon": { "type": "internal" },
            "damage": 6.5,
            "color": [144, 0, 255]
           },
           {
             "ability": "lucraftcore:jump_boost",
             "show_in_bar": false,
             "amount": 5.5,
             "operation": 0,
             "uuid": "0669d99d-b34d-40fc-a4d8-c7ee963cc842"
           },
           {
             "ability": "heroesexpansion:grab_entity",
             "cooldown": 150,
             "show_in_bar": true
           }, 
           {
             "ability": "heroesexpansion:spider_sense",
             "show_in_bar": false
           },
           {
             "ability": "lucraftcore:flight",
             "cooldown": 20,
             "show_in_bar": true,
             "speed": 1.5,
             "sprint_speed": 2.0,
             "rotate_arms": false
           },
           {
             "ability": "lucraftcore:tough_lungs",
             "show_in_bar": false
           },
           {
             "ability": "lucraftcore:resistance",
             "show_in_bar": false,
             "amount": 1.5,
             "operation": 0,
             "uuid": "0669d99d-b34d-40fc-a4d8-c7ee963cc842"
           },
           {
             "ability": "lucraftcore:potion_punch",
             "cooldown": 80,
             "show_in_bar": true,
             "title": {"translate":"Confuse"},
             "icon": { "type": "internal" },
             "potion": "minecraft:nausea",
             "amplifier": 0,
             "duration": 35
           }, 
           {
             "ability": "lucraftcore:slowfall",
             "cooldown": 40,
             "show_in_bar": true
           },
           {
             "ability": "lucraftcore:sprint",
             "show_in_bar": false,
             "amount": 1.0,
             "operation": 0,
             "uuid": "0669d99d-b34d-40fc-a4d8-c7ee963cc842"
           }
	],

	"armor_parts": {

		"head": {
			"openable": false,
			"glow": false,
			"armor_model_scale": 0.5,
			"name": {
				"text": "Mewtwo's Head"
			},
			"textures": {
				"normal": "maxheroes:textures/models/armor/mewtwo/helmet.png",
				"normal_open": "maxheroes:textures/models/armor/mewtwo/helmet_open.png"
			},
			"item_texture": {
				"blockstate": "maxheroes:ssbmewtwo_suit"
			}
		},

		"chest": {
			"openable": false,
			"glow": false,
			"armor_model_scale": 0.22,
			"name": {
				"text": "Mewtwo's Body"
			},
			"textures": {
				"normal": "maxheroes:textures/models/armor/mewtwo/chestplate.png",
				"normal_open": "maxheroes:textures/models/armor/mewtwo/chestplate_open.png",
				"normal_smallarms": "maxheroes:textures/models/armor/mewtwo/chestplate_smallarms.png",
				"normal_smallarms_open": "maxheroes:textures/models/armor/mewtwo/chestplate_smallarms_open.png"
			},
			"item_texture": {
				"blockstate": "maxheroes:ssbmewtwo_suit"
			}
		},

		"legs": {
			"openable": false,
			"glow": false,
			"armor_model_scale": 0.25,
			"name": {
				"text": "Mewtwo's Legs"
			},
			"textures": {
				"normal": "maxheroes:textures/models/armor/mewtwo/legs.png"

			},
			"item_texture": {
				"blockstate": "maxheroes:ssbmewtwo_suit"
			}
		},

		"feet": {
			"openable": false,
			"glow": false,
			"armor_model_scale": 0.22,
			"name": {
				"text": "Mewtwo's Feet"
			},
			"textures": {
				"normal": "maxheroes:textures/models/armor/mewtwo/boots.png"

			},
			"item_texture": {
				"blockstate": "maxheroes:ssbmewtwo_suit"
			}
		}
	}
}