{
	"name": {
		"text": "Mario's Suit"
	},

	"armor_material": {
		"durability": 1000,
		"damage_reduction_amounts": [3, 6, 8, 3],
		"enchantibility": 15,
		"toughness": 0.0,
		"sound": "item.armor.equip_generic"
	},

	"description": {
		"text": "Mario (Super Mario. Series)"
	},

	"creative_tab": "supersmashbros",

	"abilities": [
		{
            "ability": "lucraftcore:energy_blast",
            "cooldown": 8,
            "show_in_bar": true,
            "title": {"translate":"Fire Ball"},
            "icon": { "type": "internal" },
            "damage": 3.0,
            "color": [255, 64, 0]
           },
           {
            "ability": "lucraftcore:punch",
            "show_in_bar": false,
            "amount": 3.0,
            "operation": 0,
            "uuid": "0669d99d-b34d-40fc-a4d8-c7ee963cc842"
           },
           {
             "ability": "lucraftcore:jump_boost",
             "show_in_bar": false,
             "amount": 3.0,
             "operation": 0,
             "uuid": "0669d99d-b34d-40fc-a4d8-c7ee963cc842"
           },
           {
             "ability": "lucraftcore:resistance",
             "show_in_bar": false,
             "amount": 1.0,
             "operation": 0,
             "uuid": "0669d99d-b34d-40fc-a4d8-c7ee963cc842"
           },
           {
             "ability": "lucraftcore:sprint",
             "show_in_bar": false,
             "amount": 1.0,
             "operation": 0,
             "uuid": "0669d99d-b34d-40fc-a4d8-c7ee963cc842"
           },
           {
             "ability": "lucraftcore:size_change",
             "cooldown": 500,
             "show_in_bar": true,
             "title": {"translate":"Giant Mushroom"},
             "icon": { "type": "internal" },
             "size": 5.0,
             "size_changer": "lucraftcore:default"
           } 

	],

	"armor_parts": {

		"head": {
			"openable": true,
			"glow": false,
			"armor_model_scale": 0.5,
			"name": {
				"text": "Cappy"
			},
			"textures": {
				"normal": "maxheroes:textures/models/armor/mario/helmet.png",
				"normal_open": "maxheroes:textures/models/armor/mario/helmet_open.png"
			},
			"item_texture": {
				"blockstate": "maxheroes:ssbmario_suit"
			}
		},

		"chest": {
			"openable": false,
			"glow": false,
			"armor_model_scale": 0.22,
			"name": {
				"text": "Mario's Chestpiece"
			},
			"textures": {
				"normal": "maxheroes:textures/models/armor/mario/chestplate.png",
				"normal_open": "maxheroes:textures/models/armor/mario/chestplate_open.png",
				"normal_smallarms": "maxheroes:textures/models/armor/mario/chestplate_smallarms.png",
				"normal_smallarms_open": "maxheroes:textures/models/armor/mario/chestplate_smallarms_open.png"
			},
			"item_texture": {
				"blockstate": "maxheroes:ssbmario_suit"
			}
		},

		"legs": {
			"openable": false,
			"glow": false,
			"armor_model_scale": 0.25,
			"name": {
				"text": "Mario's Pants"
			},
			"textures": {
				"normal": "maxheroes:textures/models/armor/mario/legs.png"

			},
			"item_texture": {
				"blockstate": "maxheroes:ssbmario_suit"
			}
		},

		"feet": {
			"openable": false,
			"glow": false,
			"armor_model_scale": 0.22,
			"name": {
				"text": "Mario's Boots"
			},
			"textures": {
				"normal": "maxheroes:textures/models/armor/mario/boots.png"

			},
			"item_texture": {
				"blockstate": "maxheroes:ssbmario_suit"
			}
		}
	}
}