{
	"name": {
		"text": "Pikachu's Suit"
	},

	"armor_material": {
		"durability": 1000,
		"damage_reduction_amounts": [3, 6, 8, 3],
		"enchantibility": 15,
		"toughness": 0.0,
		"sound": "item.armor.equip_generic"
	},

	"description": {
		"text": "Pikachu (Pok�mon Series)"
	},

	"creative_tab": "supersmashbros",

	"abilities": [
           {
             "ability": "lucraftcore:jump_boost",
             "show_in_bar": false,
             "amount": 2.0,
             "operation": 0,
             "uuid": "0669d99d-b34d-40fc-a4d8-c7ee963cc842"
           },
            {
             "ability": "heroesexpansion:lightning_strike",
             "cooldown": 100,
             "show_in_bar": true,
             "title": {"translate":"Lightning Bolt"}
           },
           {
             "ability": "speedsterheroes:lightning_throw",
             "cooldown": 60,
             "show_in_bar": true,
             "title": {"translate":"Lightning Ball 2"}                     
           },
           {
             "ability": "heroesexpansion:lightning_attack",
             "cooldown": 40,
             "show_in_bar": true,
             "title": {"translate":"Lightning Attack"},
             "damage": 6.0
           },
           {
             "ability": "lucraftcore:energy_blast",
             "cooldown": 10,
             "show_in_bar": true,
             "title": {"translate":"Lightning Ball"},
             "damage": 0.8,
             "color": [73, 68, 193]
           },
           {
             "ability": "lucraftcore:resistance",
             "show_in_bar": false,
             "amount": 1.0,
             "operation": 0,
             "uuid": "0669d99d-b34d-40fc-a4d8-c7ee963cc842"
           },
           {
             "ability": "lucraftcore:sprint",
             "show_in_bar": false,
             "amount": 1.0,
             "operation": 0,
             "uuid": "0669d99d-b34d-40fc-a4d8-c7ee963cc842"
           }
	],

	"armor_parts": {

		"head": {
			"openable": false,
			"glow": false,
			"armor_model_scale": 0.9,
			"name": {
				"text": "Pikachu's Head"
			},
			"textures": {
				"normal": "maxheroes:textures/models/armor/pikachu/helmet.png",
				"normal_open": "maxheroes:textures/models/armor/pikachu/helmet_open.png"
			},
			"item_texture": {
				"blockstate": "maxheroes:ssbpikachu_suit"
			}
		},

		"chest": {
			"openable": false,
			"glow": false,
			"armor_model_scale": 0.22,
			"name": {
				"text": "Pikachu's Body"
			},
			"textures": {
				"normal": "maxheroes:textures/models/armor/pikachu/chestplate.png",
				"normal_open": "maxheroes:textures/models/armor/pikachu/chestplate_open.png",
				"normal_smallarms": "maxheroes:textures/models/armor/pikachu/chestplate_smallarms.png",
				"normal_smallarms_open": "maxheroes:textures/models/armor/pikachu/chestplate_smallarms_open.png"
			},
			"item_texture": {
				"blockstate": "maxheroes:ssbpikachu_suit"
			}
		},

		"legs": {
			"openable": false,
			"glow": false,
			"armor_model_scale": 0.25,
			"name": {
				"text": "Pikachu's (Legs but it doesn't have any)"
			},
			"textures": {
				"normal": "maxheroes:textures/models/armor/pikachu/legs.png"

			},
			"item_texture": {
				"blockstate": "maxheroes:ssbpikachu_suit"
			}
		},

		"feet": {
			"openable": false,
			"glow": false,
			"armor_model_scale": 0.22,
			"name": {
				"text": "Pikachu's Feet"
			},
			"textures": {
				"normal": "maxheroes:textures/models/armor/pikachu/boots.png"

			},
			"item_texture": {
				"blockstate": "maxheroes:ssbpikachu_suit"
			}
		}
	}
}