{
	"name": {
		"text": "Ryu's Suit"
	},

	"armor_material": {
		"durability": 1000,
		"damage_reduction_amounts": [3, 6, 8, 3],
		"enchantibility": 15,
		"toughness": 0.0,
		"sound": "item.armor.equip_generic"
	},

	"description": {
		"text": "Ryu (Street Fighter Series)"
	},

	"creative_tab": "supersmashbros",

	"abilities": [
           {
            "ability": "lucraftcore:punch",
            "show_in_bar": false,
            "amount": 5.0,
            "operation": 0,
            "uuid": "0669d99d-b34d-40fc-a4d8-c7ee963cc842"
           },
           {
             "ability": "heroesexpansion:grab_entity",
             "cooldown": 80,
             "show_in_bar": true
           }, 
           {
             "ability": "lucraftcore:resistance",
             "show_in_bar": false,
             "amount": 2.0,
             "operation": 0,
             "uuid": "0669d99d-b34d-40fc-a4d8-c7ee963cc842"
           },
           {
             "ability": "heroesexpansion:god_mode",
             "cooldown": 100,
             "show_in_bar": true,
             "title": {"translate":"Shoryuken"},
             "damage": 6.0
           },
           {
             "ability": "lucraftcore:strength",
             "show_in_bar": false,
             "amount": 2.0,
             "operation": 0,
             "uuid": "0669d99d-b34d-40fc-a4d8-c7ee963cc842"
           }, 
           {
            "ability": "lucraftcore:energy_blast",
            "cooldown": 20,
            "show_in_bar": true,
            "title": {"translate":"Hadoken"},
            "damage": 1.0,
            "color": [0, 0, 255]
           },
           {
            "ability": "lucraftcore:energy_blast",
            "cooldown": 35,
            "show_in_bar": true,
            "title": {"translate":"Hadoken but it's the fire version"},
            "damage": 1.5,
            "color": [255, 64, 0]
           },
           {
             "ability": "lucraftcore:sprint",
             "show_in_bar": false,
             "amount": 0.5,
             "operation": 0,
             "uuid": "0669d99d-b34d-40fc-a4d8-c7ee963cc842"
           }
	],

	"armor_parts": {

		"head": {
			"openable": false,
			"glow": false,
			"armor_model_scale": 0.5,
			"name": {
				"text": "Ryu's Headband"
			},
			"textures": {
				"normal": "maxheroes:textures/models/armor/ryu/helmet.png",
				"normal_open": "maxheroes:textures/models/armor/ryu/helmet_open.png"
			},
			"item_texture": {
				"blockstate": "maxheroes:ssbryu_suit"
			}
		},

		"chest": {
			"openable": false,
			"glow": false,
			"armor_model_scale": 0.22,
			"name": {
				"text": "Ryu's Chestpiece"
			},
			"textures": {
				"normal": "maxheroes:textures/models/armor/ryu/chestplate.png",
				"normal_open": "maxheroes:textures/models/armor/ryu/chestplate_open.png",
				"normal_smallarms": "maxheroes:textures/models/armor/ryu/chestplate_smallarms.png",
				"normal_smallarms_open": "maxheroes:textures/models/armor/ryu/chestplate_smallarms_open.png"
			},
			"item_texture": {
				"blockstate": "maxheroes:ssbryu_suit"
			}
		},

		"legs": {
			"openable": false,
			"glow": false,
			"armor_model_scale": 0.25,
			"name": {
				"text": "Ryu's Pants"
			},
			"textures": {
				"normal": "maxheroes:textures/models/armor/ryu/legs.png"

			},
			"item_texture": {
				"blockstate": "maxheroes:ssbryu_suit"
			}
		},

		"feet": {
			"openable": false,
			"glow": false,
			"armor_model_scale": 0.22,
			"name": {
				"text": "Ryu's feet (he doesn't where socks)"
			},
			"textures": {
				"normal": "maxheroes:textures/models/armor/ryu/boots.png"

			},
			"item_texture": {
				"blockstate": "maxheroes:ssbryu_suit"
			}
		}
	}
}