{
	"name": {
		"text": "Samus's Suit"
	},

	"armor_material": {
		"durability": 1000,
		"damage_reduction_amounts": [3, 6, 8, 3],
		"enchantibility": 15,
		"toughness": 0.0,
		"sound": "item.armor.equip_generic"
	},

	"description": {
		"text": "Samus (Metroid Series)"
	},

	"creative_tab": "supersmashbros",

	"abilities": [
		{
            "ability": "lucraftcore:energy_blast",
            "cooldown": 80,
            "show_in_bar": true,
            "title": {"translate":"Plasma Ball"},
            "icon": { "type": "internal" },
            "damage": 7.0,
            "color": [44, 131, 255]
           },
           {
            "ability": "heroesexpansion:lightning_strike",
            "cooldown": 30,
            "show_in_bar": true,
            "title": {"translate":"�Plasma Shot"}
           },
           {
            "ability": "heroesexpansion:precision",
            "show_in_bar": false
           }, 
           {
            "ability": "lucraftcore:punch",
            "show_in_bar": false,
            "amount": 2.0,
            "operation": 0,
            "uuid": "0669d99d-b34d-40fc-a4d8-c7ee963cc842"
           },
           {
             "ability": "lucraftcore:jump_boost",
             "show_in_bar": false,
             "amount": 1.5,
             "operation": 0,
             "uuid": "0669d99d-b34d-40fc-a4d8-c7ee963cc842"
           },
           {
             "ability": "heroesexpansion:grab_entity",
             "cooldown": 110,
             "show_in_bar": true
           }, 
           {
             "ability": "heroesexpansion:photon_blast",
             "cooldown": 20,
             "show_in_bar": true,
             "title": {"translate":"Plasma Blast"},
             "color": [44, 131, 255]
           }, 
           {
             "ability": "lucraftcore:resistance",
             "show_in_bar": false,
             "amount": 1.0,
             "operation": 0,
             "uuid": "0669d99d-b34d-40fc-a4d8-c7ee963cc842"
           },
           {
             "ability": "lucraftcore:tough_lungs",
             "show_in_bar": false
           },
           {
             "ability": "lucraftcore:sprint",
             "show_in_bar": false,
             "amount": 1.0,
             "operation": 0,
             "uuid": "0669d99d-b34d-40fc-a4d8-c7ee963cc842"
           }
	],

	"armor_parts": {

		"head": {
			"openable": true,
			"glow": true,
			"armor_model_scale": 0.5,
			"name": {
				"text": "Samus's Helmet"
			},
			"textures": {
				"normal": "maxheroes:textures/models/armor/samus/helmet.png",
				"normal_open": "maxheroes:textures/models/armor/samus/helmet_open.png",
				"glow": "maxheroes:textures/models/armor/samus/helmet_glow.png",
				"glow_open": "maxheroes:textures/models/armor/samus/helmet_open_glow.png"
			},
			"item_texture": {
				"blockstate": "maxheroes:ssbsamus_suit"
			}
		},

		"chest": {
			"openable": false,
			"glow": true,
			"armor_model_scale": 0.22,
			"name": {
				"text": "Samus's Chestplate"
			},
			"textures": {
				"normal": "maxheroes:textures/models/armor/samus/chestplate.png",
				"glow": "maxheroes:textures/models/armor/samus/chestplate_glow.png",
				"normal_smallarms": "maxheroes:textures/models/armor/samus/chestplate_smallarms.png",
				"glow_smallarms": "maxheroes:textures/models/armor/samus/chestplate_smallarms_glow.png"
			},
			"item_texture": {
				"blockstate": "maxheroes:ssbsamus_suit"
			}
		},

		"legs": {
			"openable": false,
			"glow": false,
			"armor_model_scale": 0.25,
			"name": {
				"text": "Samus's Leggings"
			},
			"textures": {
				"normal": "maxheroes:textures/models/armor/samus/legs.png"

			},
			"item_texture": {
				"blockstate": "maxheroes:ssbsamus_suit"
			}
		},

		"feet": {
			"openable": false,
			"glow": false,
			"armor_model_scale": 0.22,
			"name": {
				"text": "Samus's Boots"
			},
			"textures": {
				"normal": "maxheroes:textures/models/armor/samus/boots.png"

			},
			"item_texture": {
				"blockstate": "maxheroes:ssbsamus_suit"
			}
		}
	}
}