{
	"name": {
		"text": "Sonic's Suit"
	},

	"armor_material": {
		"durability": 1000,
		"damage_reduction_amounts": [3, 6, 8, 3],
		"enchantibility": 15,
		"toughness": 0.0,
		"sound": "item.armor.equip_generic"
	},

	"description": {
		"text": "Sonic (Sonic The Hedgehog Series)"
	},

	"creative_tab": "supersmashbros",

	"abilities": [
           {
            "ability": "lucraftcore:punch",
            "show_in_bar": false,
            "amount": 3.0,
            "operation": 0,
            "uuid": "0669d99d-b34d-40fc-a4d8-c7ee963cc842"
           },
           {
             "ability": "lucraftcore:jump_boost",
             "show_in_bar": false,
             "amount": 5.0,
             "operation": 0,
             "uuid": "0669d99d-b34d-40fc-a4d8-c7ee963cc842"
           },
           {
             "ability": "lucraftcore:resistance",
             "show_in_bar": false,
             "amount": 0.5,
             "operation": 0,
             "uuid": "0669d99d-b34d-40fc-a4d8-c7ee963cc842"
           },
           {
             "ability": "lucraftcore:sprint",
             "show_in_bar": false,
             "amount": 8.0,
             "operation": 0,
             "uuid": "0669d99d-b34d-40fc-a4d8-c7ee963cc842"
           }
	],

	"armor_parts": {

		"head": {
			"openable": false,
			"glow": false,
			"armor_model_scale": 0.5,
			"name": {
				"text": "Sonic's Hair"
			},
			"textures": {
				"normal": "maxheroes:textures/models/armor/sonic/helmet.png",
				"normal_open": "maxheroes:textures/models/armor/sonic/helmet_open.png"
			},
			"item_texture": {
				"blockstate": "maxheroes:ssbsonic_suit"
			}
		},

		"chest": {
			"openable": false,
			"glow": false,
			"armor_model_scale": 0.22,
			"name": {
				"text": "Sonic's Body"
			},
			"textures": {
				"normal": "maxheroes:textures/models/armor/sonic/chestplate.png",
				"normal_open": "maxheroes:textures/models/armor/sonic/chestplate_open.png",
				"normal_smallarms": "maxheroes:textures/models/armor/sonic/chestplate_smallarms.png",
				"normal_smallarms_open": "maxheroes:textures/models/armor/sonic/chestplate_smallarms_open.png"
			},
			"item_texture": {
				"blockstate": "maxheroes:ssbsonic_suit"
			}
		},

		"legs": {
			"openable": false,
			"glow": false,
			"armor_model_scale": 0.25,
			"name": {
				"text": "Sonic's Legs"
			},
			"textures": {
				"normal": "maxheroes:textures/models/armor/sonic/legs.png"

			},
			"item_texture": {
				"blockstate": "maxheroes:ssbsonic_suit"
			}
		},

		"feet": {
			"openable": false,
			"glow": false,
			"armor_model_scale": 0.22,
			"name": {
				"text": "Sonic's Shoes"
			},
			"textures": {
				"normal": "maxheroes:textures/models/armor/sonic/boots.png"

			},
			"item_texture": {
				"blockstate": "maxheroes:ssbsonic_suit"
			}
		}
	}
}