{
	"name": {
		"text": "Waluigi's Suit"
	},

	"armor_material": {
		"durability": 1000,
		"damage_reduction_amounts": [3, 6, 8, 3],
		"enchantibility": 15,
		"toughness": 0.0,
		"sound": "item.armor.equip_generic"
	},

	"description": {
		"text": "Waluigi Time !"
	},

	"creative_tab": "supersmashbros",

	"abilities": [
           {
             "ability": "lucraftcore:jump_boost",
             "show_in_bar": false,
             "amount": 4.0,
             "operation": 0,
             "uuid": "0669d99d-b34d-40fc-a4d8-c7ee963cc842"
           },
           {
             "ability": "lucraftcore:sprint",
             "show_in_bar": false,
             "amount": 4.0,
             "operation": 0,
             "uuid": "0669d99d-b34d-40fc-a4d8-c7ee963cc842"
           },
           {
             "ability": "heroesexpansion:i_dont_feel_so_good",
             "show_in_bar": false,
             "title": {"translate":"I am not a smash bros character in ANY ways including in Minecraft."},
             "icon": { "type": "internal" }
           }
  
	],

	"armor_parts": {

		"head": {
			"openable": true,
			"glow": false,
			"armor_model_scale": 0.5,
			"name": {
				"text": "Waluigi's Hat"
			},
			"textures": {
				"normal": "maxheroes:textures/models/armor/waluigi/helmet.png",
				"normal_open": "maxheroes:textures/models/armor/waluigi/helmet_open.png"
			},
			"item_texture": {
				"blockstate": "maxheroes:ssbwaluigi_suit"
			}
		},

		"chest": {
			"openable": false,
			"glow": false,
			"armor_model_scale": 0.22,
			"name": {
				"text": "Walugi's Chestpiece"
			},
			"textures": {
				"normal": "maxheroes:textures/models/armor/waluigi/chestplate.png",
				"normal_open": "maxheroes:textures/models/armor/waluigi/chestplate_open.png",
				"normal_smallarms": "maxheroes:textures/models/armor/waluigi/chestplate_smallarms.png",
				"normal_smallarms_open": "maxheroes:textures/models/armor/waluigi/chestplate_smallarms_open.png"
			},
			"item_texture": {
				"blockstate": "maxheroes:ssbwaluigi_suit"
			}
		},

		"legs": {
			"openable": false,
			"glow": false,
			"armor_model_scale": 0.25,
			"name": {
				"text": "Waluigi's Pants"
			},
			"textures": {
				"normal": "maxheroes:textures/models/armor/waluigi/legs.png"

			},
			"item_texture": {
				"blockstate": "maxheroes:ssbwaluigi_suit"
			}
		},

		"feet": {
			"openable": false,
			"glow": false,
			"armor_model_scale": 0.22,
			"name": {
				"text": "Waluigi's Boots"
			},
			"textures": {
				"normal": "maxheroes:textures/models/armor/waluigi/boots.png"

			},
			"item_texture": {
				"blockstate": "maxheroes:ssbwaluigi_suit"
			}
		}
	}
}