{
	"name": {
		"text": "Wolf's Suit"
	},

	"armor_material": {
		"durability": 1000,
		"damage_reduction_amounts": [3, 6, 8, 3],
		"enchantibility": 15,
		"toughness": 0.0,
		"sound": "item.armor.equip_generic"
	},

	"description": {
		"text": "Wolf (Star Fox Series)"
	},

	"creative_tab": "supersmashbros",

	"abilities": [
		{
            "ability": "lucraftcore:energy_blast",
            "cooldown": 20,
            "show_in_bar": true,
            "title": {"translate":"Gun Lasers"},
            "icon": { "type": "internal" },
            "damage": 2.2,
            "color": [238, 0, 255]
           },
		   {
             "ability": "lucraftcore:flight",
             "cooldown": 15,
             "show_in_bar": true,
			 "title": {"translate":"Speed Dodge"},
             "speed": 0.9,
             "sprint_speed": 2.0,
             "rotate_arms": false
           },
           {
            "ability": "speedsterheroes:super_speed",
            "cooldown": 6,
            "show_in_bar": true,
            "title": {"translate":"Speed Dodge"},
            "icon": { "type": "internal" },
            "base_speed_levels": 15,
            "gives_xp": false
           }, 
           {
             "ability": "lucraftcore:jump_boost",
             "show_in_bar": false,
             "amount": 1.7,
             "operation": 0,
             "uuid": "0669d99d-b34d-40fc-a4d8-c7ee963cc842"
           },
           {
             "ability": "heroesexpansion:grab_entity",
             "cooldown": 110,
             "show_in_bar": true
           }, 
           {
             "ability": "lucraftcore:resistance",
             "show_in_bar": false,
             "amount": 1.0,
             "operation": 0,
             "uuid": "0669d99d-b34d-40fc-a4d8-c7ee963cc842"
           },
           {
            "ability": "lucraftcore:punch",
            "show_in_bar": false,
            "amount": 2.0,
            "operation": 0,
            "uuid": "0669d99d-b34d-40fc-a4d8-c7ee963cc842"
           },
           {
             "ability": "lucraftcore:tough_lungs",
             "show_in_bar": false
           },
           {
             "ability": "lucraftcore:sprint",
             "show_in_bar": false,
             "amount": 1.0,
             "operation": 0,
             "uuid": "0669d99d-b34d-40fc-a4d8-c7ee963cc842"
           }
	],

	"armor_parts": {

		"head": {
			"openable": true,
			"glow": false,
			"armor_model_scale": 0.5,
			"name": {
				"text": "Wolf's Wig"
			},
			"textures": {
				"normal": "maxheroes:textures/models/armor/wolf/helmet.png",
				"normal_open": "maxheroes:textures/models/armor/wolf/helmet_open.png"
			},
			"item_texture": {
				"blockstate": "maxheroes:ssbwolf_suit"
			}
		},

		"chest": {
			"openable": false,
			"glow": false,
			"armor_model_scale": 0.22,
			"name": {
				"text": "Wolf's Chestpiece"
			},
			"textures": {
				"normal": "maxheroes:textures/models/armor/wolf/chestplate.png",
				"normal_open": "maxheroes:textures/models/armor/wolf/chestplate_open.png",
				"normal_smallarms": "maxheroes:textures/models/armor/wolf/chestplate_smallarms.png",
				"normal_smallarms_open": "maxheroes:textures/models/armor/wolf/chestplate_smallarms_open.png"
			},
			"item_texture": {
				"blockstate": "maxheroes:ssbwolf_suit"
			}
		},

		"legs": {
			"openable": false,
			"glow": false,
			"armor_model_scale": 0.25,
			"name": {
				"text": "Wolf's Pants"
			},
			"textures": {
				"normal": "maxheroes:textures/models/armor/wolf/legs.png"

			},
			"item_texture": {
				"blockstate": "maxheroes:ssbwolf_suit"
			}
		},

		"feet": {
			"openable": false,
			"glow": false,
			"armor_model_scale": 0.22,
			"name": {
				"text": "Wolf's Boots"
			},
			"textures": {
				"normal": "maxheroes:textures/models/armor/wolf/boots.png"

			},
			"item_texture": {
				"blockstate": "maxheroes:ssbwolf_suit"
			}
		}
	}
}