{
	"name": {
		"text": "Supergirl's Suit"
	},

	"armor_material": {
		"durability": 1000,
		"damage_reduction_amounts": [3, 6, 8, 3],
		"enchantibility": 15,
		"toughness": 0.0,
		"sound": "item.armor.equip_generic"
	},

	"description": {
		"text": "Supergirl (CW)"
	},

	"creative_tab": "maxheroes",

	"abilities": [{
			"ability": "lucraftcore:fire_resistance"
		},
		{
			"ability": "lucraftcore:healing",
			"frequency": 20,
			"amount": 5
		}

	],

	"armor_parts": {

"head": {
			"openable": false,
			"glow": false,
			"armor_model_scale": 0.5,
			"name": {
				"text": "Supergirl's Hair"
			},
			"textures": {
				"normal": "maxheroes:textures/models/armor/supergirl/helmet.png",
				"normal_open": "maxheroes:textures/models/armor/supergirl/helmet_open.png"
			},
			"item_texture": {
				"blockstate": "maxheroes:supergirl_suit"
			}
},

		"chest": {
			"openable": false,
			"glow": false,
			"armor_model_scale": 0.22,
			"name": {
				"text": "Supergirl's Chestpiece"
			},
			"textures": {
				"normal": "maxheroes:textures/models/armor/supergirl/chestplate.png",
				"normal_open": "maxheroes:textures/models/armor/supergirl/chestplate_open.png",
				"normal_smallarms": "maxheroes:textures/models/armor/supergirl/chestplate_smallarms.png",
				"normal_smallarms_open": "maxheroes:textures/models/armor/supergirl/chestplate_smallarms_open.png"
			},
			"item_texture": {
				"blockstate": "maxheroes:supergirl_suit"
			}
		},

		"legs": {
			"openable": false,
			"glow": false,
			"armor_model_scale": 0.25,
			"name": {
				"text": "Supergirl's Skirt"
			},
			"textures": {
				"normal": "maxheroes:textures/models/armor/supergirl/legs.png"

			},
			"item_texture": {
				"blockstate": "maxheroes:supergirl_suit"
			}
		},

		"feet": {
			"openable": false,
			"glow": false,
			"armor_model_scale": 0.22,
			"name": {
				"text": "Supergirl's Boots"
			},
			"textures": {
				"normal": "maxheroes:textures/models/armor/supergirl/boots.png"

			},
			"item_texture": {
				"blockstate": "maxheroes:supergirl_suit"
			}
		}
	}
}