{
	"name": {
		"text": "Symbiote Flash's Suit"
	},

	"armor_material": {
		"durability": 10,
		"damage_reduction_amounts": [3, 6, 8, 3],
		"enchantibility": 20,
		"toughness": 0.0,
		"sound": "item.armor.equip_generic"
	},

"creative_tab": "maxspeedsters",

	"data": {
		"trail": {
			"red": 1,
			"green": 0,
			"blue": 0
		},
		"flicker": {
			"red": 1,
			"green": 0,
			"blue": 0
		},
		"speed_levels": 20
	},

	"description": {
		"text": "Symbiote Flash (Custom)"
	},

	"abilities": [{
			"ability": "lucraftcore:fire_resistance"
		},
		{
			"ability": "lucraftcore:healing",
			"frequency": 70,
			"amount": 10
		},
           {
			"ability": "lucraftcore:health",
			"factor": 1,
			"operation": 1,
                "uuid": "2126e01b-30bf-434d-b7e1-994dacc52f19"
		},
           {
                "ability": "heroesexpansion:spider_sense",
                "show_in_bar": false
           },
           {
			"ability": "lucraftcore:strength",
			"factor": 1,
			"operation": 1,
                "uuid": "2126e01b-30bf-434d-b7e1-994dacc52f19"

		},
           {
                "ability": "heroesexpansion:wall_crawling",
                "cooldown": 0,
                "show_in_bar": true
           },
           {
			"ability": "lucraftcore:punch",
			"factor": 1,
			"operation": 1,
                "uuid": "2126e01b-30bf-434d-b7e1-994dacc52f19"

		},			
           {
			"ability": "speedsterheroes:suit_ring"
		}
	],

	"armor_parts": {

		"head": {
			"openable": true,
			"glow": false,
			"armor_model_scale": 0.5,
			"name": {
				"text": "Symbiote Flash's Mask"
			},
			"textures": {
				"normal": "maxheroes:textures/models/armor/symbioteflash/helmet.png",
				"normal_open": "maxheroes:textures/models/armor/symbioteflash/helmet_open.png"
			},
			"item_texture": {
				"blockstate": "maxheroes:symbioteflash_suit"
			}

		},

		"chest": {
			"openable": false,
			"glow": false,
			"armor_model_scale": 0.22,
			"name": {
				"text": "Symbiote Flash's Chestplate"
			},
			"textures": {
				"normal": "maxheroes:textures/models/armor/symbioteflash/chestplate.png",
				"normal_smallarms": "maxheroes:textures/models/armor/symbioteflash/chestplate_smallarms.png"
			},
			"item_texture": {
				"blockstate": "maxheroes:symbioteflash_suit"
			}
		},

		"legs": {
			"openable": false,
			"glow": false,
			"armor_model_scale": 0.25,
			"name": {
				"text": "Symbiote Flash's Pants"
			},
			"textures": {
				"normal": "maxheroes:textures/models/armor/symbioteflash/legs.png"
			},
			"item_texture": {
				"blockstate": "maxheroes:symbioteflash_suit"
			}
		},

		"feet": {
			"openable": false,
			"glow": false,
			"armor_model_scale": 0.22,
			"name": {
				"text": "Symbiote Flash's Boots"
			},
			"textures": {
				"normal": "maxheroes:textures/models/armor/symbioteflash/boots.png"
			},
			"item_texture": {
				"blockstate": "maxheroes:symbioteflash_suit"
			}
		}
	}
}