{
	"name": {
		"text": "Ultimate Flash's Suit"
	},

	"armor_material": {
		"durability": 10,
		"damage_reduction_amounts": [3, 6, 8, 3],
		"enchantibility": 20,
		"toughness": 0.0,
		"sound": "item.armor.equip_generic"
	},

"creative_tab": "maxspeedsters",

	"data": {
		"trail": {
			"red": 1,
			"green": 0.24,
			"blue": 0
		},
		"flicker": {
			"red": 1,
			"green": 0.3,
			"blue": 0
		},

		"speed_levels": 30
	},

	"description": {
		"text": "Ultimate Flash (Custom)"
	},

	"abilities": [{
			"ability": "lucraftcore:fire_resistance"
		},
		{
			"ability": "lucraftcore:healing",
			"frequency": 20,
			"amount": 5
		},
		{
			"ability": "speedsterheroes:phasing",
			"cooldown": 0,
			"required_superpower": "speedsterheroes:speedforce",
			"required_level": 10,
			"key": 1
		},
		{
			"ability": "speedsterheroes:lightning_throw",
			"speed": 50,
			"cooldown": 0,
			"required_superpower": "speedsterheroes:speedforce",
			"required_level": 10,
			"key": 2
		},
		{
			"ability": "speedsterheroes:arm_vortex",
			"cooldown": 0,
			"distance": 7,
			"required_superpower": "speedsterheroes:speedforce",
			"required_level": 15,
			"key": 3
		},
		{
			"ability": "speedsterheroes:suit_ring"
		}
	],

	"effects": [{
			"type": "flickering",
			"color": [1, 0.2, 0],
			"use_suit_flicker": true,
			"conditions": [{
				"type": "ability_enabled",
				"ability": "speedsterheroes:super_speed"
			}]
		},
		{
			"type": "vibrating",
			"conditions": [{
				"type": "ability_enabled",
				"ability": "speedsterheroes:super_speed"
			}]
		},
		{
			"type": "trail",
			"trail_type": "lightnings",
			"color": [1, 0.24, 0],
			"use_suit_trail": true,
			"conditions": [{
				"type": "ability_enabled",
				"ability": "speedsterheroes:super_speed"
			}]
		},
		{
			"type": "trail",
			"trail_type": "electricity",
			"color": [1, 0.24, 0],
			"use_suit_trail": true,
			"conditions": [{
				"type": "ability_enabled",
				"ability": "speedsterheroes:super_speed"
			}]
		}


	],


	"armor_parts": {

		"head": {
			"openable": true,
			"glow": true,
			"armor_model_scale": 0.5,
			"name": {
				"text": "Ultimate Flash's Mask"
			},
			"textures": {
				"normal": "maxheroes:textures/models/armor/ultimateflash/helmet.png",
				"normal_open": "maxheroes:textures/models/armor/ultimateflash/helmet_open.png",
				"glow": "maxheroes:textures/models/armor/ultimateflash/helmet_glow.png",
				"glow_open": "maxheroes:textures/models/armor/ultimateflash/helmet_open_glow.png"

			},
			"item_texture": {
				"blockstate": "maxheroes:ultimateflash_suit"
			}

		},

		"chest": {
			"openable": false,
			"glow": true,
			"armor_model_scale": 0.22,
			"name": {
				"text": "Ultimate Flash's Chestpiece"
			},
			"textures": {
				"normal": "maxheroes:textures/models/armor/ultimateflash/chestplate.png",
				"normal_smallarms": "maxheroes:textures/models/armor/ultimateflash/chestplate_smallarms.png",
				"glow": "maxheroes:textures/models/armor/ultimateflash/chest_glow.png",
                      "glow_smallarms":
"maxheroes:textures/models/armor/ultimateflash/chest_small_glow.png"

			},
			"item_texture": {
				"blockstate": "maxheroes:ultimateflash_suit"
			}
		},

		"legs": {
			"openable": false,
			"glow": true,
			"armor_model_scale": 0.25,
			"name": {
				"text": "Ultimate Flash's Pants"
			},
			"textures": {
				"normal": "maxheroes:textures/models/armor/ultimateflash/legs.png",
				"glow": "maxheroes:textures/models/armor/ultimateflash/legs_glow.png"
			},
			"item_texture": {
				"blockstate": "maxheroes:ultimateflash_suit"
			}
		},

		"feet": {
			"openable": false,
			"glow": true,
			"armor_model_scale": 0.22,
			"name": {
				"text": "Ultimate Flash's Boots"
			},
			"textures": {
				"normal": "maxheroes:textures/models/armor/ultimateflash/boots.png",
				"glow": "maxheroes:textures/models/armor/ultimateflash/boots_glow.png"
			},
			"item_texture": {
				"blockstate": "maxheroes:ultimateflash_suit"
			}
		}
	}
}