{
	"name": {
		"text": "Venom's Suit"
	},

	"armor_material": {
		"durability": 1000,
		"damage_reduction_amounts": [3, 6, 8, 3],
		"enchantibility": 15,
		"toughness": 0.0,
		"sound": "item.armor.equip_generic"
	},

	"description": {
		"text": "Venom (Spider-Man 3)"
	},

"creative_tab": "maxheroes",

	"abilities": [{
			"ability": "lucraftcore:fire_resistance"
		},
		{
			"ability": "lucraftcore:healing",
			"frequency": 20,
			"amount": 1.5
		},
           {
                "ability": "lucraftcore:jump_boost",
                "show_in_bar": false,
                "amount": 2.3,
                "operation": 0,
                "uuid": "0669d99d-b34d-40fc-a4d8-c7ee963cc842"
           }, 
           {
			"ability": "lucraftcore:health",
			"factor": 1,
			"operation": 1,
                "uuid": "2125e01b-30bf-434d-b7e1-994dacc52f19"

		},
           {
                "ability": "heroesexpansion:wall_crawling",
                "cooldown": 0,
                "show_in_bar": true
           },
           {
			"ability": "lucraftcore:strength",
			"factor": 2,
			"operation": 2,
                "uuid": "2125e01b-30bf-434d-b7e1-994dacc52f19"

		},
           {
			"ability": "lucraftcore:punch",
			"factor": 2,
			"operation": 2,
                "uuid": "2125e01b-30bf-434d-b7e1-994dacc52f19"

		},
           {
                "ability": "heroesexpansion:spider_sense",
                "show_in_bar": false
           },
           {
			"ability": "lucraftcore:sprint",
			"factor": 1,
			"operation": 1,
                "uuid": "2125e01b-30bf-434d-b7e1-994dacc52f19"

		},
           {
			"ability": "lucraftcore:jump_boost",
			"factor": 2,
			"operation": 2,
                "uuid": "2125e01b-30bf-434d-b7e1-994dacc52f19"

		},
           {
			"ability": "lucraftcore:resistance",
			"factor": 1,
			"operation": 1,
                "uuid": "2125e01b-30bf-434d-b7e1-994dacc52f19"

		},
           {
			"ability": "lucraftcore:fall_resistance",
			"factor": 1.5,
			"operation": 1.5,
                "uuid": "2125e01b-30bf-434d-b7e1-994dacc52f19"

		}
	],

	"armor_parts": {

		"head": {
			"openable": true,
			"glow": false,
			"armor_model_scale": 0.5,
			"name": {
				"text": "Venom's Head"
			},
			"textures": {
				"normal": "maxheroes:textures/models/armor/venom3/helmet.png",
				"normal_open": "maxheroes:textures/models/armor/venom3/helmet_open.png"
			},
			"item_texture": {
				"blockstate": "maxheroes:venom3_suit"
			}
		},

		"chest": {
			"openable": false,
			"glow": false,
			"armor_model_scale": 0.22,
			"name": {
				"text": "Venom's Body"
			},
			"textures": {
				"normal": "maxheroes:textures/models/armor/venom3/chestplate.png",
				"normal_open": "maxheroes:textures/models/armor/venom3/chestplate_open.png",
				"normal_smallarms": "maxheroes:textures/models/armor/venom3/chestplate_smallarms.png",
				"normal_smallarms_open": "maxheroes:textures/models/armor/venom3/chestplate_smallarms_open.png"
			},
			"item_texture": {
				"blockstate": "maxheroes:venom3_suit"
			}
		},

		"legs": {
			"openable": false,
			"glow": false,
			"armor_model_scale": 0.25,
			"name": {
				"text": "Venom's Legs"
			},
			"textures": {
				"normal": "maxheroes:textures/models/armor/venom3/legs.png"

			},
			"item_texture": {
				"blockstate": "maxheroes:venom3_suit"
			}
		},

		"feet": {
			"openable": false,
			"glow": false,
			"armor_model_scale": 0.22,
			"name": {
				"text": "Venom's Feet"
			},
			"textures": {
				"normal": "maxheroes:textures/models/armor/venom3/boots.png"

			},
			"item_texture": {
				"blockstate": "maxheroes:venom3_suit"
			}
		}
	}
}