{
	"name": {
		"text": "Vibe's Suit"
	},

	"armor_material": {
		"durability": 1000,
		"damage_reduction_amounts": [3, 6, 8, 3],
		"enchantibility": 15,
		"toughness": 0.0,
		"sound": "item.armor.equip_generic"
	},

	"description": {
		"text": "Vibe (CW)"
	},

"creative_tab": "maxheroes",

	"abilities": [{
			"ability": "lucraftcore:fire_resistance"
		}
	],

	"armor_parts": {

		"head": {
			"openable": true,
			"glow": true,
			"armor_model_scale": 0.5,
			"name": {
				"text": "Vibe's Glasses"
			},
			"textures": {
				"normal": "maxheroes:textures/models/armor/vibe/helmet.png",
				"normal_open": "maxheroes:textures/models/armor/vibe/helmet_open.png",
				"glow": "maxheroes:textures/models/armor/vibe/helmet_glow.png",
				"glow_open": "maxheroes:textures/models/armor/vibe/helmet_open_glow.png"
			},
			"item_texture": {
				"blockstate": "maxheroes:vibe_suit"
			}
		},

		"chest": {
			"openable": false,
			"glow": false,
			"armor_model_scale": 0.22,
			"name": {
				"text": "Vibe's Chestpiece"
			},
			"textures": {
				"normal": "maxheroes:textures/models/armor/vibe/chestplate.png",
				"normal_open": "maxheroes:textures/models/armor/vibe/chestplate_open.png",
				"normal_smallarms": "maxheroes:textures/models/armor/vibe/chestplate_smallarms.png",
				"normal_smallarms_open": "maxheroes:textures/models/armor/vibe/chestplate_smallarms_open.png"
			},
			"item_texture": {
				"blockstate": "maxheroes:vibe_suit"
			}
		},

		"legs": {
			"openable": false,
			"glow": false,
			"armor_model_scale": 0.25,
			"name": {
				"text": "Vibe's Pants"
			},
			"textures": {
				"normal": "maxheroes:textures/models/armor/vibe/legs.png"

			},
			"item_texture": {
				"blockstate": "maxheroes:vibe_suit"
			}
		},

		"feet": {
			"openable": false,
			"glow": false,
			"armor_model_scale": 0.22,
			"name": {
				"text": "Vibe's Boots"
			},
			"textures": {
				"normal": "maxheroes:textures/models/armor/vibe/boots.png"

			},
			"item_texture": {
				"blockstate": "maxheroes:vibe_suit"
			}
		}
	}
}