{
	"name": {
		"text": "Vision's Suit"
	},

	"armor_material": {
		"durability": 10,
		"damage_reduction_amounts": [3, 6, 8, 3],
		"enchantibility": 20,
		"toughness": 2.0,
		"sound": "item.armor.equip_generic"
	},

	"creative_tab": "maxheroes",

	"description": {
		"text": "Vision (MCU)"
	},

	"abilities": [
               
		{
			"ability": "lucraftcore:invisibility"
		},
		{
			"ability": "heroesexpansion:heat_vision",
			"color": [255, 127, 0]
		},
		{
			"ability": "speedsterheroes:phasing",
			"cooldown": 600
		},
		{
			"ability": "lucraftcore:fire_resistance"
		},
		{
                 "ability": "lucraftcore:flight",
                 "cooldown": 0,
                 "show_in_bar": true,
                 "speed": 2,
                 "sprint_speed": 4,
                 "rotate_arms": false
           },
		{
			"ability": "lucraftcore:healing",
			"frequency": 20,
			"amount": 1.5
		},
		{
			"ability": "lucraftcore:health",
			"factor": 1,
			"operation": 2,
			"uuid": "2125e01b-30bf-434d-b7e1-994dacc52f19"

		},
		{
			"ability": "lucraftcore:strength",
			"factor": 2,
			"operation": 2,
			"uuid": "2125e01b-30bf-434d-b7e1-994dacc52f19"

		},
		{
			"ability": "lucraftcore:slowfall",
			"key": 3
		},
		{
			"ability": "lucraftcore:resistance",
			"factor": 1,
			"operation": 1,
			"uuid": "2125e01b-30bf-434d-b7e1-994dacc52f19"

		},
		{
			"ability": "lucraftcore:photon_blast",
			"cooldown": 4,
			"color": [255, 127, 0],
			"key": 2
		}


	],


	"armor_parts": {

		"head": {
			"openable": false,
			"glow": true,
			"armor_model_scale": 0.5,
			"name": {
				"text": "Vision's Head"
			},
			"textures": {
				"normal": "maxheroes:textures/models/armor/vision/helmet.png",
				"glow": "maxheroes:textures/models/armor/vision/helmet_glow.png"
			},
			"item_texture": {
				"blockstate": "maxheroes:vision_suit"
			}
		},

		"chest": {
			"openable": false,
			"glow": false,
			"armor_model_scale": 0.22,
			"name": {
				"text": "Vision's Body"
			},
			"textures": {
				"normal": "maxheroes:textures/models/armor/vision/chestplate.png",
				"normal_smallarms": "maxheroes:textures/models/armor/vision/chestplate_smallarms.png",
				"glow": "maxheroes:textures/models/armor/vision/chest_glow.png",
				"glow_smallarms": "maxheroes:textures/models/armor/vision/chest_small_glow.png"

			},
			"item_texture": {
				"blockstate": "maxheroes:vision_suit"
			}
		},

		"legs": {
			"openable": false,
			"glow": false,
			"armor_model_scale": 0.25,
			"name": {
				"text": "Vision's Legs"
			},
			"textures": {
				"normal": "maxheroes:textures/models/armor/vision/legs.png"
			},
			"item_texture": {
				"blockstate": "maxheroes:vision_suit"
			}
		},

		"feet": {
			"openable": false,
			"glow": false,
			"armor_model_scale": 0.22,
			"name": {
				"text": "Vision's Feet"
			},
			"textures": {
				"normal": "maxheroes:textures/models/armor/vision/boots.png"
			},
			"item_texture": {
				"blockstate": "maxheroes:vision_suit"
			}
		}
	}
}