{
	"name": {
		"text": "The Flash's Suit"
	},

	"armor_material": {
		"durability": 10,
		"damage_reduction_amounts": [3, 6, 8, 3],
		"enchantibility": 20,
		"toughness": 0.0,
		"sound": "item.armor.equip_generic"
	},

"creative_tab": "maxspeedsters",

	"data": {
		"trail": {
			"red": 1,
			"green": 0.04,
			"blue": 0
		},
		"flicker": {
			"red": 1,
			"green": 0.3,
			"blue": 0
		},
		"speed_levels": 20
	},

	"description": {
		"text": "Wally West Rebirth"
	},

	"abilities": [{
			"ability": "lucraftcore:fire_resistance"
		},
		{
			"ability": "lucraftcore:healing",
			"frequency": 20,
			"amount": 5
		},
		{
			"ability": "speedsterheroes:suit_ring"
		}
	],

"effects": [{
			"type": "trail",
			"trail_type": "lightnings",
			"color": [1, 0.1, 0],
			"use_suit_trail": false,
			"conditions": [{
				"type": "ability_enabled",
				"ability": "speedsterheroes:super_speed"
			}]
		},
		{
			"type": "trail",
			"trail_type": "normal",
			"color": [1, 0, 0],
			"use_suit_trail": false,
			"conditions": [{
				"type": "ability_enabled",
				"ability": "speedsterheroes:super_speed"
			}]
		}


	],


	"armor_parts": {

		"head": {
			"openable": true,
			"glow": false,
			"armor_model_scale": 0.5,
			"name": {
				"text": "Flash's Helmet"
			},
			"textures": {
				"normal": "maxheroes:textures/models/armor/wallywest/helmet.png",
				"normal_open": "maxheroes:textures/models/armor/wallywest/helmet_open.png"			},
			"item_texture": {
				"blockstate": "maxheroes:wallywest_suit"
			}

		},

		"chest": {
			"openable": false,
			"glow": false,
			"armor_model_scale": 0.22,
			"name": {
				"text": "Flash's Chestpiece"
			},
			"textures": {
				"normal": "maxheroes:textures/models/armor/wallywest/chestplate.png",
				"normal_smallarms": "maxheroes:textures/models/armor/wallywest/chestplate_smallarms.png"			},
			"item_texture": {
				"blockstate": "maxheroes:wallywest_suit"
			}
		},

		"legs": {
			"openable": false,
			"glow": false,
			"armor_model_scale": 0.25,
			"name": {
				"text": "Flash's Pants"
			},
			"textures": {
				"normal": "maxheroes:textures/models/armor/wallywest/legs.png"			},
			"item_texture": {
				"blockstate": "maxheroes:wallywest_suit"
			}
		},

		"feet": {
			"openable": false,
			"glow": false,
			"armor_model_scale": 0.22,
			"name": {
				"text": "Flash's Boots"
			},
			"textures": {
				"normal": "maxheroes:textures/models/armor/wallywest/boots.png"			},
			"item_texture": {
				"blockstate": "maxheroes:wallywest_suit"
			}
		}
	}
}