{
	"modelId": "vulpimancer_os",
	"modelName": "vulpimancer_os",
	"hide": ["model_all", "feature_all"],
	"skeleton": {},
	"bones": [
		{
			"id": "body_1_cpm_dummy",
			"position": [5.5, 2.5, 0]
		},
		{
			"id": "body_1",
			"texture": "tex.vulpimancer_os",
			"parent": "body_1_cpm_dummy",
			"boxes": []
		},
		{
			"id": "body_1_body_wrapper_bone",
			"parent": "body_1",
			"position": [-2.5, -4.5, 0],
			"boxes": []
		},
		{
			"id": "body_1_body_wrapper_bone_pivot_point",
			"parent": "body_1_body_wrapper_bone",
			"rotation": [0, 0, 5],
			"boxes": [
				{
					"textureOffset": [0, 0],
					"coordinates": [-7, 0, 6, 13, 9, 12]
				}
			]
		},
		{
			"id": "body_2_cpm_dummy",
			"position": [-7.24083, 0.20627, 0]
		},
		{
			"id": "body_2",
			"texture": "tex.vulpimancer_os",
			"parent": "body_2_cpm_dummy",
			"boxes": []
		},
		{
			"id": "body_2_body_wrapper_bone",
			"parent": "body_2",
			"position": [-3.6, 1.1, 0],
			"boxes": []
		},
		{
			"id": "body_2_body_wrapper_bone_pivot_point",
			"parent": "body_2_body_wrapper_bone",
			"rotation": [0, 0, 15],
			"boxes": [
				{
					"textureOffset": [0, 0],
					"coordinates": [-5.9, -4.6, 5, 13, 7, 10]
				}
			]
		},
		{
			"id": "back_left_leg_cpm_dummy",
			"position": [-6.15769, -8.60813, -6.5]
		},
		{
			"id": "back_left_leg",
			"texture": "tex.vulpimancer_os",
			"parent": "back_left_leg_cpm_dummy",
			"boxes": []
		},
		{
			"id": "back_left_leg_back_left_leg_wrapper_bone",
			"parent": "back_left_leg",
			"position": [-6.04465, 3.47836, 0],
			"boxes": []
		},
		{
			"id": "back_left_leg_back_left_leg_wrapper_bone_pivot_point",
			"parent": "back_left_leg_back_left_leg_wrapper_bone",
			"rotation": [0, 0, 32.5],
			"boxes": [
				{
					"textureOffset": [0, 0],
					"coordinates": [-0.2094, 0.52414, 1.5, 4, 6.9, 3]
				}
			]
		},
		{
			"id": "back_left_leg_back_left_leg_wrapper_bone_2",
			"parent": "back_left_leg",
			"position": [-6.04465, 3.47836, -0.3],
			"boxes": []
		},
		{
			"id": "back_left_leg_back_left_leg_wrapper_bone_2_pivot_point",
			"parent": "back_left_leg_back_left_leg_wrapper_bone_2",
			"rotation": [0, 0, -62.5],
			"boxes": [
				{
					"textureOffset": [0, 0],
					"coordinates": [-0.97022, -3.44767, 1.4, 3, 6.9, 2.8]
				}
			]
		},
		{
			"id": "back_left_leg_back_left_leg_wrapper_bone_3",
			"parent": "back_left_leg",
			"position": [-5.66622, -0.36664, -0.3],
			"boxes": []
		},
		{
			"id": "back_left_leg_back_left_leg_wrapper_bone_3_pivot_point",
			"parent": "back_left_leg_back_left_leg_wrapper_bone_3",
			"rotation": [0, 0, 37.5],
			"boxes": [
				{
					"textureOffset": [0, 0],
					"coordinates": [-1.5, -2.55, 1.3, 3, 5.5, 2.6]
				}
			]
		},
		{
			"id": "back_left_leg_back_left_leg_wrapper_bone_4",
			"parent": "back_left_leg",
			"position": [-5.66622, -0.36664, -0.3],
			"boxes": []
		},
		{
			"id": "back_left_leg_back_left_leg_wrapper_bone_4_pivot_point",
			"parent": "back_left_leg_back_left_leg_wrapper_bone_4",
			"rotation": [0, 0, 0],
			"boxes": [
				{
					"textureOffset": [0, 0],
					"coordinates": [0.4, -2.95, 1.5, 4, 2, 3]
				}
			]
		},
		{
			"id": "back_left_leg_back_left_leg_wrapper_bone_5",
			"parent": "back_left_leg",
			"position": [-5.66622, -0.36664, -0.3],
			"boxes": []
		},
		{
			"id": "back_left_leg_back_left_leg_wrapper_bone_5_pivot_point",
			"parent": "back_left_leg_back_left_leg_wrapper_bone_5",
			"rotation": [0, 0, 0],
			"boxes": [
				{
					"textureOffset": [0, 0],
					"coordinates": [4.4, -2.95, -0.6, 1, 1, 0.9]
				}
			]
		},
		{
			"id": "back_left_leg_back_left_leg_wrapper_bone_6",
			"parent": "back_left_leg",
			"position": [-5.66622, -0.36664, -0.3],
			"boxes": []
		},
		{
			"id": "back_left_leg_back_left_leg_wrapper_bone_6_pivot_point",
			"parent": "back_left_leg_back_left_leg_wrapper_bone_6",
			"rotation": [0, 0, 0],
			"boxes": [
				{
					"textureOffset": [0, 0],
					"coordinates": [4.4, -2.95, 1.5, 1, 1, 0.9]
				}
			]
		},
		{
			"id": "back_left_leg_back_left_leg_wrapper_bone_7",
			"parent": "back_left_leg",
			"position": [-5.66622, -0.36664, -0.3],
			"boxes": []
		},
		{
			"id": "back_left_leg_back_left_leg_wrapper_bone_7_pivot_point",
			"parent": "back_left_leg_back_left_leg_wrapper_bone_7",
			"rotation": [0, 0, 0],
			"boxes": [
				{
					"textureOffset": [0, 0],
					"coordinates": [4.4, -2.95, 0.5, 1, 1, 1]
				}
			]
		},
		{
			"id": "back_right_leg_cpm_dummy",
			"position": [-6.15769, -8.60813, 6.5]
		},
		{
			"id": "back_right_leg",
			"texture": "tex.vulpimancer_os",
			"parent": "back_right_leg_cpm_dummy",
			"boxes": []
		},
		{
			"id": "back_right_leg_back_right_leg_wrapper_bone",
			"parent": "back_right_leg",
			"position": [-6.04465, 3.47836, 0],
			"boxes": []
		},
		{
			"id": "back_right_leg_back_right_leg_wrapper_bone_pivot_point",
			"parent": "back_right_leg_back_right_leg_wrapper_bone",
			"rotation": [0, 0, 32.5],
			"boxes": [
				{
					"textureOffset": [0, 0],
					"coordinates": [-0.2094, 0.52414, 1.5, 4, 6.9, 3]
				}
			]
		},
		{
			"id": "back_right_leg_back_right_leg_wrapper_bone_2",
			"parent": "back_right_leg",
			"position": [-6.04465, 3.47836, 0.3],
			"boxes": []
		},
		{
			"id": "back_right_leg_back_right_leg_wrapper_bone_2_pivot_point",
			"parent": "back_right_leg_back_right_leg_wrapper_bone_2",
			"rotation": [0, 0, -62.5],
			"boxes": [
				{
					"textureOffset": [0, 0],
					"coordinates": [-0.97022, -3.44767, 1.4, 3, 6.9, 2.8]
				}
			]
		},
		{
			"id": "back_right_leg_back_right_leg_wrapper_bone_3",
			"parent": "back_right_leg",
			"position": [-5.66622, -0.36664, 0.3],
			"boxes": []
		},
		{
			"id": "back_right_leg_back_right_leg_wrapper_bone_3_pivot_point",
			"parent": "back_right_leg_back_right_leg_wrapper_bone_3",
			"rotation": [0, 0, 37.5],
			"boxes": [
				{
					"textureOffset": [0, 0],
					"coordinates": [-1.5, -2.55, 1.3, 3, 5.5, 2.6]
				}
			]
		},
		{
			"id": "back_right_leg_back_right_leg_wrapper_bone_4",
			"parent": "back_right_leg",
			"position": [-5.66622, -0.36664, 0.3],
			"boxes": []
		},
		{
			"id": "back_right_leg_back_right_leg_wrapper_bone_4_pivot_point",
			"parent": "back_right_leg_back_right_leg_wrapper_bone_4",
			"rotation": [0, 0, 0],
			"boxes": [
				{
					"textureOffset": [0, 0],
					"coordinates": [0.4, -2.95, 1.5, 4, 2, 3]
				}
			]
		},
		{
			"id": "back_right_leg_back_right_leg_wrapper_bone_5",
			"parent": "back_right_leg",
			"position": [-5.66622, -0.36664, 0.3],
			"boxes": []
		},
		{
			"id": "back_right_leg_back_right_leg_wrapper_bone_5_pivot_point",
			"parent": "back_right_leg_back_right_leg_wrapper_bone_5",
			"rotation": [0, 0, 0],
			"boxes": [
				{
					"textureOffset": [0, 0],
					"coordinates": [4.4, -2.95, -0.6, 1, 1, 0.9]
				}
			]
		},
		{
			"id": "back_right_leg_back_right_leg_wrapper_bone_6",
			"parent": "back_right_leg",
			"position": [-5.66622, -0.36664, 0.3],
			"boxes": []
		},
		{
			"id": "back_right_leg_back_right_leg_wrapper_bone_6_pivot_point",
			"parent": "back_right_leg_back_right_leg_wrapper_bone_6",
			"rotation": [0, 0, 0],
			"boxes": [
				{
					"textureOffset": [0, 0],
					"coordinates": [4.4, -2.95, 1.5, 1, 1, 0.9]
				}
			]
		},
		{
			"id": "back_right_leg_back_right_leg_wrapper_bone_7",
			"parent": "back_right_leg",
			"position": [-5.66622, -0.36664, 0.3],
			"boxes": []
		},
		{
			"id": "back_right_leg_back_right_leg_wrapper_bone_7_pivot_point",
			"parent": "back_right_leg_back_right_leg_wrapper_bone_7",
			"rotation": [0, 0, 0],
			"boxes": [
				{
					"textureOffset": [0, 0],
					"coordinates": [4.4, -2.95, 0.5, 1, 1, 1]
				}
			]
		},
		{
			"id": "front_left_leg_cpm_dummy",
			"position": [10.24401, -6.45216, -8.2125]
		},
		{
			"id": "front_left_leg",
			"texture": "tex.vulpimancer_os",
			"parent": "front_left_leg_cpm_dummy",
			"boxes": []
		},
		{
			"id": "front_left_leg_front_left_leg_wrapper_bone",
			"parent": "front_left_leg",
			"position": [-5.65574, 7.84653, 1.2125],
			"boxes": []
		},
		{
			"id": "front_left_leg_front_left_leg_wrapper_bone_pivot_point",
			"parent": "front_left_leg_front_left_leg_wrapper_bone",
			"rotation": [0, 0, -7.5],
			"boxes": [
				{
					"textureOffset": [0, 0],
					"coordinates": [-2, -5, 1, 4, 9, 4]
				}
			]
		},
		{
			"id": "front_left_leg_front_left_leg_wrapper_bone_2",
			"parent": "front_left_leg",
			"position": [-4.35338, 0.46047, 0.2125],
			"boxes": []
		},
		{
			"id": "front_left_leg_front_left_leg_wrapper_bone_2_pivot_point",
			"parent": "front_left_leg_front_left_leg_wrapper_bone_2",
			"rotation": [0, 0, 25],
			"boxes": [
				{
					"textureOffset": [0, 0],
					"coordinates": [-2.9, -5.175, 2.1, 4, 9.675, 4.2]
				}
			]
		},
		{
			"id": "front_left_leg_front_left_leg_wrapper_bone_3",
			"parent": "front_left_leg",
			"position": [-4.35338, 0.46047, 0.2125],
			"boxes": []
		},
		{
			"id": "front_left_leg_front_left_leg_wrapper_bone_3_pivot_point",
			"parent": "front_left_leg_front_left_leg_wrapper_bone_3",
			"rotation": [0, 0, 25],
			"boxes": [
				{
					"textureOffset": [0, 0],
					"coordinates": [-2.9, 4.5, -1.1, 1, 3, 1]
				}
			]
		},
		{
			"id": "front_left_leg_front_left_leg_wrapper_bone_4",
			"parent": "front_left_leg",
			"position": [-4.35338, 0.46047, 0.2125],
			"boxes": []
		},
		{
			"id": "front_left_leg_front_left_leg_wrapper_bone_4_pivot_point",
			"parent": "front_left_leg_front_left_leg_wrapper_bone_4",
			"rotation": [0, 0, 25],
			"boxes": [
				{
					"textureOffset": [0, 0],
					"coordinates": [-2.9, 4.5, 0.9, 1, 1, 2]
				}
			]
		},
		{
			"id": "front_left_leg_front_left_leg_wrapper_bone_5",
			"parent": "front_left_leg",
			"position": [-22.06791, -2.52261, 1.7125],
			"boxes": []
		},
		{
			"id": "front_left_leg_front_left_leg_wrapper_bone_5_pivot_point",
			"parent": "front_left_leg_front_left_leg_wrapper_bone_5",
			"rotation": [0, 0, 0],
			"boxes": [
				{
					"textureOffset": [0, 0],
					"coordinates": [17.275, -2.95, 0.7, 5.125, 2, 4.4]
				}
			]
		},
		{
			"id": "front_left_leg_front_left_leg_wrapper_bone_6",
			"parent": "front_left_leg",
			"position": [-22.06791, -2.52261, 1.7125],
			"boxes": []
		},
		{
			"id": "front_left_leg_front_left_leg_wrapper_bone_6_pivot_point",
			"parent": "front_left_leg_front_left_leg_wrapper_bone_6",
			"rotation": [0, 0, 0],
			"boxes": [
				{
					"textureOffset": [0, 0],
					"coordinates": [22.4, -2.95, -2.5, 1.1, 1, 1]
				}
			]
		},
		{
			"id": "front_left_leg_front_left_leg_wrapper_bone_7",
			"parent": "front_left_leg",
			"position": [-22.06791, -2.52261, 1.7125],
			"boxes": []
		},
		{
			"id": "front_left_leg_front_left_leg_wrapper_bone_7_pivot_point",
			"parent": "front_left_leg_front_left_leg_wrapper_bone_7",
			"rotation": [0, 0, 0],
			"boxes": [
				{
					"textureOffset": [0, 0],
					"coordinates": [22.4, -2.95, -0.9, 1.1, 1, 1.2]
				}
			]
		},
		{
			"id": "front_left_leg_front_left_leg_wrapper_bone_8",
			"parent": "front_left_leg",
			"position": [-22.06791, -2.52261, 1.7125],
			"boxes": []
		},
		{
			"id": "front_left_leg_front_left_leg_wrapper_bone_8_pivot_point",
			"parent": "front_left_leg_front_left_leg_wrapper_bone_8",
			"rotation": [0, 0, 0],
			"boxes": [
				{
					"textureOffset": [0, 0],
					"coordinates": [22.4, -2.95, 0.5, 1.1, 1, 1]
				}
			]
		},
		{
			"id": "front_right_leg_cpm_dummy",
			"position": [10.24401, -6.45216, 8.2125]
		},
		{
			"id": "front_right_leg",
			"texture": "tex.vulpimancer_os",
			"parent": "front_right_leg_cpm_dummy",
			"boxes": []
		},
		{
			"id": "front_right_leg_front_right_leg_wrapper_bone",
			"parent": "front_right_leg",
			"position": [-5.65574, 7.84653, -1.2125],
			"boxes": []
		},
		{
			"id": "front_right_leg_front_right_leg_wrapper_bone_pivot_point",
			"parent": "front_right_leg_front_right_leg_wrapper_bone",
			"rotation": [0, 0, -7.5],
			"boxes": [
				{
					"textureOffset": [0, 0],
					"coordinates": [-2, -5, 3, 4, 9, 4]
				}
			]
		},
		{
			"id": "front_right_leg_front_right_leg_wrapper_bone_2",
			"parent": "front_right_leg",
			"position": [-4.35338, 0.46047, -0.2125],
			"boxes": []
		},
		{
			"id": "front_right_leg_front_right_leg_wrapper_bone_2_pivot_point",
			"parent": "front_right_leg_front_right_leg_wrapper_bone_2",
			"rotation": [0, 0, 25],
			"boxes": [
				{
					"textureOffset": [0, 0],
					"coordinates": [-2.9, -5.175, 2.1, 4, 9.675, 4.2]
				}
			]
		},
		{
			"id": "front_right_leg_front_right_leg_wrapper_bone_3",
			"parent": "front_right_leg",
			"position": [-4.35338, 0.46047, -0.2125],
			"boxes": []
		},
		{
			"id": "front_right_leg_front_right_leg_wrapper_bone_3_pivot_point",
			"parent": "front_right_leg_front_right_leg_wrapper_bone_3",
			"rotation": [0, 0, 25],
			"boxes": [
				{
					"textureOffset": [0, 0],
					"coordinates": [-2.9, 4.5, 2.1, 1, 3, 1]
				}
			]
		},
		{
			"id": "front_right_leg_front_right_leg_wrapper_bone_4",
			"parent": "front_right_leg",
			"position": [-4.35338, 0.46047, -0.2125],
			"boxes": []
		},
		{
			"id": "front_right_leg_front_right_leg_wrapper_bone_4_pivot_point",
			"parent": "front_right_leg_front_right_leg_wrapper_bone_4",
			"rotation": [0, 0, 25],
			"boxes": [
				{
					"textureOffset": [0, 0],
					"coordinates": [-2.9, 4.5, 1.1, 1, 1, 2]
				}
			]
		},
		{
			"id": "front_right_leg_front_right_leg_wrapper_bone_5",
			"parent": "front_right_leg",
			"position": [-22.06791, -2.52261, -1.7125],
			"boxes": []
		},
		{
			"id": "front_right_leg_front_right_leg_wrapper_bone_5_pivot_point",
			"parent": "front_right_leg_front_right_leg_wrapper_bone_5",
			"rotation": [0, 0, 0],
			"boxes": [
				{
					"textureOffset": [0, 0],
					"coordinates": [17.275, -2.95, 3.7, 5.125, 2, 4.4]
				}
			]
		},
		{
			"id": "front_right_leg_front_right_leg_wrapper_bone_6",
			"parent": "front_right_leg",
			"position": [-22.06791, -2.52261, -1.7125],
			"boxes": []
		},
		{
			"id": "front_right_leg_front_right_leg_wrapper_bone_6_pivot_point",
			"parent": "front_right_leg_front_right_leg_wrapper_bone_6",
			"rotation": [0, 0, 0],
			"boxes": [
				{
					"textureOffset": [0, 0],
					"coordinates": [22.4, -2.95, 3.5, 1.1, 1, 1]
				}
			]
		},
		{
			"id": "front_right_leg_front_right_leg_wrapper_bone_7",
			"parent": "front_right_leg",
			"position": [-22.06791, -2.52261, -1.7125],
			"boxes": []
		},
		{
			"id": "front_right_leg_front_right_leg_wrapper_bone_7_pivot_point",
			"parent": "front_right_leg_front_right_leg_wrapper_bone_7",
			"rotation": [0, 0, 0],
			"boxes": [
				{
					"textureOffset": [0, 0],
					"coordinates": [22.4, -2.95, 2.1, 1.1, 1, 1.2]
				}
			]
		},
		{
			"id": "front_right_leg_front_right_leg_wrapper_bone_8",
			"parent": "front_right_leg",
			"position": [-22.06791, -2.52261, -1.7125],
			"boxes": []
		},
		{
			"id": "front_right_leg_front_right_leg_wrapper_bone_8_pivot_point",
			"parent": "front_right_leg_front_right_leg_wrapper_bone_8",
			"rotation": [0, 0, 0],
			"boxes": [
				{
					"textureOffset": [0, 0],
					"coordinates": [22.4, -2.95, 0.5, 1.1, 1, 1]
				}
			]
		},
		{
			"id": "head_cpm_dummy",
			"position": [16.5, 4.45, 0]
		},
		{
			"id": "head",
			"texture": "tex.vulpimancer_os",
			"parent": "head_cpm_dummy",
			"boxes": []
		},
		{
			"id": "head_head_wrapper_bone",
			"parent": "head",
			"position": [-13.5, -7.75, 0.5],
			"boxes": []
		},
		{
			"id": "head_head_wrapper_bone_pivot_point",
			"parent": "head_head_wrapper_bone",
			"rotation": [0, 0, 0],
			"boxes": [
				{
					"textureOffset": [0, 0],
					"coordinates": [5, 3, 4.5, 7, 9, 10]
				}
			]
		},
		{
			"id": "head_head_wrapper_bone_2",
			"parent": "head",
			"position": [-13.5, -7.75, 0.5],
			"boxes": []
		},
		{
			"id": "head_head_wrapper_bone_2_pivot_point",
			"parent": "head_head_wrapper_bone_2",
			"rotation": [0, 0, 0],
			"boxes": [
				{
					"textureOffset": [0, 0],
					"coordinates": [12, 5, 4.5, 1, 6, 10]
				}
			]
		},
		{
			"id": "jaw_cpm_dummy",
			"position": [16.6, 0.7, 0]
		},
		{
			"id": "jaw",
			"texture": "tex.vulpimancer_os",
			"parent": "jaw_cpm_dummy",
			"boxes": []
		},
		{
			"id": "jaw_jaw_wrapper_bone",
			"parent": "jaw",
			"position": [-3, 0, 0],
			"boxes": []
		},
		{
			"id": "jaw_jaw_wrapper_bone_pivot_point",
			"parent": "jaw_jaw_wrapper_bone",
			"rotation": [0, 0, 0],
			"boxes": [
				{
					"textureOffset": [0, 0],
					"coordinates": [-3, -1.5, 5.1, 6, 3, 10.2]
				}
			]
		},
		{
			"id": "teeth_cpm_dummy",
			"position": [19.25, 2.88214, -0.025]
		},
		{
			"id": "teeth",
			"texture": "tex.vulpimancer_os",
			"parent": "teeth_cpm_dummy",
			"boxes": []
		},
		{
			"id": "teeth_teeth_wrapper_bone",
			"parent": "teeth",
			"position": [-5.65, -2.18214, 0.025],
			"boxes": []
		},
		{
			"id": "teeth_teeth_wrapper_bone_pivot_point",
			"parent": "teeth_teeth_wrapper_bone",
			"rotation": [0, 0, 0],
			"boxes": [
				{
					"textureOffset": [0, 0],
					"coordinates": [2.4, 1.5, -2.4, 0.5, 0.95, 1.45]
				}
			]
		},
		{
			"id": "teeth_teeth_wrapper_bone_2",
			"parent": "teeth",
			"position": [-5.65, -2.18214, 0.025],
			"boxes": []
		},
		{
			"id": "teeth_teeth_wrapper_bone_2_pivot_point",
			"parent": "teeth_teeth_wrapper_bone_2",
			"rotation": [0, 0, 0],
			"boxes": [
				{
					"textureOffset": [0, 0],
					"coordinates": [2.4, 1.5, -0.8, 0.5, 1.15, 1.35]
				}
			]
		},
		{
			"id": "teeth_teeth_wrapper_bone_3",
			"parent": "teeth",
			"position": [-5.65, -2.18214, 0.025],
			"boxes": []
		},
		{
			"id": "teeth_teeth_wrapper_bone_3_pivot_point",
			"parent": "teeth_teeth_wrapper_bone_3",
			"rotation": [0, 0, 0],
			"boxes": [
				{
					"textureOffset": [0, 0],
					"coordinates": [2.4, 1.5, 2.1, 0.5, 1.25, 1.35]
				}
			]
		},
		{
			"id": "teeth_teeth_wrapper_bone_4",
			"parent": "teeth",
			"position": [-5.65, -2.18214, 0.025],
			"boxes": []
		},
		{
			"id": "teeth_teeth_wrapper_bone_4_pivot_point",
			"parent": "teeth_teeth_wrapper_bone_4",
			"rotation": [0, 0, 0],
			"boxes": [
				{
					"textureOffset": [0, 0],
					"coordinates": [2.4, 1.5, 0.6, 0.5, 0.95, 1.25]
				}
			]
		},
		{
			"id": "teeth_teeth_wrapper_bone_5",
			"parent": "teeth",
			"position": [-5.65, -2.18214, 0.025],
			"boxes": []
		},
		{
			"id": "teeth_teeth_wrapper_bone_5_pivot_point",
			"parent": "teeth_teeth_wrapper_bone_5",
			"rotation": [0, 0, 0],
			"boxes": [
				{
					"textureOffset": [0, 0],
					"coordinates": [2.4, 2.2, -2.8, 0.5, 0.75, 1.05]
				}
			]
		},
		{
			"id": "teeth_teeth_wrapper_bone_6",
			"parent": "teeth",
			"position": [-5.65, -2.18214, 0.025],
			"boxes": []
		},
		{
			"id": "teeth_teeth_wrapper_bone_6_pivot_point",
			"parent": "teeth_teeth_wrapper_bone_6",
			"rotation": [0, 0, 0],
			"boxes": [
				{
					"textureOffset": [0, 0],
					"coordinates": [2.4, 1.5, 3.8, 0.5, 0.95, 1.45]
				}
			]
		},
		{
			"id": "teeth_teeth_wrapper_bone_7",
			"parent": "teeth",
			"position": [-5.65, -2.18214, 0.025],
			"boxes": []
		},
		{
			"id": "teeth_teeth_wrapper_bone_7_pivot_point",
			"parent": "teeth_teeth_wrapper_bone_7",
			"rotation": [0, 0, 0],
			"boxes": [
				{
					"textureOffset": [0, 0],
					"coordinates": [2.4, 2.2, 3.8, 0.5, 0.75, 1.05]
				}
			]
		},
		{
			"id": "omnitrix_cpm_dummy",
			"position": [7.58827, 1.69437, -9.175]
		},
		{
			"id": "omnitrix",
			"texture": "tex.vulpimancer_os",
			"parent": "omnitrix_cpm_dummy",
			"boxes": []
		},
		{
			"id": "omnitrix_omnitrix_wrapper_bone",
			"parent": "omnitrix",
			"position": [-3, -0.3, 2.175],
			"boxes": []
		},
		{
			"id": "omnitrix_omnitrix_wrapper_bone_pivot_point",
			"parent": "omnitrix_omnitrix_wrapper_bone",
			"rotation": [0, 0, -7.5],
			"boxes": [
				{
					"textureOffset": [0, 0],
					"coordinates": [-2.1, -2.6, -1, 4.2, 1.7, 2.1]
				}
			]
		},
		{
			"id": "omnitrix_omnitrix_wrapper_bone_2",
			"parent": "omnitrix",
			"position": [-3, -0.3, 2.175],
			"boxes": []
		},
		{
			"id": "omnitrix_omnitrix_wrapper_bone_2_pivot_point",
			"parent": "omnitrix_omnitrix_wrapper_bone_2",
			"rotation": [0, 0, -7.5],
			"boxes": [
				{
					"textureOffset": [0, 0],
					"coordinates": [-2.5, -0.6, 1, 5, 4.7, 4.5]
				}
			]
		},
		{
			"id": "omnitrix_omnitrix_wrapper_bone_3",
			"parent": "omnitrix",
			"position": [-3, -0.3, 2.175],
			"boxes": []
		},
		{
			"id": "omnitrix_omnitrix_wrapper_bone_3_pivot_point",
			"parent": "omnitrix_omnitrix_wrapper_bone_3",
			"rotation": [0, 0, -7.5],
			"boxes": [
				{
					"textureOffset": [0, 0],
					"coordinates": [-1.8, 0.3, -3.5, 3.6, 3.3, 0.5]
				}
			]
		},
		{
			"id": "omnitrix_omnitrix_wrapper_bone_4",
			"parent": "omnitrix",
			"position": [-3, -0.3, 2.175],
			"boxes": []
		},
		{
			"id": "omnitrix_omnitrix_wrapper_bone_4_pivot_point",
			"parent": "omnitrix_omnitrix_wrapper_bone_4",
			"rotation": [0, 0, -7.5],
			"boxes": [
				{
					"textureOffset": [0, 0],
					"coordinates": [-2.3, -1.6, 0, 4.6, 1.7, 3.3]
				}
			]
		},
		{
			"id": "fur_thingy_cpm_dummy",
			"position": [8.26759, -3.67792, 0]
		},
		{
			"id": "fur_thingy",
			"texture": "tex.vulpimancer_os",
			"parent": "fur_thingy_cpm_dummy",
			"boxes": []
		},
		{
			"id": "fur_thingy_fur_wrapper_bone",
			"parent": "fur_thingy",
			"position": [-3.05, -3, -8],
			"boxes": []
		},
		{
			"id": "fur_thingy_fur_wrapper_bone_pivot_point",
			"parent": "fur_thingy_fur_wrapper_bone",
			"rotation": [0, 15, 25],
			"boxes": [
				{
					"textureOffset": [0, 0],
					"coordinates": [-1.7, 0.1625, -2.099, 3.5, 2.675, 0.001]
				}
			]
		},
		{
			"id": "fur_thingy_fur_wrapper_bone_2",
			"parent": "fur_thingy",
			"position": [5.61269, 2.84167, 0.58333],
			"boxes": []
		},
		{
			"id": "fur_thingy_fur_wrapper_bone_2_pivot_point",
			"parent": "fur_thingy_fur_wrapper_bone_2",
			"rotation": [-90, 0, -35],
			"boxes": [
				{
					"textureOffset": [0, 0],
					"coordinates": [-4.35, -0.8375, 1.801, 9.9, 2.675, 0.001]
				}
			]
		},
		{
			"id": "fur_thingy_fur_wrapper_bone_3",
			"parent": "fur_thingy",
			"position": [5.61269, 2.84167, 0.58333],
			"boxes": []
		},
		{
			"id": "fur_thingy_fur_wrapper_bone_3_pivot_point",
			"parent": "fur_thingy_fur_wrapper_bone_3",
			"rotation": [-90, 0, -35],
			"boxes": [
				{
					"textureOffset": [0, 0],
					"coordinates": [-4.35, -1.3375, 0.801, 9.9, 2.675, 0.001]
				}
			]
		},
		{
			"id": "fur_thingy_fur_wrapper_bone_4",
			"parent": "fur_thingy",
			"position": [-3.05, -3, -8],
			"boxes": []
		},
		{
			"id": "fur_thingy_fur_wrapper_bone_4_pivot_point",
			"parent": "fur_thingy_fur_wrapper_bone_4",
			"rotation": [0, 15, 25],
			"boxes": [
				{
					"textureOffset": [0, 0],
					"coordinates": [-1.7, 3.1625, -1.299, 3.5, 2.675, 0.001]
				}
			]
		},
		{
			"id": "fur_thingy_fur_wrapper_bone_5",
			"parent": "fur_thingy",
			"position": [-3.05, -3, 8],
			"boxes": []
		},
		{
			"id": "fur_thingy_fur_wrapper_bone_5_pivot_point",
			"parent": "fur_thingy_fur_wrapper_bone_5",
			"rotation": [0, -15, 25],
			"boxes": [
				{
					"textureOffset": [0, 0],
					"coordinates": [-1.7, 0.1625, 2.101, 3.5, 2.675, 0.001]
				}
			]
		},
		{
			"id": "fur_thingy_fur_wrapper_bone_6",
			"parent": "fur_thingy",
			"position": [-3.05, -3, 8],
			"boxes": []
		},
		{
			"id": "fur_thingy_fur_wrapper_bone_6_pivot_point",
			"parent": "fur_thingy_fur_wrapper_bone_6",
			"rotation": [0, -15, 25],
			"boxes": [
				{
					"textureOffset": [0, 0],
					"coordinates": [-1.7, 3.1625, 1.301, 3.5, 2.675, 0.001]
				}
			]
		},
		{
			"id": "fur_thingy_fur_wrapper_bone_7",
			"parent": "fur_thingy",
			"position": [-2.23459, 11.15088, 0],
			"boxes": []
		},
		{
			"id": "fur_thingy_fur_wrapper_bone_7_pivot_point",
			"parent": "fur_thingy_fur_wrapper_bone_7",
			"rotation": [0, 0, -7.5],
			"boxes": [
				{
					"textureOffset": [0, 0],
					"coordinates": [-1.6, 0.1, 6, 3.2, 0.001, 12]
				}
			]
		},
		{
			"id": "fur_thingy_fur_wrapper_bone_8",
			"parent": "fur_thingy",
			"position": [-2.23459, 11.15088, 0],
			"boxes": []
		},
		{
			"id": "fur_thingy_fur_wrapper_bone_8_pivot_point",
			"parent": "fur_thingy_fur_wrapper_bone_8",
			"rotation": [0, 0, -7.5],
			"boxes": [
				{
					"textureOffset": [0, 0],
					"coordinates": [-5.1, -0.7, 6, 3.2, 0.001, 12]
				}
			]
		},
		{
			"id": "fur_thingy_fur_wrapper_bone_9",
			"parent": "fur_thingy",
			"position": [-2.23459, 11.15088, 0],
			"boxes": []
		},
		{
			"id": "fur_thingy_fur_wrapper_bone_9_pivot_point",
			"parent": "fur_thingy_fur_wrapper_bone_9",
			"rotation": [0, 0, -7.5],
			"boxes": [
				{
					"textureOffset": [0, 0],
					"coordinates": [-8.1, -1.4, 6, 3.2, 0.001, 12]
				}
			]
		}
	]
}