{
	"forge_marker": 1,
	"defaults": {
		"model": "builtin/generated",
		"textures": {
			"layer0": "blocks/dirt"
		},

		"transform": "forge:default-item"
	},

	"variants": {
		"head": [{
			"textures": {
				"layer0": "mystheroes:items/captain_america_endgame/helmet"
			}
		}],
		
		"chest": [{
			"textures": {
				"layer0": "mystheroes:items/captain_america_endgame/chestplate"
			}
		}],

		"legs": [{
			"textures": {
				"layer0": "mystheroes:items/captain_america_endgame/legs"
			}
		}],

		"feet": [{
			"textures": {
				"layer0": "mystheroes:items/captain_america_endgame/boots"
			}
		}]
	}
}