{
	"modelId": "zoroark",
	"modelName": "zoroark_1.12.2",
	"version": "1.0",
	"author": "val9k",
	"hide": ["model_all", "feature_all"],
	"skeleton": {
		"head_all": [0, "if(is_sneaking,-1.0000,0.0000)", 0],
		"body_all": [0, 0, 0],
		"left_arm_all": [-6.5, -0.5, 0],
		"right_arm_all": [6.5, -0.5, 0],
		"right_leg_all": [2, -12, "if(is_sneaking,8.0000,0.0000)"],
		"left_leg_all": [-2, -12, "if(is_sneaking,8.0000,0.0000)"]
	},
	"bones": [
		{
			"id": "head_c",
			"parent": "head",
			"texture": "tex.zoroark_tex",
			"boxes": [
				{
					"textureOffset": [0, 0],
					"coordinates": [-1, -0.5, 1, 2, 2, 2]
				},
				{
					"textureOffset": [12, 0],
					"coordinates": [-3, 1, 2, 6, 4, 4]
				},
				{
					"textureOffset": [20, 11],
					"coordinates": [-2, 1, -2, 4, 3, 2]
				},
				{
					"textureOffset": [0, 10],
					"coordinates": [-1, 1.5, -4, 2, 2, 1]
				},
				{
					"textureOffset": [0, 13],
					"coordinates": [-0.5, 2.25, -4.4, 1, 1, 1]
				},
				{
					"textureOffset": [18, 44],
					"coordinates": [-1, 4, -2, 2, 1, 1]
				}
			]
		},
		{
			"id": "head_c_helmet_hat",
			"parent": "head_c",
			"attached": ["helmet_all", "head_wearing"]
		},
		{
			"id": "maine_cpm_dummy",
			"parent": "head_c",
			"position": [0, 5, -1]
		},
		{
			"id": "maine",
			"parent": "maine_cpm_dummy",
			"position": [0, 1, 2],
			"physics": [0.9, 0.1, 0.5, 0, 0],
			"boxes": []
		},
		{
			"id": "maine_maine1_wrapper_bone",
			"parent": "maine",
			"position": [0, -1, -2],
			"boxes": []
		},
		{
			"id": "maine_maine1_wrapper_bone_pivot_point",
			"parent": "maine_maine1_wrapper_bone",
			"rotation": [0, 0, 0],
			"boxes": [
				{
					"textureOffset": [31, 52],
					"coordinates": [-1.5, -1, 3, 3, 2, 4]
				}
			]
		},
		{
			"id": "main2",
			"parent": "maine",
			"boxes": [],
			"physics": [0.2, 0.5, 0.5, 0, 0.3]
		},
		{
			"id": "main2_maine2_wrapper_bone",
			"parent": "main2",
			"position": [0, 0, 0],
			"boxes": []
		},
		{
			"id": "main2_maine2_wrapper_bone_pivot_point",
			"parent": "main2_maine2_wrapper_bone",
			"rotation": [0, 0, 0],
			"boxes": [
				{
					"textureOffset": [22, 58],
					"coordinates": [-2.5, -1, 2, 5, 2, 4]
				}
			]
		},
		{
			"id": "pic1_cpm_dummy",
			"parent": "main2",
			"position": [0.5, 1, 0.5]
		},
		{
			"id": "pic1",
			"parent": "pic1_cpm_dummy",
			"boxes": []
		},
		{
			"id": "pic1_pic1_wrapper_bone",
			"parent": "pic1",
			"position": [0, 0, 0],
			"boxes": []
		},
		{
			"id": "pic1_pic1_wrapper_bone_pivot_point",
			"parent": "pic1_pic1_wrapper_bone",
			"rotation": [0, -15, -10],
			"boxes": [
				{
					"textureOffset": [60, 0],
					"coordinates": [-0.5, 0, 0.5, 1, 2, 1],
					"sizeAdd": 0.2
				}
			]
		},
		{
			"id": "maine3_cpm_dummy",
			"parent": "main2",
			"position": [0, 0, 2]
		},
		{
			"id": "maine3",
			"parent": "maine3_cpm_dummy",
			"position": [0, -1, 4],
			"rotation": [0, -40, 0],
			"boxes": [],
			"physics": [0, 0.8, 0.5, 0, 1.3]
		},
		{
			"id": "maine3_maine3_wrapper_bone",
			"parent": "maine3",
			"position": [0, 1, -4],
			"boxes": []
		},
		{
			"id": "maine3_maine3_wrapper_bone_pivot_point",
			"parent": "maine3_maine3_wrapper_bone",
			"rotation": [0, 0, 0],
			"boxes": [
				{
					"textureOffset": [44, 43],
					"coordinates": [-2.5, -2.5, 4.5, 5, 4, 5],
					"sizeAdd": 0.5
				}
			]
		},
		{
			"id": "maine3_pic2_wrapper_bone",
			"parent": "maine3",
			"position": [-0.5, 2.40883, -2.37674],
			"boxes": []
		},
		{
			"id": "maine3_pic2_wrapper_bone_pivot_point",
			"parent": "maine3_pic2_wrapper_bone",
			"rotation": [22.5, -42.5, 10],
			"boxes": [
				{
					"textureOffset": [60, 0],
					"coordinates": [-0.5, 0, 0.5, 1, 2, 1],
					"sizeAdd": 0.2
				}
			]
		},
		{
			"id": "maine3_pic3_wrapper_bone",
			"parent": "maine3",
			"position": [1.5, 2.46045, -0.48744],
			"boxes": []
		},
		{
			"id": "maine3_pic3_wrapper_bone_pivot_point",
			"parent": "maine3_pic3_wrapper_bone",
			"rotation": [-32.5, -30, -35],
			"boxes": [
				{
					"textureOffset": [60, 0],
					"coordinates": [-0.5, 0, 0.5, 1, 2, 1],
					"sizeAdd": 0.2
				}
			]
		},
		{
			"id": "maine4",
			"parent": "maine3",
			"position": [0, 0, 6.5],
			"rotation": [0, -30, 0],
			"boxes": [],
			"physics": [0, 0.4, 0.5, 0, 1.3]
		},
		{
			"id": "maine4_maine4_wrapper_bone",
			"parent": "maine4",
			"position": [0, 0, -6.5],
			"boxes": []
		},
		{
			"id": "maine4_maine4_wrapper_bone_pivot_point",
			"parent": "maine4_maine4_wrapper_bone",
			"rotation": [0, 0, 0],
			"boxes": [
				{
					"textureOffset": [38, 52],
					"coordinates": [-3, -2.66281, 6.42139, 6, 5, 7]
				}
			]
		},
		{
			"id": "maine4_pic4_wrapper_bone",
			"parent": "maine4",
			"position": [-1.5, 2.33719, -5.57861],
			"boxes": []
		},
		{
			"id": "maine4_pic4_wrapper_bone_pivot_point",
			"parent": "maine4_pic4_wrapper_bone",
			"rotation": [-12.5, -132.5, -152.5],
			"boxes": [
				{
					"textureOffset": [60, 0],
					"coordinates": [-0.15221, -0.20776, 0.43031, 1, 2, 1],
					"sizeAdd": 0.2
				}
			]
		},
		{
			"id": "maine4_pic5_wrapper_bone",
			"parent": "maine4",
			"position": [1.5, 1.33719, -1.57861],
			"boxes": []
		},
		{
			"id": "maine4_pic5_wrapper_bone_pivot_point",
			"parent": "maine4_pic5_wrapper_bone",
			"rotation": [-2.5, -137.5, 142.5],
			"boxes": [
				{
					"textureOffset": [60, 0],
					"coordinates": [-0.15221, 0.79224, 0.43031, 1, 2, 1],
					"sizeAdd": 0.2
				}
			]
		},
		{
			"id": "maine5",
			"parent": "maine4",
			"position": [0, 0, 3],
			"boxes": [],
			"physics": [0, 0.1, 0.7, 0, 1.3]
		},
		{
			"id": "maine5_maine5_wrapper_bone",
			"parent": "maine5",
			"position": [0, 0, -3],
			"boxes": []
		},
		{
			"id": "maine5_maine5_wrapper_bone_pivot_point",
			"parent": "maine5_maine5_wrapper_bone",
			"rotation": [0, 0, 0],
			"boxes": [
				{
					"textureOffset": [12, 51],
					"coordinates": [-1.5, -1.5, 3, 3, 3, 4]
				}
			]
		},
		{
			"id": "mainepearl",
			"parent": "maine5",
			"position": [0, 0, 3.5],
			"boxes": [],
			"physics": [0, 0.1, 0.7, 0, 1.3]
		},
		{
			"id": "mainepearl_mainepearl_wrapper_bone",
			"parent": "mainepearl",
			"position": [0, 0, -3.5],
			"boxes": []
		},
		{
			"id": "mainepearl_mainepearl_wrapper_bone_pivot_point",
			"parent": "mainepearl_mainepearl_wrapper_bone",
			"rotation": [0, 0, 0],
			"boxes": [
				{
					"textureOffset": [6, 47],
					"coordinates": [-0.5, -0.5, 3.5, 1, 1, 4]
				}
			]
		},
		{
			"id": "mainepearl_pearl_wrapper_bone",
			"parent": "mainepearl",
			"position": [0, 0, -3.5],
			"boxes": []
		},
		{
			"id": "mainepearl_pearl_wrapper_bone_pivot_point",
			"parent": "mainepearl_pearl_wrapper_bone",
			"rotation": [0, 0, 0],
			"boxes": [
				{
					"textureOffset": [44, 0],
					"coordinates": [-1.5, -1.5, 3, 3, 3, 3],
					"sizeAdd": -0.3
				}
			]
		},
		{
			"id": "endmaine",
			"parent": "mainepearl",
			"boxes": [],
			"physics": [0, 0.1, 0.8, 0, 1.3]
		},
		{
			"id": "endmaine_endmaine1_wrapper_bone",
			"parent": "endmaine",
			"position": [0, 0, 0],
			"boxes": []
		},
		{
			"id": "endmaine_endmaine1_wrapper_bone_pivot_point",
			"parent": "endmaine_endmaine1_wrapper_bone",
			"rotation": [0, 0, 0],
			"boxes": [
				{
					"textureOffset": [22, 49],
					"coordinates": [-1, -1, 3.8, 2, 2, 4]
				}
			]
		},
		{
			"id": "endmaine_endmaine2_wrapper_bone",
			"parent": "endmaine",
			"position": [0, 0, 0],
			"boxes": []
		},
		{
			"id": "endmaine_endmaine2_wrapper_bone_pivot_point",
			"parent": "endmaine_endmaine2_wrapper_bone",
			"rotation": [0, 0, 0],
			"boxes": [
				{
					"textureOffset": [30, 47],
					"coordinates": [-1, -1, 2.8, 2, 2, 2],
					"sizeAdd": 0.2
				}
			]
		},
		{
			"id": "lear_cpm_dummy",
			"parent": "head_c",
			"position": [-3, 4, 1]
		},
		{
			"id": "lear",
			"parent": "lear_cpm_dummy",
			"boxes": [],
			"physics": [0, 1, 0.3, 0.1, 0]
		},
		{
			"id": "lear_lear1_wrapper_bone",
			"parent": "lear",
			"position": [0, 0, 0],
			"boxes": []
		},
		{
			"id": "lear_lear1_wrapper_bone_pivot_point",
			"parent": "lear_lear1_wrapper_bone",
			"rotation": [0, -55, 17.5],
			"boxes": [
				{
					"textureOffset": [56, 3],
					"coordinates": [0, 0, 1.5, 1, 4, 3]
				}
			]
		},
		{
			"id": "lear_lear2_wrapper_bone",
			"parent": "lear",
			"position": [0, 0, 0],
			"boxes": []
		},
		{
			"id": "lear_lear2_wrapper_bone_pivot_point",
			"parent": "lear_lear2_wrapper_bone",
			"rotation": [0, -55, 17.5],
			"boxes": [
				{
					"textureOffset": [56, 0],
					"coordinates": [0, 4, 0.5, 1, 1, 1]
				}
			]
		},
		{
			"id": "rear_cpm_dummy",
			"parent": "head_c",
			"position": [3, 4, 1]
		},
		{
			"id": "rear",
			"parent": "rear_cpm_dummy",
			"boxes": [],
			"physics": [0, 1, 0.3, 0.1, 0]
		},
		{
			"id": "rear_rear1_wrapper_bone",
			"parent": "rear",
			"position": [0, 0, 0],
			"boxes": []
		},
		{
			"id": "rear_rear1_wrapper_bone_pivot_point",
			"parent": "rear_rear1_wrapper_bone",
			"rotation": [0, -55, -17.5],
			"boxes": [
				{
					"textureOffset": [56, 3],
					"coordinates": [-1, 0, 1.5, 1, 4, 3],
					"mirror": true
				}
			]
		},
		{
			"id": "rear_rear2_wrapper_bone",
			"parent": "rear",
			"position": [0, 0, 0],
			"boxes": []
		},
		{
			"id": "rear_rear2_wrapper_bone_pivot_point",
			"parent": "rear_rear2_wrapper_bone",
			"rotation": [0, -55, -17.5],
			"boxes": [
				{
					"textureOffset": [56, 0],
					"coordinates": [-1, 4, 0.5, 1, 1, 1],
					"mirror": true
				}
			]
		},
		{
			"id": "body_c",
			"parent": "body",
			"texture": "tex.zoroark_tex",
			"boxes": [
				{
					"textureOffset": [16, 16],
					"coordinates": [-3, -5, 2, 6, 5, 5]
				},
				{
					"textureOffset": [16, 26],
					"coordinates": [-2, -10, 1, 4, 5, 3]
				},
				{
					"textureOffset": [12, 34],
					"coordinates": [-3, -13, 2, 6, 3, 4]
				},
				{
					"textureOffset": [0, 16],
					"coordinates": [-7, -2, 2, 4, 2, 4]
				},
				{
					"textureOffset": [0, 28],
					"coordinates": [-9, -1, 1, 2, 1, 2]
				},
				{
					"textureOffset": [0, 16],
					"coordinates": [3, -2, 2, 4, 2, 4],
					"mirror": true
				},
				{
					"textureOffset": [0, 28],
					"coordinates": [7, -1, 1, 2, 1, 2],
					"mirror": true
				}
			]
		},
		{
			"id": "body_c_chestplate_body",
			"parent": "body_c",
			"attached": ["armor_body_all"]
		},
		{
			"id": "body_c_cape_elytra",
			"parent": "body_c_chestplate_body",
			"attached": ["cape", "elytra"],
			"texture": "tex.skin"
		},
		{
			"id": "body_c_parrot_left",
			"parent": "body_c",
			"attached": ["shoulder_parrot_left"],
			"position": [-6.5, 10, 0]
		},
		{
			"id": "body_c_parrot_right",
			"parent": "body_c",
			"attached": ["shoulder_parrot_right"],
			"position": [6.5, 10, 0]
		},
		{
			"id": "lflufrot_cpm_dummy",
			"parent": "body_c",
			"position": [-4, -3, 0]
		},
		{
			"id": "lflufrot",
			"parent": "lflufrot_cpm_dummy",
			"rotation": [0, 0, -22.5],
			"boxes": []
		},
		{
			"id": "lflufrot_lfluf2_wrapper_bone",
			"parent": "lflufrot",
			"position": [0, 0, 0],
			"boxes": []
		},
		{
			"id": "lflufrot_lfluf2_wrapper_bone_pivot_point",
			"parent": "lflufrot_lfluf2_wrapper_bone",
			"rotation": [0, 0, 0],
			"boxes": [
				{
					"textureOffset": [0, 22],
					"coordinates": [-3.5, -0.2, 2, 5, 2, 4]
				}
			]
		},
		{
			"id": "rflufrot_cpm_dummy",
			"parent": "body_c",
			"position": [4, -3, 0]
		},
		{
			"id": "rflufrot",
			"parent": "rflufrot_cpm_dummy",
			"rotation": [0, 0, 22.5],
			"boxes": []
		},
		{
			"id": "rflufrot_rfluf2_wrapper_bone",
			"parent": "rflufrot",
			"position": [0, 0, 0],
			"boxes": []
		},
		{
			"id": "rflufrot_rfluf2_wrapper_bone_pivot_point",
			"parent": "rflufrot_rfluf2_wrapper_bone",
			"rotation": [0, 0, 0],
			"boxes": [
				{
					"textureOffset": [0, 22],
					"coordinates": [-1.5, -0.2, 2, 5, 2, 4],
					"mirror": true
				}
			]
		},
		{
			"id": "left_arm_c",
			"parent": "left_arm",
			"texture": "tex.zoroark_tex",
			"boxes": [
				{
					"textureOffset": [38, 16],
					"coordinates": [-1, -5, 1, 2, 5, 2]
				}
			]
		},
		{
			"id": "left_arm_c_chestplate_left",
			"parent": "left_arm_c",
			"attached": ["chestplate_left_arm"],
			"position": [0, -2, 0]
		},
		{
			"id": "left_arm_c_item_left",
			"parent": "left_arm_c",
			"attached": ["held_item_left"],
			"position": [-1, -12, -1]
		},
		{
			"id": "larm_paw_cpm_dummy",
			"parent": "left_arm_c",
			"position": [0, -5, 0]
		},
		{
			"id": "larm_paw",
			"parent": "larm_paw_cpm_dummy",
			"boxes": []
		},
		{
			"id": "larm_paw_larm_paw_wrapper_bone",
			"parent": "larm_paw",
			"position": [0, 0, 0],
			"boxes": []
		},
		{
			"id": "larm_paw_larm_paw_wrapper_bone_pivot_point",
			"parent": "larm_paw_larm_paw_wrapper_bone",
			"rotation": [0, -7.5, 0],
			"boxes": [
				{
					"textureOffset": [38, 23],
					"coordinates": [-1.5, -5.5, 1.5, 3, 6, 3]
				}
			]
		},
		{
			"id": "larm_paw_lpclaw1_wrapper_bone",
			"parent": "larm_paw",
			"position": [0.5, -5.3, -1.75],
			"boxes": []
		},
		{
			"id": "larm_paw_lpclaw1_wrapper_bone_pivot_point",
			"parent": "larm_paw_lpclaw1_wrapper_bone",
			"rotation": [2.5, 70, 7.5],
			"boxes": [
				{
					"textureOffset": [38,38],
					"coordinates": [-0.1, -0.5, 0.25, 1, 1, 1.5],
					"sizeAdd": -0.1
				}
			]
		},
		{
			"id": "larm_paw_lpclaw2_wrapper_bone",
			"parent": "larm_paw",
			"position": [-1.5, -5.3, -1.75],
			"boxes": []
		},
		{
			"id": "larm_paw_lpclaw2_wrapper_bone_pivot_point",
			"parent": "larm_paw_lpclaw2_wrapper_bone",
			"rotation": [-27.5, 80, 7.5],
			"boxes": [
				{
					"textureOffset": [38,38],
					"coordinates": [0, -1.2, 0.25, 1, 1, 1.5],
					"sizeAdd": -0.1
				}
			]
		},
		{
			"id": "larm_paw_lpclaw3_wrapper_bone",
			"parent": "larm_paw",
			"position": [0, -5.5, 0.25],
			"boxes": []
		},
		{
			"id": "larm_paw_lpclaw3_wrapper_bone_pivot_point",
			"parent": "larm_paw_lpclaw3_wrapper_bone",
			"rotation": [0, -90, 0],
			"boxes": [
				{
					"textureOffset": [38,38],
					"coordinates": [-0.5, -0.5, 1.25, 1, 1, 1.5],
					"sizeAdd": -0.1
				}
			]
		},
		{
			"id": "right_arm_c",
			"parent": "right_arm",
			"texture": "tex.zoroark_tex",
			"boxes": [
				{
					"textureOffset": [38, 16],
					"coordinates": [-1, -5, 1, 2, 5, 2],
					"mirror": true
				}
			]
		},
		{
			"id": "right_arm_c_chestplate_right",
			"parent": "right_arm_c",
			"attached": ["chestplate_right_arm"],
			"position": [0, -2, 0]
		},
		{
			"id": "right_arm_c_item_right",
			"parent": "right_arm_c",
			"attached": ["held_item_right"],
			"position": [1, -12, -1]
		},
		{
			"id": "rarm_paw_cpm_dummy",
			"parent": "right_arm_c",
			"position": [0, -5, 0]
		},
		{
			"id": "rarm_paw",
			"parent": "rarm_paw_cpm_dummy",
			"boxes": []
		},
		{
			"id": "rarm_paw_rarm_paw_wrapper_bone",
			"parent": "rarm_paw",
			"position": [0, 0, 0],
			"boxes": []
		},
		{
			"id": "rarm_paw_rarm_paw_wrapper_bone_pivot_point",
			"parent": "rarm_paw_rarm_paw_wrapper_bone",
			"rotation": [0, -7.5, 0],
			"boxes": [
				{
					"textureOffset": [38, 23],
					"coordinates": [-1.5, -5.5, 1.5, 3, 6, 3],
					"mirror": true
				}
			]
		},
		{
			"id": "rarm_paw_rpclaw2_wrapper_bone",
			"parent": "rarm_paw",
			"position": [-0.5, -5.3, -1.75],
			"boxes": []
		},
		{
			"id": "rarm_paw_rpclaw2_wrapper_bone_pivot_point",
			"parent": "rarm_paw_rpclaw2_wrapper_bone",
			"rotation": [-2.5, 70, -7.5],
			"boxes": [
				{
					"textureOffset": [38,38],
					"coordinates": [-0.9, -0.5, 0.25, 1, 1, 1.5],
					"sizeAdd": -0.1,
					"mirror": true
				}
			]
		},
		{
			"id": "rarm_paw_rpclaw3_wrapper_bone",
			"parent": "rarm_paw",
			"position": [1.5, -5.3, -1.75],
			"boxes": []
		},
		{
			"id": "rarm_paw_rpclaw3_wrapper_bone_pivot_point",
			"parent": "rarm_paw_rpclaw3_wrapper_bone",
			"rotation": [27.5, 80, -7.5],
			"boxes": [
				{
					"textureOffset": [38,38],
					"coordinates": [-1, -1.2, 0.25, 1, 1, 1.5],
					"sizeAdd": -0.1,
					"mirror": true
				}
			]
		},
		{
			"id": "rarm_paw_rpclaw4_wrapper_bone",
			"parent": "rarm_paw",
			"position": [0, -5.5, 0.25],
			"boxes": []
		},
		{
			"id": "rarm_paw_rpclaw4_wrapper_bone_pivot_point",
			"parent": "rarm_paw_rpclaw4_wrapper_bone",
			"rotation": [0, -90, 0],
			"boxes": [
				{
					"textureOffset": [38,38],
					"coordinates": [-0.5, -0.5, 1.25, 1, 1, 1.5],
					"sizeAdd": -0.1,
					"mirror": true
				}
			]
		},
		{
			"id": "right_leg_c",
			"parent": "right_leg",
			"texture": "tex.zoroark_tex",
			"position": [0, 0, 0],
			"rotation": [0, "if(is_sneaking,-80,-17.5)", 0],
			"boxes": []
		},
		{
			"id": "right_leg_c_legging_left",
			"parent": "right_leg_c",
			"attached": ["armor_left_leg_all"]
		},
		{
			"id": "rleg1",
			"parent": "right_leg_c",
			"position": [0, 0, 0],
			"boxes": [
				{
					"textureOffset": [0, 54],
					"coordinates": [-2, -6, 2, 4, 6, 4],
					"mirror": true
				}
			]
		},
		{
			"id": "rleg2_piv",
			"parent": "rleg1",
			"position": [0, "if(is_sneaking,-5,-6.5)", "if(is_sneaking,1,0)"]
		},
		{
			"id": "rleg2",
			"parent": "rleg2_piv",
			"rotation": [0, "if(is_sneaking,140,65)", 0],
			"boxes": [
				{
					"textureOffset": [0, 32],
					"coordinates": [-1.5, -5, 2.5, 3, 6, 3],
					"mirror": true
				}
			]
		},
		{
			"id": "rleg3_piv",
			"parent": "rleg2",
			"position": [0, -4.5, -0.5],
			"boxes": []
		},
		{
			"id": "rleg3_tal",
			"parent": "rleg3_piv",
			"position": [0, 1, 1],
			"rotation": [0, "if(is_sneaking,-60,-47.5)", 0],
			"boxes": [
				{
					"textureOffset": [0, 41],
					"coordinates": [-1, -1, 1, 2, 2, 2],
					"mirror": true
				}
			]
		},
		{
			"id": "rleg3",
			"parent": "rleg3_piv",
			"position": [0, 1, 0],
			"rotation": [0, "if(is_sneaking,-60,-77.5)", 0],
			"boxes": [
				{
					"textureOffset": [0, 48],
					"coordinates": [-1, -3, 1, 2, 2.5, 1],
					"mirror": true
				}
			]
		},
		{
			"id": "rpaw",
			"parent": "rleg3",
			"position": [0, -3.2, "if(is_sneaking,0,-1.5)"],
			"rotation": [0, "if(is_sneaking,0,30)", 0],
			"boxes": [
				{
					"textureOffset": [0, 45],
					"coordinates": [-1, 0, 1, 2, 1, 2],
					"mirror": true
				}
			]
		},
		{
			"id": "rpclaw",
			"parent": "rpaw",
			"boxes": []
		},
		{
			"id": "rpclaw_lpclaw1_wrapper_bone",
			"parent": "rpclaw",
			"position": [0, 0.5, -1],
			"boxes": []
		},
		{
			"id": "rpclaw_lpclaw1_wrapper_bone_pivot_point",
			"parent": "rpclaw_lpclaw1_wrapper_bone",
			"rotation": [-15, 10, 0],
			"boxes": [
				{
					"textureOffset": [38,38],
					"coordinates": [-1.2, -0.5, 0.1, 1, 1, 1.5],
					"sizeAdd": -0.2,
					"mirror": true
				}
			]
		},
		{
			"id": "rpclaw_lpclaw2_wrapper_bone",
			"parent": "rpclaw",
			"position": [1, 0.5, -1],
			"boxes": []
		},
		{
			"id": "rpclaw_lpclaw2_wrapper_bone_pivot_point",
			"parent": "rpclaw_lpclaw2_wrapper_bone",
			"rotation": [0, 10, 0],
			"boxes": [
				{
					"textureOffset": [38,38],
					"coordinates": [-1.4, -0.5, 0.2, 1, 1, 1.5],
					"sizeAdd": -0.2,
					"mirror": true
				}
			]
		},
		{
			"id": "rpclaw_lpclaw3_wrapper_bone",
			"parent": "rpclaw",
			"position": [1, 0.5, -1],
			"boxes": []
		},
		{
			"id": "rpclaw_rpclaw3_wrapper_bone_pivot_point",
			"parent": "rpclaw_lpclaw3_wrapper_bone",
			"rotation": [-15, 10, 0],
			"boxes": [
				{
					"textureOffset": [38,38],
					"coordinates": [-0.4, -0.5, 0.3, 1, 1, 1.5],
					"sizeAdd": -0.2
				}
			]
		},
		{
			"id": "left_leg_c",
			"parent": "left_leg",
			"texture": "tex.zoroark_tex",
			"position": [0, 0, 0],
			"rotation": [0, "if(is_sneaking,-80,-17.5)", 0],
			"boxes": []
		},
		{
			"id": "left_leg_c_legging_left",
			"parent": "left_leg_c",
			"attached": ["armor_left_leg_all"]
		},
		{
			"id": "lleg1",
			"parent": "left_leg_c",
			"position": [0, 0, 0],
			"boxes": [
				{
					"textureOffset": [0, 54],
					"coordinates": [-2, -6, 2, 4, 6, 4],
					"mirror": true
				}
			]
		},
		{
			"id": "lleg2_piv",
			"parent": "lleg1",
			"position": [0, "if(is_sneaking,-5,-6.5)", "if(is_sneaking,1,0)"]
		},
		{
			"id": "lleg2",
			"parent": "lleg2_piv",
			"rotation": [0, "if(is_sneaking,140,65)", 0],
			"boxes": [
				{
					"textureOffset": [0, 32],
					"coordinates": [-1.5, -5, 2.5, 3, 6, 3],
					"mirror": true
				}
			]
		},
		{
			"id": "lleg3_piv",
			"parent": "lleg2",
			"position": [0, -4.5, -0.5],
			"boxes": []
		},
		{
			"id": "lleg3_tal",
			"parent": "lleg3_piv",
			"position": [0, 1, 1],
			"rotation": [0, "if(is_sneaking,-60,-47.5)", 0],
			"boxes": [
				{
					"textureOffset": [0, 41],
					"coordinates": [-1, -1, 1, 2, 2, 2],
					"mirror": true
				}
			]
		},
		{
			"id": "lleg3",
			"parent": "lleg3_piv",
			"position": [0, 1, 0],
			"rotation": [0, "if(is_sneaking,-60,-77.5)", 0],
			"boxes": [
				{
					"textureOffset": [0, 48],
					"coordinates": [-1, -3, 1, 2, 2.5, 1],
					"mirror": true
				}
			]
		},
		{
			"id": "lpaw",
			"parent": "lleg3",
			"position": [0, -3.2, "if(is_sneaking,0,-1.5)"],
			"rotation": [0, "if(is_sneaking,0,30)", 0],
			"boxes": [
				{
					"textureOffset": [0, 45],
					"coordinates": [-1, 0, 1, 2, 1, 2],
					"mirror": true
				}
			]
		},
		{
			"id": "lpclaw",
			"parent": "lpaw",
			"boxes": []
		},
		{
			"id": "lpclaw_lpclaw1_wrapper_bone",
			"parent": "lpclaw",
			"position": [0, 0.5, -1],
			"boxes": []
		},
		{
			"id": "lpclaw_lpclaw1_wrapper_bone_pivot_point",
			"parent": "lpclaw_lpclaw1_wrapper_bone",
			"rotation": [-15, 10, 0],
			"boxes": [
				{
					"textureOffset": [38,38],
					"coordinates": [-1.2, -0.5, 0.1, 1, 1, 1.5],
					"sizeAdd": -0.2,
					"mirror": true
				}
			]
		},
		{
			"id": "lpclaw_lpclaw2_wrapper_bone",
			"parent": "lpclaw",
			"position": [1, 0.5, -1],
			"boxes": []
		},
		{
			"id": "lpclaw_lpclaw2_wrapper_bone_pivot_point",
			"parent": "lpclaw_lpclaw2_wrapper_bone",
			"rotation": [0, 10, 0],
			"boxes": [
				{
					"textureOffset": [38,38],
					"coordinates": [-1.4, -0.5, 0.2, 1, 1, 1.5],
					"sizeAdd": -0.2,
					"mirror": true
				}
			]
		},
		{
			"id": "lpclaw_lpclaw3_wrapper_bone",
			"parent": "lpclaw",
			"position": [1, 0.5, -1],
			"boxes": []
		},
		{
			"id": "lpclaw_lpclaw3_wrapper_bone_pivot_point",
			"parent": "lpclaw_lpclaw3_wrapper_bone",
			"rotation": [15, 10, 0],
			"boxes": [
				{
					"textureOffset": [38,38],
					"coordinates": [-0.6, -0.5, 0.3, 1, 1, 1.5],
					"sizeAdd": -0.2,
					"mirror": true
				}
			]
		}
	]
}