{
	"output": {
		"item": "maxheroes:rainbowsavitar_suit_chest"
	},

	"requirements": [
		{
			"item": "speedsterheroes:cw_savitar_chest",
			"amount": 1
		},
		{
			"item": "lucraftcore:tri_polymer_white",
			"amount": 1
		},
		{
			"item": "lucraftcore:tri_polymer_orange",
			"amount": 1
		},
		{
			"item": "lucraftcore:tri_polymer_magenta",
			"amount": 1
		},
		{
			"item": "lucraftcore:tri_polymer_light_blue",
			"amount": 1
		},
		{
			"item": "lucraftcore:tri_polymer_yellow",
			"amount": 1
		},
		{
			"item": "lucraftcore:tri_polymer_lime",
			"amount": 1
		},
		{
			"item": "lucraftcore:tri_polymer_pink",
			"amount": 1
		},
		{
			"item": "lucraftcore:tri_polymer_gray",
			"amount": 1
		},
		{
			"item": "lucraftcore:tri_polymer_silver",
			"amount": 1
		},
		{
			"item": "lucraftcore:tri_polymer_cyan",
			"amount": 1
		},
		{
			"item": "lucraftcore:tri_polymer_purple",
			"amount": 1
		},
		{
			"item": "lucraftcore:tri_polymer_blue",
			"amount": 1
		},
		{
			"item": "lucraftcore:tri_polymer_brown",
			"amount": 1
		},
		{
			"item": "lucraftcore:tri_polymer_green",
			"amount": 1
		},
		{
			"item": "lucraftcore:tri_polymer_red",
			"amount": 1
		},
		{
			"item": "lucraftcore:tri_polymer_black",
			"amount": 1
		}
	]

}
