{
	"credit": "Made with Blockbench",
	"textures": {
		"0": "albedo:block/omnitrix",
		"1": "albedo:block/core_2",
		"particle": "albedo:block/omnitrix"
	},
	"elements": [
		{
			"name": "main_watch_1",
			"from": [5.675, 5.82083, 7.5],
			"to": [10.325, 6.22083, 8.5],
			"rotation": {"angle": 0, "axis": "y", "origin": [8, 8, 8]},
			"faces": {
				"north": {"uv": [4.5, 2, 6.8125, 2.1875], "texture": "#0"},
				"east": {"uv": [3.5, 11.5, 4, 11.6875], "texture": "#0"},
				"south": {"uv": [4.5, 2.5, 6.8125, 2.6875], "texture": "#0"},
				"west": {"uv": [11.5, 3.5, 12, 3.6875], "texture": "#0"},
				"up": {"uv": [3.8125, 0.5, 1.5, 0], "texture": "#0"},
				"down": {"uv": [3.8125, 0.5, 1.5, 1], "texture": "#0"}
			}
		},
		{
			"name": "main_watch_1",
			"from": [5.825, 5.87083, 7],
			"to": [10.175, 6.17083, 7.5],
			"rotation": {"angle": 0, "axis": "y", "origin": [8, 8, 8]},
			"faces": {
				"north": {"uv": [5.5, 3, 7.6875, 3.125], "texture": "#0"},
				"east": {"uv": [9.5, 12, 9.75, 12.125], "texture": "#0"},
				"south": {"uv": [5.5, 3.5, 7.6875, 3.625], "texture": "#0"},
				"west": {"uv": [12, 9.5, 12.25, 9.625], "texture": "#0"},
				"up": {"uv": [5.1875, 3.25, 3, 3], "texture": "#0"},
				"down": {"uv": [5.1875, 3.5, 3, 3.75], "texture": "#0"}
			}
		},
		{
			"name": "main_watch_1",
			"from": [5.825, 10.12083, 7],
			"to": [10.175, 10.42083, 7.5],
			"rotation": {"angle": 0, "axis": "y", "origin": [8, 8, 8]},
			"faces": {
				"north": {"uv": [5.5, 5, 7.6875, 5.125], "texture": "#0"},
				"east": {"uv": [10, 12, 10.25, 12.125], "texture": "#0"},
				"south": {"uv": [5.5, 5.5, 7.6875, 5.625], "texture": "#0"},
				"west": {"uv": [12, 10, 12.25, 10.125], "texture": "#0"},
				"up": {"uv": [6.1875, 0.25, 4, 0], "texture": "#0"},
				"down": {"uv": [2.6875, 4, 0.5, 4.25], "texture": "#0"}
			}
		},
		{
			"name": "main_watch_2",
			"from": [9.975, 5.97083, 7],
			"to": [10.275, 10.32083, 7.5],
			"rotation": {"angle": 0, "axis": "y", "origin": [8, 8, 8]},
			"faces": {
				"north": {"uv": [5.5, 6, 5.625, 8.1875], "texture": "#0"},
				"east": {"uv": [4, 0.5, 4.25, 2.6875], "texture": "#0"},
				"south": {"uv": [6, 6, 6.125, 8.1875], "texture": "#0"},
				"west": {"uv": [3, 4, 3.25, 6.1875], "texture": "#0"},
				"up": {"uv": [10.625, 12.25, 10.5, 12], "texture": "#0"},
				"down": {"uv": [12.125, 10.5, 12, 10.75], "texture": "#0"}
			}
		},
		{
			"name": "main_watch_3",
			"from": [5.725, 5.97083, 7],
			"to": [6.025, 10.32083, 7.5],
			"rotation": {"angle": 0, "axis": "y", "origin": [8, 8, 8]},
			"faces": {
				"north": {"uv": [3, 6.5, 3.125, 8.6875], "texture": "#0"},
				"east": {"uv": [3.5, 4, 3.75, 6.1875], "texture": "#0"},
				"south": {"uv": [3.5, 6.5, 3.625, 8.6875], "texture": "#0"},
				"west": {"uv": [4, 4, 4.25, 6.1875], "texture": "#0"},
				"up": {"uv": [11.125, 12.25, 11, 12], "texture": "#0"},
				"down": {"uv": [12.125, 11, 12, 11.25], "texture": "#0"}
			}
		},
		{
			"name": "main_watch_2",
			"from": [5.825, 5.87083, 8.5],
			"to": [10.175, 6.17083, 9],
			"rotation": {"angle": 0, "axis": "y", "origin": [8, 8, 8]},
			"faces": {
				"north": {"uv": [6.5, 0, 8.6875, 0.125], "texture": "#0"},
				"east": {"uv": [11.5, 12, 11.75, 12.125], "texture": "#0"},
				"south": {"uv": [6.5, 6, 8.6875, 6.125], "texture": "#0"},
				"west": {"uv": [12, 11.5, 12.25, 11.625], "texture": "#0"},
				"up": {"uv": [2.6875, 4.75, 0.5, 4.5], "texture": "#0"},
				"down": {"uv": [6.6875, 0.5, 4.5, 0.75], "texture": "#0"}
			}
		},
		{
			"name": "main_watch_4",
			"from": [5.725, 5.97083, 8.5],
			"to": [6.025, 10.32083, 9],
			"rotation": {"angle": 0, "axis": "y", "origin": [8, 8, 8]},
			"faces": {
				"north": {"uv": [4, 6.5, 4.125, 8.6875], "texture": "#0"},
				"east": {"uv": [4.5, 4, 4.75, 6.1875], "texture": "#0"},
				"south": {"uv": [4.5, 6.5, 4.625, 8.6875], "texture": "#0"},
				"west": {"uv": [0, 5, 0.25, 7.1875], "texture": "#0"},
				"up": {"uv": [12.125, 12.25, 12, 12], "texture": "#0"},
				"down": {"uv": [0.125, 12.5, 0, 12.75], "texture": "#0"}
			}
		},
		{
			"name": "main_watch_2",
			"from": [5.825, 10.12083, 8.5],
			"to": [10.175, 10.42083, 9],
			"rotation": {"angle": 0, "axis": "y", "origin": [8, 8, 8]},
			"faces": {
				"north": {"uv": [6.5, 6.5, 8.6875, 6.625], "texture": "#0"},
				"east": {"uv": [12.5, 0, 12.75, 0.125], "texture": "#0"},
				"south": {"uv": [7, 0.5, 9.1875, 0.625], "texture": "#0"},
				"west": {"uv": [0.5, 12.5, 0.75, 12.625], "texture": "#0"},
				"up": {"uv": [6.6875, 1.25, 4.5, 1], "texture": "#0"},
				"down": {"uv": [6.6875, 1.5, 4.5, 1.75], "texture": "#0"}
			}
		},
		{
			"name": "main_watch_3",
			"from": [9.975, 5.97083, 8.5],
			"to": [10.275, 10.32083, 9],
			"rotation": {"angle": 0, "axis": "y", "origin": [8, 8, 8]},
			"faces": {
				"north": {"uv": [1.5, 7, 1.625, 9.1875], "texture": "#0"},
				"east": {"uv": [0.5, 5, 0.75, 7.1875], "texture": "#0"},
				"south": {"uv": [2, 7, 2.125, 9.1875], "texture": "#0"},
				"west": {"uv": [1, 5, 1.25, 7.1875], "texture": "#0"},
				"up": {"uv": [12.625, 0.75, 12.5, 0.5], "texture": "#0"},
				"down": {"uv": [1.125, 12.5, 1, 12.75], "texture": "#0"}
			}
		},
		{
			"name": "main_watch_1",
			"from": [5.675, 10.07083, 7.5],
			"to": [10.325, 10.47083, 8.5],
			"rotation": {"angle": 0, "axis": "y", "origin": [8, 8, 8]},
			"faces": {
				"north": {"uv": [5, 4, 7.3125, 4.1875], "texture": "#0"},
				"east": {"uv": [4, 11.5, 4.5, 11.6875], "texture": "#0"},
				"south": {"uv": [5, 4.5, 7.3125, 4.6875], "texture": "#0"},
				"west": {"uv": [11.5, 4, 12, 4.1875], "texture": "#0"},
				"up": {"uv": [3.8125, 1.5, 1.5, 1], "texture": "#0"},
				"down": {"uv": [3.8125, 1.5, 1.5, 2], "texture": "#0"}
			}
		},
		{
			"name": "main_watch_1",
			"from": [9.925, 6.22083, 7.5],
			"to": [10.325, 9.47083, 8.5],
			"rotation": {"angle": 0, "axis": "y", "origin": [8, 8, 8]},
			"faces": {
				"north": {"uv": [2.5, 5, 2.6875, 6.625], "texture": "#0"},
				"east": {"uv": [2.5, 2, 3, 3.625], "texture": "#0"},
				"south": {"uv": [5, 5, 5.1875, 6.625], "texture": "#0"},
				"west": {"uv": [0, 3, 0.5, 4.625], "texture": "#0"},
				"up": {"uv": [4.6875, 12, 4.5, 11.5], "texture": "#0"},
				"down": {"uv": [11.6875, 4.5, 11.5, 5], "texture": "#0"}
			}
		},
		{
			"name": "main_watch_1",
			"from": [5.675, 6.22083, 7.5],
			"to": [6.075, 9.57083, 8.5],
			"rotation": {"angle": 0, "axis": "y", "origin": [8, 8, 8]},
			"faces": {
				"north": {"uv": [1.5, 5, 1.6875, 6.6875], "texture": "#0"},
				"east": {"uv": [1.5, 2, 2, 3.6875], "texture": "#0"},
				"south": {"uv": [2, 5, 2.1875, 6.6875], "texture": "#0"},
				"west": {"uv": [2, 2, 2.5, 3.6875], "texture": "#0"},
				"up": {"uv": [5.1875, 12, 5, 11.5], "texture": "#0"},
				"down": {"uv": [5.6875, 11.5, 5.5, 12], "texture": "#0"}
			}
		},
		{
			"name": "core",
			"from": [6.57825, 11, 7.375],
			"to": [6.92825, 11.4, 8.675],
			"rotation": {"angle": 0, "axis": "y", "origin": [6.17825, 12.6, 7.875]},
			"faces": {
				"north": {"uv": [7.5, 10, 7.8125, 10.3125], "texture": "#0"},
				"east": {"uv": [9, 6, 9.625, 6.3125], "texture": "#0"},
				"south": {"uv": [2, 10.5, 2.3125, 10.8125], "texture": "#0"},
				"west": {"uv": [6.5, 9, 7.125, 9.3125], "texture": "#0"},
				"up": {"uv": [9.3125, 7.125, 9, 6.5], "texture": "#0"},
				"down": {"uv": [7.8125, 9, 7.5, 9.625], "texture": "#0"}
			}
		},
		{
			"name": "core",
			"from": [9.2253, 11, 7.375],
			"to": [9.5753, 11.4, 8.675],
			"rotation": {"angle": 0, "axis": "y", "origin": [7.3753, 12.6, 7.975]},
			"faces": {
				"north": {"uv": [10, 11, 10.3125, 11.3125], "texture": "#0"},
				"east": {"uv": [9, 7.5, 9.625, 7.8125], "texture": "#0"},
				"south": {"uv": [10.5, 11, 10.8125, 11.3125], "texture": "#0"},
				"west": {"uv": [9, 8, 9.625, 8.3125], "texture": "#0"},
				"up": {"uv": [9.3125, 9.125, 9, 8.5], "texture": "#0"},
				"down": {"uv": [0.3125, 9.5, 0, 10.125], "texture": "#0"}
			}
		},
		{
			"name": "core",
			"from": [7.42678, 11, 9.17353],
			"to": [8.72678, 11.4, 9.52353],
			"rotation": {"angle": 0, "axis": "y", "origin": [8.02678, 11.3, 9.14853]},
			"faces": {
				"north": {"uv": [0.5, 9.5, 1.125, 9.8125], "texture": "#0"},
				"east": {"uv": [11, 11, 11.3125, 11.3125], "texture": "#0"},
				"south": {"uv": [9.5, 0.5, 10.125, 0.8125], "texture": "#0"},
				"west": {"uv": [0, 11.5, 0.3125, 11.8125], "texture": "#0"},
				"up": {"uv": [10.125, 1.3125, 9.5, 1], "texture": "#0"},
				"down": {"uv": [2.125, 9.5, 1.5, 9.8125], "texture": "#0"}
			}
		},
		{
			"name": "core",
			"from": [7.42678, 11, 6.52647],
			"to": [8.72678, 11.4, 6.87647],
			"rotation": {"angle": 0, "axis": "y", "origin": [8.02678, 11.3, 7.92647]},
			"faces": {
				"north": {"uv": [9.5, 1.5, 10.125, 1.8125], "texture": "#0"},
				"east": {"uv": [0.5, 11.5, 0.8125, 11.8125], "texture": "#0"},
				"south": {"uv": [2.5, 9.5, 3.125, 9.8125], "texture": "#0"},
				"west": {"uv": [11.5, 0.5, 11.8125, 0.8125], "texture": "#0"},
				"up": {"uv": [10.125, 3.3125, 9.5, 3], "texture": "#0"},
				"down": {"uv": [10.125, 3.5, 9.5, 3.8125], "texture": "#0"}
			}
		},
		{
			"name": "core",
			"from": [6.88536, 11, 6.63358],
			"to": [7.23536, 11.4, 7.83358],
			"rotation": {"angle": -45, "axis": "y", "origin": [7.28536, 11.3, 7.23358]},
			"faces": {
				"north": {"uv": [1, 11.5, 1.3125, 11.8125], "texture": "#0"},
				"east": {"uv": [9.5, 4, 10.125, 4.3125], "texture": "#0"},
				"south": {"uv": [11.5, 1, 11.8125, 1.3125], "texture": "#0"},
				"west": {"uv": [4.5, 9.5, 5.125, 9.8125], "texture": "#0"},
				"up": {"uv": [5.8125, 10.125, 5.5, 9.5], "texture": "#0"},
				"down": {"uv": [6.3125, 9.5, 6, 10.125], "texture": "#0"}
			}
		},
		{
			"name": "core",
			"from": [9.17448, 11, 7.5977],
			"to": [9.52448, 11.4, 8.7977],
			"rotation": {"angle": -45, "axis": "y", "origin": [8.24948, 11.3, 8.1977]},
			"faces": {
				"north": {"uv": [1.5, 11.5, 1.8125, 11.8125], "texture": "#0"},
				"east": {"uv": [9.5, 4.5, 10.125, 4.8125], "texture": "#0"},
				"south": {"uv": [11.5, 1.5, 11.8125, 1.8125], "texture": "#0"},
				"west": {"uv": [6.5, 9.5, 7.125, 9.8125], "texture": "#0"},
				"up": {"uv": [9.8125, 7.125, 9.5, 6.5], "texture": "#0"},
				"down": {"uv": [8.3125, 9.5, 8, 10.125], "texture": "#0"}
			}
		},
		{
			"name": "core",
			"from": [6.66768, 11, 8.8591],
			"to": [7.86768, 11.4, 9.2091],
			"rotation": {"angle": -45, "axis": "y", "origin": [7.26768, 11.3, 8.8341]},
			"faces": {
				"north": {"uv": [8.5, 9.5, 9.125, 9.8125], "texture": "#0"},
				"east": {"uv": [2, 11.5, 2.3125, 11.8125], "texture": "#0"},
				"south": {"uv": [9.5, 8.5, 10.125, 8.8125], "texture": "#0"},
				"west": {"uv": [2.5, 11.5, 2.8125, 11.8125], "texture": "#0"},
				"up": {"uv": [10.125, 9.3125, 9.5, 9], "texture": "#0"},
				"down": {"uv": [10.125, 9.5, 9.5, 9.8125], "texture": "#0"}
			}
		},
		{
			"name": "core",
			"from": [7.56109, 11, 6.54069],
			"to": [8.76109, 11.4, 6.89069],
			"rotation": {"angle": -45, "axis": "y", "origin": [8.16109, 11.3, 7.94069]},
			"faces": {
				"north": {"uv": [10, 0, 10.625, 0.3125], "texture": "#0"},
				"east": {"uv": [3, 11.5, 3.3125, 11.8125], "texture": "#0"},
				"south": {"uv": [0.5, 10, 1.125, 10.3125], "texture": "#0"},
				"west": {"uv": [11.5, 3, 11.8125, 3.3125], "texture": "#0"},
				"up": {"uv": [2.125, 10.3125, 1.5, 10], "texture": "#0"},
				"down": {"uv": [10.625, 2, 10, 2.3125], "texture": "#0"}
			}
		},
		{
			"name": "core",
			"from": [7.1753, 10.9, 6.825],
			"to": [8.9753, 11.2, 9.225],
			"rotation": {"angle": 0, "axis": "y", "origin": [7.4003, 12.6, 7.925]},
			"faces": {
				"north": {"uv": [10, 7.5, 10.875, 7.6875], "texture": "#0"},
				"east": {"uv": [10, 8, 10.875, 8.1875], "texture": "#0"},
				"south": {"uv": [8.5, 10, 9.375, 10.1875], "texture": "#0"},
				"west": {"uv": [9.5, 10, 10.375, 10.1875], "texture": "#0"},
				"up": {"uv": [1.375, 3.875, 0.5, 3], "texture": "#0"},
				"down": {"uv": [3.875, 2, 3, 2.875], "texture": "#0"}
			}
		},
		{
			"name": "core",
			"from": [7.1753, 10.9, 6.825],
			"to": [8.9753, 11.199, 9.025],
			"rotation": {"angle": 0, "axis": "y", "origin": [7.4003, 12.6, 7.925]},
			"faces": {
				"north": {"uv": [2, 0, 4, 1], "texture": "#1"},
				"east": {"uv": [2, 1, 4, 2], "texture": "#1"},
				"south": {"uv": [2, 2, 4, 3], "texture": "#1"},
				"west": {"uv": [2, 3, 4, 4], "texture": "#1"},
				"up": {"uv": [2, 2, 0, 0], "texture": "#1"},
				"down": {"uv": [2, 2, 0, 4], "texture": "#1"}
			}
		},
		{
			"name": "core",
			"from": [7.3253, 10.9, 7.025],
			"to": [8.8253, 11.199, 9.225],
			"rotation": {"angle": 0, "axis": "y", "origin": [7.4003, 12.6, 7.925]},
			"faces": {
				"north": {"uv": [10, 7.5, 10.875, 7.6875], "texture": "#1"},
				"east": {"uv": [10, 8, 10.875, 8.1875], "texture": "#1"},
				"south": {"uv": [8.5, 10, 9.375, 10.1875], "texture": "#1"},
				"west": {"uv": [9.5, 10, 10.375, 10.1875], "texture": "#1"},
				"up": {"uv": [1.375, 3.875, 0.5, 3], "texture": "#1"},
				"down": {"uv": [3.875, 2, 3, 2.875], "texture": "#1"}
			}
		},
		{
			"name": "core",
			"from": [6.8253, 10.9, 7.125],
			"to": [8.3253, 11.199, 8.825],
			"rotation": {"angle": 0, "axis": "y", "origin": [7.4003, 12.6, 7.925]},
			"faces": {
				"north": {"uv": [10, 7.5, 10.875, 7.6875], "texture": "#1"},
				"east": {"uv": [10, 8, 10.875, 8.1875], "texture": "#1"},
				"south": {"uv": [8.5, 10, 9.375, 10.1875], "texture": "#1"},
				"west": {"uv": [9.5, 10, 10.375, 10.1875], "texture": "#1"},
				"up": {"uv": [1.375, 3.875, 0.5, 3], "texture": "#1"},
				"down": {"uv": [3.875, 2, 3, 2.875], "texture": "#1"}
			}
		},
		{
			"name": "core",
			"from": [7.7253, 10.9, 7.125],
			"to": [9.2253, 11.199, 8.825],
			"rotation": {"angle": 0, "axis": "y", "origin": [7.4003, 12.6, 7.925]},
			"faces": {
				"north": {"uv": [10, 7.5, 10.875, 7.6875], "texture": "#1"},
				"east": {"uv": [10, 8, 10.875, 8.1875], "texture": "#1"},
				"south": {"uv": [8.5, 10, 9.375, 10.1875], "texture": "#1"},
				"west": {"uv": [9.5, 10, 10.375, 10.1875], "texture": "#1"},
				"up": {"uv": [1.375, 3.875, 0.5, 3], "texture": "#1"},
				"down": {"uv": [3.875, 2, 3, 2.875], "texture": "#1"}
			}
		},
		{
			"name": "base",
			"from": [6.51915, 10.075, 7.38661],
			"to": [7.11915, 10.475, 8.68661],
			"rotation": {"angle": 0, "axis": "y", "origin": [6.01915, 11.675, 7.88661]},
			"faces": {
				"north": {"uv": [3.5, 12, 3.8125, 12.1875], "texture": "#0"},
				"east": {"uv": [0, 11, 0.625, 11.1875], "texture": "#0"},
				"south": {"uv": [12, 3.5, 12.3125, 3.6875], "texture": "#0"},
				"west": {"uv": [11, 0, 11.625, 0.1875], "texture": "#0"},
				"up": {"uv": [8.8125, 7.625, 8.5, 7], "texture": "#0"},
				"down": {"uv": [8.3125, 8.5, 8, 9.125], "texture": "#0"}
			}
		},
		{
			"name": "base",
			"from": [9.05763, 10.075, 7.38661],
			"to": [9.65763, 10.475, 8.68661],
			"rotation": {"angle": 0, "axis": "y", "origin": [8.55763, 11.675, 7.88661]},
			"faces": {
				"north": {"uv": [4, 12, 4.3125, 12.1875], "texture": "#0"},
				"east": {"uv": [1, 11, 1.625, 11.1875], "texture": "#0"},
				"south": {"uv": [12, 4, 12.3125, 4.1875], "texture": "#0"},
				"west": {"uv": [2, 11, 2.625, 11.1875], "texture": "#0"},
				"up": {"uv": [8.8125, 9.125, 8.5, 8.5], "texture": "#0"},
				"down": {"uv": [9.3125, 1, 9, 1.625], "texture": "#0"}
			}
		},
		{
			"name": "base",
			"from": [7.43839, 10.075, 6.46737],
			"to": [8.73839, 10.475, 7.06737],
			"rotation": {"angle": 0, "axis": "y", "origin": [8.23839, 11.675, 5.96737]},
			"faces": {
				"north": {"uv": [11, 2, 11.625, 2.1875], "texture": "#0"},
				"east": {"uv": [4.5, 12, 4.8125, 12.1875], "texture": "#0"},
				"south": {"uv": [11, 2.5, 11.625, 2.6875], "texture": "#0"},
				"west": {"uv": [12, 4.5, 12.3125, 4.6875], "texture": "#0"},
				"up": {"uv": [9.625, 0.3125, 9, 0], "texture": "#0"},
				"down": {"uv": [9.625, 2, 9, 2.3125], "texture": "#0"}
			}
		},
		{
			"name": "base",
			"from": [7.43839, 10.075, 9.00585],
			"to": [8.73839, 10.475, 9.60585],
			"rotation": {"angle": 0, "axis": "y", "origin": [8.23839, 11.675, 7.50585]},
			"faces": {
				"north": {"uv": [3, 11, 3.625, 11.1875], "texture": "#0"},
				"east": {"uv": [5, 12, 5.3125, 12.1875], "texture": "#0"},
				"south": {"uv": [4, 11, 4.625, 11.1875], "texture": "#0"},
				"west": {"uv": [12, 5, 12.3125, 5.1875], "texture": "#0"},
				"up": {"uv": [3.125, 9.3125, 2.5, 9], "texture": "#0"},
				"down": {"uv": [9.625, 2.5, 9, 2.8125], "texture": "#0"}
			}
		},
		{
			"name": "base",
			"from": [6.8909, 10.075, 6.48912],
			"to": [7.4909, 10.475, 7.78912],
			"rotation": {"angle": -45, "axis": "y", "origin": [7.1909, 10.375, 7.13912]},
			"faces": {
				"north": {"uv": [5.5, 12, 5.8125, 12.1875], "texture": "#0"},
				"east": {"uv": [5, 11, 5.625, 11.1875], "texture": "#0"},
				"south": {"uv": [12, 5.5, 12.3125, 5.6875], "texture": "#0"},
				"west": {"uv": [11, 5, 11.625, 5.1875], "texture": "#0"},
				"up": {"uv": [9.3125, 3.625, 9, 3], "texture": "#0"},
				"down": {"uv": [3.8125, 9, 3.5, 9.625], "texture": "#0"}
			}
		},
		{
			"name": "base",
			"from": [8.68588, 10.075, 8.2841],
			"to": [9.28588, 10.475, 9.5841],
			"rotation": {"angle": -45, "axis": "y", "origin": [8.98588, 10.375, 8.9341]},
			"faces": {
				"north": {"uv": [6, 12, 6.3125, 12.1875], "texture": "#0"},
				"east": {"uv": [11, 5.5, 11.625, 5.6875], "texture": "#0"},
				"south": {"uv": [12, 6, 12.3125, 6.1875], "texture": "#0"},
				"west": {"uv": [6, 11, 6.625, 11.1875], "texture": "#0"},
				"up": {"uv": [4.3125, 9.625, 4, 9], "texture": "#0"},
				"down": {"uv": [9.3125, 4, 9, 4.625], "texture": "#0"}
			}
		},
		{
			"name": "base",
			"from": [6.5409, 10.075, 8.6341],
			"to": [7.8409, 10.475, 9.2341],
			"rotation": {"angle": -45, "axis": "y", "origin": [7.1909, 10.375, 8.9341]},
			"faces": {
				"north": {"uv": [11, 6, 11.625, 6.1875], "texture": "#0"},
				"east": {"uv": [6.5, 12, 6.8125, 12.1875], "texture": "#0"},
				"south": {"uv": [11, 6.5, 11.625, 6.6875], "texture": "#0"},
				"west": {"uv": [12, 6.5, 12.3125, 6.6875], "texture": "#0"},
				"up": {"uv": [5.125, 9.3125, 4.5, 9], "texture": "#0"},
				"down": {"uv": [9.625, 5, 9, 5.3125], "texture": "#0"}
			}
		},
		{
			"name": "base",
			"from": [7.62877, 10.075, 6.54623],
			"to": [8.92877, 10.475, 7.14623],
			"rotation": {"angle": -45, "axis": "y", "origin": [8.27877, 10.375, 7.84623]},
			"faces": {
				"north": {"uv": [7, 11, 7.625, 11.1875], "texture": "#0"},
				"east": {"uv": [7, 12, 7.3125, 12.1875], "texture": "#0"},
				"south": {"uv": [11, 7, 11.625, 7.1875], "texture": "#0"},
				"west": {"uv": [12, 7, 12.3125, 7.1875], "texture": "#0"},
				"up": {"uv": [6.125, 9.3125, 5.5, 9], "texture": "#0"},
				"down": {"uv": [9.625, 5.5, 9, 5.8125], "texture": "#0"}
			}
		},
		{
			"name": "base",
			"from": [6.51915, 10.475, 7.38661],
			"to": [7.11915, 10.975, 8.68661],
			"rotation": {"angle": 0, "axis": "y", "origin": [6.01915, 12.075, 7.88661]},
			"faces": {
				"north": {"uv": [6, 11.5, 6.3125, 11.75], "texture": "#0"},
				"east": {"uv": [0, 10.5, 0.625, 10.75], "texture": "#0"},
				"south": {"uv": [6.5, 11.5, 6.8125, 11.75], "texture": "#0"},
				"west": {"uv": [10.5, 0.5, 11.125, 0.75], "texture": "#0"},
				"up": {"uv": [1.3125, 8.125, 1, 7.5], "texture": "#0"},
				"down": {"uv": [6.8125, 7.5, 6.5, 8.125], "texture": "#0"}
			}
		},
		{
			"name": "base",
			"from": [9.05763, 10.475, 7.38661],
			"to": [9.65763, 10.975, 8.68661],
			"rotation": {"angle": 0, "axis": "y", "origin": [8.55763, 12.075, 7.88661]},
			"faces": {
				"north": {"uv": [7, 11.5, 7.3125, 11.75], "texture": "#0"},
				"east": {"uv": [1, 10.5, 1.625, 10.75], "texture": "#0"},
				"south": {"uv": [7.5, 11.5, 7.8125, 11.75], "texture": "#0"},
				"west": {"uv": [10.5, 1, 11.125, 1.25], "texture": "#0"},
				"up": {"uv": [7.3125, 8.125, 7, 7.5], "texture": "#0"},
				"down": {"uv": [7.8125, 7, 7.5, 7.625], "texture": "#0"}
			}
		},
		{
			"name": "base",
			"from": [7.43839, 10.475, 6.46737],
			"to": [8.73839, 10.975, 7.06737],
			"rotation": {"angle": 0, "axis": "y", "origin": [8.23839, 12.075, 5.96737]},
			"faces": {
				"north": {"uv": [10.5, 1.5, 11.125, 1.75], "texture": "#0"},
				"east": {"uv": [8, 11.5, 8.3125, 11.75], "texture": "#0"},
				"south": {"uv": [10.5, 3, 11.125, 3.25], "texture": "#0"},
				"west": {"uv": [8.5, 11.5, 8.8125, 11.75], "texture": "#0"},
				"up": {"uv": [0.625, 8.3125, 0, 8], "texture": "#0"},
				"down": {"uv": [8.625, 3, 8, 3.3125], "texture": "#0"}
			}
		},
		{
			"name": "base",
			"from": [7.43839, 10.475, 9.00585],
			"to": [8.73839, 10.975, 9.60585],
			"rotation": {"angle": 0, "axis": "y", "origin": [8.23839, 12.075, 7.50585]},
			"faces": {
				"north": {"uv": [10.5, 3.5, 11.125, 3.75], "texture": "#0"},
				"east": {"uv": [11.5, 8.5, 11.8125, 8.75], "texture": "#0"},
				"south": {"uv": [10.5, 4, 11.125, 4.25], "texture": "#0"},
				"west": {"uv": [9, 11.5, 9.3125, 11.75], "texture": "#0"},
				"up": {"uv": [8.625, 3.8125, 8, 3.5], "texture": "#0"},
				"down": {"uv": [8.625, 5, 8, 5.3125], "texture": "#0"}
			}
		},
		{
			"name": "base",
			"from": [7.93839, 10.575, 9.60585],
			"to": [8.23839, 10.875, 10.30585],
			"rotation": {"angle": 0, "axis": "y", "origin": [8.23839, 12.075, 7.50585]},
			"faces": {
				"north": {"uv": [12.5, 1, 12.625, 1.125], "texture": "#0"},
				"east": {"uv": [7.5, 12, 7.875, 12.125], "texture": "#0"},
				"south": {"uv": [1.5, 12.5, 1.625, 12.625], "texture": "#0"},
				"west": {"uv": [12, 7.5, 12.375, 7.625], "texture": "#0"},
				"up": {"uv": [8.125, 12.375, 8, 12], "texture": "#0"},
				"down": {"uv": [12.125, 8, 12, 8.375], "texture": "#0"}
			}
		},
		{
			"name": "base",
			"from": [7.93839, 10.575, 5.80585],
			"to": [8.23839, 10.875, 6.50585],
			"rotation": {"angle": 0, "axis": "y", "origin": [8.23839, 12.075, 7.50585]},
			"faces": {
				"north": {"uv": [12.5, 1.5, 12.625, 1.625], "texture": "#0"},
				"east": {"uv": [8.5, 12, 8.875, 12.125], "texture": "#0"},
				"south": {"uv": [2, 12.5, 2.125, 12.625], "texture": "#0"},
				"west": {"uv": [12, 8.5, 12.375, 8.625], "texture": "#0"},
				"up": {"uv": [9.125, 12.375, 9, 12], "texture": "#0"},
				"down": {"uv": [12.125, 9, 12, 9.375], "texture": "#0"}
			}
		},
		{
			"name": "base",
			"from": [6.8909, 10.475, 6.48912],
			"to": [7.4909, 10.975, 7.78912],
			"rotation": {"angle": -45, "axis": "y", "origin": [7.1909, 10.775, 7.13912]},
			"faces": {
				"north": {"uv": [11.5, 9, 11.8125, 9.25], "texture": "#0"},
				"east": {"uv": [4.5, 10.5, 5.125, 10.75], "texture": "#0"},
				"south": {"uv": [9.5, 11.5, 9.8125, 11.75], "texture": "#0"},
				"west": {"uv": [10.5, 4.5, 11.125, 4.75], "texture": "#0"},
				"up": {"uv": [2.8125, 8.625, 2.5, 8], "texture": "#0"},
				"down": {"uv": [5.3125, 8, 5, 8.625], "texture": "#0"}
			}
		},
		{
			"name": "base",
			"from": [8.68588, 10.475, 8.2841],
			"to": [9.28588, 10.975, 9.5841],
			"rotation": {"angle": -45, "axis": "y", "origin": [8.98588, 10.775, 8.9341]},
			"faces": {
				"north": {"uv": [11.5, 9.5, 11.8125, 9.75], "texture": "#0"},
				"east": {"uv": [5.5, 10.5, 6.125, 10.75], "texture": "#0"},
				"south": {"uv": [10, 11.5, 10.3125, 11.75], "texture": "#0"},
				"west": {"uv": [6.5, 10.5, 7.125, 10.75], "texture": "#0"},
				"up": {"uv": [8.3125, 7.625, 8, 7], "texture": "#0"},
				"down": {"uv": [7.8125, 8, 7.5, 8.625], "texture": "#0"}
			}
		},
		{
			"name": "base",
			"from": [6.5409, 10.475, 8.6341],
			"to": [7.8409, 10.975, 9.2341],
			"rotation": {"angle": -45, "axis": "y", "origin": [7.1909, 10.775, 8.9341]},
			"faces": {
				"north": {"uv": [7.5, 10.5, 8.125, 10.75], "texture": "#0"},
				"east": {"uv": [11.5, 10, 11.8125, 10.25], "texture": "#0"},
				"south": {"uv": [8.5, 10.5, 9.125, 10.75], "texture": "#0"},
				"west": {"uv": [10.5, 11.5, 10.8125, 11.75], "texture": "#0"},
				"up": {"uv": [8.625, 5.8125, 8, 5.5], "texture": "#0"},
				"down": {"uv": [8.625, 8, 8, 8.3125], "texture": "#0"}
			}
		},
		{
			"name": "base",
			"from": [6.7409, 10.475, 6.38912],
			"to": [7.3409, 10.925, 7.78912],
			"rotation": {"angle": -45, "axis": "y", "origin": [7.0409, 10.775, 7.13912]},
			"faces": {
				"north": {"uv": [11.5, 10.5, 11.8125, 10.75], "texture": "#0"},
				"east": {"uv": [10, 2.5, 10.6875, 2.75], "texture": "#0"},
				"south": {"uv": [11, 11.5, 11.3125, 11.75], "texture": "#0"},
				"west": {"uv": [4.5, 10, 5.1875, 10.25], "texture": "#0"},
				"up": {"uv": [7.3125, 1.6875, 7, 1], "texture": "#0"},
				"down": {"uv": [7.3125, 2, 7, 2.6875], "texture": "#0"}
			}
		},
		{
			"name": "base",
			"from": [6.36915, 10.475, 7.38661],
			"to": [6.96915, 10.925, 8.68661],
			"rotation": {"angle": 0, "axis": "y", "origin": [5.86915, 12.075, 7.88661]},
			"faces": {
				"north": {"uv": [11.5, 11, 11.8125, 11.25], "texture": "#0"},
				"east": {"uv": [10.5, 8.5, 11.125, 8.75], "texture": "#0"},
				"south": {"uv": [11.5, 11.5, 11.8125, 11.75], "texture": "#0"},
				"west": {"uv": [10.5, 9, 11.125, 9.25], "texture": "#0"},
				"up": {"uv": [0.3125, 9.125, 0, 8.5], "texture": "#0"},
				"down": {"uv": [0.8125, 8.5, 0.5, 9.125], "texture": "#0"}
			}
		},
		{
			"name": "base",
			"from": [6.26915, 10.475, 7.48661],
			"to": [6.86915, 10.825, 8.58661],
			"rotation": {"angle": 0, "axis": "y", "origin": [5.86915, 12.075, 7.88661]},
			"faces": {
				"north": {"uv": [2.5, 12, 2.8125, 12.1875], "texture": "#0"},
				"east": {"uv": [11, 7.5, 11.5625, 7.6875], "texture": "#0"},
				"south": {"uv": [12, 2.5, 12.3125, 2.6875], "texture": "#0"},
				"west": {"uv": [8, 11, 8.5625, 11.1875], "texture": "#0"},
				"up": {"uv": [2.8125, 10.5625, 2.5, 10], "texture": "#0"},
				"down": {"uv": [3.3125, 10, 3, 10.5625], "texture": "#0"}
			}
		},
		{
			"name": "base",
			"from": [6.3909, 10.475, 8.6341],
			"to": [7.7909, 10.925, 9.2341],
			"rotation": {"angle": -45, "axis": "y", "origin": [7.0409, 10.775, 8.9341]},
			"faces": {
				"north": {"uv": [10, 5, 10.6875, 5.25], "texture": "#0"},
				"east": {"uv": [0, 12, 0.3125, 12.25], "texture": "#0"},
				"south": {"uv": [10, 5.5, 10.6875, 5.75], "texture": "#0"},
				"west": {"uv": [12, 0, 12.3125, 0.25], "texture": "#0"},
				"up": {"uv": [7.1875, 7.3125, 6.5, 7], "texture": "#0"},
				"down": {"uv": [0.6875, 7.5, 0, 7.8125], "texture": "#0"}
			}
		},
		{
			"name": "base",
			"from": [8.4091, 10.475, 8.6341],
			"to": [9.8091, 10.925, 9.2341],
			"rotation": {"angle": 45, "axis": "y", "origin": [9.1591, 10.775, 8.9341]},
			"faces": {
				"north": {"uv": [10, 6, 10.6875, 6.25], "texture": "#0"},
				"east": {"uv": [0.5, 12, 0.8125, 12.25], "texture": "#0"},
				"south": {"uv": [6.5, 10, 7.1875, 10.25], "texture": "#0"},
				"west": {"uv": [12, 0.5, 12.3125, 0.75], "texture": "#0"},
				"up": {"uv": [8.1875, 1.3125, 7.5, 1], "texture": "#0"},
				"down": {"uv": [8.1875, 1.5, 7.5, 1.8125], "texture": "#0"}
			}
		},
		{
			"name": "base",
			"from": [9.23085, 10.475, 7.38661],
			"to": [9.83085, 10.925, 8.68661],
			"rotation": {"angle": 0, "axis": "y", "origin": [10.33085, 12.075, 7.88661]},
			"faces": {
				"north": {"uv": [1, 12, 1.3125, 12.25], "texture": "#0"},
				"east": {"uv": [9.5, 10.5, 10.125, 10.75], "texture": "#0"},
				"south": {"uv": [12, 1, 12.3125, 1.25], "texture": "#0"},
				"west": {"uv": [10.5, 9.5, 11.125, 9.75], "texture": "#0"},
				"up": {"uv": [1.3125, 9.125, 1, 8.5], "texture": "#0"},
				"down": {"uv": [8.8125, 1, 8.5, 1.625], "texture": "#0"}
			}
		},
		{
			"name": "base",
			"from": [8.8591, 10.475, 6.38912],
			"to": [9.4591, 10.925, 7.78912],
			"rotation": {"angle": 45, "axis": "y", "origin": [9.1591, 10.775, 7.13912]},
			"faces": {
				"north": {"uv": [1.5, 12, 1.8125, 12.25], "texture": "#0"},
				"east": {"uv": [10, 6.5, 10.6875, 6.75], "texture": "#0"},
				"south": {"uv": [12, 1.5, 12.3125, 1.75], "texture": "#0"},
				"west": {"uv": [10, 7, 10.6875, 7.25], "texture": "#0"},
				"up": {"uv": [2.8125, 7.6875, 2.5, 7], "texture": "#0"},
				"down": {"uv": [5.3125, 7, 5, 7.6875], "texture": "#0"}
			}
		},
		{
			"name": "base",
			"from": [9.33085, 10.475, 7.48661],
			"to": [9.93085, 10.825, 8.58661],
			"rotation": {"angle": 0, "axis": "y", "origin": [10.33085, 12.075, 7.88661]},
			"faces": {
				"north": {"uv": [3, 12, 3.3125, 12.1875], "texture": "#0"},
				"east": {"uv": [11, 8, 11.5625, 8.1875], "texture": "#0"},
				"south": {"uv": [12, 3, 12.3125, 3.1875], "texture": "#0"},
				"west": {"uv": [9, 11, 9.5625, 11.1875], "texture": "#0"},
				"up": {"uv": [3.8125, 10.5625, 3.5, 10], "texture": "#0"},
				"down": {"uv": [4.3125, 10, 4, 10.5625], "texture": "#0"}
			}
		},
		{
			"name": "base",
			"from": [7.62877, 10.475, 6.54623],
			"to": [8.92877, 10.975, 7.14623],
			"rotation": {"angle": -45, "axis": "y", "origin": [8.27877, 10.775, 7.84623]},
			"faces": {
				"north": {"uv": [10.5, 10, 11.125, 10.25], "texture": "#0"},
				"east": {"uv": [2, 12, 2.3125, 12.25], "texture": "#0"},
				"south": {"uv": [10.5, 10.5, 11.125, 10.75], "texture": "#0"},
				"west": {"uv": [12, 2, 12.3125, 2.25], "texture": "#0"},
				"up": {"uv": [6.125, 8.8125, 5.5, 8.5], "texture": "#0"},
				"down": {"uv": [7.125, 8.5, 6.5, 8.8125], "texture": "#0"}
			}
		},
		{
			"name": "core",
			"from": [7.0003, 10.07, 6.925],
			"to": [9.1003, 10.47, 9.125],
			"rotation": {"angle": 0, "axis": "y", "origin": [7.4003, 12.6, 7.925]},
			"faces": {
				"north": {"uv": [7.5, 4, 8.5625, 4.1875], "texture": "#0"},
				"east": {"uv": [7.5, 2, 8.625, 2.1875], "texture": "#0"},
				"south": {"uv": [7.5, 4.5, 8.5625, 4.6875], "texture": "#0"},
				"west": {"uv": [7.5, 2.5, 8.625, 2.6875], "texture": "#0"},
				"up": {"uv": [1.0625, 1.125, 0, 0], "texture": "#0"},
				"down": {"uv": [1.0625, 1.5, 0, 2.625], "texture": "#0"}
			}
		}
	],
	"display": {
		"thirdperson_righthand": {
			"rotation": [0, 0, -90],
			"translation": [0, -2, 2.3],
			"scale": [0.94, 0.94, 0.94]
		},
		"thirdperson_lefthand": {
			"rotation": [0, 0, -90],
			"translation": [0, -2, 2.3],
			"scale": [0.94, 0.94, 0.94]
		},
		"firstperson_righthand": {
			"rotation": [5.75, -43.5, 7.25],
			"translation": [2.5, 0, -0.25],
			"scale": [1.11523, 1.11523, 1.11523]
		},
		"firstperson_lefthand": {
			"rotation": [5.75, -43.5, 7.25],
			"translation": [2.5, 0, -0.25],
			"scale": [1.11523, 1.11523, 1.11523]
		},
		"gui": {
			"rotation": [27.25, -46, 0],
			"translation": [0, -0.25, 0],
			"scale": [1.73242, 1.73242, 1.73242]
		},
		"head": {
			"rotation": [-66.75, 0, -90],
			"translation": [9.5, -21.25, -4.75],
			"scale": [1.55852, 1.55852, 1.55852]
		},
		"fixed": {
			"rotation": [-90, 90, 0],
			"translation": [0, 0, 3],
			"scale": [2.00195, 2.00195, 2.00195]
		}
	},
	"groups": [
		{
			"name": "Main_1",
			"origin": [8, 8, 8],
			"color": 0,
			"children": [0, 1, 2, 3, 4, 5, 6, 7, 8, 9, 10, 11]
		},
		{
			"name": "Core_selector",
			"origin": [8, 8, 8],
			"color": 0,
			"children": [12, 13, 14, 15, 16, 17, 18, 19]
		},
		{
			"name": "Core",
			"origin": [8, 8, 8],
			"color": 0,
			"children": [20, 21, 22, 23, 24]
		},
		{
			"name": "base",
			"origin": [8, 8, 8],
			"color": 0,
			"children": [25, 26, 27, 28, 29, 30, 31, 32]
		},
		{
			"name": "Base_2",
			"origin": [8, 8, 8],
			"color": 0,
			"children": [33, 34, 35, 36, 37, 38, 39, 40, 41, 42, 43, 44, 45, 46, 47, 48, 49, 50, 51]
		}
	]
}