{
	"name": {
		"text": "Eye of Agamotto"
	},
	
	"armor_material": {
		"durability": 5000,
		"damage_reduction_amounts": [5, 9, 3, 2],
		"enchantibility": 15,
		"toughness": 0.0,
		"sound": "item.armor.equip_generic"
	},
	
	"description": {
		"text": "Celestial Item"
	},
	
	"creative_tab": "heroesuniverse",
	
	"armor_parts": {
		
		"chest": {
			"openable": false,
			"glow": false,
			"armor_model_scale": 0.18,
			"name": {
				"text": "Eye of Agamotto"
			},
			"textures": {
				"normal": "heroesuniverse:textures/models/armor/agamotoeye/chestplate.png"
			},
			"item_texture": {
				"blockstate": "heroesuniverse:agamotoeye1"
			}
		}
	},
	
	"abilities": {
		"potion_punch": {
			"ability": "lucraftcore:potion_punch",
			"potion": "minecraft:slowness",
			"amplifier": 2,
			"duration": 100,
			"required_superpower": "heroesuniverse:magic",
			"icon": {
				"type": "texture",
				"texture": "heroesuniverse:textures/gui/circles/eye.png"
			},
			"title": {
			    "text": "Open Eye of Agamotto"
		    },
			"bar_color": "lime"
		},
		"bonemeal_area": {
			"ability": "the-fifth-world:bonemeal_area",
			"radius": 2,
			"conditions": [
				{
					"type": "lucraftcore:ability",
					"ability": "potion_punch"
				}
			],
			"icon": {
				"type": "texture",
				"texture": "heroesuniverse:textures/gui/circles/timecircle.png"
			},
			"title": {
			    "text": "Skip Time"
		    },
			"bar_color": "lime"
		}
	},
	
	"effects": [
	    {
		    "type": "skin_overlay",
			            "texture": "heroesuniverse:textures/models/timecircle.png",
			"size": 0.19,
			"conditions": [
				{
					"type": "ability_enabled",
					"ability": "lucraftcore:potion_punch"
				}
			]
		},
		{
		    "type": "skin_overlay",
			            "texture": "heroesuniverse:textures/models/armor/agamotoeye/chestplate_overlay.png",
			"size": 0.19,
			"conditions": [
				{
					"type": "ability_enabled",
					"ability": "lucraftcore:potion_punch"
				}
			]
		}
	]
}
