{
	"name": {
		"text": "Arrancar Clothes"
	},
	
	"armor_material": {
		"durability": 5000,
		"damage_reduction_amounts": [5, 9, 3, 2],
		"enchantibility": 15,
		"toughness": 0.0,
		"sound": "item.armor.equip_generic"
	},
	
	"description": {
		"text": "Standard"
	},
	
	"creative_tab": "heroesuniverse",
	
	"armor_parts": {
		
		"chest": {
			"openable": false,
			"glow": false,
			"armor_model_scale": 0.12,
			"name": {
				"text": "Arrancar Top"
			},
			"textures": {
				"normal": "heroesuniverse:textures/models/armor/arr1/chestplate.png"
			},
			"item_texture": {
				"blockstate": "heroesuniverse:arr11"
			}
		},
		
		"legs": {
			"openable": false,
			"glow": false,
			"armor_model_scale": 0.1,
			"name": {
				"text": "Arrancar Trousers"
			},
			"textures": {
				"normal": "heroesuniverse:textures/models/armor/arr1/legs.png"
			},
			"item_texture": {
				"blockstate": "heroesuniverse:arr11"
			}
		},
		
		"feet": {
			"openable": false,
			"glow": false,
			"armor_model_scale": 0.11,
			"name": {
				"text": "Arrancar Boots"
			},
			"textures": {
				"normal": "heroesuniverse:textures/models/armor/arr1/boots.png"
			},
			"item_texture": {
				"blockstate": "heroesuniverse:arr11"
			}
		}
	}
}
