{
	"name": {
		"text": "Gamma Radiation Collar MK1"
	},
	
	"armor_material": {
		"durability": 5000,
		"damage_reduction_amounts": [5, 9, 3, 2],
		"enchantibility": 15,
		"toughness": 0.0,
		"sound": "item.armor.equip_generic"
	},
	
	"description": {
		"text": "Utility"
	},
	
	"abilities": [
		{
			"ability": "lucraftcore:size_change",
			"size": 2,
			"required_superpower": "heroesuniverse:hulk",
			"bar_color": "lime"
		},
		{
			"ability": "lucraftcore:size_change",
			"size": 2,
			"required_superpower": "heroesuniverse:redhulk",
			"bar_color": "red"
		},
		{
			"ability": "lucraftcore:size_change",
			"size": 2,
			"required_superpower": "heroesuniverse:abomb",
			"bar_color": "blue"
		},
		{
			"ability": "lucraftcore:size_change",
			"size": 1.75,
			"required_superpower": "heroesuniverse:greyhulk",
			"bar_color": "gray"
		},
		{
			"ability": "lucraftcore:size_change",
			"size": 2,
			"required_superpower": "heroesuniverse:abomination",
			"bar_color": "brown"
		}
    ],
	
	"effects": [
		{
		    "type": "skin_overlay",
			            "texture": "heroesuniverse:textures/models/collarmodels/collarmodel1.png",
			"size": 0.31,
			"conditions": [
			    {
				    "type": "ability_enabled",
					"ability": "lucraftcore:size_change"
				}
			]
		}
	],
	
	"creative_tab": "heroesuniverse",
	
	"armor_parts": {
		
		"chest": {
			"openable": false,
			"glow": false,
			"armor_model_scale": 0.32,
			"name": {
				"text": "Gamma Radiation Collar MK1"
			},
			"textures": {
				"normal": "heroesuniverse:textures/models/armor/gammacollars/1/gammacollar_1.png",
				"glow": "heroesuniverse:texture/models/armor/gammacollars/collarglow.png"
			},
			"item_texture": {
				"blockstate": "heroesuniverse:collar1_"
			}
		}
	}
}
