{
	"name": {
		"text": "Gamma Radiation Collar MK2"
	},
	
	"armor_material": {
		"durability": 5000,
		"damage_reduction_amounts": [5, 9, 3, 2],
		"enchantibility": 15,
		"toughness": 0.0,
		"sound": "item.armor.equip_generic"
	},
	
	"description": {
		"text": "Utility"
	},
	
	"abilities": [
		{
			"ability": "lucraftcore:size_change",
			"size": 3,
			"required_superpower": "heroesuniverse:hulk"
		},
		{
			"ability": "lucraftcore:size_change",
			"size": 3,
			"required_superpower": "heroesuniverse:redhulk"
		},
		{
			"ability": "lucraftcore:size_change",
			"size": 3,
			"required_superpower": "heroesuniverse:abomb"
		},
		{
			"ability": "lucraftcore:size_change",
			"size": 2.5,
			"required_superpower": "heroesuniverse:greyhulk"
		},
		{
			"ability": "lucraftcore:size_change",
			"size": 3,
			"required_superpower": "heroesuniverse:abomination"
		}
	],
	
	"effects": [
		{
		    "type": "skin_overlay",
			            "texture": "heroesuniverse:textures/models/collarmodels/collarmodel2.png",
			"size": 0.31,
			"conditions": [
			    {
				    "type": "ability_enabled",
					"ability": "lucraftcore:size_change"
				}
			]
		}
	],
	
	"creative_tab": "heroesuniverse",
	
	"armor_parts": {
		
		"chest": {
			"openable": false,
			"glow": false,
			"armor_model_scale": 0.32,
			"name": {
				"text": "Gamma Radiation Collar MK2"
			},
			"textures": {
				"normal": "heroesuniverse:textures/models/armor/gammacollars/2/gammacollar_2.png",
				"glow": "heroesuniverse:texture/models/armor/gammacollars/collarglow.png"
			},
			"item_texture": {
				"blockstate": "heroesuniverse:collar2_"
			}
		}
	}
}
