{
	"name": {
		"text": "Quantum Decay Dampener"
	},
	
	"armor_material": {
		"durability": 5000,
		"damage_reduction_amounts": [5, 9, 3, 2],
		"enchantibility": 15,
		"toughness": 0.0,
		"sound": "item.armor.equip_generic"
	},
	
	"description": {
		"text": "Quantum Decay Dampener"
	},
	
	"creative_tab": "heroesuniverse",
	
	"abilities": [
		{
			"ability": "speedsterheroes:phasing",
			"required_superpower": "heroesuniverse:quantumdecay"
		}
	],
	
	"armor_parts": {
	
		"head": {
			"openable": true,
			"glow": false,
			"armor_model_scale": 0.1,
			"name": {
				"text": "Experimental Suit Helmet"
			},
			"textures": {
				"normal": "heroesuniverse:textures/models/armor/ghost/helmet.png",
				"normal_open": "heroesuniverse:textures/models/armor/ghost/helmet_open.png"
			},
			"item_texture": {
				"blockstate": "heroesuniverse:dampener1"
			}
		},
		
		"chest": {
			"openable": false,
			"glow": false,
			"armor_model_scale": 0.1,
			"name": {
				"text": "Experimental Suit Chestplate"
			},
			"textures": {
				"normal": "heroesuniverse:textures/models/armor/ghost/chestplate.png"
			},
			"item_texture": {
				"blockstate": "heroesuniverse:dampener1"
			}
		},
		
		"legs": {
			"openable": false,
			"glow": false,
			"armor_model_scale": 0.1,
			"name": {
				"text": "Experimental Suit Leggings"
			},
			"textures": {
				"normal": "heroesuniverse:textures/models/armor/ghost/legs.png"
			},
			"item_texture": {
				"blockstate": "heroesuniverse:dampener1"
			}
		},
		
		"feet": {
			"openable": false,
			"glow": false,
			"armor_model_scale": 0.1,
			"name": {
				"text": "Experimental Suit Boots"
			},
			"textures": {
				"normal": "heroesuniverse:textures/models/armor/ghost/boots.png"
			},
			"item_texture": {
				"blockstate": "heroesuniverse:dampener1"
			}
		}
	}
}
