{
	"name": {
		"text": "Electric Band"
	},
	
	"armor_material": {
		"durability": 5000,
		"damage_reduction_amounts": [5, 9, 3, 2],
		"enchantibility": 15,
		"toughness": 0.0,
		"sound": "item.armor.equip_generic"
	},
	
	"description": {
		"text": "MCU"
	},
	
	"creative_tab": "heroesuniverse",
	
	"armor_parts": {
		
		"chest": {
			"openable": false,
			"glow": false,
			"armor_model_scale": 0.18,
			"name": {
				"text": "Electric Band"
			},
			"textures": {
				"normal": "heroesuniverse:textures/models/armor/electric_band/band.png"
			},
			"item_texture": {
				"blockstate": "heroesuniverse:electric_band1"
			}
		}
	},
	
	"abilities": {
		"potion_punch": {
			"ability": "lucraftcore:potion_punch",
			"potion": "minecraft:slowness",
			"amplifier": 8,
			"duration": 100,
			"cooldown": 500,
			"icon": {
	            "type": "texture",
		        "texture": "heroesuniverse:textures/items/eb/band.png"
	        },
			"title": {
			    "text": "Shock"
			}
		}
	},
	
	"effects": [
	    {
		    "type": "glowing_hand",
			"size": 1,
			"color": [0.5, 1, 1],
			"conditions": [
				{
					"type": "ability_enabled",
					"ability": "lucraftcore:potion_punch"
				}
			]
		},
		{
		    "type": "skin_overlay",
			            "texture": "heroesuniverse:textures/models/armor/electric_band/band_overlay.png",
			"size": 0.19,
			"conditions": [
			    {
				    "type": "ability_enabled",
					"ability": "lucraftcore:potion_punch"
				}
			]
	    }
	]
}
