{
	"name": {
		"text": "Exo Skeleton"
	},
	
	"armor_material": {
		"durability": 5000,
		"damage_reduction_amounts": [5, 9, 3, 2],
		"enchantibility": 15,
		"toughness": 0.0,
		"sound": "item.armor.equip_generic"
	},
	
	"description": {
		"text": "Utility"
	},
	
	"abilities": [
	    {
		    "ability": "lucraftcore:healing",
			"frequency": 1,
			"amount": 1
		},
		{
		    "ability": "lucraftcore:strength",
			"factor": 2,
			"operation": 1,
			"uuid": "32181449-2e34-42a6-b71a-cac1e10b9ece"
		},
		{
		    "ability": "lucraftcore:sprint",
			"factor": 2,
			"operation": 1,
			"uuid": "fbe49e43-a654-4875-a42f-1da00d79366b"
		},
		{
		    "ability": "lucraftcore:jump_boost",
			"factor": 0.5,
			"operation": 0,
			"uuid": "2627295d-3f0c-4705-82e5-d6bad206c739"
		},
		{
		    "ability": "lucraftcore:fall_resistance",
			"factor": 9,
			"operation": 1,
			"uuid": "1439f4e4-3a70-497f-8380-c506efd8d741"
		},
		{
		    "ability": "lucraftcore:knockback_resistance",
			"factor": 100,
			"operation": 1,
			"uuid": "e9b683fe-254b-4785-a547-d71abfe35a0d"
		}
	],
	
	"creative_tab": "heroesuniverse",
	
	"armor_parts": {
		
		"chest": {
			"openable": false,
			"glow": false,
			"armor_model_scale": 0.1,
			"name": {
				"text": "Exo Skeleton"
			},
			"textures": {
				"normal": "heroesuniverse:textures/models/armor/exo/exoskeleton.png"
			},
			"item_texture": {
				"blockstate": "heroesuniverse:exo1"
			}
		}
	}
}
