{
	"name": {
		"text": "Advanced Exo Skeleton: Sensory"
	},
	
	"armor_material": {
		"durability": 5000,
		"damage_reduction_amounts": [5, 9, 3, 2],
		"enchantibility": 15,
		"toughness": 0.0,
		"sound": "item.armor.equip_generic"
	},
	
	"description": {
		"text": "Utility"
	},
	
	"abilities": {
	    "toggle_power": {
		    "ability": "lucraftcore:toggle_power",
			"icon": {
	            "type": "texture",
		        "texture": "heroesuniverse:textures/icons/exo_hud_icon.png"
	        },
			"title": {
			    "text": "Activate Enemy Scanner"
			}
		},
	    "spider_sense": {
		    "ability": "heroesexpansion:spider_sense",
			"title": {
			    "text": "Enemy Scanner"
			},
			"conditions": [
				{
					"type": "lucraftcore:ability",
					"ability": "toggle_power"
				}
			]
		},
		"x_ray": {
		    "ability": "heroesexpansion:x_ray",
			"title": {
			    "text": "Entity Tracker"
			},
			"conditions": [
				{
					"type": "lucraftcore:ability",
					"ability": "toggle_power"
				}
			]
		},
	    "healing": {
		    "ability": "lucraftcore:healing",
			"frequency": 1,
			"amount": 1
		},
		"strength": {
		    "ability": "lucraftcore:strength",
			"amount": 2,
			"operation": 1,
			"uuid": "32181449-2e34-42a6-b71a-cac1e10b9ece"
		},
		"sprint": {
		    "ability": "lucraftcore:sprint",
			"amount": 2,
			"operation": 1,
			"uuid": "fbe49e43-a654-4875-a42f-1da00d79366b"
		},
		"jump_boost": {
		    "ability": "lucraftcore:jump_boost",
			"amount": 0.5,
			"operation": 0,
			"uuid": "2627295d-3f0c-4705-82e5-d6bad206c739"
		},
		"fall_resistance": {
		    "ability": "lucraftcore:fall_resistance",
			"amount": 9,
			"operation": 1,
			"uuid": "1439f4e4-3a70-497f-8380-c506efd8d741"
		},
		"knockback_resistance": {
		    "ability": "lucraftcore:knockback_resistance",
			"amount": 100,
			"operation": 1,
			"uuid": "e9b683fe-254b-4785-a547-d71abfe35a0d"
		}
	},
	
	"creative_tab": "heroesuniverse",
	
	"armor_parts": {
		
		"chest": {
			"openable": false,
			"glow": false,
			"armor_model_scale": 0.1,
			"name": {
				"text": "Advanced Exo Skeleton: Sensory"
			},
			"textures": {
				"normal": "heroesuniverse:textures/models/armor/exoa1/exoskeleton.png"
			},
			"item_texture": {
				"blockstate": "heroesuniverse:exoa11"
			}
		}
	},
	
	"effects": [
	    {
		    "type": "hud",
			            "texture": "heroesuniverse:textures/hud/exo_hud.png",
			"conditions": [
				{
					"type": "not",
					"conditions": [
					    {
						    "type": "ability_enabled",
							"ability": "lucraftcore:toggle_power"
						}
					]
				}
			]
		},
		{
		    "type": "hud",
			            "texture": "heroesuniverse:textures/hud/exo_hud_2.png",
			"conditions": [
				{
					"type": "ability_enabled",
					"ability": "lucraftcore:toggle_power"
				}
			]
		}
	]
}
