{
	"name": {
		"text": "Advanced Exo Skeleton: Agility"
	},
	
	"armor_material": {
		"durability": 5000,
		"damage_reduction_amounts": [5, 9, 3, 2],
		"enchantibility": 15,
		"toughness": 0.0,
		"sound": "item.armor.equip_generic"
	},
	
	"description": {
		"text": "Utility"
	},
	
	"abilities": {
	    "spider_sense": {
		    "ability": "speedsterheroes:water_running",
			"speed": 1.0
		},
		"wall_running": {
		    "ability": "speedsterheroes:wall_running",
			"speed": 1.0
		},
	    "healing": {
		    "ability": "lucraftcore:healing",
			"frequency": 1,
			"amount": 1
		},
		"strength": {
		    "ability": "lucraftcore:strength",
			"amount": 1,
			"operation": 0,
			"uuid": "32181449-2e34-42a6-b71a-cac1e10b9ece"
		},
		"step_assist": {
		    "ability": "lucraftcore:step_assist",
			"amount": 1,
			"operation": 0,
			"uuid": "1d56a5c8-e44b-4ec8-9ba3-28c9ea9ca294"
		},
		"sprint": {
		    "ability": "lucraftcore:sprint",
			"amount": 3.0,
			"operation": 0,
			"uuid": "fbe49e43-a654-4875-a42f-1da00d79366b"
		},
		"jump_boost": {
		    "ability": "lucraftcore:jump_boost",
			"amount": 2.0,
			"operation": 0,
			"uuid": "2627295d-3f0c-4705-82e5-d6bad206c739"
		},
		"fall_resistance": {
		    "ability": "lucraftcore:fall_resistance",
			"amount": 50.0,
			"operation": 0,
			"uuid": "1439f4e4-3a70-497f-8380-c506efd8d741"
		}
	},
	
	"creative_tab": "heroesuniverse",
	
	"armor_parts": {
		
		"chest": {
			"openable": false,
			"glow": false,
			"armor_model_scale": 0.1,
			"name": {
				"text": "Advanced Exo Skeleton: Agility"
			},
			"textures": {
				"normal": "heroesuniverse:textures/models/armor/exoa2/exoskeleton.png"
			},
			"item_texture": {
				"blockstate": "heroesuniverse:exoa21"
			}
		}
	}
}
