{
	"name": {
		"text": "Advanced Exo Skeleton: Resistance"
	},
	
	"armor_material": {
		"durability": 5000,
		"damage_reduction_amounts": [5, 9, 3, 2],
		"enchantibility": 15,
		"toughness": 0.0,
		"sound": "item.armor.equip_generic"
	},
	
	"description": {
		"text": "Utility"
	},
	
	"abilities": {
	    "healing": {
		    "ability": "lucraftcore:healing",
			"frequency": 1,
			"amount": 2
		},
		"strength": {
		    "ability": "lucraftcore:strength",
			"amount": 1,
			"operation": 0,
			"uuid": "32181449-2e34-42a6-b71a-cac1e10b9ece"
		},
		"sprint": {
		    "ability": "lucraftcore:sprint",
			"amount": -1.0,
			"operation": 0,
			"uuid": "fbe49e43-a654-4875-a42f-1da00d79366b"
		},
		"fall_resistance": {
		    "ability": "lucraftcore:fall_resistance",
			"amount": 50.0,
			"operation": 0,
			"uuid": "1439f4e4-3a70-497f-8380-c506efd8d741"
		},
		"knockback_resistance": {
		    "ability": "lucraftcore:knockback_resistance",
			"amount": 100,
			"operation": 0,
			"uuid": "e9b683fe-254b-4785-a547-d71abfe35a0d"
		},
		"resistance": {
		    "ability": "lucraftcore:resistance",
			"amount": 100,
			"operation": 0,
			"uuid": "1eff1c70-424e-4f17-b434-df620be4323e"
		}
	},
	
	"creative_tab": "heroesuniverse",
	
	"armor_parts": {
		
		"chest": {
			"openable": false,
			"glow": false,
			"armor_model_scale": 0.1,
			"name": {
				"text": "Advanced Exo Skeleton: Resistance"
			},
			"textures": {
				"normal": "heroesuniverse:textures/models/armor/exoa3/exoskeleton.png"
			},
			"item_texture": {
				"blockstate": "heroesuniverse:exoa31"
			}
		}
	}
}
