{
	"name": {
		"text": "Explosive Belt"
	},
	
	"armor_material": {
		"durability": 5000,
		"damage_reduction_amounts": [5, 9, 3, 2],
		"enchantibility": 15,
		"toughness": 0.0,
		"sound": "item.armor.equip_generic"
	},
	
	"description": {
		"text": "Utility"
	},
	
	"creative_tab": "heroesuniverse",
	
	"armor_parts": {
		
		"chest": {
			"openable": true,
			"glow": false,
			"armor_model_scale": 0.18,
			"name": {
				"text": "Explosive Belt"
			},
			"textures": {
				"normal": "heroesuniverse:textures/models/armor/explosivebelt/chestplate.png",
				"normal_open": "heroesuniverse:textures/models/armor/explosivebelt/chestplate_overlay.png"
			},
			"item_texture": {
				"blockstate": "heroesuniverse:explosivebelt1"
			}
		}
	},
	
	"abilities": {
		"god_mode": {
			"ability": "heroesexpansion:god_mode",
			"damage": 0,
			"conditions": [
				{
					"type": "lucraftcore:open_armor",
					"slot": "chest"
				}
			]
		},
		"involuntary_explosion": {
			"ability": "the-fifth-world:involuntary_explosion",
			"conditions": [
				{
					"type": "lucraftcore:ability",
					"ability": "god_mode"
				}
			]
		}
	},
	
	"effects": [
	    {
		    "type": "skin_overlay",
			            "texture": "heroesuniverse:textures/models/armor/explosivebelt/chestplate_overlay.png",
			"size": 0.19,
			"conditions": [
				{
					"type": "ability_enabled",
					"ability": "lucraftcore:open_armor"
				}
			]
		}
	]
}
