{
	"name": {
		"text": "Gamma Radiation Injector 0%"
	},
	
	"armor_material": {
		"durability": 5000,
		"damage_reduction_amounts": [5, 9, 3, 2],
		"enchantibility": 15,
		"toughness": 0.0,
		"sound": "item.armor.equip_generic"
	},
	
	"description": {
		"text": "0%"
	},
	
	"creative_tab": "heroesuniverse",
	
	"armor_parts": {
		
		"chest": {
			"openable": false,
			"glow": false,
			"armor_model_scale": 0.1,
			"name": {
				"text": "Gamma Radiation Injector"
			},
			"textures": {
				"normal": "heroesuniverse:textures/models/armor/gammainjectorempty/chestplate.png"
			},
			"item_texture": {
				"blockstate": "heroesuniverse:gammainjemp1"
			}
		}
	}
}
