{
	"name": {
		"text": "Gamma Radiation Injector 100%"
	},
	
	"armor_material": {
		"durability": 5000,
		"damage_reduction_amounts": [5, 9, 3, 2],
		"enchantibility": 15,
		"toughness": 0.0,
		"sound": "item.armor.equip_generic"
	},
	
	"description": {
		"text": "100%"
	},
	
	"abilities": {
	    "command": {
		    "ability": "lucraftcore:command",
			"commands": [
			    "replaceitem entity @s slot.armor.chest heroesuniverse:gammainjectorempty_chest",
				"superpower @s heroesuniverse:hulk",
				"playsound pymtech:helmet_opening master @e[r=10] ~ ~ ~",
				"effect @s minecraft:nausea 10 1",
				"effect @s minecraft:blindness 10 1"
			],
			"bar_color": "lime"
		}
	},
	
	"creative_tab": "heroesuniverse",
	
	"armor_parts": {
		
		"chest": {
			"openable": false,
			"glow": false,
			"armor_model_scale": 0.1,
			"name": {
				"text": "Gamma Radiation Injector"
			},
			"textures": {
				"normal": "heroesuniverse:textures/models/armor/gammainjector/chestplate.png"
			},
			"item_texture": {
				"blockstate": "heroesuniverse:gammainj1"
			}
		}
	}
}
