{
	"name": {
		"text": "Goliath Suit"
	},
	
	"armor_material": {
		"durability": 5000,
		"damage_reduction_amounts": [5, 9, 3, 2],
		"enchantibility": 15,
		"toughness": 0.0,
		"sound": "item.armor.equip_generic"
	},
	
	"description": {
		"text": "Comics"
	},
	
	"creative_tab": "heroesuniverse",
	
	"abilities": {
		"size_change": {
			"ability": "lucraftcore:size_change",
			"size": 8,
			"size_changer": "pymtech:pym_particles"
		},
		"shrink_suit": {
		    "ability": "pymtech:shrink_suit",
			"advanced": false
		}
	},
	
	"armor_parts": {
	
		"head": {
			"openable": true,
			"glow": false,
			"armor_model_scale": 0.1,
			"name": {
				"text": "Goliath Suit Helmet"
			},
			"textures": {
				"normal": "heroesuniverse:textures/models/armor/goliath/helmet.png",
				"normal_open": "heroesuniverse:textures/models/armor/goliath/helmet_open.png"
			},
			"item_texture": {
				"blockstate": "heroesuniverse:goliath1"
			}
		},
		
		"chest": {
			"openable": false,
			"glow": false,
			"armor_model_scale": 0.1,
			"name": {
				"text": "Goliath Suit Chestplate"
			},
			"textures": {
				"normal": "heroesuniverse:textures/models/armor/goliath/chestplate.png"
			},
			"item_texture": {
				"blockstate": "heroesuniverse:goliath1"
			}
		},
		
		"legs": {
			"openable": false,
			"glow": false,
			"armor_model_scale": 0.1,
			"name": {
				"text": "Goliath Suit Leggings"
			},
			"textures": {
				"normal": "heroesuniverse:textures/models/armor/goliath/legs.png"
			},
			"item_texture": {
				"blockstate": "heroesuniverse:goliath1"
			}
		},
		
		"feet": {
			"openable": false,
			"glow": false,
			"armor_model_scale": 0.1,
			"name": {
				"text": "Goliath Suit Boots"
			},
			"textures": {
				"normal": "heroesuniverse:textures/models/armor/goliath/boots.png"
			},
			"item_texture": {
				"blockstate": "heroesuniverse:goliath1"
			}
		}
	}
}
