{
	"name": {
		"text": "Hoodie"
	},
	
	"armor_material": {
		"durability": 5000,
		"damage_reduction_amounts": [5, 9, 3, 2],
		"enchantibility": 15,
		"toughness": 0.0,
		"sound": "item.armor.equip_generic"
	},
	
	"description": {
		"text": "Average Clothing"
	},
	
	"creative_tab": "heroesuniverse",
	
	"armor_parts": {
		
		"chest": {
			"openable": true,
			"glow": false,
			"armor_model_scale": 0.18,
			"name": {
				"text": "Pink Hoodie - Star"
			},
			"textures": {
				"normal": "heroesuniverse:textures/models/armor/hoodie/chestplate10_star.png",
				"normal_open": "heroesuniverse:textures/models/armor/hoodie/chestplate_open10_star.png"
			},
			"item_texture": {
				"blockstate": "heroesuniverse:hoodiepink_star1"
			}
		}
	},
	
	"abilities": {
	    "flight": {
		    "ability": "lucraftcore:flight",
			"speed": 1.0,
			"cooldown": 500
		},
		"tough_lungs": {
		    "ability": "lucraftcore:tough_lungs"
		}
	}
	    
}
