{
	"name": {
		"text": "Hoodie"
	},
	
	"armor_material": {
		"durability": 5000,
		"damage_reduction_amounts": [5, 9, 3, 2],
		"enchantibility": 15,
		"toughness": 0.0,
		"sound": "item.armor.equip_generic"
	},
	
	"description": {
		"text": "Average Clothing"
	},
	
	"creative_tab": "heroesuniverse",
	
	"armor_parts": {
		
		"chest": {
			"openable": true,
			"glow": false,
			"armor_model_scale": 0.18,
			"name": {
				"text": "Orange Hoodie - Flame"
			},
			"textures": {
				"normal": "heroesuniverse:textures/models/armor/hoodie/chestplate9_flame.png",
				"normal_open": "heroesuniverse:textures/models/armor/hoodie/chestplate_open9_flame.png"
			},
			"item_texture": {
				"blockstate": "heroesuniverse:hoodieorange_flame1"
			}
		}
	},
	
	"abilities": {
	    "fire_punch": {
		    "ability": "lucraftcore:fire_punch",
			"duration": 20,
			"cooldown": 500
		}
	}
}
