{
	"name": {
		"text": "Hulkbuster Suit"
	},
	
	"armor_material": {
		"durability": 5000,
		"damage_reduction_amounts": [5, 9, 3, 2],
		"enchantibility": 15,
		"toughness": 0.0,
		"sound": "item.armor.equip_generic"
	},
	
	"description": {
		"text": "MCU / Custom"
	},
	
	"creative_tab": "heroesuniverse",
	
	"abilities": {
		"flight": {
		    "ability": "lucraftcore:flight",
			"speed": 0.5,
			"rotate_arms": false
		}
	},
	
	"armor_parts": {
		
		"chest": {
			"openable": true,
			"glow": false,
			"armor_model_scale": 1,
			"name": {
				"text": "Hulkbuster Chestplate"
			},
			"textures": {
				"normal": "heroesuniverse:textures/models/armor/hulkbuster/chestplate.png",
				"normal_open": "heroesuniverse:textures/models/armor/hulkbuster/chestplate_open.png"
			},
			"item_texture": {
				"blockstate": "heroesuniverse:hulkbuster1"
			}
		},
		
		"legs": {
			"openable": false,
			"glow": false,
			"armor_model_scale": 1,
			"name": {
				"text": "Hulkbuster Leggings"
			},
			"textures": {
				"normal": "heroesuniverse:textures/models/armor/hulkbuster/legs.png"
			},
			"item_texture": {
				"blockstate": "heroesuniverse:hulkbuster1"
			}
		},
		
		"feet": {
			"openable": false,
			"glow": false,
			"armor_model_scale": 1,
			"name": {
				"text": "Hulkbuster Boots"
			},
			"textures": {
				"normal": "heroesuniverse:textures/models/armor/hulkbuster/boots.png"
			},
			"item_texture": {
				"blockstate": "heroesuniverse:hulkbuster1"
			}
		}
	}
}
