{
	"name": {
		"text": "Jetpack"
	},
	
	"armor_material": {
		"durability": 5000,
		"damage_reduction_amounts": [5, 9, 3, 2],
		"enchantibility": 15,
		"toughness": 0.0,
		"sound": "item.armor.equip_generic"
	},
	
	"description": {
		"text": "Utility"
	},
	
	"abilities": [
	    {
		    "ability": "lucraftcore:flight",
			"speed": 0.75
		},
		{
		    "ability": "lucraftcore:slowfall"
		}
	],
	
	"creative_tab": "heroesuniverse",
	
	"armor_parts": {
		
		"chest": {
			"openable": false,
			"glow": false,
			"armor_model_scale": 0.1,
			"name": {
				"text": "Jetpack"
			},
			"textures": {
				"normal": "heroesuniverse:textures/models/armor/jet/chestplate.png"
			},
			"item_texture": {
				"blockstate": "heroesuniverse:jet1"
			}
		}
	},
	
	"effects": [
		{
		    "type": "skin_overlay",
			            "texture": "heroesuniverse:textures/models/armor/jet/jetpack.png",
			"size": 1,
			"conditions": [
			    {
				    "type": "always"
				}
			]
		}
	]
}
