{
	"name": {
		"text": "Biking Suit"
	},
	
	"armor_material": {
		"durability": 5000,
		"damage_reduction_amounts": [5, 9, 3, 2],
		"enchantibility": 15,
		"toughness": 0.0,
		"sound": "item.armor.equip_generic"
	},
	
	"description": {
		"text": "MCU"
	},
	
	"creative_tab": "heroesuniverse",
	
	"armor_parts": {
		
		"chest": {
			"openable": false,
			"glow": false,
			"armor_model_scale": 0.1,
			"name": {
				"text": "Biking Leather Jacket"
			},
			"textures": {
				"normal": "heroesuniverse:textures/models/armor/jb/chestplate.png"
			},
			"item_texture": {
				"blockstate": "heroesuniverse:jb1"
			}
		},
		
		"legs": {
			"openable": false,
			"glow": false,
			"armor_model_scale": 0.11,
			"name": {
				"text": "Leather Throusers"
			},
			"textures": {
				"normal": "heroesuniverse:textures/models/armor/jb/legs.png"
			},
			"item_texture": {
				"blockstate": "heroesuniverse:jb1"
			}
		},
		
		"feet": {
			"openable": false,
			"glow": false,
			"armor_model_scale": 0.11,
			"name": {
				"text": "Leather Boots"
			},
			"textures": {
				"normal": "heroesuniverse:textures/models/armor/jb/feet.png"
			},
			"item_texture": {
				"blockstate": "heroesuniverse:jb1"
			}
		}
	}
}
