{
	"name": {
		"text": "Lapis Armor"
	},
	
	"armor_material": {
		"durability": 2000,
		"damage_reduction_amounts": [2, 4, 5, 2],
		"enchantibility": 200,
		"toughness": 0.0,
		"sound": "item.armor.equip_diamond"
	},
	
	"creative_tab": "heroesuniverse",
	
	"armor_parts": {
	
		"head": {
			"openable": false,
			"glow": false,
			"armor_model_scale": 0.9,
			"name": {
				"text": "Lapis Helmet"
			},
			"textures": {
				"normal": "heroesuniverse:textures/models/armor/lapis_armor/helmet.png"
			},
			"item_texture": {
				"blockstate": "heroesuniverse:la1"
			}
		},
		
		"chest": {
			"openable": false,
			"glow": false,
			"armor_model_scale": 0.8,
			"name": {
				"text": "Lapis Chestplate"
			},
			"textures": {
				"normal": "heroesuniverse:textures/models/armor/lapis_armor/chestplate.png"
			},
			"item_texture": {
				"blockstate": "heroesuniverse:la1"
			}
		},
		
		"legs": {
			"openable": false,
			"glow": false,
			"armor_model_scale": 0.5,
			"name": {
				"text": "Lapis Leggings"
			},
			"textures": {
				"normal": "heroesuniverse:textures/models/armor/lapis_armor/legs.png"
			},
			"item_texture": {
				"blockstate": "heroesuniverse:la1"
			}
		},
		
		"feet": {
			"openable": false,
			"glow": false,
			"armor_model_scale": 0.9,
			"name": {
				"text": "Lapis Boots"
			},
			"textures": {
				"normal": "heroesuniverse:textures/models/armor/lapis_armor/boots.png"
			},
			"item_texture": {
				"blockstate": "heroesuniverse:la1"
			}
		}
	}
}
