{
	"parent": "heroesexpansion:black_panther",
	
	"name": {
		"text": "Iron Man Suit Mark 50: Bleeding Edge"
	},
	
	"description": {
		"text": "MCU"
	},

	"creative_tab": "heroesuniverse",
	
	"armor_material": {
		"durability": 5000,
		"damage_reduction_amounts": [3, 6, 8, 3],
		"enchantibility": 0,
		"toughness": 2.0,
		"sound": "item.armor.equip_diamond"
	},
	
	"data": {
		"transition_color_1": {
			"red": 233,
			"green": 233,
			"blue": 233
		},
		"transition_color_2": {
			"red": 188,
			"green": 188,
			"blue": 188
		},
		"necklace_texture": "heroesuniverse:textures/models/armor/be/bleedingedge_2.png"
	},
	
	"abilities": {
		"energy_blast": {
			"ability": "lucraftcore:energy_blast",
			"damage": 5,
			"cooldown": 70,
			"color": [0, 127, 255],
			"title": {
			    "text": "Repulsor"
			},
			
			"icon": {
				"type": "texture",
				"texture": "heroesuniverse:textures/gui/repulsoricon.png"
			},
			"conditions": [
				{
					"type": "lucraftcore:open_armor",
					"slot": "chest"
				}
			]
		},
		"energy_blast_2": {
			"ability": "lucraftcore:energy_blast",
			"damage": 3,
			"color": [0, 127, 255],
			"title": {
			    "text": "Automatic Energy Blaster"
			},
			"icon": {
				"type": "texture",
				"texture": "heroesuniverse:textures/gui/repulsoricon.png"
			},
			"conditions": [
				{
					"type": "lucraftcore:open_armor",
					"slot": "chest"
				}
			]
		},
		"god_mode": {
		    "ability": "heroesexpansion:god_mode",
			"title": {
			    "text": "Nano Technology: Battering Rams"
			},
			"damage": 5,
			"icon": {
				"type": "texture",
				"texture": "heroesuniverse:textures/gui/ramsicon.png"
			},
			"conditions": [
				{
					"type": "lucraftcore:open_armor",
					"slot": "chest"
				}
			]
		},
		"toggle_power_5": {
		    "ability": "lucraftcore:toggle_power",
			"title": {
			    "text": "Nano Technology: Micro-Missile Launcher"
			},
			"icon": {
				"type": "texture",
				"texture": "heroesuniverse:textures/gui/missilelaunchericon.png"
			},
			"conditions": [
				{
					"type": "lucraftcore:open_armor",
					"slot": "chest"
				}
			]
		},
		"black_hole": {
		    "ability": "heroesexpansion:black_hole",
			"title": {
			    "text": "Nano Technology: Micro-Missile"
			},
			"icon": {
				"type": "texture",
				"texture": "heroesuniverse:textures/gui/missileicon.png"
			},
			"cooldown": 100,
			"conditions": [
				{
					"type": "lucraftcore:ability",
					"ability": "toggle_power_4"
				}
			]
		},
		"photon_blast": {
		    "ability": "heroesexpansion:photon_blast",
			"color": [255, 106, 0],
			"title": {
			    "text": "Nano Technology: Repulsor Cannons"
			},
			"icon": {
				"type": "texture",
				"texture": "heroesuniverse:textures/gui/lasericon2.png"
			},
			"conditions": [
				{
					"type": "lucraftcore:open_armor",
					"slot": "chest"
				}
			]
		},
		"toggle_power_2": {
		    "ability": "lucraftcore:toggle_power",
			"title": {
			    "text": "Nano Technology: Shield"
			},
			"icon": {
				"type": "texture",
				"texture": "heroesuniverse:textures/gui/shieldicon.png"
			},
			"conditions": [
				{
					"type": "lucraftcore:open_armor",
					"slot": "chest"
				}
			]
		},
		"photon_blast_2": {
		    "ability": "heroesexpansion:photon_blast",
			"color": [0, 127, 255],
			"title": {
			    "text": "Nano Technology: Energy Displacer Cannons"
			},
			"icon": {
				"type": "texture",
				"texture": "heroesuniverse:textures/gui/lasericon.png"
			},
			"conditions": [
				{
					"type": "lucraftcore:open_armor",
					"slot": "chest"
				}
			]
		},
		"toggle_power": {
		    "ability": "lucraftcore:toggle_power",
			"title": {
			    "text": "Nano Technology: Energy Displacer Sentries"
			},
			"icon": {
				"type": "texture",
				"texture": "heroesuniverse:textures/gui/sentryicon.png"
			},
			"conditions": [
				{
					"type": "lucraftcore:open_armor",
					"slot": "chest"
				}
			]
		},
		"heat_vision": {
		    "ability": "heroesexpansion:heat_vision",
			"color": [0, 127, 255],
			"title": {
			    "text": "Energy Displacer Sentries"
			},
			"icon": {
				"type": "texture",
				"texture": "heroesuniverse:textures/gui/sentryicon.png"
			},
			"conditions": [
				{
					"type": "lucraftcore:ability",
					"ability": "toggle_power"
				}
			]
		},
		"toggle_power_4": {
		    "ability": "lucraftcore:toggle_power",
			"title": {
			    "text": "Nano Technology: Stabilizing Back Thrusters"
			},
			"icon": {
				"type": "texture",
				"texture": "heroesuniverse:textures/gui/thrustericon.png"
			},
			"conditions": [
				{
					"type": "lucraftcore:open_armor",
					"slot": "chest"
				}
			]
		},
		"flight": {
		    "ability": "lucraftcore:flight",
			"speed": 0.8,
			"icon": {
				"type": "texture",
				"texture": "heroesuniverse:textures/gui/flighticon.png"
			},
			"conditions": [
				{
					"type": "lucraftcore:open_armor",
					"slot": "chest"
				},
				{
				    "type": "not",
					"conditions": [
					    {
						    "type": "lucraftcore:ability",
							"ability": "toggle_power_4"
						}
					]
				}
			],
			"rotate_arms": false
		},
		"flight_3": {
		    "ability": "lucraftcore:flight",
			"speed": 1.2,
			"title": {
			    "text": "Flight (Boosted)"
			},
			"icon": {
				"type": "texture",
				"texture": "heroesuniverse:textures/gui/flighticon.png"
			},
			"conditions": [
				{
					"type": "lucraftcore:ability",
					"ability": "toggle_power_4"
				}
			],
			"rotate_arms": false
		},
		"flight_2": {
		    "ability": "lucraftcore:flight",
			"speed": 15,
			"title": {
			    "text": "Nano Technology: Unibeam Thruster"
			},
			"icon": {
				"type": "texture",
				"texture": "heroesuniverse:textures/gui/flighticon2.png"
			},
			"conditions": [
				{
					"type": "lucraftcore:ability",
					"ability": "flight"
				},
				{
				    "type": "not",
					"conditions": [
					    {
						    "type": "lucraftcore:ability",
							"ability": "toggle_power_4"
						}
					]
				}
			],
			"rotate_arms": false
		},
		"flight_4": {
		    "ability": "lucraftcore:flight",
			"speed": 25,
			"title": {
			    "text": "Nano Technology: Unibeam Thruster (Boosted)"
			},
			"icon": {
				"type": "texture",
				"texture": "heroesuniverse:textures/gui/flighticon2.png"
			},
			"conditions": [
				{
					"type": "lucraftcore:ability",
					"ability": "flight_3"
				}
			],
			"rotate_arms": false
		},
		"freeze_breath": {
            "ability": "heroesexpansion:freeze_breath",
            "distance": 5.0,
			"title": {
			    "text": "Nano Technology: Zero-Cannons"
			},
			"icon": {
				"type": "texture",
				"texture": "heroesuniverse:textures/gui/nitrogenicon.png"
			},
			"conditions": [
				{
					"type": "lucraftcore:open_armor",
					"slot": "chest"
				}
			]
        },
		"toggle_power_3": {
		    "ability": "lucraftcore:toggle_power",
			"title": {
			    "text": "Nano Technology: Medical Suture Spray"
			},
			"icon": {
				"type": "texture",
				"texture": "heroesuniverse:textures/gui/healingicon.png"
			},
			"conditions": [
				{
					"type": "lucraftcore:open_armor",
					"slot": "chest"
				}
			]
		},
		"wall_crawling": {
		    "ability": "heroesexpansion:wall_crawling",
			"title": {
			    "text": "Nano Technology: Magnetic Grapple"
			},
			"icon": {
				"type": "texture",
				"texture": "heroesuniverse:textures/gui/magneticicon.png"
			},
			"conditions": [
				{
					"type": "lucraftcore:open_armor",
					"slot": "chest"
				}
			]
		},
		"healing": {
            "ability": "lucraftcore:healing",
			"title": {
			    "text": "Medical Suture Spray"
			},
			"icon": {
				"type": "texture",
				"texture": "heroesuniverse:textures/gui/healingicon.png"
			},
            "frequency": 1,
            "amount": 0.5,
			"conditions": [
				{
					"type": "lucraftcore:ability",
					"ability": "toggle_power_3"
				}
			]
        },
		"knockback_resistance": {
		    "ability": "lucraftcore:knockback_resistance",
			"amount": 20.0,
			"operation": 0,
			"uuid": "33b87c41-c110-4fc1-a0aa-8e4e76e40fe0",
			"conditions": [
				{
					"type": "lucraftcore:ability",
					"ability": "toggle_power_2"
				}
			]
		},
		"resistance": {
		    "ability": "lucraftcore:resistance",
			"amount": 300.0,
			"operation": 0,
			"uuid": "8b250726-b718-496a-80f9-143a3c00a2da",
			"conditions": [
				{
					"type": "lucraftcore:ability",
					"ability": "toggle_power_2"
				}
			]
		},
		"resistance_2": {
		    "ability": "lucraftcore:resistance",
			"amount": 20.0,
			"operation": 0,
			"uuid": "87b6f6dd-a7f5-418f-b164-40524daf3e79",
			"conditions": [
				{
					"type": "lucraftcore:open_armor",
					"slot": "chest"
				}
			]
		},
		"sprint": {
		    "ability": "lucraftcore:sprint",
		    "factor": -20.0,
		    "operation": 0,
		    "uuid": "829b3597-3013-489c-8f81-e1102139f7ed",
		    "conditions": [
			    {
				    "type": "lucraftcore:ability",
				    "ability": "flight_2"
			    }
		    ]
		},
		"sprint_2": {
		    "ability": "lucraftcore:sprint",
		    "factor": -20.0,
		    "operation": 0,
		    "uuid": "2d4edb89-4c5c-4959-a13e-f21e8bf9afb6",
		    "conditions": [
			    {
				    "type": "lucraftcore:ability",
				    "ability": "flight_4"
			    }
		    ]
		},
		"punch": {
		    "ability": "lucraftcore:punch",
			"amount": -2000.0,
			"operation": 0,
			"uuid": "d944b4be-0504-43a6-b433-d10a4d1b3000",
			"conditions": [
				{
					"type": "lucraftcore:ability",
					"ability": "toggle_power"
				}
			]
		},
		"strength": {
		    "ability": "lucraftcore:punch",
			"amount": 5.0,
			"operation": 0,
			"uuid": "bea6bf24-191b-4266-bd9e-787210e39b20",
			"conditions": [
				{
					"type": "lucraftcore:open_armor",
					"slot": "chest"
				}
			]
		},
		"jump_boost": {
		    "ability": "lucraftcore:jump_boost",
			"amount": 0,
			"operation": 0,
			"uuid": "fb4e8125-67d2-4821-bd66-fa91e6d571ab",
			"conditions": [
				{
					"type": "lucraftcore:ability",
					"ability": "photon_blast"
				}
			]
		},
		"tough_lungs": {
		    "ability": "lucraftcore:tough_lungs",
			"conditions": [
				{
					"type": "lucraftcore:open_armor",
					"slot": "chest"
				}
			]
		},
		"water_breathing": {
		    "ability": "lucraftcore:water_breathing",
			"conditions": [
				{
					"type": "lucraftcore:open_armor",
					"slot": "chest"
				}
			]
		},
		"health": {
            "ability": "lucraftcore:health",
            "amount": 0,
            "operation": 0,
            "uuid": "38a3bbd6-9ab1-466f-b298-a547e48fdb24",
			"conditions": [
				{
					"type": "lucraftcore:ability",
					"ability": "toggle_power_4"
				}
			]
        },
		"step_assist": {
            "ability": "lucraftcore:step_assist",
            "amount": 0,
            "operation": 0,
            "uuid": "b44a0a4f-74b9-429f-8a2d-fc8e5f08133d",
			"conditions": [
				{
					"type": "lucraftcore:ability",
					"ability": "toggle_power_5"
				}
			]
        }
	},
	
	"armor_parts": {
		
		"chest": {
			"openable": true,
			"glow": false,
			"name": {
				"text": "Mark 50 Suit"
			},
			"textures": {
				"normal": "heroesuniverse:textures/models/armor/be/bleedingedge_open_2.png"
			},
			"item_texture": {
				"blockstate": "heroesuniverse:edge"
			}
		}
	},
	
	"effects": [
	    {
		    "type": "skin_overlay",
			            "texture": "heroesuniverse:textures/models/armor/be/bleedingedge_open_laser_2.png",
			"size": 0.5,
			"conditions": [
			    {
				    "type": "ability_enabled",
					"ability": "heroesexpansion:photon_blast"
				},
				{
				    "type": "not",
					"conditions": [
					    {
						    "type": "ability_enabled",
							"ability": "lucraftcore:jump_boost"
						}
					]
				}
			]
	    },
		{
		    "type": "skin_overlay",
			            "texture": "heroesuniverse:textures/models/armor/be/missile_launcher.png",
			"size": 0.3,
			"conditions": [
			    {
				    "type": "ability_enabled",
					"ability": "lucraftcore:step_assist"
				}
			]
	    },
		{
		    "type": "skin_overlay",
			            "texture": "heroesuniverse:textures/models/armor/be/bleedingedge_open_laser_3.png",
			"size": 0.5,
			"conditions": [
			    {
				    "type": "ability_enabled",
					"ability": "lucraftcore:jump_boost"
				}
			]
	    },
		{
		    "type": "skin_overlay",
			            "texture": "heroesuniverse:textures/models/armor/be/shield.png",
			"size": 3,
			"conditions": [
			    {
				    "type": "ability_enabled",
					"ability": "lucraftcore:knockback_resistance"
				}
			]
	    },
		{
		    "type": "skin_overlay",
			            "texture": "heroesuniverse:textures/models/armor/be/thrusters/1.png",
			"size": 1,
			"conditions": [
			    {
				    "type": "ability_enabled",
					"ability": "lucraftcore:health"
				}
			]
	    },
		{
		    "type": "skin_overlay",
			            "texture": "heroesuniverse:textures/models/armor/be/thrusters/2.png",
			"size": 2,
			"conditions": [
			    {
				    "type": "ability_enabled",
					"ability": "lucraftcore:health"
				}
			]
	    },
		{
		    "type": "skin_overlay",
			            "texture": "heroesuniverse:textures/models/armor/be/thrusters/2.png",
			"size": 3,
			"conditions": [
			    {
				    "type": "ability_enabled",
					"ability": "lucraftcore:health"
				}
			]
	    },
		{
		    "type": "skin_overlay",
			            "texture": "heroesuniverse:textures/models/armor/be/thrusters/2.png",
			"size": 4,
			"conditions": [
			    {
				    "type": "ability_enabled",
					"ability": "lucraftcore:health"
				}
			]
	    },
		{
		    "type": "skin_overlay",
			            "texture": "heroesuniverse:textures/models/armor/be/thrusters/3.png",
			"size": 5,
			"conditions": [
			    {
				    "type": "ability_enabled",
					"ability": "lucraftcore:health"
				}
			]
	    },
		{
		    "type": "skin_overlay",
			            "texture": "heroesuniverse:textures/models/armor/be/sentries/1.png",
			"size": 10.1,
			"conditions": [
			    {
				    "type": "ability_enabled",
					"ability": "lucraftcore:punch"
				}
			]
	    },
		{
		    "type": "skin_overlay",
			            "texture": "heroesuniverse:textures/models/armor/be/sentries/2.png",
			"size": 10.2,
			"conditions": [
			    {
				    "type": "ability_enabled",
					"ability": "lucraftcore:punch"
				}
			]
	    },
		{
		    "type": "skin_overlay",
			            "texture": "heroesuniverse:textures/models/armor/be/sentries/3.png",
			"size": 20.1,
			"conditions": [
			    {
				    "type": "ability_enabled",
					"ability": "lucraftcore:punch"
				}
			]
	    },
		{
		    "type": "skin_overlay",
			            "texture": "heroesuniverse:textures/models/armor/be/sentries/4.png",
			"size": 20.2,
			"conditions": [
			    {
				    "type": "ability_enabled",
					"ability": "lucraftcore:punch"
				}
			]
	    },
		{
		    "type": "skin_overlay",
			            "texture": "heroesuniverse:textures/models/armor/be/bleedingedge_unibeam_thruster.png",
			"size": 0.5,
			"conditions": [
			    {
				    "type": "ability_enabled",
					"ability": "lucraftcore:sprint"
				}
			]
	    },
		{
		    "type": "skin_overlay",
			            "texture": "heroesuniverse:textures/models/armor/be/bleedingedge_open_nitrogen.png",
			"size": 0.3,
			"conditions": [
			    {
				    "type": "ability_enabled",
					"ability": "heroesexpansion:freeze_breath"
				}
			]
	    },
		{
		    "type": "skin_overlay",
			            "texture": "heroesuniverse:textures/models/armor/be/bleedingedge_open_rams.png",
			"size": 0.3,
			"conditions": [
			    {
				    "type": "ability_enabled",
					"ability": "heroesexpansion:god_mode"
				}
			]
	    },
		{
		    "type": "hud",
			            "texture": "heroesuniverse:textures/hud/mk_50_hud.png",
			"conditions": [
				{
					"type": "open_armor",
					"slot": "chest"
				}
			]
		},
		{
			"type": "name_change",
			"name": {
				"text": "???"
			},
			"conditions": [
				{
					"type": "open_armor",
					"slot": "chest"
				}
			]
		}
	]
}