{
	"parent": "heroesexpansion:black_panther",
	
	"name": {
		"text": "Iron Man Suit Mark 85"
	},
	
	"description": {
		"text": "MCU"
	},

	"creative_tab": "heroesuniverse",
	
	"armor_material": {
		"durability": 5000,
		"damage_reduction_amounts": [3, 6, 8, 3],
		"enchantibility": 0,
		"toughness": 2.0,
		"sound": "item.armor.equip_diamond"
	},
	
	"data": {
		"transition_color_1": {
			"red": 233,
			"green": 233,
			"blue": 233
		},
		"transition_color_2": {
			"red": 188,
			"green": 188,
			"blue": 188
		},
		"necklace_texture": "heroesuniverse:textures/models/armor/mk85/mk_85_necklace.png"
	},
	
	"abilities": {
		"energy_blast": {
			"ability": "lucraftcore:energy_blast",
			"damage": 5,
			"color": [0, 127, 255],
			"title": {
			    "text": "Repulsor Blast"
			},
			"conditions": [
				{
					"type": "lucraftcore:open_armor",
					"slot": "chest"
				}
			]
		},
		"toggle_power": {
		    "ability": "lucraftcore:toggle_power",
			"title": {
			    "text": "Integrated Addon: Laser"
			},
			"conditions": [
				{
					"type": "lucraftcore:open_armor",
					"slot": "chest"
				}
			]
		},
		"toggle_power_2": {
		    "ability": "lucraftcore:toggle_power",
			"title": {
			    "text": "Integrated Addon: Shield"
			},
			"icon": {
				"type": "texture",
				"texture": "heroesuniverse:textures/gui/shieldicon2.png"
			},
			"cooldown": 700,
			"conditions": [
				{
					"type": "lucraftcore:open_armor",
					"slot": "chest"
				}
			]
		},
		"knockback_resistance": {
		    "ability": "lucraftcore:knockback_resistance",
			"amount": 20.0,
			"operation": 0,
			"uuid": "33b87c41-c110-4fc1-a0aa-8e4e76e40fe0",
			"conditions": [
				{
					"type": "lucraftcore:ability",
					"ability": "toggle_power_2"
				}
			]
		},
		"resistance": {
		    "ability": "lucraftcore:resistance",
			"amount": 20.0,
			"operation": 0,
			"uuid": "8b250726-b718-496a-80f9-143a3c00a2da",
			"conditions": [
				{
					"type": "lucraftcore:ability",
					"ability": "toggle_power_2"
				}
			]
		},
		"photon_blast": {
		    "ability": "heroesexpansion:photon_blast",
			"color": [0, 127, 255],
			"title": {
			    "text": "Activate Laser"
			},
			"conditions": [
				{
					"type": "lucraftcore:ability",
					"ability": "toggle_power"
				}
			]
		},
		"flight": {
		    "ability": "lucraftcore:flight",
			"speed": 0.8,
			"conditions": [
				{
					"type": "lucraftcore:open_armor",
					"slot": "chest"
				}
			],
			"rotate_arms": false
		}
	},
	
	"armor_parts": {
		
		"chest": {
			"openable": true,
			"glow": false,
			"name": {
				"text": "Mark 85 Suit"
			},
			"textures": {
				"normal": "heroesuniverse:textures/models/armor/mk85/mk_85.png"
			},
			"item_texture": {
				"blockstate": "heroesuniverse:edge2"
			}
		}
	},
	
	"effects": [
		{
		    "type": "skin_overlay",
			            "texture": "heroesuniverse:textures/models/armor/mk85/shield2.png",
			"size": 0.5,
			"conditions": [
			    {
				    "type": "ability_enabled",
					"ability": "lucraftcore:resistance"
				}
			]
	    }
	]
}