{
	"parent": "heroesexpansion:black_panther",
	
	"name": {
		"text": "Nega-Bands"
	},
	
	"description": {
		"text": "Marvel Comics"
	},
	
	"creative_tab": "heroesuniverse",
	
	"armor_material": {
		"durability": 5000,
		"damage_reduction_amounts": [3, 8, 7, 2],
		"enchantibility": 18,
		"toughness": 2.0,
		"sound": "item.armor.equip_diamond"
	},
	
	"data": {
		"transition_color_1": {
			"red": 25,
			"green": 42,
			"blue": 57
		},
		"transition_color_2": {
			"red": 22,
			"green": 36,
			"blue": 47
		},
		"necklace_texture": "heroesuniverse:textures/models/armor/genisvell/bands.png"
	},
	
	"abilities": {
		"energy_blast": {
			"ability": "lucraftcore:energy_blast",
			"damage": 5,
			"color": [255, 255, 0],
			"conditions": [
				{
					"type": "lucraftcore:open_armor",
					"slot": "chest"
				}
			]
		},
		"photon_blast": {
		    "ability": "heroesexpansion:photon_blast",
			"color": [255, 255, 0],
			"conditions": [
				{
					"type": "lucraftcore:open_armor",
					"slot": "chest"
				}
			]
		},
		"energy_absorption": {
		    "ability": "heroesexpansion:energy_absorption",
			"max_energy": 100,
			"max_damage": 20.0,
			"cooldown": 5000,
			"conditions": [
				{
					"type": "lucraftcore:open_armor",
					"slot": "chest"
				}
			]
		},
		"flight": {
		    "ability": "lucraftcore:flight",
			"speed": 0.9,
			"conditions": [
				{
					"type": "lucraftcore:open_armor",
					"slot": "chest"
				}
			]
		}
	},
	
	"armor_parts": {
		
		"chest": {
			"openable": true,
			"glow": false,
			"name": {
				"text": "Nega-Bands"
			},
			"textures": {
				"normal": "heroesuniverse:textures/models/armor/genisvell/bands_open.png"
			},
			"item_texture": {
				"blockstate": "heroesuniverse:bandsgen"
			}
		}
	},
	
	"effects": [
	    {
		    "type": "glowing_hand",
			"color": [1, 1, 0],
			"size": 1.0,
			"conditions": [
			    {
				    "type": "ability_enabled",
					"ability": "heroesexpansion:energy_absorption"
				}
			]
		}
	]
}