{
	"name": {
		"text": "Hydrogen Radiation Dampener (Injections left: 3)"
	},
	
	"armor_material": {
		"durability": 5000,
		"damage_reduction_amounts": [5, 9, 3, 2],
		"enchantibility": 15,
		"toughness": 0.0,
		"sound": "item.armor.equip_generic"
	},
	
	"description": {
		"text": "Injections: 3"
	},
	
	"abilities": {
	    "command": {
		    "ability": "lucraftcore:command",
			"commands": [
			    "replaceitem entity @s slot.armor.chest heroesuniverse:radiationdampener0_chest",
				"superpowerxp -3L @s",
				"playsound pymtech:helmet_opening master @e[r=10] ~ ~ ~",
				"effect @s minecraft:nausea 6 1"
			],
			"icon": {
	            "type": "texture",
		        "texture": "heroesuniverse:textures/items/rd/3.png"
	        },
			"title": {
			    "text": "Inject"
			},
			"required_superpower": "heroesuniverse:radiation",
			"bar_color": "black"
		}
	},
	
	effects": [
		{
		    "type": "skin_overlay",
			            "texture": "heroesuniverse:textures/models/armor/raddamp/4.png",
			"size": 0.02,
			"conditions": [
			    {
				    "type": "always"
				}
			]
		}
	],
	
	"creative_tab": "heroesuniverse",
	
	"armor_parts": {
		
		"chest": {
			"openable": false,
			"glow": false,
			"armor_model_scale": 0.01,
			"name": {
				"text": "Hydrogen Radiation Dampener"
			},
			"textures": {
				"normal": "heroesuniverse:textures/models/armor/raddamp/3.png"
			},
			"item_texture": {
				"blockstate": "heroesuniverse:raddamp31"
			}
		}
	}
}
