{
	"name": {
		"text": "Hydrogen Radiation Dampener (Injections left: 0)"
	},
	
	"armor_material": {
		"durability": 5000,
		"damage_reduction_amounts": [5, 9, 3, 2],
		"enchantibility": 15,
		"toughness": 0.0,
		"sound": "item.armor.equip_generic"
	},
	
	"description": {
		"text": "Injections: 0"
	},
	
	effects": [
		{
		    "type": "skin_overlay",
			            "texture": "heroesuniverse:textures/models/armor/raddamp/4.png",
			"size": 0.02,
			"conditions": [
			    {
				    "type": "always"
				}
			]
		}
	],
	
	"creative_tab": "heroesuniverse",
	
	"armor_parts": {
		
		"chest": {
			"openable": false,
			"glow": false,
			"armor_model_scale": 0.01,
			"name": {
				"text": "Hydrogen Radiation Dampener"
			},
			"textures": {
				"normal": "heroesuniverse:textures/models/armor/raddamp/0.png"
			},
			"item_texture": {
				"blockstate": "heroesuniverse:raddamp01"
			}
		}
	}
}
