{
	"name": {
		"text": "Gamma Radiation Simulator Suit MK2"
	},
	
	"armor_material": {
		"durability": 5000,
		"damage_reduction_amounts": [5, 9, 3, 2],
		"enchantibility": 15,
		"toughness": 0.0,
		"sound": "item.armor.equip_generic"
	},
	
	"description": {
		"text": "Custom"
	},
	
	"creative_tab": "heroesuniverse",
	
	"abilities": [
		{
			"ability": "lucraftcore:size_change",
			"size": 2
		}
	],
	
	"effects": [
	    {
		    "type": "skin_overlay",
			            "texture": "heroesuniverse:textures/models/sim2/simglowchmk2.png",
			"size": 0.11,
			"conditions": [
			    {
				    "type": "ability_enabled",
					"ability": "lucraftcore:size_change"
				}
			]
		},
		{
		    "type": "skin_overlay",
			            "texture": "heroesuniverse:textures/models/sim2/simglowlgmk2.png",
			"size": 0.11,
			"conditions": [
			    {
				    "type": "ability_enabled",
					"ability": "lucraftcore:size_change"
				}
			]
		}
	],
	
	"armor_parts": {
		
		"chest": {
			"openable": false,
			"glow": false,
			"armor_model_scale": 0.1,
			"name": {
				"text": "Gamma Radiation Simulator Suit MK2 Chestplate"
			},
			"textures": {
				"normal": "heroesuniverse:textures/models/sim2/chestplate.png"
			},
			"item_texture": {
				"blockstate": "heroesuniverse:simsuit2_"
			}
		},
		
		"legs": {
			"openable": false,
			"glow": false,
			"armor_model_scale": 0.11,
			"name": {
				"text": "Gamma Radiation Simulator Suit MK2 Leggings"
			},
			"textures": {
				"normal": "heroesuniverse:textures/models/sim2/legs.png"
			},
			"item_texture": {
				"blockstate": "heroesuniverse:simsuit2_"
			}
		},
		
		"feet": {
			"openable": false,
			"glow": false,
			"armor_model_scale": 0.11,
			"name": {
				"text": "Gamma Radiation Simulator Suit MK2 Boots"
			},
			"textures": {
				"normal": "heroesuniverse:textures/models/sim2/boots.png"
			},
			"item_texture": {
				"blockstate": "heroesuniverse:simsuit2_"
			}
		}
	}
}
