{
	"name": {
		"text": "Gamma Radiation Simulator Suit MK3"
	},
	
	"armor_material": {
		"durability": 5000,
		"damage_reduction_amounts": [5, 9, 3, 2],
		"enchantibility": 15,
		"toughness": 0.0,
		"sound": "helmet_opening"
	},
	
	"description": {
		"text": "Custom"
	},
	
	"creative_tab": "heroesuniverse",
	
	"abilities": [
		{
			"ability": "lucraftcore:size_change",
			"size": 2.75
		}
	],
	
	"effects": [
	    {
		    "type": "skin_overlay",
			            "texture": "heroesuniverse:textures/models/sim3/simglowchmk3.png",
			"size": 0.11,
			"conditions": [
			    {
				    "type": "ability_enabled",
					"ability": "lucraftcore:size_change"
				}
			]
		},
		{
		    "type": "skin_overlay",
			            "texture": "heroesuniverse:textures/models/sim3/simglowlgmk3.png",
			"size": 0.11,
			"conditions": [
			    {
				    "type": "ability_enabled",
					"ability": "lucraftcore:size_change"
				}
			]
		},
		{
		    "type": "hud",
			            "texture": "heroesuniverse:textures/hud/simsuit3_hud.png",
			"conditions": [
				{
					"type": "open_armor",
					"slot": "chest"
				}
			]
		}
	],
	
	"armor_parts": {
		
		"chest": {
			"openable": true,
			"glow": false,
			"armor_model_scale": 0.1,
			"name": {
				"text": "Gamma Radiation Simulator Suit MK3 Chestplate"
			},
			"textures": {
				"normal": "heroesuniverse:textures/models/sim3/chestplate.png",
				"normal_open": "heroesuniverse:textures/models/sim3/chestplate_open.png"
			},
			"item_texture": {
				"blockstate": "heroesuniverse:simsuit3_"
			}
		},
		
		"legs": {
			"openable": false,
			"glow": false,
			"armor_model_scale": 0.11,
			"name": {
				"text": "Gamma Radiation Simulator Suit MK3 Leggings"
			},
			"textures": {
				"normal": "heroesuniverse:textures/models/sim3/legs.png"
			},
			"item_texture": {
				"blockstate": "heroesuniverse:simsuit3_"
			}
		},
		
		"feet": {
			"openable": false,
			"glow": false,
			"armor_model_scale": 0.11,
			"name": {
				"text": "Gamma Radiation Simulator Suit MK3 Boots"
			},
			"textures": {
				"normal": "heroesuniverse:textures/models/sim3/boots.png"
			},
			"item_texture": {
				"blockstate": "heroesuniverse:simsuit3_"
			}
		}
	}
}
