{
	"name": {
		"text": "Mobile Particle Relocator"
	},
	
	"armor_material": {
		"durability": 5000,
		"damage_reduction_amounts": [5, 9, 3, 2],
		"enchantibility": 15,
		"toughness": 0.0,
		"sound": "item.armor.equip_generic"
	},
	
	"description": {
		"text": "Custom"
	},
	
	"creative_tab": "heroesuniverse",
	
	"armor_parts": {
		
		"chest": {
			"openable": false,
			"glow": false,
			"armor_model_scale": 0.18,
			"name": {
				"text": "Mobile Particle Relocator"
			},
			"textures": {
				"normal": "heroesuniverse:textures/models/armor/tele/chestplate.png"
			},
			"item_texture": {
				"blockstate": "heroesuniverse:tele1"
			}
		}
	},
	
	"abilities": {
		"teleport": {
			"ability": "lucraftcore:teleport",
			"distance": 50.0,
			"cooldown": 500,
			"icon": {
	            "type": "texture",
		        "texture": "heroesuniverse:textures/items/t/chestplate.png"
	        },
			"title": {
			    "text": "Relocate"
			}
		}
	}
}
