{
	"name": {
		"text": "Enchanted Toilet Paper"
	},
	
	"armor_material": {
		"durability": 5000,
		"damage_reduction_amounts": [5, 9, 3, 2],
		"enchantibility": 15,
		"toughness": 0.0,
		"sound": "item.armor.equip_generic"
	},
	
	"description": {
		"text": "Utility"
	},
	
	"creative_tab": "heroesuniverse",
	
	"armor_parts": {
		
		"chest": {
			"openable": false,
			"glow": false,
			"armor_model_scale": 0.18,
			"name": {
				"text": "Enchanted Toilet Paper"
			},
			"textures": {
				"normal": "heroesuniverse:textures/models/armor/tpd/chestplate.png"
			},
			"item_texture": {
				"blockstate": "heroesuniverse:toiletpaper1"
			}
		}
	},
	
	"abilities": {
	    "fire_resistance": {
		    "ability": "lucraftcore:fire_resistance"
		}
	}
}
