{
	"name": {
		"text": "Average Clothing"
	},
	
	"armor_material": {
		"durability": 5000,
		"damage_reduction_amounts": [5, 9, 3, 2],
		"enchantibility": 15,
		"toughness": 0.0,
		"sound": "item.armor.equip_generic"
	},
	
	"description": {
		"text": "BNHA"
	},
	
	"creative_tab": "heroesuniverse",
	
	"armor_parts": {
		
		"chest": {
			"openable": false,
			"glow": false,
			"armor_model_scale": 0.1,
			"name": {
				"text": "White T-Shirt"
			},
			"textures": {
				"normal": "heroesuniverse:textures/models/armor/toshinoriyagi/chestplate.png"
			},
			"item_texture": {
				"blockstate": "heroesuniverse:ty1"
			}
		},
		
		"legs": {
			"openable": false,
			"glow": false,
			"armor_model_scale": 0.11,
			"name": {
				"text": "Dark Green Pants"
			},
			"textures": {
				"normal": "heroesuniverse:textures/models/armor/toshinoriyagi/legs.png"
			},
			"item_texture": {
				"blockstate": "heroesuniverse:ty1"
			}
		},
		
		"feet": {
			"openable": false,
			"glow": false,
			"armor_model_scale": 0.11,
			"name": {
				"text": "Brown Boots"
			},
			"textures": {
				"normal": "heroesuniverse:textures/models/armor/toshinoriyagi/boots.png"
			},
			"item_texture": {
				"blockstate": "heroesuniverse:ty1"
			}
		}
	}
}
