{
	"name": {
		"text": "Vision"
	},
	
	"armor_material": {
		"durability": 5000,
		"damage_reduction_amounts": [5, 9, 3, 2],
		"enchantibility": 15,
		"toughness": 0.0,
		"sound": "item.armor.equip_generic"
	},
	
	"description": {
		"text": "MCU"
	},
	
	"creative_tab": "heroesuniverse",
	
	"abilities": [
		{
			"ability": "heroesexpansion:heat_vision",
			"color": [ 1, 1, 0 ]
		},
		{
		    "ability": "lucraftcore:flight",
			"speed": 1
		},
		{
		    "ability": "speedsterheroes:phasing"
		}
	],
	
	"effects": [
	    {
		    "type": "skin_change",
			"texture": "heroesuniverse:textures/models/blank.png",
			"conditions": [
			    {
				    "type": "always"
				}
			]
		},
		{
		    "type": "skin_overlay",
			            "texture": "heroesuniverse:textures/models/vision.png",
			"size": 0.2,
			"conditions": [
			    {
				    "type": "always"
				}
			]
		}
	],
	
	"armor_parts": {
		
		"head": {
			"openable": false,
			"glow": false,
			"armor_model_scale": 0.1,
			"name": {
				"text": "Mind Stone"
			},
			"textures": {
				"normal": "heroesuniverse:textures/models/armor/vision/helmet.png"
			},
			"item_texture": {
				"blockstate": "heroesuniverse:vision1"
			}
		},
		
		"chest": {
			"openable": false,
			"glow": false,
			"armor_model_scale": 0.1,
			"name": {
				"text": "Vibranium Android Body"
			},
			"textures": {
				"normal": "heroesuniverse:textures/models/armor/vision/chestplate.png"
			},
			"item_texture": {
				"blockstate": "heroesuniverse:vision1"
			}
		}
	}
}
