{
	"name": {
		"text": "Winged Jetpack"
	},
	
	"armor_material": {
		"durability": 5000,
		"damage_reduction_amounts": [5, 9, 3, 2],
		"enchantibility": 15,
		"toughness": 0.0,
		"sound": "item.armor.equip_generic"
	},
	
	"description": {
		"text": "Umbrella Division Technology"
	},
	
	"creative_tab": "heroesuniverse",
	
	"armor_parts": {
		
		"chest": {
			"openable": false,
			"glow": false,
			"armor_model_scale": 0.18,
			"name": {
				"text": "Winged Jetpack"
			},
			"textures": {
				"normal": "heroesuniverse:textures/models/armor/wingjetpack/chestplate.png"
			},
			"item_texture": {
				"blockstate": "heroesuniverse:wj1"
			}
		}
	},
	
	"abilities": {
	    "flight": {
		    "ability": "lucraftcore:flight",
			"rotate_arms": false,
			"speed": 1
		},
	    "toggle_power": {
		    "ability": "lucraftcore:toggle_power",
			"cooldown": 16
		},
		"sprint": {
			"ability": "lucraftcore:sprint",
			"amount": 4.0,
			"operation": 0,
            "uuid": "2ea7898a-bf51-4c60-aa1e-f15b4f442319",
			"conditions": [
			    {
				    "type": "lucraftcore:ability",
					"ability": "toggle_power"
				}
			]
		}
	},
	
	"effects": [
		{
		    "type": "skin_overlay",
			            "texture": "heroesuniverse:textures/models/armor/wingjetpack/chestplate_overlay.png",
			"size": 3,
			"conditions": [
			    {
				    "type": "ability_enabled",
					"ability": "lucraftcore:flight"
				}
			]
	    }
	]
}
