{
	"name": {
		"text": "Bindings"
	},

	"creative_tab": "ben10",

	"armor_material": {
		"durability": 0,
        "damage_reduction_amounts": [0, 0, 1, 0],
        "enchantibility": 0,
        "toughness": 0.0,
        "sound": "item.armor.equip_generic"
	},	
	
	"abilities": {				
		"bind_debuffs": {
			"ability": "lucraftcore:command_loop",
            "show_in_bar": false,				
			"title": {"text":"Debuffs"},
		"commands": ["effect @s ebwizardry:paralysis 1"],
			"icon": { "type": "internal" }
		}
	},

	"armor_parts": {
		"chest": {
			"openable": false,
			"glow": false,
			"armor_model_scale": 0.1,
			"name": {
				"text": "Bindings"
			},
			"textures": {
				"normal": "ben_ten:textures/overlays/clothes/bindings.png"
			},
			"item_texture": {
				"blockstate": "ben_ten:bindings"
			}
		}
	}
}
