{
	"name": {
		"text": "Forever Knight Armour"
	},

	"creative_tab": "ben10",

	"armor_material": {
		"durability": 0,
        "damage_reduction_amounts": [3, 6, 7, 3],
        "enchantibility": 8,
        "toughness": 2.0,
        "sound": "item.armor.equip_generic"
	},	
	"abilities": {
		"radiation_protection": {
            "ability": "the-fifth-world:potion_immunity",
            "show_in_bar": false,
            "title": {"text":"Radiation Protection"},
            "icon": { "type": "internal" },
            "potion": "lucraftcore:radiation",
			"conditions": [{"type": "lucraftcore:not", 
			            "conditions": [{
						"type": "lucraftcore:open_armor",
				"slot": "head"}]}]
        }
	},

	"armor_parts": {
	
		"head": {
			"openable": true,
			"glow": false,
			"name": {
				"text": "Forever Knight helmet"
			},
			"textures": {
				"normal": "ben_ten:textures/overlays/armour/knight_armour/helmet.png",
				"normal_open": "ben_ten:textures/overlays/armour/knight_armour/helmet_open.png"
			},
			"item_texture": {
				"blockstate": "ben_ten:knight_armour"
			}
		},
		
		"chest": {
			"openable": false,
			"glow": false,
			"name": {
				"text": "Forever Knight chestplate"
			},
			"textures": {
				"normal": "ben_ten:textures/overlays/armour/knight_armour/chestplate.png"
			},
			"item_texture": {
				"blockstate": "ben_ten:knight_armour"
			}
		},
		
		"legs": {
			"openable": false,
			"glow": false,
			"name": {
				"text": "Forever Knight legs"
			},
			"textures": {
				"normal": "ben_ten:textures/overlays/armour/knight_armour/legs.png"
			},
			"item_texture": {
				"blockstate": "ben_ten:knight_armour"
			}
		},
		
		"feet": {
			"openable": false,
			"glow": false,
			"name": {
				"text": "Forever Knight boots"
			},
			"textures": {
				"normal": "ben_ten:textures/overlays/armour/knight_armour/boots.png"
			},
			"item_texture": {
				"blockstate": "ben_ten:knight_armour"
			}
		}
	}
}