{
	"name": {
		"text": "The Omnitrix"
	},

	"creative_tab": "ben10",

	"armor_material": {
		"durability": 100,
        "damage_reduction_amounts": [0, 0, 1, 0],
        "enchantibility": 15,
        "toughness": 0.0,
        "sound": "item.armor.equip_generic"
	},

	"abilities": {		
		"activate_omnitrix": {	
	        "ability": "lucraftcore:command",		
			"cooldown": 0,
            "show_in_bar": true,	
            "title": {"text":"Activate Omnitrix"},
			"icon": { "type": "texture", "texture": "ben_ten:textures/gui/omnitrix/omnitrix.png" },
            "bar_color": "green",				
			"commands": ["scoreboard objectives add Random dummy", 
			"scoreboard players add @s Random 1",
			"scoreboard objectives add Breath dummy", 
			"scoreboard players add @s Breath 1",
			"scoreboard objectives add Timer dummy", 
			"scoreboard players set @s Timer 6000",
			"scoreboard objectives add Limit dummy",
			"scoreboard players set @s Limit 600",
			"scoreboard objectives add Facing dummy",
			"scoreboard players set @s Facing 0",
			"scoreboard objectives add Charge dummy",
			"scoreboard players set @s Charge 1",
			"scoreboard objectives setdisplay list Timer",
			"scoreboard objectives add Blocks dummy",
			"scoreboard players add @s Blocks 0",
			"scoreboard objectives add Sneak stat.sneakTime",
			"scoreboard objectives add Code1 dummy", 
			"scoreboard players set @s Code1 0",
			"scoreboard objectives add Code2 dummy", 
			"scoreboard players set @s Code2 0",
			"scoreboard objectives add Code3 dummy", 
			"scoreboard players set @s Code3 0",
			"scoreboard objectives add Code4 dummy", 
			"scoreboard players set @s Code4 0",
			"scoreboard objectives add Scan dummy", 
			"scoreboard players set @s Scan 0",
			"scoreboard objectives add Hack dummy", 
			"scoreboard players set @s Hack 0", 
			"scoreboard objectives add Health health",
			"scoreboard objectives add Title dummy", 
			"scoreboard players add @s Title 1",
			"scoreboard players tag @s[tag=!os] add os",
			"/superpower @s ben_ten:prototypeomnitrix",
			"playsound minecraft:custom.omnitrixactivate master @a ~ ~ ~", 
			"/gamerule commandBlockOutput false", 
			"/clear @s ben_ten:omnitrix_chest"]
		}
	},
		
	"armor_parts": {
		"chest": {
			"openable": false,
			"glow": false,
			"armor_model_scale": 0.1,
			"name": {
				"text": "Inactive Omnitrix"
			},
			"textures": {
				"normal": "ben_ten:textures/overlays/omnitrix/deactivated_omnitrix_overlay.png"
			},
			"item_texture": {
				"blockstate": "ben_ten:omnitrix"
			}
		}
	}
}