{
	"name": {
		"text": "Open_Suit"
	},

	"creative_tab": "ben10",

	"armor_material": {
		"durability": 0,
        "damage_reduction_amounts": [0, 0, 1, 0],
        "enchantibility": 0,
        "toughness": 0.0,
        "sound": "item.armor.equip_generic"
	},	
	
	"abilities": {				
		"size_change": {
			"ability": "lucraftcore:command_loop",
            "show_in_bar": false,				
			"title": {"text":"Size Change"},
			"commands": ["sizechange @s 1.5 "],
			"icon": { "type": "internal" }
		}
	},

	"armor_parts": {
		"chest": {
			"openable": false,
			"glow": false,
			"armor_model_scale": 0.1,
			"name": {
				"text": "Open Suit"
			},
			"textures": {
				"normal": "ben_ten:textures/overlays/clothes/open_suit.png"
			},
			"item_texture": {
				"blockstate": "ben_ten:open_suit"
			}
		}
	}
}
