{
	"name": {
		"text": "Plumber Badge"
	},

	"creative_tab": "ben10",

	"armor_material": {
		"durability": 0,
        "damage_reduction_amounts": [0, 0, 0, 0],
        "enchantibility": 0,
        "toughness": 0.0,
        "sound": "item.armor.equip_generic"
	},	
	
	"abilities": {				
		"start": {
			"ability": "lucraftcore:command",
			"show_in_bar": false,
			"title": {"text": "Start"},
			"icon": {"type": "texture", "texture": "ben_ten:textures/gui/omnitrix/omnitrix.png"},
			"bar_color": "light_gray",
		    "commands": ["/scoreboard players tag @s add Omnitrix","scoreboard players set @s Omnitrix 1","scoreboard objectives add Omnitrix dummy"]
	 	},
		"pod": {
			"ability": "lucraftcore:command_loop",
			"show_in_bar": false,
			"title": {"text": "pod"},
			"icon": { "type": "internal" },
			"bar_color": "green",
	        "commands": ["execute @p[score_Omnitrix=10,score_Omnitrix_min=10] ~8 ~50 ~ /summon armor_stand ~ ~ ~ {CustomName:\"Pod\",Invisible:1b,Invulnerable:1b,NoBasePlate:1b}",
			              "execute @p[score_Omnitrix=10,score_Omnitrix_min=10] ~ ~ ~ replaceitem entity @e[name=Pod] slot.armor.chest ben_ten:bindings_chest",
						  "execute @p[score_Omnitrix=10,score_Omnitrix_min=10] ~ ~ ~ /scoreboard players tag @s add OmnitrixFall",
						  "execute @p[score_Omnitrix=10,score_Omnitrix_min=10] ~ ~ ~ /scoreboard players tag @s add OmnitrixFall2",
						  "execute @p[score_Omnitrix=49,score_Omnitrix_min=49] ~ ~ ~ /scoreboard players tag @s add OmnitrixFall3",
						  "execute @p[score_Omnitrix=20,score_Omnitrix_min=20] ~ ~ ~ /scoreboard players tag @s remove OmnitrixFall2",
						  "execute @p[score_Omnitrix=50,score_Omnitrix_min=50] ~ ~ ~ /scoreboard players tag @s remove OmnitrixFall3",
						  "execute @p[score_Omnitrix=50,score_Omnitrix_min=50] ~ ~ ~ /scoreboard players tag @s remove Omnitrix",
						  "execute @p[score_Omnitrix=50,score_Omnitrix_min=50] ~ ~ ~ /scoreboard players tag @s remove OmnitrixFall"]
        },
        "pod2": {
			"ability": "lucraftcore:command_loop",
			"conditions": [{
						"type": "lucraftcore:scoreboard_tag", 
						"tag": "OmnitrixFall"}],
			"show_in_bar": false,
			"title": {"text": "pod2"},
			"icon": { "type": "internal" },
			"bar_color": "green",
	        "commands": ["execute @e[name=Pod] ~ ~ ~ particle explode ~ ~-2 ~ 0.3 0.3 0.3 0.01 100 force",
			             "execute @e[name=Pod] ~ ~ ~ particle happyVillager ~ ~1 ~ 0.5 0.5 0.5 0 100 force",
						 "execute @e[name=Pod] ~ ~ ~ particle flame ~ ~1 ~ 0.4 0.4 0.4 0.1 100 force"]
        },
        "pod3": {
			"ability": "lucraftcore:command_loop",
			"conditions": [{
						"type": "lucraftcore:scoreboard_tag", 
						"tag": "OmnitrixFall2"}],
			"show_in_bar": false,
			"title": {"text": "pod3"},
			"icon": { "type": "internal" },
			"bar_color": "green",
	        "commands": ["execute @e[name=Pod] ~ ~ ~ summon Creeper ~ ~-0.5 ~ {Fuse:0}"]
        },
        "pod4": {
			"ability": "lucraftcore:command_loop",
			"conditions": [{
						"type": "lucraftcore:scoreboard_tag", 
						"tag": "OmnitrixFall3"}],
			"show_in_bar": false,
			"title": {"text": "pod4"},
			"icon": { "type": "internal" },
			"bar_color": "green",
	        "commands": ["execute @e[name=Pod] ~ ~-2 ~ summon Creeper ~ ~-2 ~ {Fuse:0}"]
        },
        "pod5": {
			"ability": "lucraftcore:command_loop",
			"show_in_bar": false,
			"title": {"text": "pod5"},
			"icon": { "type": "internal" },
			"bar_color": "green",
	        "commands": ["execute @e[name=Pod,r=3] ~ ~ ~ /replaceitem entity @e[name=Pod] slot.armor.chest minecraft:diamond_chestplate",
			             "execute @e[name=Pod] ~ ~ ~ particle happyVillager ~ ~1 ~ 1 1 1 0 1 force",
			             "execute @e[name=Pod,r=1] ~ ~ ~ /replaceitem entity @p slot.armor.chest ben_ten:omnitrix_chest 1 0 {ench:[{id:10,lvl:1},{id:71,lvl:1}]}",
						 "execute @e[name=Pod,r=1] ~ ~ ~ /kill @e[name=Pod,r=1]",
						 "execute @e[name=Pod] ~ ~ ~ detect ~ ~-1 ~ air /summon Creeper ~ ~1 ~ {powered:6,Fuse:0}"]
        },						
		"count": {
			"ability": "lucraftcore:command_loop",
			"show_in_bar": false,
			"title": {"text": "Count"},
			"icon": { "type": "internal" },
			"bar_color": "green",
	        "commands": ["execute @s[tag=Omnitrix] ~ ~ ~ /scoreboard players add @s Omnitrix 1"]         
        }
	},

	"armor_parts": {
		"chest": {
			"openable": false,
			"glow": false,
			"armor_model_scale": 0.1,
			"name": {
				"text": "Plumber Badge"
			},
			"textures": {
				"normal": "ben_ten:textures/overlays/items/plumber_badge.png"
			},
			"item_texture": {
				"blockstate": "ben_ten:plumber_badge"
			}
		}
	}
}
