{
	"name": {
		"text": "Plumber Armour"
	},

	"creative_tab": "ben10",

	"armor_material": {
		"durability": 0,
        "damage_reduction_amounts": [2, 4, 6, 2],
        "enchantibility": 8,
        "toughness": 2.0,
        "sound": "item.armor.equip_generic"
	},	
	"abilities": {
		"radiation_protection": {
            "ability": "the-fifth-world:potion_immunity",
            "show_in_bar": false,
            "title": {"text":"Radiation Protection"},
            "icon": { "type": "internal" },
            "potion": "lucraftcore:radiation",
			"conditions": [{"type": "lucraftcore:not", 
			            "conditions": [{
						"type": "lucraftcore:open_armor",
				"slot": "head"}]}]
        },
		"water_breathing": {
            "ability": "lucraftcore:water_breathing",
            "show_in_bar": false,
            "title": {"translate":"lucraftcore.abilities.water_breathing.name"},
            "icon": { "type": "internal" },
            "bar_color": "light_gray",
			"conditions": [{"type": "lucraftcore:not", 
			            "conditions": [{
						"type": "lucraftcore:open_armor",
				"slot": "head"}]}]
        },
        "tough_lungs": {
            "ability": "lucraftcore:tough_lungs",
            "show_in_bar": false,
            "title": {"translate":"lucraftcore.abilities.tough_lungs.name"},
            "icon": { "type": "internal" },
            "bar_color": "green",
			"conditions": [{"type": "lucraftcore:not", 
			            "conditions": [{
						"type": "lucraftcore:open_armor",
				"slot": "head"}]}]
        },		
        "flight": {			
			"ability": "lucraftcore:flight",
			"icon": { "type": "internal" },
            "cooldown": 1000,			
            "show_in_bar": true,
            "title": {"text":"Flight"},	
            "bar_color": "gray",				
			"speed": 0.6,
            "sprint_speed": 1,
			"rotate_arms": true
		},
		"air_flight":{
           "ability": "lucraftcore:command_loop",
		   "parent_ability": "flight",
            "show_in_bar": false,
			"bar_color": "green",
            "title": {"text":"Flight Power"},
            "icon": { "type": "internal" },
		   "conditions": [{"type": "lucraftcore:not", 
			        "conditions": [{
						"type": "lucraftcore:scoreboard_tag", 
						"tag": "Water"}]}],	
            "commands": ["execute @s[ry=22,rym=-22] ~ ~ ~ /particle flame ~0.2 ~0.1 ~ 0.01 0.01 0.01 0.001 10 force",
                         "execute @s[ry=22,rym=-22] ~ ~ ~ /particle flame ~-0.2 ~0.1 ~ 0.01 0.01 0.01 0.001 10 force",
                         "execute @s[ry=67,rym=23] ~ ~ ~ /particle flame ~0.2 ~0.1 ~0.2 0.01 0.01 0.01 0.001 10 force",
                         "execute @s[ry=67,rym=23] ~ ~ ~ /particle flame ~-0.2 ~0.1 ~-0.2 0.01 0.01 0.01 0.001 10 force",
                         "execute @s[ry=112,rym=68] ~ ~ ~ /particle flame ~ ~0.1 ~0.2 0.01 0.01 0.01 0.001 10 force",
                         "execute @s[ry=112,rym=68] ~ ~ ~ /particle flame ~ ~0.1 ~-0.2 0.01 0.01 0.01 0.001 10 force",
                         "execute @s[ry=157,rym=113] ~ ~ ~ /particle flame ~-0.2 ~0.1 ~0.2 0.01 0.01 0.01 0.001 10 force",
                         "execute @s[ry=157,rym=113] ~ ~ ~ /particle flame ~0.2 ~0.1 ~-0.2 0.01 0.01 0.01 0.001 10 force",
                         "execute @s[ry=-158,rym=158] ~ ~ ~ /particle flame ~0.2 ~0.1 ~ 0.01 0.01 0.01 0.001 10 force",
                         "execute @s[ry=-158,rym=158] ~ ~ ~ /particle flame ~-0.2 ~0.1 ~ 0.01 0.01 0.01 0.001 10 force",
                         "execute @s[ry=-113,rym=-157] ~ ~ ~ /particle flame ~0.2 ~0.1 ~0.2 0.01 0.01 0.01 0.001 10 force",
                         "execute @s[ry=-113,rym=-157] ~ ~ ~ /particle flame ~-0.2 ~0.1 ~-0.2 0.01 0.01 0.01 0.001 10 force",
                         "execute @s[ry=-68,rym=-112] ~ ~ ~ /particle flame ~ ~0.1 ~0.2 0.01 0.01 0.01 0.001 10 force",
                         "execute @s[ry=-68,rym=-112] ~ ~ ~ /particle flame ~ ~0.1 ~-0.2 0.01 0.01 0.01 0.001 10 force",
                         "execute @s[ry=-23,rym=-67] ~ ~ ~ /particle flame ~0.2 ~0.1 ~-0.2 0.01 0.01 0.01 0.001 10 force",
                         "execute @s[ry=-23,rym=-67] ~ ~ ~ /particle flame ~-0.2 ~0.1 ~0.2 0.01 0.01 0.01 0.001 10 force"],
			"hidden": true	             
		},
		"water_detect": {
			"ability": "lucraftcore:command_loop",
			"parent_ability": "flight",
            "show_in_bar": false,				
			"title": {"text":"Water Detection"},
			"commands": [ 
			"execute @s[tag=!Water] ~ ~ ~ detect ~ ~1 ~ water 0 scoreboard players tag @s add Water", 
			"execute @s[tag=Water] ~ ~ ~ detect ~ ~1 ~ air 0 scoreboard players tag @s remove Water"],
			"icon": { "type": "internal" }
		},
		"water_flight":{
            "ability": "lucraftcore:command_loop",
			"conditions": [
			    {"type": "lucraftcore:scoreboard_tag", 
			    "tag": "Water"}
						],		
			"parent_ability": "flight",
            "show_in_bar": false,
			"bar_color": "green",
            "title": {"text":"FlightPower"},
            "icon": { "type": "internal" },
            "commands": ["execute @s[ry=22,rym=-22] ~ ~ ~ /particle bubble ~0.2 ~0.1 ~ 0.01 0.01 0.01 0.001 100 force",
                         "execute @s[ry=22,rym=-22] ~ ~ ~ /particle bubble ~-0.2 ~0.1 ~ 0.01 0.01 0.01 0.001 100 force",
                         "execute @s[ry=67,rym=23] ~ ~ ~ /particle bubble ~0.2 ~0.1 ~0.2 0.01 0.01 0.01 0.001 100 force",
                         "execute @s[ry=67,rym=23] ~ ~ ~ /particle bubble ~-0.2 ~0.1 ~-0.2 0.01 0.01 0.01 0.001 100 force",
                         "execute @s[ry=112,rym=68] ~ ~ ~ /particle bubble ~ ~0.1 ~0.2 0.01 0.01 0.01 0.001 100 force",
                         "execute @s[ry=112,rym=68] ~ ~ ~ /particle bubble ~ ~0.1 ~-0.2 0.01 0.01 0.01 0.001 100 force",
                         "execute @s[ry=157,rym=113] ~ ~ ~ /particle bubble ~-0.2 ~0.1 ~0.2 0.01 0.01 0.01 0.001 100 force",
                         "execute @s[ry=157,rym=113] ~ ~ ~ /particle bubble ~0.2 ~0.1 ~-0.2 0.01 0.01 0.01 0.001 100 force",
                         "execute @s[ry=-158,rym=158] ~ ~ ~ /particle bubble ~0.2 ~0.1 ~ 0.01 0.01 0.01 0.001 100 force",
                         "execute @s[ry=-158,rym=158] ~ ~ ~ /particle bubble ~-0.2 ~0.1 ~ 0.01 0.01 0.01 0.001 100 force",
                         "execute @s[ry=-113,rym=-157] ~ ~ ~ /particle bubble ~0.2 ~0.1 ~0.2 0.01 0.01 0.01 0.001 100 force",
                         "execute @s[ry=-113,rym=-157] ~ ~ ~ /particle bubble ~-0.2 ~0.1 ~-0.2 0.01 0.01 0.01 0.001 100 force",
                         "execute @s[ry=-68,rym=-112] ~ ~ ~ /particle bubble ~ ~0.1 ~0.2 0.01 0.01 0.01 0.001 100 force",
                         "execute @s[ry=-68,rym=-112] ~ ~ ~ /particle bubble ~ ~0.1 ~-0.2 0.01 0.01 0.01 0.001 100 force",
                         "execute @s[ry=-23,rym=-67] ~ ~ ~ /particle bubble ~0.2 ~0.1 ~-0.2 0.01 0.01 0.01 0.001 100 force",
                         "execute @s[ry=-23,rym=-67] ~ ~ ~ /particle bubble ~-0.2 ~0.1 ~0.2 0.01 0.01 0.01 0.001 100 force"],
			"hidden": true	             
		}
	},

	"armor_parts": {
	
		"head": {
			"openable": true,
			"glow": false,
			"name": {
				"text": "Plumber helmet v2"
			},
			"textures": {
				"normal": "ben_ten:textures/overlays/armour/plumber_armour/helmet.png",
				"normal_open": "ben_ten:textures/overlays/armour/plumber_armour/helmet_open.png"
			},
			"item_texture": {
				"blockstate": "ben_ten:plumber_armour"
			}
		},
		
		"chest": {
			"openable": false,
			"glow": false,
			"name": {
				"text": "Plumber chestplate v2"
			},
			"textures": {
				"normal": "ben_ten:textures/overlays/armour/plumber_armour/chestplate.png"
			},
			"item_texture": {
				"blockstate": "ben_ten:plumber_armour"
			}
		},
		
		"legs": {
			"openable": false,
			"glow": false,
			"name": {
				"text": "Plumber legs v2"
			},
			"textures": {
				"normal": "ben_ten:textures/overlays/armour/plumber_armour/legs.png"
			},
			"item_texture": {
				"blockstate": "ben_ten:plumber_armour"
			}
		},
		
		"feet": {
			"openable": false,
			"glow": false,
			"name": {
				"text": "Plumber boots v2"
			},
			"textures": {
				"normal": "ben_ten:textures/overlays/armour/plumber_armour/boots.png"
			},
			"item_texture": {
				"blockstate": "ben_ten:plumber_armour"
			}
		}
	}
}