{
	"name": {
		"text": "The Ultimatrix"
	},

	"creative_tab": "ben10",

	"armor_material": {
		"durability": 100,
        "damage_reduction_amounts": [0, 0, 1, 0],
        "enchantibility": 15,
        "toughness": 0.0,
        "sound": "item.armor.equip_generic"
	},

	"abilities": {		
		"activate_omnitrix": {	
	        "ability": "lucraftcore:command",		
			"cooldown": 0,
            "show_in_bar": true,	
            "title": {"text":"Activate Ultimatrix"},
			"icon": { "type": "texture", "texture": "ben_ten:textures/gui/omnitrix/recal_omnitrix.png" },
            "bar_color": "green",				
			"commands": ["scoreboard objectives add Timer dummy", 
			"scoreboard players set @s Timer 6000",
            "scoreboard objectives add Random dummy", 
			"scoreboard players add @s Random 1",			
			"scoreboard objectives setdisplay list Timer",
			"scoreboard objectives add Dimension dummy", 
			"scoreboard players set @s Dimension 0",
			"scoreboard objectives add Blocks dummy",
			"scoreboard players add @s Blocks 0",
			"scoreboard objectives add Sneak stat.sneakTime",
			"scoreboard objectives add Code1 dummy", 
			"scoreboard players set @s Code1 0",
			"scoreboard objectives add Code2 dummy", 
			"scoreboard players set @s Code2 0",
			"scoreboard objectives add Code3 dummy", 
			"scoreboard players set @s Code3 0",
			"scoreboard objectives add Code4 dummy", 
			"scoreboard players set @s Code4 0",
			"scoreboard objectives add Facing dummy",
			"scoreboard players set @s Facing 0",
			"scoreboard objectives add Limit dummy",
			"scoreboard players set @s Limit 600",
			"scoreboard objectives add Health health", 
			"scoreboard objectives add Title dummy", 
			"scoreboard players add @s Title 1",
			"scoreboard players tag @s[tag=!ua] add ua",
			"playsound minecraft:custom.recalibratedactivate master @a ~ ~ ~", 
			"gamerule commandBlockOutput false",
			"superpower @s ben_ten:ultimatrix",  
			"clear @s ben_ten:ultimatrix_chest"]
		}
	},
		
	"armor_parts": {
		"chest": {
			"openable": false,
			"glow": false,
			"armor_model_scale": 0.1,
			"name": {
				"text": "Inactive Ultimatrix"
			},
			"textures": {
				"normal": "ben_ten:textures/overlays/ultimatrix/deactivated_ultimatrix.png"
			},
			"item_texture": {
				"blockstate": "ben_ten:ultimatrix"
			}
		}
	}
}