{
	"parent": "heroesexpansion:black_panther",

	"name": {
		"text": "Black Panther (MCU)"
	},

	"armor_material": {
		"durability": 50,
		"damage_reduction_amounts": [6, 7, 8, 6],
		"enchantibility": 15,
		"toughness": 2,
		"sound": "item.armor.equip_generic"
	},
"creative_tab": "marvel",

"data": {
		"transition_color_1": {
			"red": 100,
			"green": 10,
			"blue": 255
		},
		"transition_color_2": {
			"red": 100,
			"green": 10,
			"blue": 255
		},
		"necklace_texture": "dfheroes:textures/suits/black_panther_mcu2/necklace.png"
	},

	"description": {
		"text": "Infinity War"
	},
	"abilities": [
		{
			"ability": "lucraftcore:toggle_power",
			"title": {"text":"Helmet"},
			"icon": {
						"type": "texture",
						"texture": "dfheroes:textures/items/black_panther_mcu2/helmet.png"
					},
			"conditions": [
				{
					"type": "lucraftcore:open_armor",
					"slot": "chest"
				}
			]
		},
		{
			"ability": "lucraftcore:resistance",
			"amount": 10,
			"operation": 0,
			"uuid": "b2930a55-fa9d-4124-bb58-2ba3169d1495",
			"conditions": [
				{
					"type": "lucraftcore:open_armor",
					"slot": "chest"
				}
			]
		},
		{
			"ability": "lucraftcore:resistance",
			"amount": 4,
			"operation": 0,
			"uuid": "b2930a55-fa9d-4124-bb58-2ba3169d1495",
			"conditions": [
				{
					"type": "ability_enabled",
					"ability": "toggle_power"
				}
			]
		},
		{
			"ability": "lucraftcore:fall_resistance",
			"amount": 8,
			"operation": 0,
			"uuid": "b2930a55-fa9d-4124-bb58-2ba3169d1495",
			"conditions": [
				{
					"type": "lucraftcore:open_armor",
					"slot": "chest"
				}
			]
		},
		{
			"ability": "lucraftcore:fire_resistance",
			"conditions": [
				{
					"type": "lucraftcore:open_armor",
					"slot": "chest"
				}
			]
		},
		{
			"ability": "lucraftcore:strength",
			"amount": 4,
			"operation": 0,
			"uuid": "b2930a55-fa9d-4124-bb58-2ba3169d1495",
			"conditions": [
				{
					"type": "lucraftcore:open_armor",
					"slot": "chest"
				}
			]
		},
		{
			"ability": "lucraftcore:knockback_resistance",
			"amount": 8,
			"operation": 0,
			"uuid": "b2930a55-fa9d-4124-bb58-2ba3169d1495",
			"conditions": [
				{
					"type": "lucraftcore:open_armor",
					"slot": "chest"
				}
			]
		},
		{
			"ability": "lucraftcore:jump_boost",
			"amount": 2.5,
			"operation": 0,
			"uuid": "b2930a55-fa9d-4124-bb58-2ba3169d1495",
			"conditions": [
				{
					"type": "lucraftcore:open_armor",
					"slot": "chest"
				}
			]
		},
		{
			"ability": "lucraftcore:punch",
			"amount": 4,
			"operation": 0,
			"uuid": "b2930a55-fa9d-4124-bb58-2ba3169d1495",
			"conditions": [
				{
					"type": "lucraftcore:open_armor",
					"slot": "chest"
				}
			]	
		},
		{
			"ability": "heroesexpansion:kinetic_energy_absorption",
			"max_energy": 150,
			"color": [150,0,255],
			"conditions": [
				{
					"type": "lucraftcore:open_armor",
					"slot": "chest"
				},
				{
					"type": "ability_enabled",
					"ability": "toggle_power"
				}
			]
		}
	],

	"armor_parts": {

		"chest": {
			"openable": true,
			"glow": true,
			"name": {
				"text": "Black Panther's Necklace"
			},
			"textures": {
				"normal": "dfheroes:textures/suits/black_panther_mcu2/suit.png",
				"normal_smallarms": "dfheroes:textures/suits/black_panther_mcu2/suit.png",
				"glow": "dfheroes:textures/suits/black_panther_mcu2/glow.png",
				"glow_smallarms": "dfheroes:textures/suits/black_panther_mcu2/glow.png"
			},
			"item_texture": {
				"blockstate": "dfheroes:black_panther_mcu2_state"
			}
		}
	},
	
	"effects": [
	    {
		"type": "skin_overlay",
        "texture": "dfheroes:textures/suits/black_panther_mcu2/helmet.png",
		"glow": false,
        "size": 0.5,
		"conditions": [
				{
					"type": "ability_enabled",
					"ability": "lucraftcore:toggle_power"
				}
			]
	    }
	]
}