{
	"name": {
		"text": "Vulture (MCU)"
	},
	
	"armor_material": {
		"durability": 50,
		"damage_reduction_amounts": [4, 5, 6, 4],
		"enchantibility": 20,
		"toughness": 1.0,
		"sound": "item.armor.equip_generic"
	},
"creative_tab": "marvel",
 "description": {
        "text": "MCU"
    },
	
	"abilities": [
		{
			"ability": "lucraftcore:resistance",
			"amount": 4,
			"operation": 0,
			"uuid": "b2930a55-fa9d-4124-bb58-2ba3169d1495"
		},
		{
			"ability": "lucraftcore:fall_resistance",
			"amount": 2,
			"operation": 0,
			"uuid": "b2930a55-fa9d-4124-bb58-2ba3169d1495"
		},
		{
			"ability": "lucraftcore:strength",
			"amount": 2,
			"operation": 0,
			"uuid": "b2930a55-fa9d-4124-bb58-2ba3169d1495"
		},
		{
			"ability": "lucraftcore:punch",
			"amount": 2,
			"operation": 0,
			"uuid": "b2930a55-fa9d-4124-bb58-2ba3169d1495"
		},
		{
			"ability": "lucraftcore:flight",
			"speed": 0.5,
			"sprint_speed": 3,
			"rotate_arms": false
	    }
	],
	
	"armor_parts": {
	
		"head": {
			"openable": true,
			"glow": true,
			"name": {
				"text": "Vulture's Cowl"
			},
			"textures": {
				"normal": "dfheroes:textures/suits/vulture_mcu/helmet.png",
				"normal_open": "dfheroes:textures/suits/vulture_mcu/helmet_open.png",
				"glow": "dfheroes:textures/suits/vulture_mcu/helmet_glow.png",
				"glow_open": "dfheroes:textures/suits/vulture_mcu/helmet_open.png"
			},
			"item_texture": {
				"blockstate": "dfheroes:vulture_mcu_state"
			}
		},
		
		"chest": {
			"openable": false,
			"glow": false,
			"name": {
				"text": "Vulture's Chestpiece"
			},
			"textures": {
				"normal": "dfheroes:textures/suits/vulture_mcu/chestplate.png",
				"normal_smallarms": "dfheroes:textures/suits/vulture_mcu/chestplate.png"
			},
			"item_texture": {
				"blockstate": "dfheroes:vulture_mcu_state"
			}
		},
		
		"legs": {
			"openable": false,
			"glow": false,
			"name": {
				"text": "Vulture's Leggings"
			},
			"textures": {
				"normal": "dfheroes:textures/suits/vulture_mcu/legs.png"
			},
			"item_texture": {
				"blockstate": "dfheroes:vulture_mcu_state"
			}
		},
		
		"feet": {
			"openable": false,
			"glow": false,
			"name": {
				"text": "Vulture's Boots"
			},
			"textures": {
				"normal": "dfheroes:textures/suits/vulture_mcu/boots.png"
			},
			"item_texture": {
				"blockstate": "dfheroes:vulture_mcu_state"
			}
		}
	}
}