{
	"name": {
		"text": "Deathstroke (JL)"
	},
	
	"armor_material": {
		"durability": 50,
		"damage_reduction_amounts": [4, 5, 6, 4],
		"enchantibility": 20,
		"toughness": 1.0,
		"sound": "item.armor.equip_generic"
	},
"creative_tab": "dc",
 "description": {
        "text": "Justice League"
    },
	
	"abilities": [
		{
			"ability": "lucraftcore:resistance",
			"amount": 4,
			"operation": 0,
			"uuid": "b2930a55-fa9d-4124-bb58-2ba3169d1495"
		},
		{
			"ability": "lucraftcore:fall_resistance",
			"amount": 2,
			"operation": 0,
			"uuid": "b2930a55-fa9d-4124-bb58-2ba3169d1495"
		}
	],
	
	"armor_parts": {
	
		"head": {
			"openable": false,
			"glow": false,
			"name": {
				"text": "Deathstroke's Mask"
			},
			"textures": {
				"normal": "dfheroes:textures/suits/deathstroke_jl/helmet.png"
			},
			"item_texture": {
				"blockstate": "dfheroes:deathstroke_jl_suit"
			}
		},
		
		"chest": {
			"openable": false,
			"glow": false,
			"name": {
				"text": "Deathstroke's Chestpiece"
			},
			"textures": {
				"normal": "dfheroes:textures/suits/deathstroke_jl/chestplate.png",
				"normal_smallarms": "dfheroes:textures/suits/deathstroke_jl/chestplate.png"
			},
			"item_texture": {
				"blockstate": "dfheroes:deathstroke_jl_suit"
			}
		},
		
		"legs": {
			"openable": false,
			"glow": false,
			"name": {
				"text": "Deathstroke's Leggings"
			},
			"textures": {
				"normal": "dfheroes:textures/suits/deathstroke_jl/legs.png"
			},
			"item_texture": {
				"blockstate": "dfheroes:deathstroke_jl_suit"
			}
		},
		
		"feet": {
			"openable": false,
			"glow": false,
			"name": {
				"text": "Deathstroke's Boots"
			},
			"textures": {
				"normal": "dfheroes:textures/suits/deathstroke_jl/boots.png"
			},
			"item_texture": {
				"blockstate": "dfheroes:deathstroke_jl_suit"
			}
		}
	}
}