{
	"parent": "heroesexpansion:black_panther",

	"name": {
		"text": "Venom (Sony)"
	},

	"armor_material": {
		"durability": 50,
		"damage_reduction_amounts": [6, 7, 8, 6],
		"enchantibility": 15,
		"toughness": 4,
		"sound": "item.armor.equip_generic"
	},
"creative_tab": "marvel",

"data": {
		"transition_color_1": {
			"red": 255,
			"green": 255,
			"blue": 255
		},
		"transition_color_2": {
			"red": 1,
			"green": 100,
			"blue": 255
		},
		"necklace_texture": "dfheroes:textures/suits/symbiote/symbiote_suit.png"
	},

	"description": {
		"text": "Sony"
	},
	 "abilities": [
	    {
            "ability": "lucraftcore:healing",
            "frequency": 10,
            "amount": 5,
			"conditions": [
				{
					"type": "lucraftcore:open_armor",
					"slot": "chest"
				}
			]
        },
		{
			"ability": "lucraftcore:health",
			"amount": 20,
			"operation": 0,
			"uuid": "b2930a55-fa9d-4124-bb58-2ba3169d1495",
			"conditions": [
				{
					"type": "lucraftcore:open_armor",
					"slot": "chest"
				}
			]
		},
		{
			"ability": "lucraftcore:jump_boost",
			"amount": 4.5,
			"operation": 0,
			"uuid": "b2930a55-fa9d-4124-bb58-2ba3169d1495",
			"conditions": [
				{
					"type": "lucraftcore:open_armor",
					"slot": "chest"
				}
			]
		},
		{
			"ability": "lucraftcore:stength",
			"amount": 16,
			"operation": 0,
			"uuid": "b2930a55-fa9d-4124-bb58-2ba3169d1495",
			"conditions": [
				{
					"type": "lucraftcore:open_armor",
					"slot": "chest"
				}
			]
		},
		{
			"ability": "lucraftcore:punch",
			"amount": 14,
			"operation": 0,
			"uuid": "b2930a55-fa9d-4124-bb58-2ba3169d1495",
			"conditions": [
				{
					"type": "lucraftcore:open_armor",
					"slot": "chest"
				}
			]
		},
		{
			"ability": "lucraftcore:resistance",
			"amount": 11,
			"operation": 0,
			"uuid": "b2930a55-fa9d-4124-bb58-2ba3169d1495",
			"conditions": [
				{
					"type": "lucraftcore:open_armor",
					"slot": "chest"
				}
			]
		},
		{
			"ability": "lucraftcore:fall_resistance",
			"amount": 11,
			"operation": 0,
			"uuid": "b2930a55-fa9d-4124-bb58-2ba3169d1495",
			"conditions": [
				{
					"type": "lucraftcore:open_armor",
					"slot": "chest"
				}
			]
		},
		{
			"ability": "lucraftcore:size_change",
			"size": 1.5,
			"size_changer": "lucraftcore:default",
			"conditions": [
				{
					"type": "lucraftcore:open_armor",
					"slot": "chest"
				}
			]
		},
		{
			"ability": "lucraftcore:step_assist",
			"amount": 2,
			"operation": 0,
			"uuid": "b2930a55-fa9d-4124-bb58-2ba3169d1495",
			"conditions": [
				{
					"type": "lucraftcore:open_armor",
					"slot": "chest"
				}
			]
		},
		{
			"ability": "heroesexpansion:wall_crawling",
			"cooldown": 0,
			"conditions": [
				{
					"type": "lucraftcore:open_armor",
					"slot": "chest"
				}
			]
		},
		{
			"ability": "heroesexpansion:spider_sense",
			"title": {"text":"Symbiote Sense"},
			"conditions": [
				{
					"type": "lucraftcore:open_armor",
					"slot": "chest"
				}
			]
		},
		{
			"ability": "lucraftcore:sprint",
			"amount": 1,
			"operation": 0,
			"uuid": "b2930a55-fa9d-4124-bb58-2ba3169d1495",
			"conditions": [
				{
					"type": "lucraftcore:open_armor",
					"slot": "chest"
				}
			]
		}
	],

	"effects": [
		{
			"type": "name_change",
			"name": {
				"text": "Venom"
			},
			"conditions": [
				{
					"type": "open_armor",
					"slot": "chest"
				}
			]
		}
	],
	
	"armor_parts": {

		"chest": {
			"openable": true,
			"glow": false,
			"name": {
				"text": "Venom (Sony)"
			},
			"textures": {
				"normal": "dfheroes:textures/suits/symbiote/venom_sony_suit.png",
				"normal_smallarms": "dfheroes:textures/suits/symbiote/venom_sony_suit.png"
			},
			"item_texture": {
				"blockstate": "dfheroes:symbiote_state"
			}
		}
	}
}