{
	"name": {
		"text": "Captain Cosmic (Custom)"
	},

	"armor_material": {
		"durability": 50,
		"damage_reduction_amounts": [4, 5, 6, 4],
		"enchantibility": 15,
		"toughness": 1.0,
		"sound": "item.armor.equip_generic"
	},
"creative_tab": "other",

	"description": {
		"text": "Custom"
	},
	"abilities": [
		{
			"ability": "lucraftcore:resistance",
			"amount": 4,
			"operation": 0,
			"uuid": "b2930a55-fa9d-4124-bb58-2ba3169d1495"
		},
		{
			"ability": "lucraftcore:fall_resistance",
			"amount": 2,
			"operation": 0,
			"uuid": "b2930a55-fa9d-4124-bb58-2ba3169d1495"
		},
		{
			"ability": "lucraftcore:fire_resistance"
		}
	],

	"armor_parts": {

		"chest": {
			"openable": false,
			"glow": true,
			"name": {
				"text": "Captain Cosmic's Jacket"
			},
			"textures": {
				"normal": "dfheroes:textures/suits/cosmic_custom/chestplate.png",
				"normal_smallarms": "dfheroes:textures/suits/cosmic_custom/chestplate.png",
				"glow": "dfheroes:textures/suits/cosmic_custom/chestplate_glow.png"
			},
			"item_texture": {
				"blockstate": "dfheroes:cosmic_custom_state"
			}
		},

		"legs": {
			"openable": false,
			"glow": false,
			"name": {
				"text": "Captain Cosmic's Pants"
			},
			"textures": {
				"normal": "dfheroes:textures/suits/cosmic_custom/legs.png"

			},
			"item_texture": {
				"blockstate": "dfheroes:cosmic_custom_state"
			}
		},

		"feet": {
			"openable": false,
			"glow": false,
			"name": {
				"text": "Captain Cosmic's Boots"
			},
			"textures": {
				"normal": "dfheroes:textures/suits/cosmic_custom/boots.png"

			},
			"item_texture": {
				"blockstate": "dfheroes:cosmic_custom_state"
			}
		}
	}
}