{
	"name": {
		"text": "Mystery (Custom)"
	},
	
	"armor_material": {
		"durability": 100,
		"damage_reduction_amounts": [5, 6, 7, 5],
		"enchantibility": 20,
		"toughness": 3.0,
		"sound": "item.armor.equip_generic"
	},
"creative_tab": "other",
 "description": {
        "text": "Custom"
    },
	
	"abilities": [
		{
			"ability": "lucraftcore:toggle_power",
			"title": {"text":"Hood"}
		},
		{
			"ability": "lucraftcore:resistance",
			"amount": 4,
			"operation": 0,
			"uuid": "b2930a55-fa9d-4124-bb58-2ba3169d1495"
		},
		{
			"ability": "lucraftcore:fall_resistance",
			"amount": 3,
			"operation": 0,
			"uuid": "b2930a55-fa9d-4124-bb58-2ba3169d1495"
		},
		{
			"ability": "lucraftcore:tough_lungs",
			"conditions": [
				{
					"type": "open_armor",
					"slot": "helmet"
				}
			]
		},
		{
			"ability": "lucraftcore:flight",
			"speed": 0.5,
			"sprint_speed": 2,
			"cooldown": 30,
			"rotate_arms": false
	    }
	],
	
	"effects": [
	    {
		"type": "skin_overlay",
        "texture": "dfheroes:textures/suits/mystery/hood.png",
		"glow": false,
        "size": 0.51,
		"conditions": [
				{
					"type": "ability_enabled",
					"ability": "lucraftcore:toggle_power"
				}
			]
	    },
		{
		"type": "skin_overlay",
        "texture": "dfheroes:textures/suits/mystery/boots_glow.png",
		"glow": true,
        "size": 0.55,
		"conditions": [
				{
					"type": "ability_enabled",
					"ability": "lucraftcore:flight"
				}
			]
	    }
	],
	
	"armor_parts": {
	
		"head": {
			"openable": true,
			"glow": true,
			"name": {
				"text": "Mystery's Helmet"
			},
			"textures": {
				"normal": "dfheroes:textures/suits/mystery/helmet_open.png",
				"glow": "dfheroes:textures/suits/mystery/helmet_open.png",
				"normal_open": "dfheroes:textures/suits/mystery/helmet.png",
				"glow_open": "dfheroes:textures/suits/mystery/helmet_glow.png"
			},
			"item_texture": {
				"blockstate": "dfheroes:mystery_custom_state"
			}
		},
		
		"chest": {
			"openable": false,
			"glow": false,
			"name": {
				"text": "Mystery's Coat"
			},
			"textures": {
				"normal": "dfheroes:textures/suits/mystery/chestplate.png",
				"normal_smallarms": "dfheroes:textures/suits/mystery/chestplate.png"
			},
			"item_texture": {
				"blockstate": "dfheroes:mystery_custom_state"
			}
		},
		
		"legs": {
			"openable": true,
			"glow": false,
			"name": {
				"text": "Mystery's Pants"
			},
			"textures": {
				"normal": "dfheroes:textures/suits/mystery/legs.png",
				"normal_open": "dfheroes:textures/suits/mystery/legs_open.png"
			},
			"item_texture": {
				"blockstate": "dfheroes:mystery_custom_state"
			}
		},
		
		"feet": {
			"openable": false,
			"glow": false,
			"name": {
				"text": "Mystery's Boots"
			},
			"textures": {
				"normal": "dfheroes:textures/suits/mystery/boots.png"
			},
			"item_texture": {
				"blockstate": "dfheroes:mystery_custom_state"
			}
		}
	}
}