{
	"name": {
		"text": "Arc Reactor V1"
	},
	"creative_tab":"mystcapalts",

	"armor_material": {
		"durability": 100,
		"damage_reduction_amounts": [1, 2, 2, 1],
		"enchantibility": 15,
		"toughness": 1.0,
		"sound": "item.armor.equip_generic"
	},
	
	"description": {
		"text": "Version 1"
	},
	"armor_parts": {
		"chest": {
			"openable": false,
			"glow": true,
			"name": {
				"text": "Arc Reactor"
			},
			"textures": {
				"normal": "mystheroes:textures/suits_ironman/arc_reactor1/chestplate.png",
				"normal_smallarms": "mystheroes:textures/suits_ironman/arc_reactor1/chestplate.png",
				"glow": "mystheroes:textures/suits_ironman/arc_reactor1/chestplate_glow.png"
			},
			"item_texture": {
				"blockstate": "mystheroes:arc_reactor1_state"
			}
		}
	}
}