{
	"name": {
		"text": "Captain America (Falcon)"
	},
	"creative_tab":"mystmarvelheroes",

	"armor_material": {
		"durability": 100,
		"damage_reduction_amounts": [4, 5, 5, 4],
		"enchantibility": 15,
		"toughness": 1.0,
		"sound": "item.armor.equip_generic"
	},
	
	"description": {
		"text": "Sam Wilson"
	},
	"effects": [
		{
			"type": "name_change",
			"name": {
				"text": "Captain America"
			}
		}
	],
	"abilities": [
		{
			"ability": "heroesexpansion:web_wings"
		},
		{
			"ability": "lucraftcore:flight",
			"speed": 0.5,
			"sprint_speed": 2,
			"rotate_arms": false
		}
	],
	"armor_parts": {

		"head": {
			"openable": true,
			"glow": false,
			"name": {
				"text": "Captain America's Cowl"
			},
			"textures": {
				"normal": "mystheroes:textures/suits/captain_america_falcon/helmet.png",
				"normal_open": "mystheroes:textures/suits/captain_america_falcon/helmet_open.png"
			},
			"item_texture": {
				"blockstate": "mystheroes:captain_america_falcon_state"
			}
		},

		"chest": {
			"openable": false,
			"glow": false,
			"name": {
				"text": "Captain America's Body"
			},
			"textures": {
				"normal": "mystheroes:textures/suits/captain_america_falcon/chestplate.png",
				"normal_smallarms": "mystheroes:textures/suits/captain_america_falcon/chestplate.png"
			},
			"item_texture": {
				"blockstate": "mystheroes:captain_america_falcon_state"
			}
		},

		"legs": {
			"openable": false,
			"glow": false,
			"name": {
				"text": "Captain America's Pants"
			},
			"textures": {
				"normal": "mystheroes:textures/suits/captain_america_falcon/legs.png"

			},
			"item_texture": {
				"blockstate": "mystheroes:captain_america_falcon_state"
			}
		},

		"feet": {
			"openable": false,
			"glow": false,
			"name": {
				"text": "Captain America's Boots"
			},
			"textures": {
				"normal": "mystheroes:textures/suits/captain_america_falcon/boots.png"

			},
			"item_texture": {
				"blockstate": "mystheroes:captain_america_falcon_state"
			}
		}
	}
}