{
	"name": {
		"text": "Captain America (Age Of Ultron)"
	},
	"creative_tab":"mystcapalts",

	"armor_material": {
		"durability": 100,
		"damage_reduction_amounts": [4, 5, 5, 4],
		"enchantibility": 15,
		"toughness": 1.0,
		"sound": "item.armor.equip_generic"
	},
	
	"description": {
		"text": "Age of Ultron"
	},
	"effects": [
		{
			"type": "name_change",
			"name": {
				"text": "Captain America"
			}
		}
	],
	"armor_parts": {

		"head": {
			"openable": true,
			"glow": false,
			"name": {
				"text": "Captain America's Cowl"
			},
			"textures": {
				"normal": "mystheroes:textures/suits/captain_america_aou/helmet.png",
				"normal_open": "mystheroes:textures/suits/captain_america_aou/helmet_open.png"
			},
			"item_texture": {
				"blockstate": "mystheroes:captain_america_aou_state"
			}
		},

		"chest": {
			"openable": false,
			"glow": false,
			"name": {
				"text": "Captain America's Body"
			},
			"textures": {
				"normal": "mystheroes:textures/suits/captain_america_aou/chestplate.png",
				"normal_smallarms": "mystheroes:textures/suits/captain_america_aou/chestplate.png"
			},
			"item_texture": {
				"blockstate": "mystheroes:captain_america_aou_state"
			}
		},

		"legs": {
			"openable": false,
			"glow": false,
			"name": {
				"text": "Captain America's Pants"
			},
			"textures": {
				"normal": "mystheroes:textures/suits/captain_america_aou/legs.png"

			},
			"item_texture": {
				"blockstate": "mystheroes:captain_america_aou_state"
			}
		},

		"feet": {
			"openable": false,
			"glow": false,
			"name": {
				"text": "Captain America's Boots"
			},
			"textures": {
				"normal": "mystheroes:textures/suits/captain_america_aou/boots.png"

			},
			"item_texture": {
				"blockstate": "mystheroes:captain_america_aou_state"
			}
		}
	}
}