{
	"name": {
		"text": "Captain America (Endgame)"
	},
	"creative_tab":"mystcapalts",

	"armor_material": {
		"durability": 100,
		"damage_reduction_amounts": [4, 5, 5, 4],
		"enchantibility": 15,
		"toughness": 1.0,
		"sound": "item.armor.equip_generic"
	},
	
	"description": {
		"text": "Avengers Endgame"
	},
	"effects": [
		{
			"type": "name_change",
			"name": {
				"text": "Captain America"
			}
		}
	],
		"abilities": [
		{
			"ability": "heroesexpansion:call_weapon"
		},
				{
			"ability": "the-fifth-world:create_item",
			"cooldown": 1000,
			"item": { "item": "heroesexpansion:mjolnir", "data": 0, "count": 1 }
		},
		{
		"ability": "lucraftcore:strength",
		"factor": 16,
		"operation": 0,
		"uuid": "b2930a55-fa9d-4124-bb58-2ba3169d1495"
		}
	],
	"armor_parts": {

		"head": {
			"openable": true,
			"glow": false,
			"name": {
				"text": "Captain America's Cowl"
			},
			"textures": {
				"normal": "mystheroes:textures/suits/captain_america_endgame/helmet.png",
				"normal_open": "mystheroes:textures/suits/captain_america_endgame/helmet_open.png"
			},
			"item_texture": {
				"blockstate": "mystheroes:captain_america_endgame_state"
			}
		},

		"chest": {
			"openable": false,
			"glow": false,
			"name": {
				"text": "Captain America's Body"
			},
			"textures": {
				"normal": "mystheroes:textures/suits/captain_america_endgame/chestplate.png",
				"normal_smallarms": "mystheroes:textures/suits/captain_america_endgame/chestplate.png"
			},
			"item_texture": {
				"blockstate": "mystheroes:captain_america_endgame_state"
			}
		},

		"legs": {
			"openable": false,
			"glow": false,
			"name": {
				"text": "Captain America's Pants"
			},
			"textures": {
				"normal": "mystheroes:textures/suits/captain_america_endgame/legs.png"

			},
			"item_texture": {
				"blockstate": "mystheroes:captain_america_endgame_state"
			}
		},

		"feet": {
			"openable": false,
			"glow": false,
			"name": {
				"text": "Captain America's Boots"
			},
			"textures": {
				"normal": "mystheroes:textures/suits/captain_america_endgame/boots.png"

			},
			"item_texture": {
				"blockstate": "mystheroes:captain_america_endgame_state"
			}
		}
	}
}