{
	"name": {
		"text": "Guardian (Marvel Comics)"
	},
	"creative_tab":"mystmarvelheroes",

	"armor_material": {
		"durability": 100,
		"damage_reduction_amounts": [4, 5, 5, 4],
		"enchantibility": 15,
		"toughness": 1.0,
		"sound": "item.armor.equip_generic"
	},
	
	"description": {
		"text": "James Hudson"
	},
	"effects": [
		{
			"type": "name_change",
			"name": {
				"text": "Guardian"
			}
		}
	],
"abilities": [
		{
			"ability": "lucraftcore:strength",
			"uuid": "167ca886-53ed-43f9-ba6c-02a1a7d492e6",
			"factor": 8,
			"operation": 0
		},
		{
			"ability": "lucraftcore:fire_resistance"
		},
		{
			"ability": "lucraftcore:jump_boost",
			"factor": 5,
			"operation": 0,
			"uuid": "2145e01b-30bf-434d-b7e1-994dacc52f19"
		},
		{
			"ability": "lucraftcore:healing",
			"frequency": 10,
			"amount": 10
		},
		{
			"ability": "lucraftcore:fall_resistance",
			"factor": 8,
			"operation": 0,
			"uuid": "b2930a55-fa9d-4124-bb58-2ba3169d1495"
		},
		{
			"ability": "lucraftcore:knockback_resistance",
			"factor": 8,
			"operation": 0,
			"uuid": "b2930a55-fa9d-4124-bb58-2ba3169d1495"
		},
		{
			"ability": "lucraftcore:punch",
			"factor": 7,
			"operation": 0,
			"uuid": "b2930a55-fa9d-4124-bb58-2ba3169d1495"
		},
		{
			"ability": "lucraftcore:flight",
			"speed": 3,
			"sprint_speed": 6,
			"rotate_arms": false
		},
		{
		    "ability": "lucraftcore:energy_blast",
			"cooldown": 15,
            "damage": 15,
            "color": [1.0, 0, 0]
		},
		{
		    "ability": "heroesexpansion:photon_blast",
			"cooldown": 50,
            "color": [1,0,0]
		}
	],
	"armor_parts": {

		"head": {
			"openable": true,
			"glow": false,
			"name": {
				"text": "Guardian's Cowl"
			},
			"textures": {
				"normal": "mystheroes:textures/suits/guardian_marvel/helmet.png",
				"normal_open": "mystheroes:textures/suits/guardian_marvel/helmet_open.png"
			},
			"item_texture": {
				"blockstate": "mystheroes:guardian_marvel_state"
			}
		},
	

		"chest": {
			"openable": false,
			"glow": false,
			"name": {
				"text": "Guardian's Shirt"
			},
			"textures": {
				"normal": "mystheroes:textures/suits/guardian_marvel/chestplate.png",
				"normal_smallarms": "mystheroes:textures/suits/guardian_marvel/chestplate.png"
			},
			"item_texture": {
				"blockstate": "mystheroes:guardian_marvel_state"
			}
		},

		"legs": {
			"openable": false,
			"glow": false,
			"name": {
				"text": "Guardian's Pants"
			},
			"textures": {
				"normal": "mystheroes:textures/suits/guardian_marvel/legs.png"

			},
			"item_texture": {
				"blockstate": "mystheroes:guardian_marvel_state"
			}
		},

		"feet": {
			"openable": false,
			"glow": false,
			"name": {
				"text": "Guardian's Boots"
			},
			"textures": {
				"normal": "mystheroes:textures/suits/guardian_marvel/boots.png"

			},
			"item_texture": {
				"blockstate": "mystheroes:guardian_marvel_state"
			}
		}
	}
}