{
	"parent": "heroesexpansion:black_panther",
	
	"name": {
		"text": "Iron Rescue"
	}, 
	
	"description": {
		"text": "Daughter Of Tony Stark"
	},
	
	"effects": [
		{
			"type": "name_change",
			"name": {
				"text": "Iron Rescue",
					"conditions": [
				{
					"type": "open_armor",
					"slot": "chest"
				}
			]
		}
	},
	{
            "type": "hud",
            "texture": "mystheroes:textures/hud/iron_rescue_custom_hud.png",
			"conditions": [
				{
					"type": "open_armor",
					"slot": "chest"
				}
			]
		}
	],
	

	"creative_tab": "mystcustom",
	
	"armor_material": {
		"durability": 200,
		"damage_reduction_amounts": [6, 8, 10, 6],
		"enchantibility": 10,
		"toughness": 1.0,
		"sound": "item.armor.equip_diamond"
	},
	
	"data": {
		"transition_color_1": {
			"red": 82,
			"green": 76,
			"blue": 64
		},
		"transition_color_2": {
			"red": 27,
			"green": 34,
			"blue": 52
		},
		"necklace_texture": "mystheroes:textures/suits_ironman/iron_rescue_custom/suit_open.png"
	},
	
	"abilities": [
		{
			"ability": "lucraftcore:strength",
			"uuid": "167ca886-53ed-43f9-ba6c-02a1a7d492e6",
			"factor": 13,
			"operation": 0,
			"conditions": [
				{
					"type": "lucraftcore:open_armor",
					"slot": "chest"
				}
			]
		},
		{
			"ability": "lucraftcore:fire_resistance",
			"conditions": [
				{
					"type": "lucraftcore:open_armor",
					"slot": "chest"
				}
			]
		},
		{
			"ability": "lucraftcore:jump_boost",
			"factor": 2,
			"operation": 0,
			"uuid": "2145e01b-30bf-434d-b7e1-994dacc52f19",
			"conditions": [
				{
					"type": "lucraftcore:open_armor",
					"slot": "chest"
				}
			]
		},
		{
			"ability": "lucraftcore:tough_lungs",
			"conditions": [
				{
					"type": "lucraftcore:open_armor",
					"slot": "chest"
				}
			]
		},
		{
			"ability": "lucraftcore:water_breathing",
			"conditions": [
				{
					"type": "lucraftcore:open_armor",
					"slot": "chest"
				}
			]
		},
		{
			"ability": "lucraftcore:healing",
			"frequency": 7,
			"amount": 4,
			"conditions": [
				{
					"type": "lucraftcore:open_armor",
					"slot": "chest"
				}
			]
		},
		{
			"ability": "lucraftcore:fall_resistance",
			"factor": 30,
			"operation": 0,
			"uuid": "b2930a55-fa9d-4124-bb58-2ba3169d1495",
			"conditions": [
				{
					"type": "lucraftcore:open_armor",
					"slot": "chest"
				}
			]
		},
		{
			"ability": "lucraftcore:knockback_resistance",
			"factor": 10,
			"operation": 0,
			"uuid": "b2930a55-fa9d-4124-bb58-2ba3169d1495",
			"conditions": [
				{
					"type": "lucraftcore:open_armor",
					"slot": "chest"
				}
			]
		},
		{
			"ability": "lucraftcore:punch",
			"factor": 12,
			"operation": 0,
			"uuid": "b2930a55-fa9d-4124-bb58-2ba3169d1495",
			"conditions": [
				{
					"type": "lucraftcore:open_armor",
					"slot": "chest"
				}
			]
		},
		{
			"ability": "lucraftcore:flight",
			"speed": 1,
			"sprint_speed": 3,
			"rotate_arms": false,
			"conditions": [
				{
					"type": "lucraftcore:open_armor",
					"slot": "chest"
				}
			]
		},
		{
		    "ability": "lucraftcore:energy_blast",
			"cooldown": 3,
            "damage": 20,
            "color": [22.0, 58.0, 91.0],
			"conditions": [
				{
					"type": "lucraftcore:open_armor",
					"slot": "chest"
				}
			]
		},
		{
		    "ability": "heroesexpansion:photon_blast",
			"cooldown": 80,
            "color": [22.0, 58.0, 91.0],
			"conditions": [
				{
					"type": "lucraftcore:open_armor",
					"slot": "chest"
				}
			]
		},
		{
			"ability": "heroesexpansion:precision",
			"show_in_bar": false,
			"title": {"translate":"heroesexpansion.abilities.precision.name"},
			"conditions": [
				{
					"type": "lucraftcore:open_armor",
					"slot": "chest"
				}
			]
		},
		{
			"ability": "heroesexpansion:force_field",
			"cooldown": 125,
			"show_in_bar": true,
			"title": {"translate":"heroesexpansion.abilities.force_field.name"},
			"color": [0, 85, 255],
			"conditions": [
				{
					"type": "lucraftcore:open_armor",
					"slot": "chest"
				}
			]
		},
		{
			"ability": "star-tech:power_blast",
			"cooldown": 30,
			"show_in_bar": true,
			"title": {"translate":"star-tech.abilities.power_blast.name"},
			"duration": 6,
			"conditions": [
				{
					"type": "lucraftcore:open_armor",
					"slot": "chest"
				}
			]
		},
		{
			"ability": "star-tech:power_rocket_burst",
			"cooldown": 0,
			"show_in_bar": true,
			"conditions": [
				{
					"type": "lucraftcore:open_armor",
					"slot": "chest"
				}
			]
		}
	],
	
	"armor_parts": {
		
		"chest": {
			"openable": true,
			"glow": false,
			"armor_model_scale": 0.20,
			"name": {
				"text": "Nano Reactor"
			},
			"textures": {
				"normal": "mystheroes:textures/suits_ironman/iron_rescue_custom/suit.png",
				"normal_smallarms": "mystheroes:textures/suits_ironman/iron_rescue_custom/suit_smallarms.png"
			},
			"item_texture": {
				"blockstate": "mystheroes:iron_rescue_custom_state"
			}
		}
	}
}