{
	"name": {
		"text": "Joker"
	},
	"creative_tab":"mystdcvillains",

	"armor_material": {
		"durability": 100,
		"damage_reduction_amounts": [10, 9, 9, 8],
		"enchantibility": 15,
		"toughness": 1.0,
		"sound": "item.armor.equip_generic"
	},
	"effects": [
		{
			"type": "name_change",
			"name": {
				"text": "Joker's Tuxedo"
			}
		}
	],
	"armor_parts": {

		"chest": {
			"openable": false,
			"glow": false,
			"name": {
				"text": "Joker's Tux"
			},
			"textures": {
				"normal": "mystheroes:textures/suits/joker/chestplate.png",
				"normal_smallarms": "mystheroes:textures/suits/joker/chestplate.png"
			},
			"item_texture": {
				"blockstate": "mystheroes:joker_state"
			}
		},

		"legs": {
			"openable": false,
			"glow": false,
			"name": {
				"text": "Joker's Pants"
			},
			"textures": {
				"normal": "mystheroes:textures/suits/joker/legs.png"

			},
			"item_texture": {
				"blockstate": "mystheroes:joker_state"
			}
		},

		"feet": {
			"openable": false,
			"glow": false,
			"name": {
				"text": "Joker's Shoes"
			},
			"textures": {
				"normal": "mystheroes:textures/suits/joker/boots.png"

			},
			"item_texture": {
				"blockstate": "mystheroes:joker_state"
			}
		}
	}
}