{
	"name": {
		"text": "Loky"
	},

	"armor_material": {
		"durability": 5000,
		"damage_reduction_amounts": [3, 6, 8, 3],
		"enchantibility": 20,
		"toughness": 2.0,
		"sound": "item.armor.equip_generic"
	},

"creative_tab": "mystcustom",

	"description": {
		"text": "Son Of Thor"
	},

	"abilities": [{
"ability": "lucraftcore:fall_resistance",
"show_in_bar": false,
"title": {"translate":"lucraftcore.abilities.fall_resistance.name"},
"bar_color": "light_gray",
"amount": 15.0,
"operation": 0,
"uuid": "0669d99d-b34d-40fc-a4d8-c7ee963cc842"
},
{
"ability": "lucraftcore:fire_resistance",
"show_in_bar": false,
"title": {"translate":"lucraftcore.abilities.fire_resistance.name"},
"bar_color": "light_gray"
},
{
"ability": "lucraftcore:step_assist",
"show_in_bar": false,
"title": {"translate":"lucraftcore.abilities.step_assist.name"},
"bar_color": "light_gray",
"amount": 1.0,
"operation": 0,
"uuid": "0669d99d-b34d-40fc-a4d8-c7ee963cc842"
},
{
"ability": "lucraftcore:resistance",
"show_in_bar": false,
"title": {"translate":"lucraftcore.abilities.resistance.name"},
"bar_color": "light_gray",
"amount": 18.0,
"operation": 0,
"uuid": "0669d99d-b34d-40fc-a4d8-c7ee963cc842"
},
{
"ability": "lucraftcore:punch",
"show_in_bar": false,
"title": {"translate":"lucraftcore.abilities.punch.name"},
"icon": { "type": "internal" },
"bar_color": "light_gray",
"amount": 15.0,
"operation": 0,
"uuid": "0669d99d-b34d-40fc-a4d8-c7ee963cc842"
},
{
"ability": "lucraftcore:knockback_resistance",
"show_in_bar": false,
"title": {"translate":"lucraftcore.abilities.knockback_resistance.name"},
"icon": { "type": "internal" },
"bar_color": "light_gray",
"amount": 10.0,
"operation": 0,
"uuid": "0669d99d-b34d-40fc-a4d8-c7ee963cc842"
},
{
"ability": "heroesexpansion:web_wings",
"cooldown": 0,
"show_in_bar": true,
"title": {"translate":"Gliding"},
"bar_color": "light_gray"
}

	],


	"armor_parts": {

	        "chest": {
			"openable": false,
			"glow": false,
			"armor_model_scale": 0.22,
			"name": {
				"text": "Loky's Chestpiece"
			},
			"textures": {
				"normal": "mystheroes:textures/suits/loky_custom/chest.png",
				"normal_smallarms": "mystheroes:textures/suits/loky_custom/chest_smallarms.png"
			},
			"item_texture": {
				"blockstate": "mystheroes:loky_state"
			}
		},

			"legs": {
			"openable": false,
			"glow": false,
			"armor_model_scale": 0.25,
			"name": {
				"text": "Loky's Pants"
			},
			"textures": {
				"normal": "mystheroes:textures/suits/loky_custom/legs.png"
			},
			"item_texture": {
				"blockstate": "mystheroes:loky_state"

			}
		},
		
			"feet": {
			"openable": false,
			"glow": false,
			"armor_model_scale": 0.22,
			"name": {
				"text": "Loky's Boots"
			},
			"textures": {
				"normal": "mystheroes:textures/suits/loky_custom/feet.png"
			},
			"item_texture": {
				"blockstate": "mystheroes:loky_state"
			}
		}
	}
}