{
	"parent": "heroesexpansion:black_panther",
	
	"name": {
		"text": "Iron Man"
	}, 
	
	"description": {
		"text": "Mark 50"
	},
	
	"effects": [
		{
			"type": "name_change",
			"name": {
				"text": "Iron Man"
			},
			"conditions": [
				{
					"type": "open_armor",
					"slot": "chest"
				}
			]
		},
		{
            "type": "hud",
            "texture": "mystheroes:textures/hud/mark50_hud.png",
			"conditions": [
				{
					"type": "open_armor",
					"slot": "chest"
				}
			]
        }
	],

	"creative_tab": "mystironman",
	
	"armor_material": {
		"durability": 50,
		"damage_reduction_amounts": [6, 8, 10, 6],
		"enchantibility": 10,
		"toughness": 1.0,
		"sound": "item.armor.equip_diamond"
	},
	
	"data": {
		"transition_color_1": {
			"red": 82,
			"green": 82,
			"blue": 82
		},
		"transition_color_2": {
			"red": 129,
			"green": 202,
			"blue": 220
		},
		"necklace_texture": "mystheroes:textures/suits_ironman/mark50/suit_open.png"
	},
	
	"abilities": [
		{
			"ability": "lucraftcore:strength",
			"uuid": "167ca886-53ed-43f9-ba6c-02a1a7d492e6",
			"factor": 10,
			"operation": 0,
			"conditions": [
				{
					"type": "lucraftcore:open_armor",
					"slot": "chest"
				}
			]
		},
		{
			"ability": "lucraftcore:fire_resistance",
			"conditions": [
				{
					"type": "lucraftcore:open_armor",
					"slot": "chest"
				}
			]
		},
		{
			"ability": "lucraftcore:jump_boost",
			"factor": 2,
			"operation": 0,
			"uuid": "2145e01b-30bf-434d-b7e1-994dacc52f19",
			"conditions": [
				{
					"type": "lucraftcore:open_armor",
					"slot": "chest"
				}
			]
		},
		{
			"ability": "lucraftcore:tough_lungs",
			"conditions": [
				{
					"type": "lucraftcore:open_armor",
					"slot": "chest"
				}
			]
		},
		{
			"ability": "lucraftcore:water_breathing",
			"conditions": [
				{
					"type": "lucraftcore:open_armor",
					"slot": "chest"
				}
			]
		},
		{
			"ability": "lucraftcore:healing",
			"frequency": 10,
			"amount": 10,
			"conditions": [
				{
					"type": "lucraftcore:open_armor",
					"slot": "chest"
				}
			]
		},
		{
			"ability": "lucraftcore:fall_resistance",
			"factor": 8,
			"operation": 0,
			"uuid": "b2930a55-fa9d-4124-bb58-2ba3169d1495",
			"conditions": [
				{
					"type": "lucraftcore:open_armor",
					"slot": "chest"
				}
			]
		},
		{
			"ability": "lucraftcore:knockback_resistance",
			"factor": 6,
			"operation": 0,
			"uuid": "b2930a55-fa9d-4124-bb58-2ba3169d1495",
			"conditions": [
				{
					"type": "lucraftcore:open_armor",
					"slot": "chest"
				}
			]
		},
		{
			"ability": "lucraftcore:punch",
			"factor": 9,
			"operation": 0,
			"uuid": "b2930a55-fa9d-4124-bb58-2ba3169d1495",
			"conditions": [
				{
					"type": "lucraftcore:open_armor",
					"slot": "chest"
				}
			]
		},
		{
			"ability": "lucraftcore:flight",
			"speed": 0.75,
			"sprint_speed": 5,
			"rotate_arms": false,
			"conditions": [
				{
					"type": "lucraftcore:open_armor",
					"slot": "chest"
				}
			]
		},
		{
		    "ability": "lucraftcore:energy_blast",
			"cooldown": 10,
            "damage": 20,
            "color": [0.0, 1.0, 1.0],
			"conditions": [
				{
					"type": "lucraftcore:open_armor",
					"slot": "chest"
				}
			]
		},
		{
		    "ability": "heroesexpansion:photon_blast",
			"cooldown": 30,
            "color": [0,1,1],
			"conditions": [
				{
					"type": "lucraftcore:open_armor",
					"slot": "chest"
				}
	]
	}
	],
	
	"armor_parts": {
		
		"chest": {
			"openable": true,
			"glow": false,
			"name": {
				"text": "Nano Reactor"
			},
			"textures": {
				"normal": "mystheroes:textures/suits_ironman/mark50/suit.png"
			},
			"item_texture": {
				"blockstate": "mystheroes:mark50_state"
			}
		}
	}
}