{
	"name": {
		"text": "Captain America (Infinity War)"
	},
	"creative_tab":"mystcapalts",

	"armor_material": {
		"durability": 100,
		"damage_reduction_amounts": [4, 5, 5, 4],
		"enchantibility": 15,
		"toughness": 1.0,
		"sound": "item.armor.equip_generic"
	},
	
	"description": {
		"text": "Avengers Infinity War"
	},
	"effects": [
		{
			"type": "name_change",
			"name": {
				"text": "Nomad"
			}
		}
	],
	"armor_parts": {

		"head": {
			"openable": true,
			"glow": false,
			"name": {
				"text": "nomad's Beard"
			},
			"textures": {
				"normal": "mystheroes:textures/suits/nomad/helmet.png",
				"normal_open": "mystheroes:textures/suits/nomad/helmet_open.png"
			},
			"item_texture": {
				"blockstate": "mystheroes:nomad_state"
			}
		},

		"chest": {
			"openable": false,
			"glow": false,
			"name": {
				"text": "nomad's Body"
			},
			"textures": {
				"normal": "mystheroes:textures/suits/nomad/chestplate.png",
				"normal_smallarms": "mystheroes:textures/suits/nomad/chestplate.png"
			},
			"item_texture": {
				"blockstate": "mystheroes:nomad_state"
			}
		},

		"legs": {
			"openable": false,
			"glow": false,
			"name": {
				"text": "nomad's Pants"
			},
			"textures": {
				"normal": "mystheroes:textures/suits/nomad/legs.png"

			},
			"item_texture": {
				"blockstate": "mystheroes:nomad_state"
			}
		},

		"feet": {
			"openable": false,
			"glow": false,
			"name": {
				"text": "nomad's Boots"
			},
			"textures": {
				"normal": "mystheroes:textures/suits/nomad/boots.png"

			},
			"item_texture": {
				"blockstate": "mystheroes:nomad_state"
			}
		}
	}
}