{
	"parent": "heroesexpansion:black_panther",
	
	"name": {
		"text": "Quantum Suit"
	}, 
	
	"description": {
		"text": "Quantum Suit"
	},
	
	"effects": [
		{
			"type": "name_change",
			"name": {
				"text": "Quantum Suit"
			},
			"conditions": [
				{
					"type": "open_armor",
					"slot": "chest"
				}
			]
		}
	],

	"creative_tab": "mystmarvel",
	
	"armor_material": {
		"durability": 50,
		"damage_reduction_amounts": [7, 8, 10, 7],
		"enchantibility": 10,
		"toughness": 1.0,
		"sound": "item.armor.equip_diamond"
	},
	
	"data": {
		"transition_color_1": {
			"red": 1,
			"green": 1,
			"blue": 1
		},
		"transition_color_2": {
			"red": 0,
			"green": 0,
			"blue": 0
		},
		"necklace_texture": "mystheroes:textures/suits/quantum_suit/suit_open.png"
	},
	
	"abilities": [
		{
			"ability": "heroesexpansion:precision"
		},
		{
		"ability": "lucraftcore:water_breathing"
		},
		{
			"ability": "lucraftcore:resistance",
			"amount": 5,
			"operation": 0,
			"uuid": "b2930a55-fa9d-4124-bb58-2ba3169d1495"
		},
		{
			"ability": "lucraftcore:fall_resistance",
			"amount": 2.5,
			"operation": 0,
			"uuid": "b2930a55-fa9d-4124-bb58-2ba3169d1495"
		},
		{
			"ability": "lucraftcore:fire_resistance"
		},
		{
			"ability": "lucraftcore:size_change",
			"size": 0.1,
			"conditions": [
				{
					"type": "open_armor",
					"slot": "chest"
				}
			]
	    }
	],
	
	"armor_parts": {
		
		"chest": {
			"openable": true,
			"glow": false,
			"name": {
				"text": "Quantum Suit"
			},
			"textures": {
				"normal": "mystheroes:textures/suits/quantum_suit/suit.png"
			},
			"item_texture": {
				"blockstate": "mystheroes:quantum_suit_state"
			}
		}
	}
}