{
	"name": {
		"text": "Red Hood (Outlaws)"
	},
	"creative_tab":"mystdcantiheroes",

	"armor_material": {
		"durability": 100,
		"damage_reduction_amounts": [10, 9, 9, 8],
		"enchantibility": 15,
		"toughness": 1.0,
		"sound": "item.armor.equip_generic"
	},
	
	"description": {
		"text": "DC Outlaws"
	},
	"effects": [
		{
			"type": "name_change",
			"name": {
				"text": "Red Hood"
			}
		}
	],
		"abilities": [ {
		"ability": "lucraftcore:sprint",
		"amount": 0.4,
		"operation": 0,
		"uuid": "b2930a55-fa9d-4124-bb58-2ba3169d1495"
	
	},
	{
		"ability": "lucraftcore:resistance",
		"amount": 4,
		"operation": 0,
		"uuid": "b2930a55-fa9d-4124-bb58-2ba3169d1495"
	},
	{
		"ability": "lucraftcore:fall_resistance",
		"amount": 5,
		"operation": 0,
		"uuid": "b2930a55-fa9d-4124-bb58-2ba3169d1495"
	},
	{
		"ability": "lucraftcore:fire_resistance"
	},
	{
		"ability": "lucraftcore:water_breathing"
	},
	{
		"ability": "lucraftcore:healing",
		"frequency": 20,
		"amount": 5
	},
	{
		"ability": "lucraftcore:fire_resistance"
	},
	{
		"ability": "lucraftcore:strength",
		"factor": 9,
		"operation": 0,
		"uuid": "b2930a55-fa9d-4124-bb58-2ba3169d1495"
	},
	{
		"ability": "lucraftcore:step_assist",
		"factor": 0.5,
		"operation": 0,
		"uuid": "b2930a55-fa9d-4124-bb58-2ba3169d1495"
	},
	{
		"ability": "lucraftcore:punch",
		"factor": 9,
		"operation": 0,
		"uuid": "b2930a55-fa9d-4124-bb58-2ba3169d1495"
	},
	{
		"ability": "lucraftcore:jump_boost",
		"factor": 1.0,
		"operation": 0,
		"uuid": "b2930a55-fa9d-4124-bb58-2ba3169d1495"
	},
	{
		"ability": "lucraftcore:knockback_resistance",
		"factor": 0.5,
		"operation": 0,
		"uuid": "b2930a55-fa9d-4124-bb58-2ba3169d1495"
	}
	],
	"armor_parts": {

		"head": {
			"openable": true,
			"glow": false,
			"name": {
				"text": "Red Hood's Helmet"
			},
			"textures": {
				"normal": "mystheroes:textures/suits/redhood_outlaws/helmet.png",
				"normal_open": "mystheroes:textures/suits/redhood_outlaws/helmet_open.png"
			},
			"item_texture": {
				"blockstate": "mystheroes:redhood_outlaws_state"
			}
		},

		"chest": {
			"openable": false,
			"glow": false,
			"name": {
				"text": "Red Hood's Jacket"
			},
			"textures": {
				"normal": "mystheroes:textures/suits/redhood_outlaws/chestplate.png",
				"normal_smallarms": "mystheroes:textures/suits/redhood_outlaws/chestplate.png"
			},
			"item_texture": {
				"blockstate": "mystheroes:redhood_outlaws_state"
			}
		},

		"legs": {
			"openable": false,
			"glow": false,
			"name": {
				"text": "Red Hood's Pants"
			},
			"textures": {
				"normal": "mystheroes:textures/suits/redhood_outlaws/legs.png"

			},
			"item_texture": {
				"blockstate": "mystheroes:redhood_outlaws_state"
			}
		},

		"feet": {
			"openable": false,
			"glow": false,
			"name": {
				"text": "Red Hood's Boots"
			},
			"textures": {
				"normal": "mystheroes:textures/suits/redhood_outlaws/boots.png"

			},
			"item_texture": {
				"blockstate": "mystheroes:redhood_outlaws_state"
			}
		}
	}
}