{
	"name": {
		"text": "Tux"
	},
	"creative_tab":"mystcustom",

	"armor_material": {
		"durability": 100,
		"damage_reduction_amounts": [3, 5, 5, 3],
		"enchantibility": 15,
		"toughness": 1.0,
		"sound": "item.armor.equip_generic"
	},
	"description": {
		"text": "MINE, DON'T TOUCH!!!"
	},
		"abilities": [
	{
		"ability": "lucraftcore:step_assist",
		"factor": 5.0,
		"operation": 0,
		"uuid": "b2930a55-fa9d-4124-bb58-2ba3169d1495"
	}
	],
	"armor_parts": {
		"chest": {
			"openable": false,
			"glow": false,
			"name": {
				"text": "Tux"
			},
			"textures": {
				"normal": "mystheroes:textures/suits/tux/chestplate.png",
				"normal_smallarms": "mystheroes:textures/suits/tux/chestplate.png"
			},
			"item_texture": {
				"blockstate": "mystheroes:tux_state"
			}
		},

		"legs": {
			"openable": false,
			"glow": false,
			"name": {
				"text": "Dress Pants"
			},
			"textures": {
				"normal": "mystheroes:textures/suits/tux/legs.png"

			},
			"item_texture": {
				"blockstate": "mystheroes:tux_state"
			}
		},

		"feet": {
			"openable": false,
			"glow": false,
			"name": {
				"text": "Dress Shoes"
			},
			"textures": {
				"normal": "mystheroes:textures/suits/tux/boots.png"

			},
			"item_texture": {
				"blockstate": "mystheroes:tux_state"
			}
		}
	}
}