{
	"name": {
		"text": "Aerophibian"
	},

	"icon": {	
	    "type": "texture",
		"texture": "ben_ten:textures/gui/omnitrix/aerophibian_activation.png"
	},

	"creative_tab": "ben10",
	
	"max_level": 40,
	
	"capsule_color": 3080117,
	
    "effects": [
        {
        "type": "skin_change",
        "texture": "ben_ten:textures/models/ben/aerophibian.png",
		"conditions": [            	
				{
            		"type": "ability_enabled",
					"ability": "lucraftcore:knockback_resistance"
            	}
			]
       },
		{
            "type": "skin_overlay",
            "texture": "ben_ten:textures/overlays/glow/aerophibian_glow.png",
            "size": 0,
            "glow": true,
            "conditions": [
            	{
            		"type": "always"
            	},
				{
            		"type": "ability_enabled",
					"ability": "lucraftcore:knockback_resistance"
            	}
            ]
       },
		{
        "type": "skin_change",
        "texture": "ben_ten:textures/models/ben/ov_aerophibian.png",
            "conditions": [            	
				{
            		"type": "ability_enabled",
					"ability": "lucraftcore:jump_boost"
            	}
			]
       },
		{
            "type": "skin_overlay",
            "texture": "ben_ten:textures/overlays/glow/ov_aerophibian_glow.png",
            "size": 0,
            "glow": true,
            "conditions": [
            	{
            		"type": "always"
            	},
				{
            		"type": "ability_enabled",
					"ability": "lucraftcore:jump_boost"
            	}
            ]
       }
    ],
	
	"abilities": {
		"size": {
		    "hidden": true,
			"ability": "lucraftcore:command_loop",
			"show_in_bar": false,
			"title": {"text": "Size"},
			"icon": {"type": "texture", "texture": "ben_ten:textures/gui/omnitrix/omnitrix.png"},
			"bar_color": "light_gray",
			"commands": ["sizechange @s 1 lucraftcore:default"]
       },
		"health": {		
			"ability": "lucraftcore:health",			
            "show_in_bar": false,		
            "title": {"text":"Health"},					
			"amount": 10,
			"operation": 0,
			"uuid": "5c5cfbea-9f1b-42dd-b43c-d129733c4a75"
       },
		"knockback_resistance": {
            "ability": "lucraftcore:knockback_resistance",
            "show_in_bar": false,
            "title": {"translate":"lucraftcore.abilities.knockback_resistance.name"},
            "icon": {"type": "internal"},
            "bar_color": "light_gray",
			"conditions": [{
                        "type": "lucraftcore:or",
                            "conditions": [
                            {"type": "lucraftcore:scoreboard_tag",
                             "tag": "af"
                           },
                            {"type": "lucraftcore:scoreboard_tag",
                             "tag": "ua"
                           }]
                   }],
            "amount": 0.0,
            "operation": 0,
            "uuid": "0669d99d-b34d-40fc-a4d8-c7ee963cc842"
       },
		"version": {
            "ability": "lucraftcore:jump_boost",
            "show_in_bar": false,
            "title": {"translate":"lucraftcore.abilities.jump_boost.name"},
            "icon": {"type": "internal"},
            "bar_color": "light_gray",
            "amount": 0.0,
            "operation": 0, 
			"conditions": [{
			    "type": "lucraftcore:scoreboard_tag",
				"tag": "ov"}],
            "uuid": "0669d99d-b34d-40fc-a4d8-c7ee963cc842"
       },
		"fall_resistance": {
			"ability": "lucraftcore:fall_resistance",
			"show_in_bar": false,
			"title": {"text":"Fall Resistance"},
			"amount": 200,
			"operation": 0,
			"uuid": "5c5cfbea-9f1b-42dd-b43c-d129733c4a75"
		},
		"flight": {			
			"ability": "lucraftcore:flight",
			"icon": {"type": "internal"},
            "cooldown": 0,			
            "show_in_bar": true,
            "title": {"text":"Flight"},	
            "bar_color": "green",				
			"speed": 2,
            "sprint_speed": 4,
			"rotate_arms": true			
		},
		"flight_xp": {
            "ability": "lucraftcore:command_loop",
            "cooldown": 0,
			"parent_ability": "flight",
            "show_in_bar": false,
            "title": {"text":"Flight XP"},
            "icon": {"type": "internal"},
            "bar_color": "light_gray",
            "conditions": [{
			    "type": "ability_enabled",
				"ability": "lucraftcore:flight"}],
		    "commands": ["/superpowerxp 1 @s"],
		    "hidden": true
		},
		"neuroshock_blast": {
            "ability": "lucraftcore:energy_blast",
			"color": [85, 255, 85],
            "frequency": 20,			
			"icon": {"type": "texture",
				"texture": "ben_ten:textures/gui/omnitrix/aerophibian_neuroshock_blast.png"},
			"bar_color": "green",
			"title": {"text":"Neuroshock Blast"},
			"uuid": "5c5cfbea-9f1b-42dd-b43c-d129733c4a75"
		},
		"neuroshock_beam": {
            "ability": "heroesexpansion:heat_vision",
            "cooldown": 150,			
			"icon": {"type": "texture",
				"texture": "ben_ten:textures/gui/omnitrix/aerophibian_neuroshock_beam.png"},
            "show_in_bar": true,
            "title": {"text":"Neuroshock Beam"},
            "bar_color": "green",
            "color": [85, 255, 85]
		},
		"water_breathing": {
			"ability": "lucraftcore:water_breathing",
			"show_in_bar": false,
			"title": {"text": "Water Breathing"},
			"icon": {"type": "internal"},
			"bar_color": "green"
		},
		"neuroshock_blast_xp": {
            "ability": "lucraftcore:command",
            "cooldown": 0,
			"parent_ability": "neuroshock_blast",
            "show_in_bar": false,
            "title": {"text":"Neuroshock Blast XP"},
            "icon": {"type": "internal"},
            "bar_color": "light_gray",
            "conditions": [{
			    "type": "ability_enabled",
				"ability": "lucraftcore:energy_blast"}],
		    "commands": ["/superpowerxp 10 @s"],
		    "hidden": true
		},
		"neuroshock_beam_xp": {
            "ability": "lucraftcore:command_held",
            "cooldown": 0,
			"parent_ability": "neuroshock_beam",
            "show_in_bar": false,
            "title": {"text":"Neuroshock Beam XP"},
            "icon": {"type": "internal"},
            "bar_color": "light_gray",
            "conditions": [{
			    "type": "ability_enabled",
				"ability": "heroesexpansion:photon_blast"}],
		    "hidden": true,
		    "commands": ["/superpowerxp 10 @s"]
		},
		"radiation_protection": {
            "ability": "the-fifth-world:potion_immunity",
            "show_in_bar": false,
            "title": {"text":"Radiation Protection"},
            "icon": {"type": "internal"},
            "potion": "lucraftcore:radiation"
       },
        "tough_lungs": {
            "ability": "lucraftcore:tough_lungs",
            "show_in_bar": false,
            "title": {"translate":"lucraftcore.abilities.tough_lungs.name"},
            "icon": {"type": "internal"},
            "bar_color": "green"
       },
		"switch":{
			"ability": "lucraftcore:command",
			"show_in_bar": true,
			"cooldown": 0,
			"title": {"text":"Switch"},			
			"icon": {"type": "texture",
				"texture": "ben_ten:textures/gui/omnitrix/recal_activation.png"},
			"conditions": [{
			    "type": "lucraftcore:not", 
			        "conditions": [{
						"type": "lucraftcore:scoreboard_tag", 
						"tag": "ov"}]}],
			"commands": ["/superpower @s[score_Timer_min=1200,tag=af] ben_ten:aerophibian_switch",
			"/superpower @s[score_Timer_min=1200,tag=ua] ben_ten:U_aerophibian_switch",
			"execute @s[score_Timer=1199,score_Timer_min=0] ~ ~ ~ /tellraw @s {\"text\":\"Insufficient Power\",\"color\":\"green\"}"],
            "bar_color": "green",
			"hidden": true
		},
		"timer":{
			"ability": "lucraftcore:command_loop",
			"show_in_bar": false,
			"cooldown": 0,
			"title": {"text":"Timer"},			
			"icon": {"type": "texture",
				"texture": "ben_ten:textures/gui/omnitrix/recal_timeout.png"},
			"conditions": [{"type": "lucraftcore:not", 
			            "conditions": [{
						"type": "lucraftcore:scoreboard_tag", 
						"tag": "Master"}]}],
			"commands": ["superpowerxp 1 @s", 
			"scoreboard players remove @s Timer 1", 
			"execute @s[score_Timer=0,score_Timer_min=0,tag=af] ~ ~ ~ /superpower @s ben_ten:recalibratedomnitrix", 
			"execute @s[score_Timer=0,score_Timer_min=0] ~ ~ ~ /particle fallingdust ~ ~ ~ 1 1 1 0 3500 force @a 0133", 
			"execute @s[score_Timer=1,score_Timer_min=1,tag=af] ~ ~ ~ /playsound minecraft:custom.recalibratedhuman master @a ~ ~ ~", 
			"execute @s[score_Timer=0,score_Timer_min=0,tag=ov] ~ ~ ~ /superpower @s ben_ten:completedomnitrix", 
			"execute @s[score_Timer=30,score_Timer_min=30,tag=ov] ~ ~ ~ /playsound minecraft:custom.ov_timer master @a ~ ~ ~", 
			"execute @s[score_Timer=1,score_Timer_min=1,tag=ov] ~ ~ ~ /playsound minecraft:custom.ov_human master @a ~ ~ ~",			
			"execute @s[score_Timer=0,score_Timer_min=0,tag=ua] ~ ~ ~ /superpower @s ben_ten:ultimatrix", 
			"execute @s[score_Timer=0,score_Timer_min=0,tag=ua] ~ ~ ~ /playsound minecraft:custom.ultimatrixhuman master @a ~ ~ ~",
			"execute @s[score_Timer=0,score_Timer_min=0,tag=ua] ~ ~ ~ /particle fallingdust ~ ~ ~ 1 1 1 0 3500 force @a 0133",			
			"/effect @s minecraft:slowness 1 1 true"],
			"hidden": true
		},
		"death_state":{
			"ability": "lucraftcore:command_loop",
			"show_in_bar": false,
			"cooldown": 0,
			"title": {"text":"Death State"},			
			"icon": {"type": "texture",
				"texture": "ben_ten:textures/gui/omnitrix/recal_timeout.png"},
			"commands": ["execute @s[score_Health=0,score_Health_min=0,tag=af] ~ ~ ~ /superpower @s ben_ten:recalibratedomnitrix",
			"execute @s[score_Health=0,score_Health_min=0,tag=ua] ~ ~ ~ /superpower @s ben_ten:ultimatrix",
			"execute @s[score_Health=0,score_Health_min=0,tag=ov] ~ ~ ~ /superpower @s ben_ten:completedomnitrix"],
			"hidden": true
		},
		"base": {	
	        "ability": "lucraftcore:command",		
			"cooldown": 0,
            "show_in_bar": true,	
            "title": {"text":"Base Form"},
			"icon": {"type": "texture", "texture": "ben_ten:textures/gui/omnitrix/recal_omnitrix.png"},
            "bar_color": "green",
			"conditions": [{"type": "lucraftcore:not", 
			            "conditions": [{
						"type": "lucraftcore:scoreboard_tag", 
						"tag": "ov"}]}],
			"commands": ["execute @s[tag=af] ~ ~ ~ /superpower @s[tag=af] ben_ten:recalibratedomnitrix", 
			"execute @s[tag=af] ~ ~ ~ /playsound minecraft:custom.recalibratedhuman master @a ~ ~ ~",
			"execute @s[tag=ua] ~ ~ ~ /superpower @s ben_ten:ultimatrix",
			"execute @s[tag=ua] ~ ~ ~ /playsound minecraft:custom.ultimatrixhuman master @a ~ ~ ~",
			"/particle fallingdust ~ ~ ~ 1 1 1 0 3500 force @a 0133"]
		},
		"base_ov": {	
	        "ability": "lucraftcore:command",		
			"cooldown": 0,
            "show_in_bar": true,	
            "title": {"text":"Base Form"},
			"icon": {"type": "texture", "texture": "ben_ten:textures/gui/omnitrix/ov_trix_master.png"},
            "bar_color": "green",
			"conditions": [{
			    "type": "lucraftcore:scoreboard_tag",
				"tag": "ov"}],				
			"commands": ["execute @s[tag=ov] ~ ~ ~ /superpower @s ben_ten:completedomnitrix", 
			"execute @s[tag=ov] ~ ~ ~ /playsound minecraft:custom.ov_human master @a ~ ~ ~",
			"/particle fallingdust ~ ~ ~ 1 1 1 0 3500 force @a 0133"]
		}
	}
}
