{
	"name": {
		"text": "Amperi"
	},

	"icon": {
		"type": "texture",
		"texture": "ben_ten:textures/gui/omnitrix/amperi_activation.png"
	},

	"creative_tab": "ben10",
	
	"max_level": 40,
	
	"capsule_color": 3080117,
	
    "effects": [

        {
        "type": "skin_change",
        "texture": "ben_ten:textures/models/ben/amperi.png",
		"conditions": [            	
				{
            		"type": "ability_enabled",
					"ability": "lucraftcore:knockback_resistance"
            	}
			]
       },
		{
            "type": "skin_overlay",
            "texture": "ben_ten:textures/overlays/glow/amperi_glow.png",
            "size": 0,
            "glow": true,
            "conditions": [
            	{
            		"type": "always"
        		},
				{
            		"type": "ability_enabled",
					"ability": "lucraftcore:knockback_resistance"
            	}
        	]
       },
		{
        "type": "skin_change",
        "texture": "ben_ten:textures/models/ben/ov_amperi.png",
            "conditions": [            	
				{
            		"type": "ability_enabled",
					"ability": "lucraftcore:jump_boost"
            	}
			]
       },
		{
            "type": "skin_overlay",
            "texture": "ben_ten:textures/overlays/glow/ov_amperi_glow.png",
            "size": 0,
            "glow": true,
            "conditions": [
            	{
            		"type": "always"
            	},
				{
            		"type": "ability_enabled",
					"ability": "lucraftcore:jump_boost"
            	}
            ]
       },
		{
        	"type": "trail",
        	"trail_type": "lightnings",
        	"color": [0, 1, 1],
        	"use_suit_trail": false,
        	"conditions": [
        		{
				    "type": "ability_enabled",
					"ability": "lucraftcore:flight"
        		}
        	]
       },
		{
        	"type": "trail",
        	"trail_type": "electricity",
        	"color": [0, 1, 1],
        	"use_suit_trail": false,
        	"conditions": [
        		{
				    "type": "ability_enabled",
					"ability": "lucraftcore:flight"
        		}
        	]
       },
		{
        	"type": "flickering",
        	"color": [0, 1, 1],
        	"use_suit_flicker": false,
        	"conditions": [
        		{
				    "type": "ability_enabled",
					"ability": "lucraftcore:flight"
            	}
            ]
       }
    ],
	
	"abilities": {
	    "normal_size": {
			"ability": "lucraftcore:command_loop",
			"show_in_bar": false,
			"title": {"text": "Normal Size"},
			"icon": {"type": "internal"},
			"bar_color": "green",
			"commands": ["sizechange @s 1 lucraftcore:default"]
       },
		"knockback_resistance": {
            "ability": "lucraftcore:knockback_resistance",
            "show_in_bar": false,
            "title": {"translate":"lucraftcore.abilities.knockback_resistance.name"},
            "icon": {"type": "internal"},
            "bar_color": "light_gray",
			"conditions": [{
                        "type": "lucraftcore:or",
                            "conditions": [
                            {"type": "lucraftcore:scoreboard_tag",
                             "tag": "af"
                           },
                            {"type": "lucraftcore:scoreboard_tag",
                             "tag": "ua"
                           }]
                   }],
            "amount": 0.0,
            "operation": 0,
            "uuid": "0669d99d-b34d-40fc-a4d8-c7ee963cc842"
       },
		"version": {
            "ability": "lucraftcore:jump_boost",
            "show_in_bar": false,
            "title": {"translate":"lucraftcore.abilities.jump_boost.name"},
            "icon": {"type": "internal"},
            "bar_color": "light_gray",
            "amount": 0.0,
            "operation": 0, 
			"conditions": [{
			    "type": "lucraftcore:scoreboard_tag",
				"tag": "ov"}],
            "uuid": "0669d99d-b34d-40fc-a4d8-c7ee963cc842"
       },
		"radiation_protection": {
            "ability": "the-fifth-world:potion_immunity",
            "show_in_bar": false,
            "title": {"text":"Radiation Protection"},
            "icon": {"type": "internal"},
            "potion": "lucraftcore:radiation"
       },	
        "fall_resistance": {
			"ability": "lucraftcore:fall_resistance",
			"show_in_bar": false,
			"title": {"text":"Fall Resistance"},
			"amount": 200,
			"operation": 0,
			"uuid": "5c5cfbea-9f1b-42dd-b43c-d129733c4a75"
		},				
		"water_breathing": {
			"ability": "lucraftcore:command_loop",
            "show_in_bar": false,				
			"title": {"text":"Water Breathing"},
			"commands": ["/effect @s minecraft:water_breathing 1 0 true"],
			"icon": {"type": "internal"}
		},
        "electric_form": {			
			"ability": "lucraftcore:flight",			
			"icon": {"type": "texture",
				"texture": "ben_ten:textures/gui/omnitrix/electricity_form.png"},
            "cooldown": 0,			
            "show_in_bar": true,
            "title": {"text":"Electricity Form"},	
            "bar_color": "green",				
			"speed": 1.0,
            "sprint_speed": 2,
			"rotate_arms": false
		},
        "electric_camo": {			
			"ability": "lucraftcore:invisibility",
			"icon": {"type": "internal"},
			"parent_ability": "electric_form",
            "cooldown": 0,			
            "show_in_bar": false,
            "title": {"text":"Electricity Form"},	
            "bar_color": "green"		
		},
		"chain_shock":{
            "ability": "lucraftcore:command",
            "show_in_bar": true,
			"bar_color": "green",
            "cooldown": 120,
            "title": {"text":"Chain Shock"},
            "icon": {"type": "texture", "texture": "ben_ten:textures/gui/omnitrix/chainshock.png"},
            "commands": ["/cast ebwizardry:chain_lightning @p"],
            "hidden": true
	   },
		"zap":{
            "ability": "lucraftcore:command",
            "show_in_bar": true,
			"bar_color": "green",
            "cooldown": 0,
            "title": {"text":"Zap"},
            "icon": {"type": "texture", "texture": "ben_ten:textures/gui/omnitrix/amperi_zap.png"},
            "commands": ["/cast ebwizardry:arc @p"],
            "hidden": true
	   },
		"stun":{
            "ability": "lucraftcore:command",
            "show_in_bar": true,
			"bar_color": "green",
            "cooldown": 100,
            "title": {"text":"Stun Shock"},
            "icon": {"type": "texture", "texture": "ben_ten:textures/gui/omnitrix/stunshock.png"},
            "commands": ["/cast ebwizardry:paralysis @p"],
            "hidden": true
		},
		"redstone_form":{
			"ability": "lucraftcore:command",
			"show_in_bar": true,
			"bar_color": "green",
			"cooldown": 0,
			"title": {"text":"Redstone Travel"},			
			"icon": {"type": "texture",
				"texture": "ben_ten:textures/gui/omnitrix/redstonetravel.png"},
			"commands": ["execute @s ~ ~ ~ detect ~1 ~ ~ redstone_wire 0 superpower @s ben_ten:amperi_x", 
			"execute @s ~ ~ ~ detect ~-1 ~ ~ redstone_wire 0 superpower @s ben_ten:amperi_x_minus", 
			"execute @s ~ ~ ~ detect ~ ~ ~1 redstone_wire 0 superpower @s ben_ten:amperi_z", 
			"execute @s ~ ~ ~ detect ~ ~ ~-1 redstone_wire 0 superpower @s ben_ten:amperi_z_minus"],
			"hidden": true
		},
		"timer":{
			"ability": "lucraftcore:command_loop",
			"show_in_bar": false,
			"cooldown": 0,
			"title": {"text":"Timer"},			
			"icon": {"type": "texture",
				"texture": "ben_ten:textures/gui/omnitrix/recal_timeout.png"},
			"conditions": [{"type": "lucraftcore:not", 
			            "conditions": [{
						"type": "lucraftcore:scoreboard_tag", 
						"tag": "Master"}]}],
			"commands": ["superpowerxp 1 @s", 
			"scoreboard players remove @s Timer 1", 
			"execute @s[score_Timer=0,score_Timer_min=0] ~ ~ ~ /particle fallingdust ~ ~ ~ 1 1 1 0 3500 force @a 0133", 
			"execute @s[score_Timer=0,score_Timer_min=0,tag=ov] ~ ~ ~ /superpower @s ben_ten:completedomnitrix", 
			"execute @s[score_Timer=30,score_Timer_min=30,tag=ov] ~ ~ ~ /playsound minecraft:custom.ov_timer master @a ~ ~ ~", 
			"execute @s[score_Timer=1,score_Timer_min=1,tag=ov] ~ ~ ~ /playsound minecraft:custom.ov_human master @a ~ ~ ~",			
			"execute @s[score_Timer=0,score_Timer_min=0,tag=ua] ~ ~ ~ /superpower @s ben_ten:ultimatrix", 
			"execute @s[score_Timer=0,score_Timer_min=0,tag=ua] ~ ~ ~ /playsound minecraft:custom.ultimatrixhuman master @a ~ ~ ~",
			"execute @s[score_Timer=0,score_Timer_min=0,tag=ua] ~ ~ ~ /particle fallingdust ~ ~ ~ 1 1 1 0 3500 force @a 0133"],
			"hidden": true
		},
		"death_state":{
			"ability": "lucraftcore:command_loop",
			"show_in_bar": false,
			"cooldown": 0,
			"title": {"text":"Death State"},			
			"icon": {"type": "texture",
				"texture": "ben_ten:textures/gui/omnitrix/recal_timeout.png"},
			"commands": ["execute @s[score_Health=0,score_Health_min=0,tag=af] ~ ~ ~ /superpower @s ben_ten:recalibratedomnitrix",
			"execute @s[score_Health=0,score_Health_min=0,tag=ua] ~ ~ ~ /superpower @s ben_ten:ultimatrix",
			"execute @s[score_Health=0,score_Health_min=0,tag=ov] ~ ~ ~ /superpower @s ben_ten:completedomnitrix"],
			"hidden": true
		},
		"base": {	
	        "ability": "lucraftcore:command",		
			"cooldown": 0,
            "show_in_bar": true,	
            "title": {"text":"Base Form"},
			"icon": {"type": "texture", "texture": "ben_ten:textures/gui/omnitrix/recal_omnitrix.png"},
            "bar_color": "green",
			"conditions": [{"type": "lucraftcore:not", 
			            "conditions": [{
						"type": "lucraftcore:scoreboard_tag", 
						"tag": "ov"}]}],
			"commands": ["execute @s[tag=ua] ~ ~ ~ /superpower @s ben_ten:ultimatrix",
			"execute @s[tag=ua] ~ ~ ~ /playsound minecraft:custom.ultimatrixhuman master @a ~ ~ ~",
			"/particle fallingdust ~ ~ ~ 1 1 1 0 3500 force @a 0133"]
		},
		"base_ov": {	
	        "ability": "lucraftcore:command",		
			"cooldown": 0,
            "show_in_bar": true,	
            "title": {"text":"Base Form"},
			"icon": {"type": "texture", "texture": "ben_ten:textures/gui/omnitrix/ov_trix_master.png"},
            "bar_color": "green",
			"conditions": [{
			    "type": "lucraftcore:scoreboard_tag",
				"tag": "ov"}],				
			"commands": ["execute @s[tag=ov] ~ ~ ~ /superpower @s ben_ten:completedomnitrix", 
			"execute @s[tag=ov] ~ ~ ~ /playsound minecraft:custom.ov_human master @a ~ ~ ~",
			"/particle fallingdust ~ ~ ~ 1 1 1 0 3500 force @a 0133"]
		}
	}	
}
