{
	"name": {
		"text": "Arachnichimp"
	},

	"icon": {
		"type": "texture",
		"texture": "ben_ten:textures/gui/omnitrix/arachnichimp_activation.png"
	},

	"creative_tab": "ben10",
	
	"max_level": 40,
	
	"capsule_color": 3080117,
	
    "effects": [

        {
        "type": "skin_change",
        "texture": "ben_ten:textures/models/ben/arachnichimp.png",
		"conditions": [            	
				{
            		"type": "ability_enabled",
					"ability": "lucraftcore:knockback_resistance"
            	}
			]
       },
		{
            "type": "skin_overlay",
            "texture": "ben_ten:textures/overlays/glow/arachnichimp_glow.png",
            "size": 0,
            "glow": true,
            "conditions": [
            	{
            		"type": "always"
            	},
				{
            		"type": "ability_enabled",
					"ability": "lucraftcore:knockback_resistance"
            	}
            ]
       },
		{
        "type": "skin_change",
        "texture": "ben_ten:textures/models/ben/ov_arachnichimp.png",
            "conditions": [            	
				{
            		"type": "ability_enabled",
					"ability": "lucraftcore:step_assist"
            	}
			]
       },
		{
            "type": "skin_overlay",
            "texture": "ben_ten:textures/overlays/glow/ov_arachnichimp_glow.png",
            "size": 0,
            "glow": true,
            "conditions": [
            	{
            		"type": "always"
            	},
				{
            		"type": "ability_enabled",
					"ability": "lucraftcore:step_assist"
            	}
            ]
       }
    ],
	
	"abilities": {
		"toggle_jump": {
            "ability": "lucraftcore:toggle_power",
            "cooldown": 0,
            "show_in_bar": true,
            "title": {"text":"Toggle Jump"},
            "icon": {"type": "texture", "texture": "ben_ten:textures/gui/omnitrix/jump.png"},
            "bar_color": "green"
       },
		"size": {
		    "hidden": true,
			"ability": "lucraftcore:command_loop",
			"show_in_bar": false,
			"title": {"text": "Size"},
			"icon": {"type": "texture", "texture": "ben_ten:textures/gui/omnitrix/omnitrix.png"},
			"bar_color": "light_gray",
			"commands": ["sizechange @s 0.8 lucraftcore:default"]
       },	
		"knockback_resistance": {
            "ability": "lucraftcore:knockback_resistance",
            "show_in_bar": false,
            "title": {"translate":"lucraftcore.abilities.knockback_resistance.name"},
            "icon": {"type": "internal"},
            "bar_color": "light_gray",
			"conditions": [{
                        "type": "lucraftcore:or",
                            "conditions": [
                            {"type": "lucraftcore:scoreboard_tag",
                             "tag": "af"
                           },
                            {"type": "lucraftcore:scoreboard_tag",
                             "tag": "ua"
                           }]
                   }],
            "amount": 0.0,
            "operation": 0,
            "uuid": "0669d99d-b34d-40fc-a4d8-c7ee963cc842"
       },
		"step_assist": {
            "ability": "lucraftcore:step_assist",
            "show_in_bar": false,
            "title": {"translate":"lucraftcore.abilities.step_assist.name"},
            "icon": {"type": "internal"},
            "bar_color": "light_gray",
            "amount": 0.0,
            "operation": 0,
			"conditions": [{
			    "type": "lucraftcore:scoreboard_tag",
				"tag": "ov"}],
            "uuid": "0669d99d-b34d-40fc-a4d8-c7ee963cc842"
       },	
		"radiation_protection": {
            "ability": "the-fifth-world:potion_immunity",
            "show_in_bar": false,
            "title": {"text":"Radiation Protection"},
            "icon": {"type": "internal"},
            "potion": "lucraftcore:radiation"
       },
		"wall_crawling": {
            "ability": "heroesexpansion:wall_crawling",
            "cooldown": 0,
            "show_in_bar": true,
            "title": {"translate":"heroesexpansion.abilities.wall_crawling.name"},
            "icon": {"type": "internal"},
            "bar_color": "green"
       },
		"wall_crawling_xp": {
            "ability": "lucraftcore:command",
            "cooldown": 0,
			"parent_ability": "wall_crawling",
            "show_in_bar": false,
            "title": {"text":"Wall Crawling XP"},
            "icon": {"type": "internal"},
            "bar_color": "light_gray",
            "conditions": [{
			    "type": "ability_enabled",
				"ability": "heroesexpansion:wall_crawling"}],
		    "commands": ["/superpowerxp 50 @s"],
		    "hidden": true
		},
		"health": {		
			"ability": "lucraftcore:health",			
            "show_in_bar": false,		
            "title": {"text":"Health"},					
			"amount": 5,
			"operation": 0,
			"uuid": "5c5cfbea-9f1b-42dd-b43c-d129733c4a75"		
		},
		"strength": {	
			"ability": "lucraftcore:strength",				
            "show_in_bar": false,		
            "title": {"text":"Strength"},							
			"amount": 8,
			"operation": 0,
			"uuid": "5c5cfbea-9f1b-42dd-b43c-d129733c4a75"			
		},
		"fall_resistance": {
			"ability": "lucraftcore:fall_resistance",
			"show_in_bar": false,
			"title": {"text":"Fall Resistance"},
			"amount": 200,
			"operation": 0,
			"uuid": "5c5cfbea-9f1b-42dd-b43c-d129733c4a75"
		},
		"jump": {
			"ability": "lucraftcore:jump_boost",			
            "show_in_bar": false,
			"required_ability": "toggle_jump",		
            "title": {"text":"Jump Boost "},									
			"amount": 12,
			"operation": 0,
			"uuid": "5c5cfbea-9f1b-42dd-b43c-d129733c4a75"	
		},
		"sprint": {
			"ability": "lucraftcore:sprint",			
            "show_in_bar": false,		
            "title": {"text":"Speed"},										
			"amount": 0.9,
			"operation": 0,
			"uuid": "5c5cfbea-9f1b-42dd-b43c-d129733c4a75"							
		},
		"webbing":{
            "ability": "lucraftcore:command",
            "show_in_bar": true,
			"bar_color": "green",
            "cooldown": 0,
            "title": {"text":"Webbing"},
            "icon": {"type": "texture", "texture": "ben_ten:textures/gui/omnitrix/webbing.png"},
            "commands": ["/cast ebwizardry:cobwebs @p"],
            "hidden": true						
		},
		"ultimate": {	
	        "ability": "lucraftcore:command",		
			"cooldown": 0,
            "show_in_bar": true,	
            "title": {"text":"Ultimate Arachnichimp"},
			"icon": {"type": "texture", "texture": "ben_ten:textures/gui/omnitrix/ultimatrix.png"},
            "bar_color": "green",
			"conditions": [{"type": "lucraftcore:scoreboard_tag", 
			                "tag": "ua"}],				
			"commands": ["/superpower @s ben_ten:ultimate_arachnichimp",			
			"playsound minecraft:custom.ultimate master @a ~ ~ ~", 
			"/particle fallingdust ~ ~ ~ 1 1 1 0 3500 force @a 0133"]
		},
		"switch":{
			"ability": "lucraftcore:command",
			"show_in_bar": true,
			"cooldown": 0,
			"title": {"text":"Switch"},			
			"icon": {"type": "texture",
				"texture": "ben_ten:textures/gui/omnitrix/recal_activation.png"},
			"commands": ["/superpower @s[score_Timer_min=1200,tag=af] ben_ten:arachnichimp_switch",
			"/superpower @s[score_Timer_min=1200,tag=ua] ben_ten:U_arachnichimp_switch",
			"execute @s[score_Timer=1199,score_Timer_min=0] ~ ~ ~ /tellraw @s {\"text\":\"Insufficient Power\",\"color\":\"green\"}"],
			"conditions": [{"type": "lucraftcore:not", 
			            "conditions": [{
						"type": "lucraftcore:scoreboard_tag", 
						"tag": "ov"}]}],
            "bar_color": "green",
			"hidden": true
		},
		"timer":{
			"ability": "lucraftcore:command_loop",
			"show_in_bar": false,
			"cooldown": 0,
			"title": {"text":"Timer"},			
			"icon": {"type": "texture",
				"texture": "ben_ten:textures/gui/omnitrix/recal_timeout.png"},
			"conditions": [{"type": "lucraftcore:not", 
			            "conditions": [{
						"type": "lucraftcore:scoreboard_tag", 
						"tag": "Master"}]}],
			"commands": ["superpowerxp 1 @s", 
			"scoreboard players remove @s Timer 1", 
			"execute @s[score_Timer=0,score_Timer_min=0,tag=af] ~ ~ ~ /superpower @s ben_ten:recalibratedomnitrix", 
			"execute @s[score_Timer=0,score_Timer_min=0] ~ ~ ~ /particle fallingdust ~ ~ ~ 1 1 1 0 3500 force @a 0133", 
			"execute @s[score_Timer=1,score_Timer_min=1,tag=af] ~ ~ ~ /playsound minecraft:custom.recalibratedhuman master @a ~ ~ ~", 
			"execute @s[score_Timer=0,score_Timer_min=0,tag=ov] ~ ~ ~ /superpower @s ben_ten:completedomnitrix", 
			"execute @s[score_Timer=30,score_Timer_min=30,tag=ov] ~ ~ ~ /playsound minecraft:custom.ov_timer master @a ~ ~ ~", 
			"execute @s[score_Timer=1,score_Timer_min=1,tag=ov] ~ ~ ~ /playsound minecraft:custom.ov_human master @a ~ ~ ~",			
			"execute @s[score_Timer=0,score_Timer_min=0,tag=ua] ~ ~ ~ /superpower @s ben_ten:ultimatrix",  
			"execute @s[score_Timer=0,score_Timer_min=0,tag=ua] ~ ~ ~ /playsound minecraft:custom.ultimatrixhuman master @a ~ ~ ~",
			"execute @s[score_Timer=0,score_Timer_min=0,tag=ua] ~ ~ ~ /particle fallingdust ~ ~ ~ 1 1 1 0 3500 force @a 0133"],
			"hidden": true
		},
		"death_state":{
			"ability": "lucraftcore:command_loop",
			"show_in_bar": false,
			"cooldown": 0,
			"title": {"text":"Death State"},			
			"icon": {"type": "texture",
				"texture": "ben_ten:textures/gui/omnitrix/recal_timeout.png"},
			"commands": ["execute @s[score_Health=0,score_Health_min=0,tag=os] ~ ~ ~ /superpower @s ben_ten:prototypeomnitrix",
			"execute @s[score_Health=0,score_Health_min=0,tag=af] ~ ~ ~ /superpower @s ben_ten:recalibratedomnitrix",
			"execute @s[score_Health=0,score_Health_min=0,tag=ua] ~ ~ ~ /superpower @s ben_ten:ultimatrix",
			"execute @s[score_Health=0,score_Health_min=0,tag=ov] ~ ~ ~ /superpower @s ben_ten:completedomnitrix"],
			"hidden": true
		},
		"base": {	
	        "ability": "lucraftcore:command",		
			"cooldown": 0,
            "show_in_bar": true,	
            "title": {"text":"Base Form"},
			"icon": {"type": "texture", "texture": "ben_ten:textures/gui/omnitrix/recal_omnitrix.png"},
            "bar_color": "green",
			"conditions": [{"type": "lucraftcore:not", 
			            "conditions": [{
						"type": "lucraftcore:scoreboard_tag", 
						"tag": "ov"}]}],
			"commands": ["execute @s[tag=af] ~ ~ ~ /superpower @s[tag=af] ben_ten:recalibratedomnitrix", 
			"execute @s[tag=af] ~ ~ ~ /playsound minecraft:custom.recalibratedhuman master @a ~ ~ ~",
			"execute @s[tag=ua] ~ ~ ~ /superpower @s ben_ten:ultimatrix",
			"execute @s[tag=ua] ~ ~ ~ /playsound minecraft:custom.ultimatrixhuman master @a ~ ~ ~",
			"/particle fallingdust ~ ~ ~ 1 1 1 0 3500 force @a 0133"]
		},
		"base_ov": {	
	        "ability": "lucraftcore:command",		
			"cooldown": 0,
            "show_in_bar": true,	
            "title": {"text":"Base Form"},
			"icon": {"type": "texture", "texture": "ben_ten:textures/gui/omnitrix/ov_trix_master.png"},
            "bar_color": "green",
			"conditions": [{
			    "type": "lucraftcore:scoreboard_tag",
				"tag": "ov"}],				
			"commands": ["execute @s[tag=ov] ~ ~ ~ /superpower @s ben_ten:completedomnitrix", 
			"execute @s[tag=ov] ~ ~ ~ /playsound minecraft:custom.ov_human master @a ~ ~ ~",
			"/particle fallingdust ~ ~ ~ 1 1 1 0 3500 force @a 0133"]
		}
	}
}