{
	"name": {
		"text": "Arburian Pelarota"
	},

	"icon": {
		"type": "texture",
		"texture": "ben_ten:textures/gui/omnitrix/arburian_pelarota_activation_os.png"
	},

	"creative_tab": "ben10",
	
	"max_level": 40,
	
	"capsule_color": 3080117,
	
    "effects": [
        {
            "type": "skin_change",
            "texture": "ben_ten:textures/models/ben/arburian_pelarota.png"
       },
		{
        "type": "skin_change",
        "texture": "ben_ten:textures/models/ben/recalibrated/r_arburian_pelarota.png",
            "conditions": [            	
				{
            		"type": "ability_enabled",
					"ability": "lucraftcore:knockback_resistance"
            	}
			]
       },
		{
            "type": "skin_overlay",
            "texture": "ben_ten:textures/overlays/glow/recalibrated/r_arburian_pelarota_glow.png",
            "size": 0,
            "glow": true,
            "conditions": [
            	{
            		"type": "always"
            	},
				{
            		"type": "ability_enabled",
					"ability": "lucraftcore:knockback_resistance"
            	}
            ]
       },
		{
        "type": "skin_change",
        "texture": "ben_ten:textures/models/ben/ov_arburian_pelarota.png",
            "conditions": [            	
				{
            		"type": "ability_enabled",
					"ability": "lucraftcore:step_assist"
            	}
			]
       },
		{
            "type": "skin_overlay",
            "texture": "ben_ten:textures/overlays/glow/ov_arburian_pelarota_glow.png",
            "size": 0,
            "glow": true,
            "conditions": [
            	{
            		"type": "always"
            	},
				{
            		"type": "ability_enabled",
					"ability": "lucraftcore:step_assist"
            	}
            ]
       }
    ],
	
	"abilities": {
	    "size": {	
	        "ability": "lucraftcore:command_loop",		
			"cooldown": 0,
            "show_in_bar": false,	
            "title": {"text":"Size"},
			"icon": {"type": "texture", "texture": "ben_ten:textures/gui/omnitrix/omnitrix.png"},				
			"commands": ["sizechange @s 1.5 lucraftcore:default", "/effect @s minecraft:slowness 1 1 true"],
            "hidden": true
		},
		"step": {
            "ability": "lucraftcore:step_assist",
            "show_in_bar": false,
            "title": {"translate":"lucraftcore.abilities.step_assist.name"},
            "icon": {"type": "internal"},
            "bar_color": "light_gray",
            "amount": 0.0,
            "operation": 0,
			"conditions": [{
			    "type": "lucraftcore:scoreboard_tag",
				"tag": "ov"}],
            "uuid": "0669d99d-b34d-40fc-a4d8-c7ee963cc842"
       },
		"knockback_resistance": {
            "ability": "lucraftcore:knockback_resistance",
            "show_in_bar": false,
            "title": {"translate":"lucraftcore.abilities.knockback_resistance.name"},
            "icon": {"type": "internal"},
            "bar_color": "light_gray",
			"conditions": [{
                        "type": "lucraftcore:or",
                            "conditions": [
                            {"type": "lucraftcore:scoreboard_tag",
                             "tag": "af"
                           },
                            {"type": "lucraftcore:scoreboard_tag",
                             "tag": "ua"
                           }]
                   }],
            "amount": 0.0,
            "operation": 0,
            "uuid": "0669d99d-b34d-40fc-a4d8-c7ee963cc842"
       },
		"radiation_protection": {
            "ability": "the-fifth-world:potion_immunity",
            "show_in_bar": false,
            "title": {"text":"Radiation Protection"},
            "icon": {"type": "internal"},
            "potion": "lucraftcore:radiation"
       },
		"health": {		
			"ability": "lucraftcore:health",			
            "show_in_bar": false,		
            "title": {"text":"Health"},					
			"amount": 10,
			"operation": 0,
			"uuid": "5c5cfbea-9f1b-42dd-b43c-d129733c4a75"		
		},
		"strength": {	
			"ability": "lucraftcore:strength",				
            "show_in_bar": false,		
            "title": {"text":"Strength"},						
			"amount": 10,
			"operation": 0,
			"uuid": "5c5cfbea-9f1b-42dd-b43c-d129733c4a75"			
		},
		"defense": {
			"ability": "lucraftcore:resistance",
			"parent_ability": "ball_form",
            "show_in_bar": false,		
            "title": {"text":"Resistance"},
			"amount": 30,
			"operation": 0,
			"uuid": "5c5cfbea-9f1b-42dd-b43c-d129733c4a75"
		},
		"fall_resistance": {
			"ability": "lucraftcore:fall_resistance",
			"parent_ability": "ball_form",
			"show_in_bar": false,
			"title": {"text":"Fall Resistance"},
			"amount": 200,
			"operation": 0,
			"uuid": "5c5cfbea-9f1b-42dd-b43c-d129733c4a75"
		},
	    "ball_form": {	
	        "ability": "lucraftcore:command",		
			"cooldown": 0,
            "show_in_bar": true,	
            "title": {"text":"Ball Form"},
			"icon": {"type": "texture", "texture": "ben_ten:textures/gui/omnitrix/ball_form.png"},
            "bar_color": "green",				
			"command": ["/superpower @s ben_ten:ap_ball_form"],
            "hidden": true
		},
		"ultimate": {	
	        "ability": "lucraftcore:command",		
			"cooldown": 0,
            "show_in_bar": true,	
            "title": {"text":"Ultimate Arburian Pelarota"},
			"icon": {"type": "texture", "texture": "ben_ten:textures/gui/omnitrix/ultimatrix.png"},
            "bar_color": "green",
			"conditions": [{"type": "lucraftcore:scoreboard_tag", 
			                "tag": "ua"}],				
			"commands": ["/superpower @s ben_ten:ultimate_arburian_pelarota",			
			"playsound minecraft:custom.ultimate master @a ~ ~ ~", 
			"/particle fallingdust ~ ~ ~ 1 1 1 0 3500 force @a 0133"]
		},
		"switch":{
			"ability": "lucraftcore:command",
			"show_in_bar": true,
			"cooldown": 0,
			"title": {"text":"Switch"},			
			"icon": {"type": "texture",
				"texture": "ben_ten:textures/gui/omnitrix/recal_activation.png"},
			"conditions": [{
                        "type": "lucraftcore:or",
                            "conditions": [
                            {"type": "lucraftcore:scoreboard_tag",
                             "tag": "af"
                           },
                            {"type": "lucraftcore:scoreboard_tag",
                             "tag": "ua"
                           }]
                   }],
			"commands": ["/superpower @s[score_Timer_min=1200,tag=af] ben_ten:arburian_pelarota_switch",
			"/superpower @s[score_Timer_min=1200,tag=ua] ben_ten:U_arburian_pelarota_switch",
			"execute @s[score_Timer=1199,score_Timer_min=0] ~ ~ ~ /tellraw @s {\"text\":\"Insufficient Power\",\"color\":\"green\"}"],
			"bar_color": "green",
			"hidden": true
		},
		"timer":{
			"ability": "lucraftcore:command_loop",
			"show_in_bar": false,
			"cooldown": 0,
			"title": {"text":"Timer"},			
			"icon": {"type": "texture",
				"texture": "ben_ten:textures/gui/omnitrix/redomnitrix.png"},
			"conditions": [{"type": "lucraftcore:not", 
			            "conditions": [{
						"type": "lucraftcore:scoreboard_tag", 
						"tag": "Master"}]}],
			"commands": ["superpowerxp 1 @s", 
			"scoreboard players remove @s Timer 1", 
			"execute @s[score_Timer=0,score_Timer_min=0,tag=os] ~ ~ ~ /superpower @s ben_ten:prototypeomnitrix", 
			"execute @s[score_Timer=0,score_Timer_min=0,tag=os] ~ ~ ~ /particle reddust ~ ~ ~ 1 1 1 0 7000", 
			"execute @s[score_Timer=60,score_Timer_min=60,tag=os] ~ ~ ~ /playsound minecraft:custom.timeout master @a ~ ~ ~", 
			"execute @s[score_Timer=60,score_Timer_min=60,tag=os] ~ ~ ~ /superpower @s ben_ten:arburian_pelarota_t", 
			"execute @s[score_Timer=40,score_Timer_min=40,tag=os] ~ ~ ~ /superpower @s ben_ten:arburian_pelarota_t", 
			"execute @s[score_Timer=20,score_Timer_min=20,tag=os] ~ ~ ~ /superpower @s ben_ten:arburian_pelarota_t",   
			"execute @s[score_Timer=1,score_Timer_min=1,tag=os] ~ ~ ~ /playsound minecraft:custom.transform master @a ~ ~ ~", 
			"execute @s[score_Timer=0,score_Timer_min=0,tag=af] ~ ~ ~ /superpower @s ben_ten:recalibratedomnitrix", 
			"execute @s[score_Timer=0,score_Timer_min=0] ~ ~ ~ /particle fallingdust ~ ~ ~ 1 1 1 0 3500 force @a 0133", 
			"execute @s[score_Timer=1,score_Timer_min=1,tag=af] ~ ~ ~ /playsound minecraft:custom.recalibratedhuman master @a ~ ~ ~", 
			"execute @s[score_Timer=0,score_Timer_min=0,tag=ov] ~ ~ ~ /superpower @s ben_ten:completedomnitrix", 
			"execute @s[score_Timer=30,score_Timer_min=30,tag=ov] ~ ~ ~ /playsound minecraft:custom.ov_timer master @a ~ ~ ~", 
			"execute @s[score_Timer=1,score_Timer_min=1,tag=ov] ~ ~ ~ /playsound minecraft:custom.ov_human master @a ~ ~ ~",			
			"execute @s[score_Timer=0,score_Timer_min=0,tag=ua] ~ ~ ~ /superpower @s ben_ten:ultimatrix", 
			"execute @s[score_Timer=0,score_Timer_min=0,tag=ua] ~ ~ ~ /playsound minecraft:custom.ultimatrixhuman master @a ~ ~ ~", 
			"execute @s[score_Timer=0,score_Timer_min=0,tag=ua] ~ ~ ~ /particle fallingdust ~ ~ ~ 1 1 1 0 3500 force @a 0133"],
			"hidden": true
		},
		"death_state":{
			"ability": "lucraftcore:command_loop",
			"show_in_bar": false,
			"cooldown": 0,
			"title": {"text":"Death State"},			
			"icon": {"type": "texture",
				"texture": "ben_ten:textures/gui/omnitrix/recal_timeout.png"},
			"commands": ["execute @s[score_Health=0,score_Health_min=0,tag=os] ~ ~ ~ /superpower @s ben_ten:prototypeomnitrix",
			"execute @s[score_Health=0,score_Health_min=0,tag=af] ~ ~ ~ /superpower @s ben_ten:recalibratedomnitrix",
			"execute @s[score_Health=0,score_Health_min=0,tag=ua] ~ ~ ~ /superpower @s ben_ten:ultimatrix",
			"execute @s[score_Health=0,score_Health_min=0,tag=ov] ~ ~ ~ /superpower @s ben_ten:completedomnitrix"],
			"hidden": true
		},
		"master_base": {	
	        "ability": "lucraftcore:command",		
			"cooldown": 0,
            "show_in_bar": true,	
            "title": {"text":"Base Form"},
			"icon": {"type": "texture", "texture": "ben_ten:textures/gui/omnitrix/omnitrix.png"},
			"conditions": [{"type": "lucraftcore:scoreboard_tag", 
			                "tag": "Master"},
							{"type": "lucraftcore:scoreboard_tag", 
			                "tag": "os"}],
            "bar_color": "green",				
			"commands": ["execute @s[tag=os] ~ ~ ~ /superpower @s ben_ten:prototypeomnitrix", 
			"execute @s[tag=os] ~ ~ ~ /playsound minecraft:custom.transform master @a ~ ~ ~", 
			"execute @s[tag=os] ~ ~ ~ /particle fallingdust ~ ~ ~ 1 1 1 0 3500 force @a 0133"]
		},
		"base_os": {	
	        "ability": "lucraftcore:command",
			"required_level": 30,		
			"cooldown": 0,
            "show_in_bar": true,	
            "title": {"text":"Base Form"},
			"icon": {"type": "texture", "texture": "ben_ten:textures/gui/omnitrix/omnitrix.png"},
			"conditions": [{"type": "lucraftcore:scoreboard_tag", 
			                "tag": "os"},
							{"type": "lucraftcore:not", 
			                    "conditions": [{
						        "type": "lucraftcore:scoreboard_tag", 
						        "tag": "Master"}]}],
            "bar_color": "green",				
			"commands": ["execute @s[tag=os] ~ ~ ~ /superpower @s ben_ten:prototypeomnitrix", 
			"execute @s[tag=os] ~ ~ ~ /playsound minecraft:custom.transform master @a ~ ~ ~", 
			"execute @s[tag=os] ~ ~ ~ /particle fallingdust ~ ~ ~ 1 1 1 0 3500 force @a 0133"]
		},
		"base_af": {	
	        "ability": "lucraftcore:command",		
			"cooldown": 0,
            "show_in_bar": true,	
            "title": {"text":"Base Form"},
			"icon": {"type": "texture", "texture": "ben_ten:textures/gui/omnitrix/recal_omnitrix.png"},
            "bar_color": "green",			
			"conditions": [{
                        "type": "lucraftcore:or",
                            "conditions": [
                            {"type": "lucraftcore:scoreboard_tag",
                             "tag": "af"
                           },
                            {"type": "lucraftcore:scoreboard_tag",
                             "tag": "ua"
                           }]
                   }],			
			"commands": ["execute @s[tag=af] ~ ~ ~ /superpower @s[tag=af] ben_ten:recalibratedomnitrix", 
			"execute @s[tag=af] ~ ~ ~ /playsound minecraft:custom.recalibratedhuman master @a ~ ~ ~",
			"execute @s[tag=ua] ~ ~ ~ /superpower @s ben_ten:ultimatrix",
			"execute @s[tag=ua] ~ ~ ~ /playsound minecraft:custom.ultimatrixhuman master @a ~ ~ ~",
			"execute @s[tag=os] ~ ~ ~ /superpower @s ben_ten:prototypeomnitrix", 
			"execute @s[tag=os] ~ ~ ~ /playsound minecraft:custom.transform master @a ~ ~ ~",
			"/particle fallingdust ~ ~ ~ 1 1 1 0 3500 force @a 0133"]
		},
		"base_ov": {	
	        "ability": "lucraftcore:command",		
			"cooldown": 0,
            "show_in_bar": true,	
            "title": {"text":"Base Form"},
			"icon": {"type": "texture", "texture": "ben_ten:textures/gui/omnitrix/ov_trix_master.png"},
            "bar_color": "green",
			"conditions": [{
			    "type": "lucraftcore:scoreboard_tag",
				"tag": "ov"}],				
			"commands": ["execute @s[tag=ov] ~ ~ ~ /superpower @s ben_ten:completedomnitrix", 
			"execute @s[tag=ov] ~ ~ ~ /playsound minecraft:custom.ov_human master @a ~ ~ ~",
			"/particle fallingdust ~ ~ ~ 1 1 1 0 3500 force @a 0133"]
		}
	}
}
