{
	"name": {
		"text": "Celestialsapien"
	},

	"icon": {
		"type": "texture",
		"texture": "ben_ten:textures/gui/omnitrix/recal_omnitrix.png"
	},

	"creative_tab": "ben10",
	
	"max_level": 40,
	
	"capsule_color": 3080117,
	
    "effects": [
        {
        	"type": "skin_change",
        	"texture": "ben_ten:textures/models/ben/celestialsapien.png"
        },
		{
            "type": "skin_overlay",
            "texture": "ben_ten:textures/overlays/glow/celestialsapien_glow.png",
            "size": 0,
            "glow": true,
            "conditions": [
            	{
            		"type": "always"
            	}
            ]
        },
        {
        	"type": "hud",
        	"texture": "ben_ten:textures/hud/bellicus_and_serena.png"
        }
    ],
	
	"abilities": {
		"size": {
		    "hidden": true,
			"ability": "lucraftcore:command_loop",
			"show_in_bar": false,
			"title": {"text": "Size"},
			"icon": { "type": "texture", "texture": "ben_ten:textures/gui/omnitrix/omnitrix.png" },
			"bar_color": "light_gray",
			"commands": ["superpowerxp 1 @s", 
			"sizechange @s 1 lucraftcore:default"]
        },
		"radiation_protection": {
            "ability": "the-fifth-world:potion_immunity",
            "show_in_bar": false,
            "title": {"text":"Radiation Protection"},
            "icon": { "type": "internal" },
            "potion": "lucraftcore:radiation"
        },
        "tough_lungs": {
            "ability": "lucraftcore:tough_lungs",
            "show_in_bar": false,
            "title": {"translate":"lucraftcore.abilities.tough_lungs.name"},
            "icon": { "type": "internal" },
            "bar_color": "green"
        },
		"time_of_decision": {
		    "hidden": true,
			"ability": "lucraftcore:command_loop",
			"show_in_bar": false,
			"title": {"text": "Choice Value"},
			"icon": { "type": "texture", "texture": "ben_ten:textures/gui/omnitrix/celestialsapien_activation.png" },
			"bar_color": "light_gray",
			"commands": ["scoreboard players add @s Choice 1", 
			"execute @s[score_Choice_min=600,score_Choice=600] ~ ~ ~ /superpower @s ben_ten:celestialsapien_new", 
			"sizechange @s 1 lucraftcore:default"]
        },
		"celestialsapien_resistance": {
			"ability": "lucraftcore:command_loop",
			"show_in_bar": false,
			"title": {"translate":"lucraftcore.abilities.command.name"},
			"icon": { "type": "internal" },
			"bar_color": "light_gray",
			"commands": ["/effect @s resistance 1 255 true"]
		},
		"fall_resistance": {
			"ability": "lucraftcore:fall_resistance",
			"show_in_bar": false,
			"title": {"text":"Fall Resistance"},
			"amount": 2000,
			"operation": 0,
			"uuid": "5c5cfbea-9f1b-42dd-b43c-d129733c4a75"
		},
		"knockback_resistance": {
            "ability": "lucraftcore:knockback_resistance",
            "show_in_bar": false,
            "title": {"translate":"lucraftcore.abilities.knockback_resistance.name"},
            "icon": { "type": "internal" },
            "bar_color": "light_gray",
            "amount": 500.0,
            "operation": 0,
            "uuid": "0669d99d-b34d-40fc-a4d8-c7ee963cc842"
        },
		"no_moving": {
			"ability": "lucraftcore:command_loop",
			"show_in_bar": false,
			"title": {"translate":"lucraftcore.abilities.command.name"},
			"icon": { "type": "internal" },
			"bar_color": "light_gray",
			"commands": ["/effect @s ebwizardry:paralysis 1 1 true"]
		},
		"inner_world": {
            "ability": "the-fifth-world:deafness",
            "show_in_bar": false,
            "title": {"translate":"the-fifth-world.abilities.deafness.name"},
            "icon": { "type": "internal" },
            "bar_color": "light_gray"
        },
		"water_breathing": {
			"ability": "lucraftcore:water_breathing",
			"show_in_bar": false,
			"title": {"text": "Water Breathing"},
			"icon": { "type": "internal" },
			"bar_color": "green"
		},
		"death_state":{
			"ability": "lucraftcore:command_loop",
			"show_in_bar": false,
			"cooldown": 0,
			"title": {"text":"Death State"},			
			"icon": {"type": "texture",
				"texture": "ben_ten:textures/gui/omnitrix/recal_timeout.png"},
			"commands": ["execute @s[score_Health=0,score_Health_min=0,tag=os] ~ ~ ~ /superpower @s ben_ten:prototypeomnitrix",
			"execute @s[score_Health=0,score_Health_min=0,tag=af] ~ ~ ~ /superpower @s ben_ten:recalibratedomnitrix",
			"execute @s[score_Health=0,score_Health_min=0,tag=ua] ~ ~ ~ /superpower @s ben_ten:ultimatrix",
			"execute @s[score_Health=0,score_Health_min=0,tag=ov] ~ ~ ~ /superpower @s ben_ten:completedomnitrix"],
			"hidden": true
		},
		"time_yourself_out": {
			"ability": "lucraftcore:command",
			"show_in_bar": true,
			"title": {"translate": "ben_ten.abilities.time_out"},
			"icon": { "type": "texture", "texture": "ben_ten:textures/gui/omnitrix/recal_omnitrix.png"},
			"bar_color": "black",
			"commands": ["execute @s[score_Ask=0,score_Ask_min=0] ~ ~ ~ /tellraw @s {\"text\":\"You really think we'd just let you leave?\",\"color\":\"green\"}", 
			"/superpower @s[score_Ask=3,score_Ask_min=1] ben_ten:recalibratedomnitrix", 
			"execute @s[score_Ask=3,score_Ask_min=1] ~ ~ ~ /playsound minecraft:custom.recalibratedhuman master @a ~ ~ ~",  
			"execute @s[score_Ask=3,score_Ask_min=1] ~ ~ ~ /scoreboard players set @s Ask 0",
			"execute @s[score_Ask=3,score_Ask_min=1] ~ ~ ~ /particle fallingdust ~ ~ ~ 1 1 1 0 3500 force @a 0133"]
		}
	}
}