{
	"name": {
		"text": "Cerebrocrustacean"
	},

	"icon": {
		"type": "texture",
		"texture": "ben_ten:textures/gui/omnitrix/cerebrocrustacean_activation.png"
	},

	"creative_tab": "ben10",
	
	"max_level": 40,
	
	"capsule_color": 3080117,
	
   "effects": [
        {
        	"type": "skin_change",
        	"texture": "ben_ten:textures/models/ben/cerebrocrustacean.png"
       },
        {
        	"type": "skin_change",
        	"texture": "ben_ten:textures/models/ben/cerebrocrustacean_open.png",
        	"conditions": [
        		{
        			"type": "ability_enabled",
        			"ability": "heroesexpansion:lightning_attack"
        		}
        	]
       },
        {
        	"type": "skin_change",
        	"texture": "ben_ten:textures/models/ben/cerebrocrustacean_open.png",
        	"conditions": [
        		{
        			"type": "ability_enabled",
        			"ability": "heroesexpansion:lightning_strike"
        		}
        	]
       },
		{
            "type": "skin_overlay",
            "texture": "ben_ten:textures/overlays/glow/cerebrocrustacean_glow.png",
            "size": 0,
            "glow": true,
            "conditions": [
            	{
            		"type": "always"
            	}
            ]
       },
		{
        	"type": "skin_change",
        	"texture": "ben_ten:textures/models/ben/ov_cerebrocrustacean.png",
            "conditions": [            	
				{
            		"type": "ability_enabled",
					"ability": "lucraftcore:step_assist"
            	}
			]
       },
        {
        	"type": "skin_change",
        	"texture": "ben_ten:textures/models/ben/ov_cerebrocrustacean_open.png",
        	"conditions": [
        		{
        			"type": "ability_enabled",
        			"ability": "heroesexpansion:lightning_attack"
        		},
				{
            		"type": "ability_enabled",
					"ability": "lucraftcore:step_assist"
            	}
        	]
       },
        {
        	"type": "skin_change",
        	"texture": "ben_ten:textures/models/ben/ov_cerebrocrustacean_open.png",
        	"conditions": [
        		{
        			"type": "ability_enabled",
        			"ability": "heroesexpansion:lightning_strike"
        		},
				{
            		"type": "ability_enabled",
					"ability": "lucraftcore:step_assist"
            	}
        	]
       },
		{
            "type": "skin_overlay",
            "texture": "ben_ten:textures/overlays/glow/ov_cerebrocrustacean_glow.png",
            "size": 0,
            "glow": true,
            "conditions": [
            	{
            		"type": "always"
            	},
				{
            		"type": "ability_enabled",
					"ability": "lucraftcore:step_assist"
            	}
            ]
       }
    ],
	
	"abilities": {
		"radiation_protection": {
            "ability": "the-fifth-world:potion_immunity",
            "show_in_bar": false,
            "title": {"text":"Radiation Protection"},
            "icon": {"type": "internal"},
            "potion": "lucraftcore:radiation"
       },
		"size": {	
	        "ability": "lucraftcore:command_loop",		
			"cooldown": 0,
            "show_in_bar": false,	
            "title": {"text":"Size"},
			"icon": {"type": "texture", "texture": "ben_ten:textures/gui/omnitrix/omnitrix.png"},				
			"commands": ["sizechange @s 0.8 lucraftcore:default"],
            "hidden": true
		},
		"lightning_ray": {
            "ability": "lucraftcore:command",
            "cooldown": 0,
            "show_in_bar": true,
            "title": {"text":"Lightning Ray"},
			"icon": {"type": "texture", "texture": "ben_ten:textures/gui/omnitrix/chainshock.png"},
            "bar_color": "green",
		    "commands": ["cast ebwizardry:lightning_ray @s 5", "superpowerxp 25 @s", "playsound minecraft:custom.brainstorm master @a ~ ~ ~"],
		    "hidden": true
		},
		"move_blocks": {
			"ability": "heroesexpansion:grab_entity",
			"show_in_bar": true,
			"title": {"text": "Move Block"},
			"bar_color": "green",
			"icon": {"type": "texture", "texture": "ben_ten:textures/gui/omnitrix/cerebrocrustacean_grab.png"}
		},
		"move_blocks_ray": {
            "ability": "lucraftcore:command_held",
			"parent_ability": "move_blocks",
            "cooldown": 0,
            "show_in_bar": false,
            "title": {"text":"Move Blocks Ray"},
			"icon": {"type": "texture", "texture": "ben_ten:textures/gui/omnitrix/cerebrocrustacean_grab.png"},
            "bar_color": "green",
		    "commands": ["cast ebwizardry:lightning_ray @s 1", "superpowerxp 25 @s"],
		    "hidden": true
		},
		"step_assist": {
            "ability": "lucraftcore:step_assist",
            "show_in_bar": false,
            "title": {"translate":"lucraftcore.abilities.step_assist.name"},
            "icon": {"type": "internal"},
            "bar_color": "light_gray",
            "amount": 0.0,
            "operation": 0,
			"conditions": [{
			    "type": "lucraftcore:scoreboard_tag",
				"tag": "ov"}],
            "uuid": "0669d99d-b34d-40fc-a4d8-c7ee963cc842"
       },
		"shield": {
			"ability": "heroesexpansion:force_field",
            "cooldown": 200,
			"required_level": 25,
			"icon": {"type": "texture", "texture": "ben_ten:textures/gui/omnitrix/forcefield.png"},
            "show_in_bar": true,
            "title": {"translate":"heroesexpansion.abilities.force_field.name"},
            "bar_color": "green",
            "color": [255, 255, 85]					
		},
		"shield_xp": {
            "ability": "lucraftcore:command_held",
            "cooldown": 0,
			"parent_ability": "shield",
            "show_in_bar": false,
            "title": {"text":"Force Field XP"},
            "icon": {"type": "internal"},
            "bar_color": "light_gray",
            "conditions": [{
			    "type": "ability_enabled",
				"ability": "heroesexpansion:force_field"}],
		    "commands": ["/superpowerxp 15 @s"],
		    "hidden": true
		},
		"intelligence": {
            "ability": "heroesexpansion:precision",
            "show_in_bar": false,
            "title": {"text":"Super Intelligence"},
            "icon": {"type": "internal"},
            "bar_color": "green"
       },
		"knowledge": {	
	        "ability": "lucraftcore:command",
			"required_level": 25,
			"cooldown": 0,
            "show_in_bar": true,	
            "title": {"text":"Alien Knowledge"},
			"icon": {"type": "texture", "texture": "ben_ten:textures/gui/omnitrix/alienknowledge.png"},
            "bar_color": "green",				
			"commands": ["/recipe give @s ben_ten:ultimatrix", 
			"/recipe give @s ben_ten:the_omnitrix"]
		},
		"water_breathing": {
			"ability": "lucraftcore:water_breathing",
			"show_in_bar": false,
			"title": {"text": "Water Breathing"},
			"icon": {"type": "internal"},
			"bar_color": "green"
		},
		"switch":{
			"ability": "lucraftcore:command",
			"show_in_bar": true,
			"cooldown": 0,
			"title": {"text":"Switch"},			
			"icon": {"type": "texture",
				"texture": "ben_ten:textures/gui/omnitrix/recal_activation.png"},
		    "conditions": [{
			    "type": "lucraftcore:not", 
			        "conditions": [{
						"type": "lucraftcore:scoreboard_tag", 
						"tag": "ov"}]}],
			"commands": ["/superpower @s[score_Timer_min=1200,tag=af] ben_ten:cerebrocrustacean_switch", 
			"/superpower @s[score_Timer_min=1200,tag=ua] ben_ten:U_cerebrocrustacean_switch",
			"execute @s[score_Timer=1199,score_Timer_min=0] ~ ~ ~ /tellraw @s {\"text\":\"Insufficient Power\",\"color\":\"green\"}"],
            "bar_color": "green"
		},
		"timer":{
			"ability": "lucraftcore:command_loop",
			"show_in_bar": false,
			"cooldown": 0,
			"title": {"text":"Timer"},			
			"icon": {"type": "texture",
				"texture": "ben_ten:textures/gui/omnitrix/recal_timeout.png"},
			"conditions": [{"type": "lucraftcore:not", 
			            "conditions": [{
						"type": "lucraftcore:scoreboard_tag", 
						"tag": "Master"}]}],
			"commands": ["superpowerxp 1 @s", 
			"scoreboard players remove @s Timer 1", 
			"execute @s[score_Timer=0,score_Timer_min=0,tag=af] ~ ~ ~ /superpower @s ben_ten:recalibratedomnitrix", 
			"execute @s[score_Timer=0,score_Timer_min=0] ~ ~ ~ /particle fallingdust ~ ~ ~ 1 1 1 0 3500 force @a 0133", 
			"execute @s[score_Timer=1,score_Timer_min=1,tag=af] ~ ~ ~ /playsound minecraft:custom.recalibratedhuman master @a ~ ~ ~", 
			"execute @s[score_Timer=0,score_Timer_min=0,tag=ov] ~ ~ ~ /superpower @s ben_ten:completedomnitrix", 
			"execute @s[score_Timer=30,score_Timer_min=30,tag=ov] ~ ~ ~ /playsound minecraft:custom.ov_timer master @a ~ ~ ~", 
			"execute @s[score_Timer=1,score_Timer_min=1,tag=ov] ~ ~ ~ /playsound minecraft:custom.ov_human master @a ~ ~ ~",			
			"execute @s[score_Timer=0,score_Timer_min=0,tag=ua] ~ ~ ~ /superpower @s ben_ten:ultimatrix", 
			"execute @s[score_Timer=0,score_Timer_min=0,tag=ua] ~ ~ ~ /playsound minecraft:custom.ultimatrixhuman master @a ~ ~ ~", 
			"execute @s[score_Timer=0,score_Timer_min=0,tag=ua] ~ ~ ~ /particle fallingdust ~ ~ ~ 1 1 1 0 3500 force @a 0133"],
			"hidden": true
		},
		"death_state":{
			"ability": "lucraftcore:command_loop",
			"show_in_bar": false,
			"cooldown": 0,
			"title": {"text":"Death State"},			
			"icon": {"type": "texture",
				"texture": "ben_ten:textures/gui/omnitrix/recal_timeout.png"},
			"commands": ["execute @s[score_Health=0,score_Health_min=0,tag=os] ~ ~ ~ /superpower @s ben_ten:prototypeomnitrix",
			"execute @s[score_Health=0,score_Health_min=0,tag=af] ~ ~ ~ /superpower @s ben_ten:recalibratedomnitrix",
			"execute @s[score_Health=0,score_Health_min=0,tag=ua] ~ ~ ~ /superpower @s ben_ten:ultimatrix",
			"execute @s[score_Health=0,score_Health_min=0,tag=ov] ~ ~ ~ /superpower @s ben_ten:completedomnitrix"],
			"hidden": true
		},
		"base": {	
	        "ability": "lucraftcore:command",		
			"cooldown": 0,
            "show_in_bar": true,	
            "title": {"text":"Base Form"},
			"icon": {"type": "texture", "texture": "ben_ten:textures/gui/omnitrix/recal_omnitrix.png"},
            "bar_color": "green",
			"conditions": [{"type": "lucraftcore:not", 
			            "conditions": [{
						"type": "lucraftcore:scoreboard_tag", 
						"tag": "ov"}]}],
			"commands": ["execute @s[tag=af] ~ ~ ~ /superpower @s[tag=af] ben_ten:recalibratedomnitrix", 
			"execute @s[tag=af] ~ ~ ~ /playsound minecraft:custom.recalibratedhuman master @a ~ ~ ~",
			"execute @s[tag=ua] ~ ~ ~ /superpower @s ben_ten:ultimatrix",
			"execute @s[tag=ua] ~ ~ ~ /playsound minecraft:custom.ultimatrixhuman master @a ~ ~ ~",
			"/particle fallingdust ~ ~ ~ 1 1 1 0 3500 force @a 0133"]
		},
		"base_ov": {	
	        "ability": "lucraftcore:command",		
			"cooldown": 0,
            "show_in_bar": true,	
            "title": {"text":"Base Form"},
			"icon": {"type": "texture", "texture": "ben_ten:textures/gui/omnitrix/ov_trix_master.png"},
            "bar_color": "green",
			"conditions": [{
			    "type": "lucraftcore:scoreboard_tag",
				"tag": "ov"}],				
			"commands": ["execute @s[tag=ov] ~ ~ ~ /superpower @s ben_ten:completedomnitrix", 
			"execute @s[tag=ov] ~ ~ ~ /playsound minecraft:custom.ov_human master @a ~ ~ ~",
			"/particle fallingdust ~ ~ ~ 1 1 1 0 3500 force @a 0133"]
		}
	}
}