{
	"name" : {
		"text": "The Omnitrix"
	},

	"icon": {
		"type": "texture",
		"texture": "ben_ten:textures/gui/omnitrix/ov_trix_scanning.png"
	},
	
	"creative_tab": "ben 10",
	
	"max_level": 40,
	
	"capsule_color" : 65280,
	
	"effects": [
        {
            "type": "skin_overlay",
            "texture": "ben_ten:textures/overlays/omnitrix/omnitrix_scan.png",
            "size": 0,
            "glow": false,
            "conditions": [
            	{
            		"type": "always"
				}
			]
	    },
		{
            "type": "skin_overlay",
            "texture": "ben_ten:textures/overlays/omnitrix/omnitrix_scan_glow.png",
            "size": 0,
            "glow": true,
            "conditions": [
            	{
            		"type": "always"
            	}
            ]
        }		
    ],

	"abilities": { 
		"scanning": {
			"hidden": true,
			"ability": "lucraftcore:command_loop",
			"show_in_bar": false,
			"title": {"text": "Scanning"},
			"icon": {"type": "texture",
				"texture": "ben_ten:textures/gui/omnitrix/ov_trix_scan.png"},
			"commands": ["scoreboard players add @s Scan 1", 
			"sizechange @s 1 lucraftcore:default",  
			"execute @e[type=creeper,r=5] ~ ~ ~ /scoreboard players tag @p[tag=!Creeper] add Creeper",  
			"execute @e[type=enderman,r=5] ~ ~ ~ /scoreboard players tag @p[tag=!Enderman] add Enderman",  
			"execute @e[type=villager_golem,r=5] ~ ~ ~ /scoreboard players tag @p[tag=!Golem] add Golem",  
			"execute @e[type=heroesexpansion:mjolnir,r=5] ~ ~ ~ /scoreboard players tag @p[tag=!Asgard] add Asgard",  
			"execute @e[type=heroesexpansion:kree,r=5] ~ ~ ~ /scoreboard players tag @p[tag=!Kree] add Kree",  
			"execute @e[type=bat,r=5] ~ ~ ~ /scoreboard players tag @p[tag=!Vladat] add Vladat",
			"execute @s[score_Scan=30,score_Scan_min=30] ~ ~ ~ /playsound minecraft:custom.ov_playlist master @a ~ ~ ~",			
			"execute @s[score_Scan=30,score_Scan_min=30] ~ ~ ~ /superpower @s ben_ten:completedomnitrix",
			"execute @s[score_Scan=30,score_Scan_min=30] ~ ~ ~ /scoreboard players set @s Scan 0"]
		}, 
		"krypton": {
			"hidden": true,
			"ability": "lucraftcore:command_loop",
			"show_in_bar": false,
			"title": {"text": "Scanning"},
			"icon": {"type": "texture",
				"texture": "ben_ten:textures/gui/omnitrix/ov_trix_scan.png"},
			"conditions": [{"type": "lucraftcore:scoreboard_tag",
			                "tag": "Krypton"},
						    {"type": "lucraftcore:not", 
			                    "conditions": [{
						         "type": "lucraftcore:scoreboard_tag", 
						         "tag": "Scanned"}]}],
			"commands": ["scoreboard players add @s Scan 1", 
			"sizechange @s 1 lucraftcore:default",			
			"execute @s[score_Scan=30,score_Scan_min=30] ~ ~ ~ /superpower @s ben_ten:completedomnitrix",
			"execute @s[score_Scan=30,score_Scan_min=30] ~ ~ ~ /scoreboard players set @s Scan 0",
			"execute @s[score_Scan=30,score_Scan_min=30] ~ ~ ~ /scoreboard players tag @s add Scanned"]
		}
	}
}