{
	"name" : {
		"text": "The Omnitrix"
	},

	"icon": {
		"type": "texture",
		"texture": "ben_ten:textures/gui/omnitrix/ov_trix_master.png"
	},
	
	"creative_tab": "ben 10",
	
	"max_level": 40,
	
	"capsule_color" : 65280,
	
	"effects": [
        {
            "type": "skin_overlay",
            "texture": "ben_ten:textures/overlays/omnitrix/omnitrix.png",
            "size": 0,
            "glow": false,
            "conditions": [
            	{
            		"type": "always"
				}
			]
	    }		
    ],

	"abilities": {
		"version": {
            "ability": "lucraftcore:command_on_gain",
            "show_in_bar": false,
            "title": {"translate":"lucraftcore.abilities.command_on_gain.name"},
            "icon": { "type": "internal" },
            "commands": ["scoreboard objectives add Failsafe dummy",
						 "scoreboard players set @s Failsafe 0",
						 "superpowerxp 0 @s"]
        },	
		"timeout": {
		    "hidden": true,
			"ability": "lucraftcore:command_loop",
			"show_in_bar": false,
			"title": {"text": "Recharge Mode"},
			"icon": { "type": "texture", "texture": "ben_ten:textures/gui/omnitrix/ov_trix_timeout.png" },
			"bar_color": "light_gray",
			"commands": ["scoreboard players add @s Random 1", 
			"scoreboard players set @s[score_Random_min=800] Random 0", 
			"sizechange @s 1 lucraftcore:default",
			"execute @s[score_Timer=5999,score_Timer_min=0] ~ ~ ~ /scoreboard players add @s Timer 1",
			"execute @e[type=creeper,r=5] ~ ~ ~ /superpower @p[tag=!Creeper] ben_ten:completedomnitrix_scan_mode",
			"execute @e[type=creeper,r=5] ~ ~ ~ /playsound minecraft:custom.destruct master @a[tag=!Creeper] ~ ~ ~",
			"execute @e[type=enderman,r=5] ~ ~ ~ /superpower @p[tag=!Enderman] ben_ten:completedomnitrix_scan_mode",
			"execute @e[type=enderman,r=5] ~ ~ ~ /playsound minecraft:custom.destruct master @a[tag=!Enderman] ~ ~ ~",
			"execute @e[type=villager_golem,r=5] ~ ~ ~ /superpower @p[tag=!Golem] ben_ten:completedomnitrix_scan_mode",
			"execute @e[type=villager_golem,r=5] ~ ~ ~ /playsound minecraft:custom.destruct master @a[tag=!Golem] ~ ~ ~",
			"execute @e[type=bat,r=5] ~ ~ ~ /superpower @p[tag=!Vladat] ben_ten:completedomnitrix_scan_mode",
			"execute @e[type=bat,r=5] ~ ~ ~ /playsound minecraft:custom.destruct master @a[tag=!Vladat] ~ ~ ~",
			"execute @e[type=heroesexpansion:mjolnir,r=5] ~ ~ ~ /superpower @p[tag=!Asgard] ben_ten:completedomnitrix_scan_mode",
			"execute @e[type=heroesexpansion:mjolnir,r=5] ~ ~ ~ /playsound minecraft:custom.destruct master @a[tag=!Asgard] ~ ~ ~",
			"execute @e[type=heroesexpansion:kree,r=5] ~ ~ ~ /superpower @p[tag=!Kree] ben_ten:completedomnitrix_scan_mode",
			"execute @e[type=heroesexpansion:kree,r=5] ~ ~ ~ /playsound minecraft:custom.destruct master @a[tag=!Kree] ~ ~ ~",
			"execute @s ~ ~ ~ detect ~10 ~ ~ lucraftcore:ore_uranium 0 playsound minecraft:custom.radiation master @a ~ ~ ~",
			"execute @s ~ ~ ~ detect ~-10 ~ ~ lucraftcore:ore_uranium 0 playsound minecraft:custom.radiation master @a ~ ~ ~",
			"execute @s ~ ~ ~ detect ~ ~10 ~ lucraftcore:ore_uranium 0 playsound minecraft:custom.radiation master @a ~ ~ ~",
			"execute @s ~ ~ ~ detect ~ ~-10 ~ lucraftcore:ore_uranium 0 playsound minecraft:custom.radiation master @a ~ ~ ~",
			"execute @s ~ ~ ~ detect ~ ~ ~10 lucraftcore:ore_uranium 0 playsound minecraft:custom.radiation master @a ~ ~ ~",
			"execute @s ~ ~ ~ detect ~ ~ ~-10 lucraftcore:ore_uranium 0 playsound minecraft:custom.radiation master @a ~ ~ ~",
			"execute @s[score_Health=20,score_Health_min=5] ~ ~ ~ /scoreboard players tag @s remove Explode"]
        },
		"failsafe": {
			"hidden": true,
			"ability": "lucraftcore:command_loop",
			"show_in_bar": false,
			"title": {"text": "Omnitrix Failsafe"},
			"conditions": [{"type": "lucraftcore:not", 
			        "conditions": [{
						"type": "lucraftcore:scoreboard_tag", 
						"tag": "Explode"}]}],
			"icon": {"type": "texture",
				"texture": "ben_ten:textures/gui/omnitrix/redomnitrix.png"},
			"commands": ["execute @s[score_Health=4,score_Health_min=1] ~ ~ ~ /superpower @s ben_ten:omnitrix_failsafe",
			             "execute @s[score_Health=4,score_Health_min=1] ~ ~ ~ /playsound minecraft:custom.failsafe master @a ~ ~ ~",
						 "superpowerxp -40L @s[tag=os]",
			             "superpowerxp -40L @s[tag=af]",
			             "superpowerxp -40L @s[tag=ua]"]
		},	
		"playlist_1": {	
	        "ability": "lucraftcore:command",            
			"show_in_bar": true,	
            "title": {"text":"Playlist 1"},
			"icon": { "type": "texture", "texture": "ben_ten:textures/gui/omnitrix/ov_trix_1.png" },
            "bar_color": "green",				
			"commands": ["superpower @s ben_ten:completedomnitrix_1", 
			"playsound minecraft:custom.ov_playlist master @a ~ ~ ~",
			"scoreboard players tag @s[tag=os] remove os",
			"scoreboard players tag @s[tag=af] remove af",
			"scoreboard players tag @s[tag=ua] remove ua"]
		},
		"playlist_2": {	
	        "ability": "lucraftcore:command",            
			"show_in_bar": true,	
            "title": {"text":"Playlist 2"},
			"icon": { "type": "texture", "texture": "ben_ten:textures/gui/omnitrix/ov_trix_2.png" },
            "bar_color": "green",				
			"commands": ["superpower @s ben_ten:completedomnitrix_2", 
			"playsound minecraft:custom.ov_playlist master @a ~ ~ ~",
			"scoreboard players tag @s[tag=os] remove os",
			"scoreboard players tag @s[tag=af] remove af",
			"scoreboard players tag @s[tag=ua] remove ua"]
		},
		"playlist_3": {	
	        "ability": "lucraftcore:command",
			"show_in_bar": true,	
            "title": {"text":"Playlist 3"},
			"icon": { "type": "texture", "texture": "ben_ten:textures/gui/omnitrix/ov_trix_3.png" },
            "bar_color": "green",				
			"commands": ["superpower @s ben_ten:completedomnitrix_3", 
			"playsound minecraft:custom.ov_playlist master @a ~ ~ ~",
			"scoreboard players tag @s[tag=os] remove os",
			"scoreboard players tag @s[tag=af] remove af",
			"scoreboard players tag @s[tag=ua] remove ua"]
		},
		"playlist_4": {	
	        "ability": "lucraftcore:command",            
			"show_in_bar": true,	
            "title": {"text":"Playlist 4"},
			"icon": { "type": "texture", "texture": "ben_ten:textures/gui/omnitrix/ov_trix_4.png" },
            "bar_color": "green",				
			"commands": ["superpower @s ben_ten:completedomnitrix_4", 
			"playsound minecraft:custom.ov_playlist master @a ~ ~ ~",
			"scoreboard players tag @s[tag=os] remove os",
			"scoreboard players tag @s[tag=af] remove af",
			"scoreboard players tag @s[tag=ua] remove ua"]
		},
		"randomise": {	
	        "ability": "lucraftcore:command",            
			"show_in_bar": true,	
            "title": {"text":"Randomiser"},
			"icon": { "type": "texture", "texture": "ben_ten:textures/gui/omnitrix/ov_trix_random.png" },
            "bar_color": "green",				
			"commands": ["execute @s[score_Random=20,score_Random_min=0] ~ ~ ~ /superpower @s ben_ten:pyronite",
				"execute @s[score_Random=40,score_Random_min=21] ~ ~ ~ /superpower @s ben_ten:petrosapien",
				"execute @s[score_Random=60,score_Random_min=41] ~ ~ ~ /superpower @s ben_ten:ectonurite",
				"execute @s[score_Random=80,score_Random_min=61] ~ ~ ~ /superpower @s ben_ten:tetramand",				
				"execute @s[score_Random=100,score_Random_min=81] ~ ~ ~ /superpower @s ben_ten:lepidopterran", 
				"execute @s[score_Random=120,score_Random_min=101] ~ ~ ~ /superpower @s ben_ten:kineceleran",
				"execute @s[score_Random=140,score_Random_min=121] ~ ~ ~ /superpower @s ben_ten:vulpimancer",
				"execute @s[score_Random=160,score_Random_min=141] ~ ~ ~ /superpower @s ben_ten:galvan",
				"execute @s[score_Random=180,score_Random_min=161] ~ ~ ~ /superpower @s ben_ten:piscciss_volan",				
				"execute @s[score_Random=200,score_Random_min=181] ~ ~ ~ /superpower @s ben_ten:arburian_pelarota", 
				"execute @s[score_Random=220,score_Random_min=201] ~ ~ ~ /superpower @s ben_ten:splixson",
				"execute @s[score_Random=240,score_Random_min=221] ~ ~ ~ /superpower @s ben_ten:nosedeenian",
				"execute @s[score_Random=260,score_Random_min=241] ~ ~ ~ /superpower @s ben_ten:polar_manzardill",
				"execute @s[score_Random=280,score_Random_min=261] ~ ~ ~ /superpower @s ben_ten:opticoid",				
				"execute @s[score_Random=300,score_Random_min=281] ~ ~ ~ /superpower @s ben_ten:perk_gourmand", 
				"execute @s[score_Random=320,score_Random_min=301] ~ ~ ~ /superpower @s ben_ten:florauna",
				"execute @s[score_Random=340,score_Random_min=321] ~ ~ ~ /superpower @s ben_ten:loboan",
				"execute @s[score_Random=340,score_Random_min=321] ~ ~ ~ /effect @s ebwizardry:sixth_sense 1000000 1 true",
				"execute @s[score_Random=360,score_Random_min=341] ~ ~ ~ /superpower @s ben_ten:transylian",
				"execute @s[score_Random=380,score_Random_min=361] ~ ~ ~ /superpower @s ben_ten:thep_khufan",				
				"execute @s[score_Random=400,score_Random_min=381] ~ ~ ~ /superpower @s ben_ten:tokustar", 
				"execute @s[score_Random=420,score_Random_min=401] ~ ~ ~ /superpower @s ben_ten:necrofriggian",
				"execute @s[score_Random=440,score_Random_min=421] ~ ~ ~ /superpower @s ben_ten:crystalsapien",
				"execute @s[score_Random=460,score_Random_min=441] ~ ~ ~ /superpower @s ben_ten:methanosian",
				"execute @s[score_Random=480,score_Random_min=461] ~ ~ ~ /superpower @s ben_ten:sonorosian",				
				"execute @s[score_Random=500,score_Random_min=481] ~ ~ ~ /superpower @s ben_ten:vaxasaurian",				
				"execute @s[score_Random=500,score_Random_min=481] ~ ~ ~ /sizechange @s 3 lucraftcore:default ", 
				"execute @s[score_Random=520,score_Random_min=501] ~ ~ ~ /superpower @s ben_ten:aerophibian",
				"execute @s[score_Random=540,score_Random_min=521] ~ ~ ~ /superpower @s ben_ten:cerebrocrustacean",
				"execute @s[score_Random=560,score_Random_min=541] ~ ~ ~ /superpower @s ben_ten:arachnichimp",
				"execute @s[score_Random=580,score_Random_min=561] ~ ~ ~ /superpower @s ben_ten:polymorph",				
				"execute @s[score_Random=600,score_Random_min=581] ~ ~ ~ /superpower @s ben_ten:biosovortian", 
				"execute @s[score_Random=620,score_Random_min=601] ~ ~ ~ /superpower @s ben_ten:nanomech",
				"execute @s[score_Random=640,score_Random_min=621] ~ ~ ~ /superpower @s ben_ten:appoplexian",
				"execute @s[score_Random=660,score_Random_min=641] ~ ~ ~ /superpower @s ben_ten:amperi",
				"execute @s[score_Random=680,score_Random_min=661] ~ ~ ~ /superpower @s ben_ten:geochelone_aerio",				
				"execute @s[score_Random=700,score_Random_min=681] ~ ~ ~ /superpower @s ben_ten:talpaedan", 
				"execute @s[score_Random=720,score_Random_min=701] ~ ~ ~ /superpower @s ben_ten:orishan",
				"execute @s[score_Random=740,score_Random_min=721] ~ ~ ~ /superpower @s ben_ten:prypiatosianb_suit",
				"execute @s[score_Random=760,score_Random_min=741] ~ ~ ~ /superpower @s ben_ten:merlinisapien",
				"execute @s[score_Random=780,score_Random_min=761] ~ ~ ~ /superpower @s ben_ten:chronosapien",				
				"execute @s[score_Random=800,score_Random_min=781] ~ ~ ~ /superpower @s ben_ten:ov_celestialsapien_new", 				
				"playsound minecraft:custom.ov_randomise master @a ~ ~ ~",
				"playsound minecraft:custom.ov_transform master @a ~ ~ ~",
				"particle fallingdust ~ ~ ~ 1 1 1 0 3500 force @a 0133",
			    "scoreboard players tag @s[tag=os] remove os",
			    "scoreboard players tag @s[tag=af] remove af",
			    "scoreboard players tag @s[tag=ua] remove ua"]
		},
		"sub_menu": {	
	        "ability": "lucraftcore:command",            
			"show_in_bar": true,	
            "title": {"text":"Sub-Menu"},
			"icon": { "type": "texture", "texture": "ben_ten:textures/gui/omnitrix/ov_trix_master.png" },
            "bar_color": "green",				
			"commands": ["superpower @s ben_ten:completedomnitrix_sub",			
			"title @s actionbar [{\"text\":\"<\",\"color\":\"black\"},{\"text\":\"Code\",\"color\":\"green\"},{\"text\":\">\",\"color\":\"black\"},{\"text\":\"<\",\"color\":\"black\"},{\"score\":{\"name\":\"@s\",\"objective\":\"Code\"},\"color\":\"green\"},{\"text\":\">\",\"color\":\"black\"}]",
			"playsound minecraft:custom.ov_playlist master @a ~ ~ ~",
			"scoreboard players tag @s[tag=os] remove os",
			"scoreboard players tag @s[tag=af] remove af",
			"scoreboard players tag @s[tag=ua] remove ua"]
		}
	}
}
