{
	"name" : {
		"text": "The Omnitrix"
	},

	"icon": {
		"type": "texture",
		"texture": "ben_ten:textures/gui/omnitrix/ov_trix_2.png"
	},
	
	"creative_tab": "ben 10",
	
	"max_level": 40,
	
	"capsule_color" : 65280,
	
	"effects": [
        {
            "type": "skin_overlay",
            "texture": "ben_ten:textures/overlays/omnitrix/omnitrix_open.png",
            "size": 0,
            "glow": false,
            "conditions": [
            	{
            		"type": "always"
				}
			]
	    },
		{
            "type": "skin_overlay",
            "texture": "ben_ten:textures/overlays/glow/omnitrix/omnitrix_open_glow.png",
            "size": 0,
            "glow": true,
            "conditions": [
            	{
            		"type": "always"
            	}
            ]
        },
        {
            "type": "skin_overlay",
            "texture": "ben_ten:textures/overlays/omnitrix/omnitrix_playlists.png",
            "size": 1,
            "glow": true,
            "conditions": [
            	{
            		"type": "always"
        		}
        	]
        }		
    ],

	"abilities": {	
		"functions": {
		    "hidden": true,
			"ability": "lucraftcore:command_loop",
			"show_in_bar": false,
			"title": {"text": "Functions"},
			"icon": { "type": "texture", "texture": "ben_ten:textures/gui/omnitrix/ov_trix_timeout.png" },
			"bar_color": "light_gray",
			"commands": ["playsound minecraft:custom.ov_wait master @a ~ ~ ~", 
			"sizechange @s 1 lucraftcore:default"]
        },
		"necrofriggian": {	
	        "ability": "lucraftcore:command",
            "show_in_bar": true,	
            "title": {"text":"Necrofriggian"},
			"icon": { "type": "texture", "texture": "ben_ten:textures/gui/completedomnitrix/necrofriggian_activation.png" },
            "bar_color": "green",				
			"commands": ["superpower @s ben_ten:necrofriggian", "playsound minecraft:custom.ov_transform master @a ~ ~ ~", "particle fallingdust ~ ~ ~ 1 1 1 0 3500 force @a 0133"] 
		},
		"crystalsapien": {
			"ability": "lucraftcore:command",
			"show_in_bar": true,
			"title": {"text":"Crystalsapien"},
			"icon": { "type": "texture", "texture": "ben_ten:textures/gui/completedomnitrix/crystalsapien_activation.png" },
			"bar_color": "green",
			"commands": ["superpower @s ben_ten:crystalsapien", "solarenergy add 40 @s", "playsound minecraft:custom.ov_transform master @a ~ ~ ~", "particle fallingdust ~ ~ ~ 1 1 1 0 3500 force @a 0133"]
		},
		"methanosian": {	
	        "ability": "lucraftcore:command",
            "show_in_bar": true,	
            "title": {"text":"Methanosian"},
			"icon": { "type": "texture", "texture": "ben_ten:textures/gui/completedomnitrix/methanosian_activation.png" },
            "bar_color": "green",				
			"commands": ["superpower @s ben_ten:methanosian", "playsound minecraft:custom.ov_transform master @a ~ ~ ~", "particle fallingdust ~ ~ ~ 1 1 1 0 3500 force @a 0133"]
		},
		"sonorosian": {	
	        "ability": "lucraftcore:command",
            "show_in_bar": true,	
            "title": {"text":"Sonorosian"},
			"icon": { "type": "texture", "texture": "ben_ten:textures/gui/completedomnitrix/sonorosian_activation.png" },
            "bar_color": "green",				
			"commands": ["superpower @s ben_ten:sonorosian", "playsound minecraft:custom.ov_transform master @a ~ ~ ~", "particle fallingdust ~ ~ ~ 1 1 1 0 3500 force @a 0133"]
		},
		"vaxasaurian": {
			"ability": "lucraftcore:command",
			"show_in_bar": true,
			"title": {"text":"Vaxasaurian"},
			"icon": { "type": "texture", "texture": "ben_ten:textures/gui/completedomnitrix/vaxasaurian_activation.png" },
			"bar_color": "green",
			"commands": ["superpower @s ben_ten:vaxasaurian", "playsound minecraft:custom.ov_transform master @a ~ ~ ~", "particle fallingdust ~ ~ ~ 1 1 1 0 3500 force @a 0133", "sizechange @s 3 lucraftcore:default"]
		},
		"aerophibian": {	
	        "ability": "lucraftcore:command",
            "show_in_bar": true,	
            "title": {"text":"Aerophibian"},
			"icon": { "type": "texture", "texture": "ben_ten:textures/gui/completedomnitrix/aerophibian_activation.png" },
            "bar_color": "green",				
			"commands": ["superpower @s ben_ten:aerophibian", "playsound minecraft:custom.ov_transform master @a ~ ~ ~", "particle fallingdust ~ ~ ~ 1 1 1 0 3500 force @a 0133"]
		},
		"cerebrocrustacean": {	
	        "ability": "lucraftcore:command",
            "show_in_bar": true,	
            "title": {"text":"Cerebrocrustacean"},
			"icon": { "type": "texture", "texture": "ben_ten:textures/gui/completedomnitrix/cerebrocrustacean_activation.png" },
            "bar_color": "green",				
			"commands": ["superpower @s ben_ten:cerebrocrustacean", "playsound minecraft:custom.ov_transform master @a ~ ~ ~", "particle fallingdust ~ ~ ~ 1 1 1 0 3500 force @a 0133"]
		},
		"arachnichimp": {
			"ability": "lucraftcore:command",
			"show_in_bar": true,
			"title": {"text":"Arachnichimp"},
			"icon": { "type": "texture", "texture": "ben_ten:textures/gui/completedomnitrix/arachnichimp_activation.png" },
			"bar_color": "green",
			"commands": ["superpower @s ben_ten:arachnichimp", "playsound minecraft:custom.ov_transform master @a ~ ~ ~", "particle fallingdust ~ ~ ~ 1 1 1 0 3500 force @a 0133"]
		},
		"polymorph": {	
	        "ability": "lucraftcore:command",
            "show_in_bar": true,	
            "title": {"text":"Polymorph"},
			"icon": { "type": "texture", "texture": "ben_ten:textures/gui/completedomnitrix/polymorph_activation.png" },
            "bar_color": "green",				
			"commands": ["superpower @s ben_ten:polymorph", "playsound minecraft:custom.ov_transform master @a ~ ~ ~", "particle fallingdust ~ ~ ~ 1 1 1 0 3500 force @a 0133"]
		},
		"celestialsapien": {	
	        "ability": "lucraftcore:command",
			"show_in_bar": true,	
            "title": {"text":"Celestialsapien"},
			"icon": { "type": "texture", "texture": "ben_ten:textures/gui/completedomnitrix/celestialsapien_activation.png" },
            "bar_color": "green",				
			"commands": ["superpower @s ben_ten:ov_celestialsapien_new", "playsound minecraft:custom.ov_transform master @a ~ ~ ~", "particle fallingdust ~ ~ ~ 1 1 1 0 3500 force @a 0133"]
		},
		"biosovortian": {	
	        "ability": "lucraftcore:command",
			"show_in_bar": true,	
            "title": {"text":"Biosovortian"},
			"icon": { "type": "texture", "texture": "ben_ten:textures/gui/completedomnitrix/biosovortian_activation.png" },
            "bar_color": "green",				
			"commands": ["superpower @s ben_ten:biosovortian", "playsound minecraft:custom.ov_transform master @a ~ ~ ~", "particle fallingdust ~ ~ ~ 1 1 1 0 3500 force @a 0133"]
		},		
		"nanomech": {	
	        "ability": "lucraftcore:command",
			"show_in_bar": true,	
            "title": {"text":"Nanomech"},
			"icon": { "type": "texture", "texture": "ben_ten:textures/gui/completedomnitrix/nanomech_activation.png" },
            "bar_color": "green",				
			"commands": ["superpower @s ben_ten:nanomech", "playsound minecraft:custom.ov_transform master @a ~ ~ ~", "particle fallingdust ~ ~ ~ 1 1 1 0 3500 force @a 0133"]
		},
		"appoplexian": {	
	        "ability": "lucraftcore:command",
			"show_in_bar": true,	
            "title": {"text":"Appoplexian"},
			"icon": { "type": "texture", "texture": "ben_ten:textures/gui/completedomnitrix/appoplexian_activation.png" },
            "bar_color": "green",				
			"commands": ["superpower @s ben_ten:appoplexian", "playsound minecraft:custom.ov_transform master @a ~ ~ ~", "particle fallingdust ~ ~ ~ 1 1 1 0 3500 force @a 0133"]
		},		
		"amperi": {
		    "ability": "lucraftcore:command",
            "show_in_bar": true,	
            "title": {"text":"Amperi"},
			"icon": { "type": "texture", "texture": "ben_ten:textures/gui/completedomnitrix/amperi_activation.png" },
            "bar_color": "green",				
			"commands": ["/superpower @s ben_ten:amperi", "playsound minecraft:custom.ov_transform master @a ~ ~ ~", "particle fallingdust ~ ~ ~ 1 1 1 0 3500 force @a 0133"]
		},
		"geochelone_aerio": {
		    "ability": "lucraftcore:command",
            "show_in_bar": true,	
            "title": {"text":"Geochelone Aerio"},
			"icon": { "type": "texture", "texture": "ben_ten:textures/gui/completedomnitrix/geochelone_aerio_activation.png" },
            "bar_color": "green",				
			"commands": ["/superpower @s ben_ten:geochelone_aerio", "playsound minecraft:custom.ov_transform master @a ~ ~ ~", "particle fallingdust ~ ~ ~ 1 1 1 0 3500 force @a 0133"]
		},
		"talpaedan": {	
	        "ability": "lucraftcore:command",
            "show_in_bar": true,	
            "title": {"text":"Talpaedan"},
			"icon": { "type": "texture", "texture": "ben_ten:textures/gui/completedomnitrix/talpaedan_activation.png" },
            "bar_color": "green",				
			"commands": ["/superpower @s ben_ten:talpaedan", "playsound minecraft:custom.ov_transform master @a ~ ~ ~", "particle fallingdust ~ ~ ~ 1 1 1 0 3500 force @a 0133"]
		},
		"orishan": {	
	        "ability": "lucraftcore:command",
            "show_in_bar": true,	
            "title": {"text":"Orishan"},
			"icon": { "type": "texture", "texture": "ben_ten:textures/gui/completedomnitrix/orishan_activation.png" },
            "bar_color": "green",				
			"commands": ["/superpower @s ben_ten:orishan", "playsound minecraft:custom.ov_transform master @a ~ ~ ~", "particle fallingdust ~ ~ ~ 1 1 1 0 3500 force @a 0133"]
		},
		"prypiatosian_b": {	
	        "ability": "lucraftcore:command",
            "show_in_bar": true,	
            "title": {"text":"Prypiatosian B"},
			"icon": { "type": "texture", "texture": "ben_ten:textures/gui/completedomnitrix/prypiatosian_b_activation.png" },
            "bar_color": "green",				
			"commands": ["/superpower @s ben_ten:prypiatosian_b_suit", "playsound minecraft:custom.ov_transform master @a ~ ~ ~", "particle fallingdust ~ ~ ~ 1 1 1 0 3500 force @a 0133"]
		},
		"merlinisapien": {	
	        "ability": "lucraftcore:command",
            "show_in_bar": true,	
            "title": {"text":"Merlinisapien"},
			"icon": { "type": "texture", "texture": "ben_ten:textures/gui/completedomnitrix/merlinisapien_activation.png" },
            "bar_color": "green",				
			"commands": ["/superpower @s ben_ten:merlinisapien", "playsound minecraft:custom.ov_transform master @a ~ ~ ~", "particle fallingdust ~ ~ ~ 1 1 1 0 3500 force @a 0133"]
		},
		"planchakule": {	
	        "ability": "lucraftcore:command",
            "show_in_bar": true,	
            "title": {"text":"Planchakule"},
			"icon": { "type": "texture", "texture": "ben_ten:textures/gui/completedomnitrix/planchakule_activation.png" },
            "bar_color": "green",				
			"commands": ["/superpower @s ben_ten:planchakule", "playsound minecraft:custom.ov_transform master @a ~ ~ ~", "particle fallingdust ~ ~ ~ 1 1 1 0 3500 force @a 0133"]
		},
		"oryctini": {	
	        "ability": "lucraftcore:command",
            "show_in_bar": true,	
            "title": {"text":"Oryctini"},
			"icon": { "type": "texture", "texture": "ben_ten:textures/gui/completedomnitrix/oryctini_activation.png" },
            "bar_color": "green",				
			"commands": ["/superpower @s ben_ten:oryctini", "playsound minecraft:custom.ov_transform master @a ~ ~ ~", "particle fallingdust ~ ~ ~ 1 1 1 0 3500 force @a 0133"]
		},
		"chronosapien": {	
	        "ability": "lucraftcore:command",
            "show_in_bar": true,	
            "title": {"text":"Chronosapien"},
			"icon": { "type": "texture", "texture": "ben_ten:textures/gui/completedomnitrix/chronosapien_activation.png" },
            "bar_color": "green",				
			"commands": ["/superpower @s ben_ten:chronosapien", "playsound minecraft:custom.ov_transform master @a ~ ~ ~", "particle fallingdust ~ ~ ~ 1 1 1 0 3500 force @a 0133"]
		},		
		"next_playlist": {	
	        "ability": "lucraftcore:command",
            "show_in_bar": true,	
            "title": {"text":"Next Playlist"},
			"icon": { "type": "texture", "texture": "ben_ten:textures/gui/omnitrix/ov_trix_3.png" },
            "bar_color": "green",				
			"commands": ["/superpower @s ben_ten:completedomnitrix_3", "playsound minecraft:custom.ov_playlist master @a ~ ~ ~"]
		},		
		"previous_playlist": {	
	        "ability": "lucraftcore:command",
            "show_in_bar": true,	
            "title": {"text":"Previous Playlist"},
			"icon": { "type": "texture", "texture": "ben_ten:textures/gui/omnitrix/ov_trix_1.png" },
            "bar_color": "green",				
			"commands": ["/superpower @s ben_ten:completedomnitrix_1", "playsound minecraft:custom.ov_playlist master @a ~ ~ ~"]
		},		
		"main_menu": {	
	        "ability": "lucraftcore:command",
            "show_in_bar": true,	
            "title": {"text":"Playlist Selection"},
			"icon": { "type": "texture", "texture": "ben_ten:textures/gui/omnitrix/ov_trix_master.png" },
            "bar_color": "green",				
			"commands": ["/superpower @s ben_ten:completedomnitrix", "playsound minecraft:custom.ov_playlist master @a ~ ~ ~"]
		}
	}
}
