{
	"name" : {
		"text": "The Omnitrix"
	},

	"icon": {
		"type": "texture",
		"texture": "ben_ten:textures/gui/omnitrix/ov_trix_4.png"
	},
	
	"creative_tab": "ben 10",
	
	"max_level": 40,
	
	"capsule_color" : 65280,
	
	"effects": [
        {
            "type": "skin_overlay",
            "texture": "ben_ten:textures/overlays/omnitrix/omnitrix_open.png",
            "size": 0,
            "glow": false,
            "conditions": [
            	{
            		"type": "always"
				}
			]
	    },
		{
            "type": "skin_overlay",
            "texture": "ben_ten:textures/overlays/glow/omnitrix/omnitrix_open_glow.png",
            "size": 0,
            "glow": true,
            "conditions": [
            	{
            		"type": "always"
            	}
            ]
        },
        {
            "type": "skin_overlay",
            "texture": "ben_ten:textures/overlays/omnitrix/omnitrix_playlists.png",
            "size": 1,
            "glow": true,
            "conditions": [
            	{
            		"type": "always"
        		}
        	]
        }		
    ],

	"abilities": {	
		"functions": {
		    "hidden": true,
			"ability": "lucraftcore:command_loop",
			"show_in_bar": false,
			"title": {"text": "Recharge Mode"},
			"icon": { "type": "texture", "texture": "ben_ten:textures/gui/omnitrix/ov_trix_timeout.png" },
			"bar_color": "light_gray",
			"commands": ["playsound minecraft:custom.ov_wait master @a ~ ~ ~", 
			"sizechange @s 1 lucraftcore:default"]
        },	
		"main_menu": {	
	        "ability": "lucraftcore:command",		
			"cooldown": 0,
            "show_in_bar": true,	
            "title": {"text":"Playlist Selection"},
			"icon": { "type": "texture", "texture": "ben_ten:textures/gui/omnitrix/ov_trix_master.png" },
            "bar_color": "green",				
			"commands": ["/superpower @s ben_ten:completedomnitrix", "playsound minecraft:custom.ov_playlist master @a ~ ~ ~"]
		},
		"explosasapien": {	
	        "ability": "lucraftcore:command",		
			"cooldown": 0,
            "show_in_bar": true,	
            "title": {"text":"Explosasapien"},
			"icon": { "type": "texture", "texture": "ben_ten:textures/gui/completedomnitrix/explosasapien_activation.png" },
            "bar_color": "green",
			"conditions": [{"type": "lucraftcore:scoreboard_tag",
			                "tag": "Creeper"}],				
			"commands": ["superpower @s ben_ten:explosasapien", 
			"scoreboard teams join Creep @s", 
			"scoreboard teams join Creep @e[type=creeper]", 
			"playsound minecraft:custom.ov_transform master @a ~ ~ ~", 
			"particle fallingdust ~ ~ ~ 1 1 1 0 3500 force @a 0133"] 
		},
		"telesapien": {	
	        "ability": "lucraftcore:command",		
			"cooldown": 0,
            "show_in_bar": true,	
            "title": {"text":"Telesapien"},
			"icon": { "type": "texture", "texture": "ben_ten:textures/gui/completedomnitrix/telesapien_activation.png" },
            "bar_color": "green",
			"conditions": [{"type": "lucraftcore:scoreboard_tag",
			                "tag": "Enderman"}],				
			"commands": ["superpower @s ben_ten:telesapien", 
			"scoreboard teams join Ender @s", 
			"scoreboard teams join Ender @e[type=enderman]", 
			"playsound minecraft:custom.ov_transform master @a ~ ~ ~", 
			"particle fallingdust ~ ~ ~ 1 1 1 0 3500 force @a 0133"] 
		},
		"durasapien": {	
	        "ability": "lucraftcore:command",		
			"cooldown": 0,
            "show_in_bar": true,	
            "title": {"text":"Durasapien"},
			"icon": { "type": "texture", "texture": "ben_ten:textures/gui/completedomnitrix/durasapien_activation.png" },
            "bar_color": "green",
			"conditions": [{"type": "lucraftcore:scoreboard_tag",
			                "tag": "Golem"}],				
			"commands": ["superpower @s ben_ten:durasapien",  
			"scoreboard teams join Iron @s", 
			"scoreboard teams join Iron @e[type=villager_golem]",	 
			"playsound minecraft:custom.ov_transform master @a ~ ~ ~", 
			"particle fallingdust ~ ~ ~ 1 1 1 0 3500 force @a 0133"] 
		},
		"asgardian": {	
	        "ability": "lucraftcore:command",
            "show_in_bar": true,	
            "title": {"text":"Asgardian"},
			"icon": { "type": "texture", "texture": "ben_ten:textures/gui/completedomnitrix/asgardian_activation.png" },
            "bar_color": "green",
			"conditions": [{"type": "lucraftcore:scoreboard_tag",
			                "tag": "Asgard"}],				
			"commands": ["superpower @s ben_ten:asgardian", 
			"playsound minecraft:custom.ov_transform master @a ~ ~ ~", 
			"particle fallingdust ~ ~ ~ 1 1 1 0 3500 force @a 0133"]
		},
		"kree": {	
	        "ability": "lucraftcore:command",
            "show_in_bar": true,	
            "title": {"text":"Kree"},
			"icon": { "type": "texture", "texture": "ben_ten:textures/gui/completedomnitrix/kree_activation.png" },
            "bar_color": "green",
			"conditions": [{"type": "lucraftcore:scoreboard_tag",
			                "tag": "Kree"}],				
			"commands": ["superpower @s ben_ten:kree", 
			"playsound minecraft:custom.ov_transform master @a ~ ~ ~", 
			"particle fallingdust ~ ~ ~ 1 1 1 0 3500 force @a 0133"]
		},
		"kryptonian": {	
	        "ability": "lucraftcore:command",
            "show_in_bar": true,	
            "title": {"text":"Kryptonian"},
			"icon": { "type": "texture", "texture": "ben_ten:textures/gui/completedomnitrix/kryptonian_activation.png" },
            "bar_color": "green",
			"conditions": [{"type": "lucraftcore:scoreboard_tag",
			                "tag": "Krypton"}],				
			"commands": ["superpower @s ben_ten:kryptonian", 
			"playsound minecraft:custom.ov_transform master @a ~ ~ ~", 
			"particle fallingdust ~ ~ ~ 1 1 1 0 3500 force @a 0133"]
		},		
		"next_playlist": {	
	        "ability": "lucraftcore:command",
            "show_in_bar": true,	
            "title": {"text":"Next Playlist"},
			"icon": { "type": "texture", "texture": "ben_ten:textures/gui/omnitrix/ov_trix_1.png" },
            "bar_color": "green",				
			"commands": ["/superpower @s ben_ten:completedomnitrix_1", "playsound minecraft:custom.ov_playlist master @a ~ ~ ~"]
		},		
		"previous_playlist": {	
	        "ability": "lucraftcore:command",
            "show_in_bar": true,	
            "title": {"text":"Previous Playlist"},
			"icon": { "type": "texture", "texture": "ben_ten:textures/gui/omnitrix/ov_trix_3.png" },
            "bar_color": "green",				
			"commands": ["/superpower @s ben_ten:completedomnitrix_3", "playsound minecraft:custom.ov_playlist master @a ~ ~ ~"]
		},		
		"main_menu": {	
	        "ability": "lucraftcore:command",
            "show_in_bar": true,	
            "title": {"text":"Playlist Selection"},
			"icon": { "type": "texture", "texture": "ben_ten:textures/gui/omnitrix/ov_trix_master.png" },
            "bar_color": "green",				
			"commands": ["/superpower @s ben_ten:completedomnitrix", "playsound minecraft:custom.ov_playlist master @a ~ ~ ~"]
		}
	}
}
