{
	"name" : {
		"text": "The Omnitrix"
	},

	"icon": {
		"type": "texture",
		"texture": "ben_ten:textures/gui/omnitrix/ov_trix_3.png"
	},
	
	"creative_tab": "ben 10",
	
	"max_level": 40,
	
	"capsule_color" : 65280,
	
	"effects": [
        {
            "type": "skin_overlay",
            "texture": "ben_ten:textures/overlays/omnitrix/omnitrix_open.png",
            "size": 0,
            "glow": false,
            "conditions": [
            	{
            		"type": "always"
				}
			]
	    },
		{
            "type": "skin_overlay",
            "texture": "ben_ten:textures/overlays/glow/omnitrix/omnitrix_open_glow.png",
            "size": 0,
            "glow": true,
            "conditions": [
            	{
            		"type": "always"
            	}
            ]
        },
        {
            "type": "skin_overlay",
            "texture": "ben_ten:textures/overlays/omnitrix/omnitrix_playlists.png",
            "size": 1,
            "glow": true,
            "conditions": [
            	{
            		"type": "always"
        		}
        	]
        }		
    ],

	"abilities": {	
		"functions": {
		    "hidden": true,
			"ability": "lucraftcore:command_loop",
			"show_in_bar": false,
			"title": {"text": "Recharge Mode"},
			"icon": { "type": "texture", "texture": "ben_ten:textures/gui/omnitrix/ov_trix_timeout.png" },
			"bar_color": "light_gray",
			"commands": ["playsound minecraft:custom.ov_wait master @a ~ ~ ~", 
			"sizechange @s 1 lucraftcore:default"]
        },
		"segmentasapien": {	
	        "ability": "lucraftcore:command",
			"required_level": 50,            
            "show_in_bar": true,	
            "title": {"text":"Segmentasapien"},
			"icon": { "type": "texture", "texture": "ben_ten:textures/gui/completedomnitrix/segmentasapien_activation.png" },
            "bar_color": "green",				
			"commands": ["superpower @s ben_ten:segmentasapien", "playsound minecraft:custom.ov_transform master @a ~ ~ ~", "particle fallingdust ~ ~ ~ 1 1 1 0 3500 force @a 0133"] 
		},
		"incursean": {	
	        "ability": "lucraftcore:command",
            "show_in_bar": true,	
            "title": {"text":"Incursean"},
			"icon": { "type": "texture", "texture": "ben_ten:textures/gui/completedomnitrix/incursean_activation.png" },
            "bar_color": "green",				
			"commands": ["superpower @s ben_ten:incursean", "playsound minecraft:custom.ov_transform master @a ~ ~ ~", "particle fallingdust ~ ~ ~ 1 1 1 0 3500 force @a 0133"] 
		},
		"orthopterran": {	
	        "ability": "lucraftcore:command", 
            "show_in_bar": true,	
            "title": {"text":"Orthopterran"},
			"icon": { "type": "texture", "texture": "ben_ten:textures/gui/completedomnitrix/orthopterran_activation.png" },
            "bar_color": "green",				
			"commands": ["superpower @s ben_ten:orthopterran", "playsound minecraft:custom.ov_transform master @a ~ ~ ~", "particle fallingdust ~ ~ ~ 1 1 1 0 3500 force @a 0133"] 
		},
		"conductoid": {	
	        "ability": "lucraftcore:command",
            "show_in_bar": true,	
            "title": {"text":"Conductoid"},
			"icon": { "type": "texture", "texture": "ben_ten:textures/gui/completedomnitrix/conductoid_activation.png" },
            "bar_color": "green",
			"conditions": [{"type": "lucraftcore:scoreboard_tag",
			                "tag": "Conductoid"}],				
			"commands": ["superpower @s ben_ten:conductoid", "playsound minecraft:custom.ov_transform master @a ~ ~ ~", "particle fallingdust ~ ~ ~ 1 1 1 0 3500 force @a 0133"] 
		},
		"galilean": {	
	        "ability": "lucraftcore:command",
			"required_level": 50,                        
            "show_in_bar": true,	
            "title": {"text":"Galilean"},
			"icon": { "type": "texture", "texture": "ben_ten:textures/gui/completedomnitrix/galilean_activation.png" },
            "bar_color": "green",				
			"commands": ["superpower @s ben_ten:galilean", "playsound minecraft:custom.ov_transform master @a ~ ~ ~", "particle fallingdust ~ ~ ~ 1 1 1 0 3500 force @a 0133"] 
		},
		"nemuina": {	
	        "ability": "lucraftcore:command",            
            "show_in_bar": true,	
            "title": {"text":"Nemuina"},
			"icon": { "type": "texture", "texture": "ben_ten:textures/gui/completedomnitrix/nemuina_activation.png" },
            "bar_color": "green",				
			"commands": ["superpower @s ben_ten:nemuina", "playsound minecraft:custom.ov_transform master @a ~ ~ ~", "particle fallingdust ~ ~ ~ 1 1 1 0 3500 force @a 0133"] 
		},
		"ickthyperambuloid": {	
	        "ability": "lucraftcore:command",
			"required_level": 50,            
            "show_in_bar": true,	
            "title": {"text":"Ickthyperambuloid"},
			"icon": { "type": "texture", "texture": "ben_ten:textures/gui/completedomnitrix/ickthyperambuloid_activation.png" },
            "bar_color": "green",				
			"commands": ["scoreboard objectives add Breath dummy", 
			    "scoreboard players set @s Breath 0", 
			    "superpower @s ben_ten:ickthyperambuloid", 
			    "playsound minecraft:custom.ov_transform master @a ~ ~ ~", 
			    "particle fallingdust ~ ~ ~ 1 1 1 0 3500 force @a 0133"] 
		},
		"atrocian": {	
	        "ability": "lucraftcore:command",
            "show_in_bar": true,	
            "title": {"text":"Atrocian"},
			"icon": { "type": "texture", "texture": "ben_ten:textures/gui/completedomnitrix/atrocian_activation.png" },
            "bar_color": "green",				
			"commands": ["superpower @s ben_ten:atrocian", "playsound minecraft:custom.ov_transform master @a ~ ~ ~", "particle fallingdust ~ ~ ~ 1 1 1 0 3500 force @a 0133"] 
		},
		"vladat": {	
	        "ability": "lucraftcore:command",
            "show_in_bar": true,	
            "title": {"text":"Vladat"},
			"icon": { "type": "texture", "texture": "ben_ten:textures/gui/completedomnitrix/vladat_activation.png" },
            "bar_color": "green",
			"conditions": [{"type": "lucraftcore:scoreboard_tag",
			                "tag": "Vladat"}],					
			"commands": ["superpower @s ben_ten:vladat", "playsound minecraft:custom.ov_transform master @a ~ ~ ~", "particle fallingdust ~ ~ ~ 1 1 1 0 3500 force @a 0133"] 
		},
		"gimlinopithecus": {	
	        "ability": "lucraftcore:command",            
            "show_in_bar": true,	
            "title": {"text":"Gimlinopithecus"},
			"icon": { "type": "texture", "texture": "ben_ten:textures/gui/completedomnitrix/gimlinopithecus_activation.png" },
            "bar_color": "green",				
			"commands": ["superpower @s ben_ten:gimlinopithecus", "scoreboard objectives add Charge dummy", "playsound minecraft:custom.ov_transform master @a ~ ~ ~", "particle fallingdust ~ ~ ~ 1 1 1 0 3500 force @a 0133"] 
		},
		"prypiatosian_a": {	
	        "ability": "lucraftcore:command",
            "show_in_bar": true,	
            "title": {"text":"Prypiatosian-A"},
			"icon": { "type": "texture", "texture": "ben_ten:textures/gui/completedomnitrix/prypiatosian_a_activation.png" },
            "bar_color": "green",				
			"commands": ["superpower @s ben_ten:prypiatosian_a", "playsound minecraft:custom.ov_transform master @a ~ ~ ~", "particle fallingdust ~ ~ ~ 1 1 1 0 3500 force @a 0133"] 
		},
		"terratinal_ogre": {	
	        "ability": "lucraftcore:command",
            "show_in_bar": true,	
            "title": {"text":"Terratinal Ogre"},
			"icon": { "type": "texture", "texture": "ben_ten:textures/gui/completedomnitrix/terratinal_ogre_activation.png" },
            "bar_color": "green",				
			"commands": ["superpower @s ben_ten:terratinal_ogre", "playsound minecraft:custom.ov_transform master @a ~ ~ ~", "particle fallingdust ~ ~ ~ 1 1 1 0 3500 force @a 0133"] 
		},
		"pturbosaurian": {	
	        "ability": "lucraftcore:command",
            "show_in_bar": true,	
            "title": {"text":"Pturbosaurian"},
			"icon": { "type": "texture", "texture": "ben_ten:textures/gui/completedomnitrix/pturbosaurian_activation.png" },
            "bar_color": "green",				
			"commands": ["superpower @s ben_ten:pturbosaurian", "playsound minecraft:custom.ov_transform master @a ~ ~ ~", "particle fallingdust ~ ~ ~ 1 1 1 0 3500 force @a 0133"] 
		},
		"effluvosynthian": {	
	        "ability": "lucraftcore:command",
            "show_in_bar": true,	
            "title": {"text":"Effluvosynthian"},
			"icon": { "type": "texture", "texture": "ben_ten:textures/gui/completedomnitrix/effluvosynthian_activation.png" },
            "bar_color": "green",				
			"commands": ["superpower @s ben_ten:effluvosynthian", "playsound minecraft:custom.ov_transform master @a ~ ~ ~", "particle fallingdust ~ ~ ~ 1 1 1 0 3500 force @a 0133"] 
		},
		"tetraborean_insecta": {	
	        "ability": "lucraftcore:command",
			"required_level": 50,            
            "show_in_bar": true,	
            "title": {"text":"Tetraborean Insecta"},
			"icon": { "type": "texture", "texture": "ben_ten:textures/gui/completedomnitrix/tetraborean_insecta_activation.png" },
            "bar_color": "green",				
			"commands": ["superpower @s ben_ten:tetraborean_insecta", "playsound minecraft:custom.ov_transform master @a ~ ~ ~", "particle fallingdust ~ ~ ~ 1 1 1 0 3500 force @a 0133"] 
		},
		"gallushi": {	
	        "ability": "lucraftcore:command",
            "show_in_bar": true,	
            "title": {"text":"Gallushi"},
			"icon": { "type": "texture", "texture": "ben_ten:textures/gui/completedomnitrix/gallushi_activation.png" },
            "bar_color": "green",				
			"commands": ["superpower @s ben_ten:gallushi", "playsound minecraft:custom.ov_transform master @a ~ ~ ~", "particle fallingdust ~ ~ ~ 1 1 1 0 3500 force @a 0133"] 
		},
		"talpi_folliculus": {	
	        "ability": "lucraftcore:command",
            "show_in_bar": true,	
            "title": {"text":"Talpi Folliculus"},
			"icon": { "type": "texture", "texture": "ben_ten:textures/gui/completedomnitrix/talpi_folliculus_activation.png" },
            "bar_color": "green",				
			"commands": ["superpower @s ben_ten:talpi_folliculus", "playsound minecraft:custom.ov_transform master @a ~ ~ ~", "particle fallingdust ~ ~ ~ 1 1 1 0 3500 force @a 0133"] 
		},		
		"next_playlist": {	
	        "ability": "lucraftcore:command",
            "show_in_bar": true,	
            "title": {"text":"Next Playlist"},
			"icon": { "type": "texture", "texture": "ben_ten:textures/gui/omnitrix/ov_trix_4.png" },
            "bar_color": "green",				
			"commands": ["/superpower @s ben_ten:completedomnitrix_4", "playsound minecraft:custom.ov_playlist master @a ~ ~ ~"]
		},		
		"previous_playlist": {	
	        "ability": "lucraftcore:command",
            "show_in_bar": true,	
            "title": {"text":"Previous Playlist"},
			"icon": { "type": "texture", "texture": "ben_ten:textures/gui/omnitrix/ov_trix_2.png" },
            "bar_color": "green",				
			"commands": ["/superpower @s ben_ten:completedomnitrix_2", "playsound minecraft:custom.ov_playlist master @a ~ ~ ~"]
		},		
		"main_menu": {	
	        "ability": "lucraftcore:command",
            "show_in_bar": true,	
            "title": {"text":"Playlist Selection"},
			"icon": { "type": "texture", "texture": "ben_ten:textures/gui/omnitrix/ov_trix_master.png" },
            "bar_color": "green",				
			"commands": ["/superpower @s ben_ten:completedomnitrix", "playsound minecraft:custom.ov_playlist master @a ~ ~ ~"]
		}
	}
}
