{
	"name" : {
		"text": "The Omnitrix"
	},

	"icon": {
		"type": "texture",
		"texture": "ben_ten:textures/gui/omnitrix/ov_trix_1.png"
	},
	
	"creative_tab": "ben 10",
	
	"max_level": 40,
	
	"capsule_color" : 65280,
	
	"effects": [
        {
            "type": "skin_overlay",
            "texture": "ben_ten:textures/overlays/omnitrix/omnitrix_open.png",
            "size": 0,
            "glow": false,
            "conditions": [
            	{
            		"type": "always"
				}
			]
	    },
		{
            "type": "skin_overlay",
            "texture": "ben_ten:textures/overlays/glow/omnitrix/omnitrix_open_glow.png",
            "size": 0,
            "glow": true,
            "conditions": [
            	{
            		"type": "always"
            	}
            ]
        },
        {
            "type": "skin_overlay",
            "texture": "ben_ten:textures/overlays/omnitrix/omnitrix_playlists.png",
            "size": 1,
            "glow": true,
            "conditions": [
            	{
            		"type": "always"
        		}
        	]
        }		
    ],

	"abilities": {	
		"functions": {
		    "hidden": true,
			"ability": "lucraftcore:command_loop",
			"show_in_bar": false,
			"title": {"text": "Recharge Mode"},
			"icon": { "type": "texture", "texture": "ben_ten:textures/gui/omnitrix/ov_trix_timeout.png" },
			"bar_color": "light_gray",
			"commands": ["playsound minecraft:custom.ov_wait master @a ~ ~ ~", 
			"sizechange @s 1 lucraftcore:default"]
        },		
		"pyronite": {	
	        "ability": "lucraftcore:command",
            "show_in_bar": true,	
            "title": {"text":"Pyronite"},
			"icon": { "type": "texture", "texture": "ben_ten:textures/gui/completedomnitrix/pyronite_activation.png" },
            "bar_color": "green",				
			"commands": ["superpower @s ben_ten:pyronite", "playsound minecraft:custom.ov_transform master @a ~ ~ ~", "particle fallingdust ~ ~ ~ 1 1 1 0 3500 force @a 0133"]
		},
		"petrosapien": {	
	        "ability": "lucraftcore:command",
            "show_in_bar": true,	
            "title": {"text":"Petrosapien"},
			"icon": { "type": "texture", "texture": "ben_ten:textures/gui/completedomnitrix/petrosapien_activation.png" },
            "bar_color": "green",				
			"commands": ["superpower @s ben_ten:petrosapien", "playsound minecraft:custom.ov_transform master @a ~ ~ ~", "particle fallingdust ~ ~ ~ 1 1 1 0 3500 force @a 0133"]
		},
		"ectonurite": {	
	        "ability": "lucraftcore:command",
            "show_in_bar": true,	
            "title": {"text":"Ectonurite"},
			"icon": { "type": "texture", "texture": "ben_ten:textures/gui/completedomnitrix/ectonurite_activation.png" },
            "bar_color": "green",				
			"commands": ["superpower @s ben_ten:ectonurite", "playsound minecraft:custom.ov_transform master @a ~ ~ ~", "particle fallingdust ~ ~ ~ 1 1 1 0 3500 force @a 0133"]
		},
		"true_ectonurite": {	
	        "ability": "lucraftcore:command",	
            "required_level": 22,
			"show_in_bar": true,	
            "title": {"text":"Ectonurite"},
			"icon": { "type": "texture", "texture": "ben_ten:textures/gui/completedomnitrix/ectonurite_true_activation.png" },
            "bar_color": "green",				
			"commands": ["superpower @s ben_ten:ectonurite_true", "playsound minecraft:custom.ov_transform master @a ~ ~ ~", "particle fallingdust ~ ~ ~ 1 1 1 0 3500 force @a 0133"]
		},
		"tetramand": {	
	        "ability": "lucraftcore:command",
            "show_in_bar": true,	
            "title": {"text":"Tetramand"},
			"icon": { "type": "texture", "texture": "ben_ten:textures/gui/completedomnitrix/tetramand_activation.png" },
            "bar_color": "green",				
			"commands": ["superpower @s ben_ten:tetramand", "playsound minecraft:custom.ov_transform master @a ~ ~ ~", "particle fallingdust ~ ~ ~ 1 1 1 0 3500 force @a 0133"]
		},
		"lepidopterran": {	
	        "ability": "lucraftcore:command",
            "show_in_bar": true,	
            "title": {"text":"Lepidopterran"},
			"icon": { "type": "texture", "texture": "ben_ten:textures/gui/completedomnitrix/lepidopterran_activation.png" },
            "bar_color": "green",				
			"commands": ["superpower @s ben_ten:lepidopterran", "playsound minecraft:custom.ov_transform master @a ~ ~ ~", "particle fallingdust ~ ~ ~ 1 1 1 0 3500 force @a 0133"]
		},
		"kineceleran": {	
	        "ability": "lucraftcore:command",
            "show_in_bar": true,	
            "title": {"text":"Kineceleran"},
			"icon": { "type": "texture", "texture": "ben_ten:textures/gui/completedomnitrix/kineceleran_activation.png" },
            "bar_color": "green",				
			"commands": ["superpower @s ben_ten:kineceleran", "playsound minecraft:custom.ov_transform master @a ~ ~ ~", "particle fallingdust ~ ~ ~ 1 1 1 0 3500 force @a 0133"]
		},
		"vulpimancer": {	
	        "ability": "lucraftcore:command",
            "show_in_bar": true,	
            "title": {"text":"Vulpimancer"},
			"icon": { "type": "texture", "texture": "ben_ten:textures/gui/completedomnitrix/vulpimancer_activation.png" },
            "bar_color": "green",				
			"commands": ["superpower @s ben_ten:vulpimancer", "playsound minecraft:custom.ov_transform master @a ~ ~ ~", "particle fallingdust ~ ~ ~ 1 1 1 0 3500 force @a 0133"]
		},
		"galvan": {
			"ability": "lucraftcore:command",
			"show_in_bar": true,
			"title": {"text":"Galvan"},
			"icon": { "type": "texture", "texture": "ben_ten:textures/gui/completedomnitrix/galvan_activation.png"},
			"bar_color": "green",
			"commands": ["superpower @s ben_ten:galvan", "playsound minecraft:custom.ov_transform master @a ~ ~ ~", "particle fallingdust ~ ~ ~ 1 1 1 0 3500 force @a 0133"]
		},
		"piscciss_volan": {
			"ability": "lucraftcore:command",
			"show_in_bar": true,
			"title": {"text":"Piscciss Volan"},
			"icon": { "type": "texture", "texture": "ben_ten:textures/gui/completedomnitrix/piscciss_volan_activation.png"},
			"bar_color": "green",
			"commands": ["scoreboard objectives add Breath dummy", 
			    "scoreboard players set @s Breath 0", 
			    "superpower @s ben_ten:piscciss_volan", 
			    "playsound minecraft:custom.ov_transform master @a ~ ~ ~", 
			    "particle fallingdust ~ ~ ~ 1 1 1 0 3500 force @a 0133"]
		},
		"galvanic_mechamorph": {
			"ability": "lucraftcore:command",
			"show_in_bar": true,
			"title": {"text":"Galvanic Mechamorph"},
			"icon": { "type": "texture", "texture": "ben_ten:textures/gui/completedomnitrix/galvanic_mechamorph_activation.png"},
			"bar_color": "green",
			"commands": ["superpower @s ben_ten:ov_galvanic_mechamorph", "playsound minecraft:custom.ov_transform master @a ~ ~ ~", "particle fallingdust ~ ~ ~ 1 1 1 0 3500 force @a 0133"]
		},
		"arburian_pelarota": {
			"ability": "lucraftcore:command",
			"show_in_bar": true,
			"title": {"text":"Arburian Pelarota"},
			"icon": { "type": "texture", "texture": "ben_ten:textures/gui/completedomnitrix/arburian_pelarota_activation.png"},
			"bar_color": "green",
			"commands": ["superpower @s ben_ten:arburian_pelarota", "playsound minecraft:custom.ov_transform master @a ~ ~ ~", "particle fallingdust ~ ~ ~ 1 1 1 0 3500 force @a 0133"]
		},
		"splixson": {
			"ability": "lucraftcore:command",
			"show_in_bar": true,
			"title": {"text":"Splixson"},
			"icon": { "type": "texture", "texture": "ben_ten:textures/gui/completedomnitrix/splixson_activation.png"},
			"bar_color": "green",
			"commands": ["superpower @s ben_ten:splixson", "playsound minecraft:custom.ov_transform master @a ~ ~ ~", "particle fallingdust ~ ~ ~ 1 1 1 0 3500 force @a 0133"]
		},
		"nosedeenian": {
			"ability": "lucraftcore:command",
			"show_in_bar": true,
			"title": {"text":"Nosedeenian"},
			"icon": { "type": "texture", "texture": "ben_ten:textures/gui/completedomnitrix/nosedeenian_activation.png"},
			"bar_color": "green",
			"commands": ["superpower @s ben_ten:nosedeenian", "playsound minecraft:custom.ov_transform master @a ~ ~ ~", "particle fallingdust ~ ~ ~ 1 1 1 0 3500 force @a 0133"]
		},
		"polar_manzardill": {
			"ability": "lucraftcore:command",
            "required_level": 13,
			"show_in_bar": true,
			"title": {"text":"Polar Manzardill"},
			"icon": { "type": "texture", "texture": "ben_ten:textures/gui/completedomnitrix/polar_manzardill_activation.png"},
			"bar_color": "green",
			"commands": ["superpower @s ben_ten:polar_manzardill", "playsound minecraft:custom.ov_transform master @a ~ ~ ~", "particle fallingdust ~ ~ ~ 1 1 1 0 3500 force @a 0133"]
		},
		"sphoeroid": {
			"ability": "lucraftcore:command",
            "required_level": 13,
			"show_in_bar": true,
			"title": {"text":"Sphoeroid"},
			"icon": { "type": "texture", "texture": "ben_ten:textures/gui/completedomnitrix/sphoeroid_activation.png"},
			"bar_color": "green",
			"commands": ["superpower @s ben_ten:sphoeroid", "playsound minecraft:custom.ov_transform master @a ~ ~ ~", "particle fallingdust ~ ~ ~ 1 1 1 0 3500 force @a 0133"]
		},
		"opticoid": {
		   "ability": "lucraftcore:command",
			"show_in_bar": true,
			"title": {"text":"Opticoid"},
			"icon": { "type": "texture", "texture": "ben_ten:textures/gui/completedomnitrix/opticoid_activation.png" },
			"bar_color": "green",
			"commands": ["superpower @s ben_ten:opticoid", "playsound minecraft:custom.ov_transform master @a ~ ~ ~", "particle fallingdust ~ ~ ~ 1 1 1 0 3500 force @a 0133"]
		},
		"perk_gourmand": {
			"ability": "lucraftcore:command",
			"show_in_bar": true,
			"title": {"text":"Perk Gourmand"},
			"icon": { "type": "texture", "texture": "ben_ten:textures/gui/completedomnitrix/gourmand_activation.png"},
			"bar_color": "green",
			"commands": ["superpower @s ben_ten:perk_gourmand", 
			"playsound minecraft:custom.ov_transform master @a ~ ~ ~", 
			"particle fallingdust ~ ~ ~ 1 1 1 0 3500 force @a 0133"]
		},
		"murk_gourmand": {
			"ability": "lucraftcore:command",
			"show_in_bar": true,
			"title": {"text":"Murk Gourmand"},
			"icon": { "type": "texture", "texture": "ben_ten:textures/gui/completedomnitrix/gourmand_activation.png"},
			"bar_color": "green",
			"commands": ["superpower @s ben_ten:murk_gourmand", 
			"playsound minecraft:custom.ov_transform master @a ~ ~ ~", 
			"particle fallingdust ~ ~ ~ 1 1 1 0 3500 force @a 0133"]
		},
		"florauna": {
			"ability": "lucraftcore:command",
			"show_in_bar": true,
			"title": {"text":"Florauna"},
			"icon": { "type": "texture", "texture": "ben_ten:textures/gui/completedomnitrix/florauna_activation.png"},
			"bar_color": "green",
			"commands": ["superpower @s ben_ten:florauna", "playsound minecraft:custom.ov_transform master @a ~ ~ ~", "particle fallingdust ~ ~ ~ 1 1 1 0 3500 force @a 0133"]
		},
		"loboan": {	
	        "ability": "lucraftcore:command",
			"show_in_bar": true,	
            "title": {"text":"Loboan"},
			"icon": { "type": "texture", "texture": "ben_ten:textures/gui/completedomnitrix/loboan_activation.png" },
            "bar_color": "green",				
			"commands": ["superpower @s ben_ten:loboan", "playsound minecraft:custom.ov_transform master @a ~ ~ ~", "particle fallingdust ~ ~ ~ 1 1 1 0 3500 force @a 0133", "effect @s ebwizardry:sixth_sense 1000000 1 true"]
		},
		"transylian": {
			"ability": "lucraftcore:command",
			"show_in_bar": true,
			"title": {"text":"Transylian"},
			"icon": { "type": "texture", "texture": "ben_ten:textures/gui/completedomnitrix/transylian_activation.png"},
			"bar_color": "green",
			"commands": ["superpower @s ben_ten:transylian", "playsound minecraft:custom.ov_transform master @a ~ ~ ~", "particle fallingdust ~ ~ ~ 1 1 1 0 3500 force @a 0133"]
		},
		"thep_khufan": {
			"ability": "lucraftcore:command",
			"show_in_bar": true,
			"title": {"text":"Thep Khufan"},
			"icon": { "type": "texture", "texture": "ben_ten:textures/gui/completedomnitrix/thep_khufan_activation.png"},
			"bar_color": "green",
			"commands": ["superpower @s ben_ten:thep_khufan", "playsound minecraft:custom.ov_transform master @a ~ ~ ~", "particle fallingdust ~ ~ ~ 1 1 1 0 3500 force @a 0133"]
		},
		"to'kustar": {	
	        "ability": "lucraftcore:command",
			"show_in_bar": true,	
            "title": {"text":"To'kustar"},
			"icon": { "type": "texture", "texture": "ben_ten:textures/gui/completedomnitrix/tokustar_activation.png" },
            "bar_color": "green",				
			"commands": ["superpower @s ben_ten:tokustar", "playsound minecraft:custom.ov_transform master @a ~ ~ ~", "particle fallingdust ~ ~ ~ 1 1 1 0 3500 force @a 0133"]
		},		
		"next_playlist": {	
	        "ability": "lucraftcore:command",
            "show_in_bar": true,	
            "title": {"text":"Next Playlist"},
			"icon": { "type": "texture", "texture": "ben_ten:textures/gui/omnitrix/ov_trix_2.png" },
            "bar_color": "green",				
			"commands": ["/superpower @s ben_ten:completedomnitrix_2", "playsound minecraft:custom.ov_playlist master @a ~ ~ ~"]
		},		
		"previous_playlist": {	
	        "ability": "lucraftcore:command",
            "show_in_bar": true,	
            "title": {"text":"Previous Playlist"},
			"icon": { "type": "texture", "texture": "ben_ten:textures/gui/omnitrix/ov_trix_4.png" },
            "bar_color": "green",				
			"commands": ["/superpower @s ben_ten:completedomnitrix_4", "playsound minecraft:custom.ov_playlist master @a ~ ~ ~"]
		},		
		"main_menu": {	
	        "ability": "lucraftcore:command",
            "show_in_bar": true,	
            "title": {"text":"Playlist Selection"},
			"icon": { "type": "texture", "texture": "ben_ten:textures/gui/omnitrix/ov_trix_master.png" },
            "bar_color": "green",				
			"commands": ["/superpower @s ben_ten:completedomnitrix", "playsound minecraft:custom.ov_playlist master @a ~ ~ ~"]
		}
	}
}
