{
	"name": {
		"text": "Conductoid"
	},

	"icon": {
		"type": "texture",
		"texture": "ben_ten:textures/gui/completedomnitrix/conductoid_activation.png"
	},

	"creative_tab": "ben10",
	
	"max_level": 40,
	
	"capsule_color": 3080117,
	
    "effects": [
        {
            "type": "skin_change",
            "texture": "ben_ten:textures/models/ben/conductoid.png",
        	"conditions": [
        		{
				    "type": "ability_enabled",
					"ability": "lucraftcore:step_assist"
        		}
        	]
        },
		{
            "type": "skin_overlay",
            "texture": "ben_ten:textures/overlays/glow/conductoid_glow.png",
            "size": 0,
            "glow": true,
            "conditions": [
            	{
            		"type": "always"
            	},
				{
				    "type": "ability_enabled",
					"ability": "lucraftcore:step_assist"
        		}
            ]
        },
		{
            "type": "skin_change",
            "texture": "ben_ten:textures/models/ben/conductoid_os.png",
            "conditions": [
            	{
				    "type": "ability_enabled",
					"ability": "heroesexpansion:precision"
        		}
            ]
        },
		{
            "type": "skin_overlay",
            "texture": "ben_ten:textures/overlays/glow/conductoid_os_glow.png",
            "size": 0,
            "glow": true,
            "conditions": [
            	{
            		"type": "always"
            	},
				{
				    "type": "ability_enabled",
					"ability": "heroesexpansion:precision"
        		}
            ]
        },
        {
        	"type": "trail",
        	"trail_type": "lightnings",
        	"color": [0, 1, 0],
        	"use_suit_trail": false,
        	"conditions": [
        		{
				    "type": "ability_enabled",
					"ability": "lucraftcore:flight"
        		}
        	]
        },
		{
        	"type": "trail",
        	"trail_type": "electricity",
        	"color": [0, 1, 0],
        	"use_suit_trail": false,
        	"conditions": [
        		{
				    "type": "ability_enabled",
					"ability": "lucraftcore:flight"
        		}
        	]
        },
		{
        	"type": "flickering",
        	"color": [0, 1, 0],
        	"use_suit_flicker": false,
        	"conditions": [
        		{
				    "type": "ability_enabled",
					"ability": "lucraftcore:flight"
        		}
        	]
        }
    ],
	
	"abilities": {
		"radiation_protection": {
            "ability": "the-fifth-world:potion_immunity",
            "show_in_bar": false,
            "title": {"text":"Radiation Protection"},
            "icon": { "type": "internal" },
            "potion": "lucraftcore:radiation"
        },
		"os": {
            "ability": "heroesexpansion:precision",
            "show_in_bar": false,
            "title": {"text":"OS"},
            "icon": {"type": "internal"},
			"conditions": [{
			    "type": "lucraftcore:scoreboard_tag",
				"tag": "os"}],
            "bar_color": "green"
       },
		"gain": {
            "ability": "lucraftcore:command_on_gain",
            "show_in_bar": false,
            "title": {"translate":"lucraftcore.abilities.command_on_gain.name"},
            "icon": { "type": "internal" },
            "commands": ["scoreboard objectives add Charge dummy"]
        },
		"lose": {
            "ability": "lucraftcore:command_on_lose",
            "show_in_bar": false,
            "title": {"translate":"lucraftcore.abilities.command_on_lose.name"},
            "icon": { "type": "internal" },
            "commands": ["scoreboard objectives remove Charge dummy"]
        },
		"step_assist": {
            "ability": "lucraftcore:step_assist",
            "show_in_bar": false,
            "title": {"translate":"lucraftcore.abilities.step_assist.name"},
            "icon": {"type": "internal"},
            "bar_color": "light_gray",
            "amount": 0.0,
            "operation": 0,
			"conditions": [{
			    "type": "lucraftcore:scoreboard_tag",
				"tag": "ov"}],
            "uuid": "0669d99d-b34d-40fc-a4d8-c7ee963cc842"
       },
        "size": {
			"ability": "lucraftcore:command_loop",
			"show_in_bar": false,
			"title": {"text": "Big size"},
			"icon": { "type": "internal" },
			"bar_color": "green",
			"commands": ["sizechange @s 1.2 lucraftcore:default",
			             "execute @s[score_Charge=0,score_Charge_min=0] ~ ~ ~ /scoreboard players tag @s add NoCharge",
						 "execute @s[score_Charge=10000,score_Charge_min=1001] ~ ~ ~ scoreboard players set @s Charge 900", 
			             "execute @s[score_Charge=1000,score_Charge_min=1] ~ ~ ~ /scoreboard players tag @s remove NoCharge",
			             "execute @s[score_Charge=0,score_Charge_min=0] ~ ~ ~ /title @s actionbar [{\"text\":\"<\",\"color\":\"black\"},{\"text\":\"Charge\",\"color\":\"green\"},{\"text\":\">\",\"color\":\"black\"},{\"text\":\"<\",\"color\":\"black\"},{\"text\":\"⬜⬜⬜⬜⬜⬜⬜⬜⬜⬜\",\"color\":\"green\"},{\"text\":\">\",\"color\":\"black\"}]",
			             "execute @s[score_Charge=99,score_Charge_min=1] ~ ~ ~ /title @s actionbar [{\"text\":\"<\",\"color\":\"black\"},{\"text\":\"Charge\",\"color\":\"green\"},{\"text\":\">\",\"color\":\"black\"},{\"text\":\"<\",\"color\":\"black\"},{\"text\":\"⬛⬜⬜⬜⬜⬜⬜⬜⬜⬜\",\"color\":\"green\"},{\"text\":\">\",\"color\":\"black\"}]",
						 "execute @s[score_Charge=200,score_Charge_min=100] ~ ~ ~ /title @s actionbar [{\"text\":\"<\",\"color\":\"black\"},{\"text\":\"Charge\",\"color\":\"green\"},{\"text\":\">\",\"color\":\"black\"},{\"text\":\"<\",\"color\":\"black\"},{\"text\":\"⬛⬛⬜⬜⬜⬜⬜⬜⬜⬜\",\"color\":\"green\"},{\"text\":\">\",\"color\":\"black\"}]",
						 "execute @s[score_Charge=300,score_Charge_min=200] ~ ~ ~ /title @s actionbar [{\"text\":\"<\",\"color\":\"black\"},{\"text\":\"Charge\",\"color\":\"green\"},{\"text\":\">\",\"color\":\"black\"},{\"text\":\"<\",\"color\":\"black\"},{\"text\":\"⬛⬛⬛⬜⬜⬜⬜⬜⬜⬜\",\"color\":\"green\"},{\"text\":\">\",\"color\":\"black\"}]",
						 "execute @s[score_Charge=400,score_Charge_min=300] ~ ~ ~ /title @s actionbar [{\"text\":\"<\",\"color\":\"black\"},{\"text\":\"Charge\",\"color\":\"green\"},{\"text\":\">\",\"color\":\"black\"},{\"text\":\"<\",\"color\":\"black\"},{\"text\":\"⬛⬛⬛⬛⬜⬜⬜⬜⬜⬜\",\"color\":\"green\"},{\"text\":\">\",\"color\":\"black\"}]",
						 "execute @s[score_Charge=500,score_Charge_min=400] ~ ~ ~ /title @s actionbar [{\"text\":\"<\",\"color\":\"black\"},{\"text\":\"Charge\",\"color\":\"green\"},{\"text\":\">\",\"color\":\"black\"},{\"text\":\"<\",\"color\":\"black\"},{\"text\":\"⬛⬛⬛⬛⬛⬜⬜⬜⬜⬜\",\"color\":\"green\"},{\"text\":\">\",\"color\":\"black\"}]",
						 "execute @s[score_Charge=600,score_Charge_min=500] ~ ~ ~ /title @s actionbar [{\"text\":\"<\",\"color\":\"black\"},{\"text\":\"Charge\",\"color\":\"green\"},{\"text\":\">\",\"color\":\"black\"},{\"text\":\"<\",\"color\":\"black\"},{\"text\":\"⬛⬛⬛⬛⬛⬛⬜⬜⬜⬜\",\"color\":\"green\"},{\"text\":\">\",\"color\":\"black\"}]",
						 "execute @s[score_Charge=700,score_Charge_min=600] ~ ~ ~ /title @s actionbar [{\"text\":\"<\",\"color\":\"black\"},{\"text\":\"Charge\",\"color\":\"green\"},{\"text\":\">\",\"color\":\"black\"},{\"text\":\"<\",\"color\":\"black\"},{\"text\":\"⬛⬛⬛⬛⬛⬛⬛⬜⬜⬜\",\"color\":\"green\"},{\"text\":\">\",\"color\":\"black\"}]",
						 "execute @s[score_Charge=800,score_Charge_min=700] ~ ~ ~ /title @s actionbar [{\"text\":\"<\",\"color\":\"black\"},{\"text\":\"Charge\",\"color\":\"green\"},{\"text\":\">\",\"color\":\"black\"},{\"text\":\"<\",\"color\":\"black\"},{\"text\":\"⬛⬛⬛⬛⬛⬛⬛⬛⬜⬜\",\"color\":\"green\"},{\"text\":\">\",\"color\":\"black\"}]",
						 "execute @s[score_Charge=900,score_Charge_min=800] ~ ~ ~ /title @s actionbar [{\"text\":\"<\",\"color\":\"black\"},{\"text\":\"Charge\",\"color\":\"green\"},{{\"text\":\">\",\"color\":\"black\"},{\"text\":\"<\",\"color\":\"black\"},{\"text\":\"⬛⬛⬛⬛⬛⬛⬛⬛⬛⬜\",\"color\":\"green\"},{\"text\":\">\",\"color\":\"black\"}]",
						 "execute @s[score_Charge=1000,score_Charge_min=999] ~ ~ ~ /title @s actionbar [{\"text\":\"<\",\"color\":\"black\"},{\"text\":\"Charge\",\"color\":\"green\"},{\"text\":\">\",\"color\":\"black\"},{\"text\":\"<\",\"color\":\"black\"},{\"text\":\"⬛⬛⬛⬛⬛⬛⬛⬛⬛⬛\",\"color\":\"green\"},{\"text\":\">\",\"color\":\"black\"}]"]
		},
		"health": {		
			"ability": "lucraftcore:health",			
            "show_in_bar": false,		
            "title": {"text":"Health"},					
			"amount": 10,
			"operation": 0,
			"uuid": "5c5cfbea-9f1b-42dd-b43c-d129733c4a75"		
		},
		"strength": {	
			"ability": "lucraftcore:strength",				
            "show_in_bar": false,		
            "title": {"text":"Strength"},							
			"amount": 10,
			"operation": 0,
			"uuid": "5c5cfbea-9f1b-42dd-b43c-d129733c4a75"			
		},
		"defense": {
			"ability": "lucraftcore:resistance",			
            "show_in_bar": false,		
            "title": {"text":"Resistance"},						
			"amount": 20,
			"operation": 0,
			"uuid": "5c5cfbea-9f1b-42dd-b43c-d129733c4a75"			
        },
		"charge_up":{
            "ability": "lucraftcore:command_held",
            "show_in_bar": true,
			"bar_color": "green",
            "cooldown": 0,
            "title": {"text":"Charge Up"},
			"conditions": [{"type": "lucraftcore:not", 
			            "conditions": [{ 
			                    "type": "lucraftcore:held_item",
                                "item": "minecraft:redstone",
                                "hand": "off_hand"}]}],				
            "icon": {"type": "texture", "texture": "ben_ten:textures/gui/omnitrix/redstonetravel.png"},
            "commands": ["scoreboard players add @s Charge 1 ",
			"playsound minecraft:custom.charge master @a ~ ~ ~"],
            "hidden": true
	    },
		"charge_up_redstone":{
            "ability": "lucraftcore:command_loop",
			"conditions": [{
				"type": "lucraftcore:held_item",
                "item": "minecraft:redstone",
                "hand": "off_hand"}],
            "show_in_bar": false,
			"bar_color": "green",
            "cooldown": 0,
            "title": {"text":"Charge Up"},
            "icon": {"type": "texture", "texture": "ben_ten:textures/gui/omnitrix/redstonetravel.png"},
            "commands": ["scoreboard players add @s Charge 5 ",
			             "clear @s minecraft:redstone 0 1 ",
			             "particle fallingdust ~ ~ ~ 1 1 1 0 35 force @a 10"],
            "hidden": true
	    },
		"lightning_web":{
            "ability": "lucraftcore:command",
            "show_in_bar": true,
			"bar_color": "green",
            "cooldown": 150,
            "title": {"text":"Lightning Blast"},
            "icon": {"type": "texture", "texture": "ben_ten:textures/gui/omnitrix/zap.png"},
            "commands": ["execute @s[score_Charge_min=100] ~ ~ ~ /cast ebwizardry:lightning_web @p 5", 
			"execute @s[score_Charge_min=100] ~ ~ ~ /scoreboard players remove @s Charge 100", 
			"execute @s[score_Charge=99,score_Charge_min=0] ~ ~ ~ /tellraw @s {\"text\":\"You need to build up charge first!\"}"],
            "hidden": true		
		},
		"lightning_DownFall":{
            "ability": "lucraftcore:command",
            "show_in_bar": true,
			"bar_color": "green",
            "cooldown": 150,
            "title": {"text":"Lightning DownFall"},
            "icon": {"type": "texture", "texture": "ben_ten:textures/gui/omnitrix/chainshock.png"},
            "commands": ["execute @s[score_Charge_min=100] ~ ~ ~ /scoreboard players tag @s remove Smith",
			"execute @s[score_Charge_min=100] ~ ~ ~ /scoreboard players remove @s Charge 100", 
			"execute @s[score_Charge=99,score_Charge_min=0] ~ ~ ~ /tellraw @s {\"text\":\"You need to build up charge first!\"}"],
            "hidden": true		
		},
		"Downfall_Comands":{
            "ability": "lucraftcore:command_loop",
			"conditions": [{"type": "lucraftcore:not", 
			        "conditions": [{
						"type": "lucraftcore:scoreboard_tag", 
						"tag": "Smith"}]}],
			"parent_ability": "flight",
            "show_in_bar": false,
			"bar_color": "green",
            "title": {"text":"FlightPower"},
            "icon": {"type": "texture", "texture": "ben_ten:textures/gui/omnitrix/chainshock.png"},
            "commands": ["execute @e[rm=2,r=15] ~ ~ ~ /summon Lightning_bolt","scoreboard players tag @s add Smith"]
		},
		"flight": {			
			"ability": "lucraftcore:flight",
			"conditions": [{"type": "lucraftcore:not", 
			        "conditions": [{
						"type": "lucraftcore:scoreboard_tag", 
						"tag": "NoCharge"}]}],
			"icon": { "type": "internal" },
            "cooldown": 500,			
            "show_in_bar": true,
            "title": {"text":"Flight"},	
            "bar_color": "green",				
			"speed": 0.7,
            "sprint_speed": 1,
			"rotate_arms": true
		},
		"FlightPower":{
            "ability": "lucraftcore:command_loop",
			"conditions": [{"type": "lucraftcore:not", 
			        "conditions": [{
						"type": "lucraftcore:scoreboard_tag", 
						"tag": "NoCharge"}]}],
			"parent_ability": "flight",
            "show_in_bar": false,
			"bar_color": "green",
            "title": {"text":"FlightPower"},
            "icon": {"type": "texture", "texture": "ben_ten:textures/gui/omnitrix/placeholder.png"},
            "commands": ["scoreboard players remove @s Charge 1"]
		},
		"paralysis": {
			"ability": "lucraftcore:potion_punch",
			"conditions": [{"type": "lucraftcore:not", 
			        "conditions": [{
						"type": "lucraftcore:scoreboard_tag", 
						"tag": "NoCharge"}]}],
			"cooldown": 10,
			"show_in_bar": true,
			"title": {"text":"Paralysis Punch"},
            "icon": {"type": "texture", "texture": "ben_ten:textures/gui/omnitrix/stunshock.png"},
			"bar_color": "green",
			"potion": "ebwizardry:paralysis",
			"amplifier": 0,
			"duration": 40
		},
		"PunchPower":{
            "ability": "lucraftcore:command_loop",
			"conditions": [{"type": "lucraftcore:not", 
			        "conditions": [{
						"type": "lucraftcore:scoreboard_tag", 
						"tag": "NoCharge"}]}],
			"parent_ability": "paralysis",
            "show_in_bar": false,
			"bar_color": "green",
            "title": {"text":"FlightPower"},
            "icon": {"type": "texture", "texture": "ben_ten:textures/gui/omnitrix/stunshock.png"},
            "commands": ["scoreboard players remove @s Charge 1 "]
		},
		"timer":{
			"ability": "lucraftcore:command_loop",
			"show_in_bar": false,
			"cooldown": 0,
			"title": {"text":"Timer"},			
			"icon": {"type": "texture",
				"texture": "ben_ten:textures/gui/omnitrix/redomnitrix.png"},
			"conditions": [{"type": "lucraftcore:not", 
			            "conditions": [{
						"type": "lucraftcore:scoreboard_tag", 
						"tag": "Master"}]}],
			"commands": ["superpowerxp 1 @s", 
			"scoreboard players remove @s Timer 1", 
			"execute @s[score_Timer=0,score_Timer_min=0,tag=os] ~ ~ ~ /superpower @s ben_ten:prototypeomnitrix", 
			"execute @s[score_Timer=0,score_Timer_min=0,tag=os] ~ ~ ~ /particle reddust ~ ~ ~ 1 1 1 0 7000", 
			"execute @s[score_Timer=60,score_Timer_min=60,tag=os] ~ ~ ~ /playsound minecraft:custom.timeout master @a ~ ~ ~", 
			"execute @s[score_Timer=60,score_Timer_min=60,tag=os] ~ ~ ~ /superpower @s ben_ten:conductoid_t", 
			"execute @s[score_Timer=40,score_Timer_min=40,tag=os] ~ ~ ~ /superpower @s ben_ten:conductoid_t", 
			"execute @s[score_Timer=20,score_Timer_min=20,tag=os] ~ ~ ~ /superpower @s ben_ten:conductoid_t",  
			"execute @s[score_Timer=1,score_Timer_min=1,tag=os] ~ ~ ~ /playsound minecraft:custom.transform master @a ~ ~ ~",
			"execute @s[score_Timer=0,score_Timer_min=0,tag=ov] ~ ~ ~ /superpower @s ben_ten:completedomnitrix", 
			"execute @s[score_Timer=30,score_Timer_min=30,tag=ov] ~ ~ ~ /playsound minecraft:custom.ov_timer master @a ~ ~ ~", 
			"execute @s[score_Timer=1,score_Timer_min=1,tag=ov] ~ ~ ~ /playsound minecraft:custom.ov_human master @a ~ ~ ~", 
			"execute @s[score_Timer=0,score_Timer_min=0,tag=ua] ~ ~ ~ /particle fallingdust ~ ~ ~ 1 1 1 0 3500 force @a 0133"],
			"hidden": true
		},
		"death_state":{
			"ability": "lucraftcore:command_loop",
			"show_in_bar": false,
			"cooldown": 0,
			"title": {"text":"Death State"},			
			"icon": {"type": "texture",
				"texture": "ben_ten:textures/gui/omnitrix/recal_timeout.png"},
			"commands": ["execute @s[score_Health=0,score_Health_min=0,tag=os] ~ ~ ~ /superpower @s ben_ten:prototypeomnitrix",
			"execute @s[score_Health=0,score_Health_min=0,tag=af] ~ ~ ~ /superpower @s ben_ten:recalibratedomnitrix",
			"execute @s[score_Health=0,score_Health_min=0,tag=ua] ~ ~ ~ /superpower @s ben_ten:ultimatrix",
			"execute @s[score_Health=0,score_Health_min=0,tag=ov] ~ ~ ~ /superpower @s ben_ten:completedomnitrix"],
			"hidden": true
		},
		"master_base": {	
	        "ability": "lucraftcore:command",		
			"cooldown": 0,
            "show_in_bar": true,	
            "title": {"text":"Base Form"},
			"icon": {"type": "texture", "texture": "ben_ten:textures/gui/omnitrix/omnitrix.png"},
			"conditions": [{"type": "lucraftcore:scoreboard_tag", 
			                "tag": "Master"},
							{"type": "lucraftcore:scoreboard_tag", 
			                "tag": "os"}],
            "bar_color": "green",				
			"commands": ["execute @s[tag=os] ~ ~ ~ /superpower @s ben_ten:prototypeomnitrix", 
			"execute @s[tag=os] ~ ~ ~ /playsound minecraft:custom.transform master @a ~ ~ ~", 
			"execute @s[tag=os] ~ ~ ~ /particle fallingdust ~ ~ ~ 1 1 1 0 3500 force @a 0133"]
		},
		"base_os": {	
	        "ability": "lucraftcore:command",
			"required_level": 30,		
			"cooldown": 0,
            "show_in_bar": true,	
            "title": {"text":"Base Form"},
			"icon": {"type": "texture", "texture": "ben_ten:textures/gui/omnitrix/omnitrix.png"},
			"conditions": [{"type": "lucraftcore:scoreboard_tag", 
			                "tag": "os"},
							{"type": "lucraftcore:not", 
			                    "conditions": [{
						        "type": "lucraftcore:scoreboard_tag", 
						        "tag": "Master"}]}],
            "bar_color": "green",				
			"commands": ["execute @s[tag=os] ~ ~ ~ /superpower @s ben_ten:prototypeomnitrix", 
			"execute @s[tag=os] ~ ~ ~ /playsound minecraft:custom.transform master @a ~ ~ ~", 
			"execute @s[tag=os] ~ ~ ~ /particle fallingdust ~ ~ ~ 1 1 1 0 3500 force @a 0133"]
		},
		"base": {	
	        "ability": "lucraftcore:command",		
			"cooldown": 0,
            "show_in_bar": true,	
            "title": {"text":"Base Form"},
			"icon": { "type": "texture", "texture": "ben_ten:textures/gui/omnitrix/ov_trix_master.png" },
            "bar_color": "green",
			"conditions": [{"type": "lucraftcore:scoreboard_tag", 
			                "tag": "ov"}],				
			"commands": ["/superpower @s ben_ten:completedomnitrix", 
			"playsound minecraft:custom.ov_human master @a ~ ~ ~", 
			"/particle fallingdust ~ ~ ~ 1 1 1 0 3500 force @a 0133"]
		}
	}
}