{
	"name": {
		"text": "Ectonurite"
	},

	"icon": {
		"type": "texture",
		"texture": "ben_ten:textures/gui/omnitrix/ectonurite_activation_os.png"
	},

	"creative_tab": "ben10",
	
	"max_level": 40,
	
	"capsule_color": 3080117,
	
    "effects": [
        {
            "type": "skin_change",
            "texture": "ben_ten:textures/models/ben/timeout/ectonurite_timeout.png"
       },
		{
        	"type": "skin_change",
        	"texture": "ben_ten:textures/models/ben/timeout/ectonurite_transparent.png",
        	"conditions": [
        		{
        			"type": "ability_enabled",
        			"ability": "speedsterheroes:phasing"
        		}
        	]
       },
		{
            "type": "skin_overlay",
            "texture": "ben_ten:textures/overlays/glow/ectonurite_glow.png",
            "size": 0,
            "glow": true,
            "conditions": [
            	{
            		"type": "always"
            	}
            ]
       }
    ],
	
	"abilities": {
		"radiation_protection": {
            "ability": "the-fifth-world:potion_immunity",
            "show_in_bar": false,
            "title": {"text":"Radiation Protection"},
            "icon": {"type": "internal"},
            "potion": "lucraftcore:radiation"
       },
		"health": {		
			"ability": "lucraftcore:health",			
            "show_in_bar": false,		
            "title": {"text":"Health"},					
			"amount": 10,
			"operation": 0,
			"uuid": "5c5cfbea-9f1b-42dd-b43c-d129733c4a75"		
		},
		"strength": {	
			"ability": "lucraftcore:strength",				
            "show_in_bar": false,		
            "title": {"text":"Strength"},							
			"amount": 5,
			"operation": 0,
			"uuid": "5c5cfbea-9f1b-42dd-b43c-d129733c4a75"			
		},
		"defense": {
			"ability": "lucraftcore:resistance",			
            "show_in_bar": false,		
            "title": {"text":"Resistance"},						
			"amount": 10,
			"operation": 0,
			"uuid": "5c5cfbea-9f1b-42dd-b43c-d129733c4a75"			
		},
		"fall_resistance": {
			"ability": "lucraftcore:fall_resistance",
			"show_in_bar": false,
			"title": {"text":"Fall Resistance"},
			"amount": 200,
			"operation": 0,
			"uuid": "5c5cfbea-9f1b-42dd-b43c-d129733c4a75"
		},
		"phasing": {
            "ability": "speedsterheroes:phasing",
			"icon": {"type": "texture", "texture": "ben_ten:textures/gui/omnitrix/ghostfreakphasing.png"},
            "frequency": 20,
			"bar_color": "green",
			"title": {"text":"Phasing"},
			"uuid": "5c5cfbea-9f1b-42dd-b43c-d129733c4a75"	
		},
		"phasing_xp": {
            "ability": "lucraftcore:command_held",
            "cooldown": 0,
			"parent_ability": "phasing",
            "show_in_bar": false,
            "title": {"text":"Phasing XP"},
            "icon": {"type": "internal"},
            "bar_color": "light_gray",
            "conditions": [{
			    "type": "ability_enabled",
				"ability": "speedsterheroes:phasing"}],
		    "commands": ["/superpowerxp 1 @s"],
		    "hidden": true
		},
		"phase_direction":{
			"ability": "lucraftcore:command_held",
			"parent_ability": "phasing",
            "show_in_bar": false,			
			"title": {"text": "Phase Direction"},	
			"icon": {"type": "texture",	"texture": "ben_ten:textures/gui/omnitrix/ghostfreakphasing.png"},
            "bar_color": "green",
            "conditions": [{
			    "type": "ability_enabled",
				"ability": "speedsterheroes:phasing"}], 
			"commands": ["scoreboard players set @s[rx=10,rxm=-10] Facing 0", 
			"scoreboard players set @s[rx=-10,rxm=-90] Facing 1", 
			"scoreboard players set @s[rx=90,rxm=10] Facing 2", 
			"execute @s[score_Facing=1,score_Facing_min=1] ~ ~ ~ /tp @s ~ ~0.1 ~", 
			"execute @s[score_Facing=2,score_Facing_min=2] ~ ~ ~ /tp @s ~ ~-0.1 ~"]			
		},
		"flight": {			
			"ability": "lucraftcore:flight",
			"icon": {"type": "internal"},
            "cooldown": 0,			
            "show_in_bar": true,
            "title": {"text":"Flight"},	
            "bar_color": "green",				
			"speed": 0.5,
            "sprint_speed": 0.7,
			"rotate_arms": false
		},
		"flight_xp": {
            "ability": "lucraftcore:command_toggle",
            "cooldown": 0,
			"parent_ability": "flight",
            "show_in_bar": false,
            "title": {"text":"Flight XP"},
            "icon": {"type": "internal"},
            "bar_color": "light_gray",
            "conditions": [{
			    "type": "ability_enabled",
				"ability": "lucraftcore:flight"}],
		    "commands": ["/superpowerxp 1 @s"],
		    "hidden": true
		},
		"invisibility": {
			"ability": "lucraftcore:invisibility",
			"cooldown": 0,
			"icon": {"type": "texture", "texture": "ben_ten:textures/gui/omnitrix/invis.png"},
			"show_in_bar": true,
			"title": {"translate":"lucraftcore.abilities.invisibility.name"},
			"icon": {"type": "internal"},
			"bar_color": "green"
		},
		"invisibility_xp": {
            "ability": "lucraftcore:command_toggle",
            "cooldown": 0,
			"parent_ability": "invisibility",
            "show_in_bar": false,
            "title": {"text":"Invisibility XP"},
            "icon": {"type": "internal"},
            "bar_color": "light_gray",
            "conditions": [{
			    "type": "ability_enabled",
				"ability": "lucraftcore:invisibility"}],
		    "commands": ["/superpowerxp 5 @s"],
		    "hidden": true
		},
		"possession": {	
	        "ability": "lucraftcore:command",		
			"cooldown": 0,
			"required_level": 20,
            "show_in_bar": true,	
            "title": {"text":"Possession"},
			"icon": {"type": "texture", "texture": "ben_ten:textures/gui/omnitrix/possession.png"},
            "bar_color": "green",				
			"command": ["/cast ebwizardry:possession @p"]
		},
		"timer_red":{
			"ability": "lucraftcore:command_loop",
			"show_in_bar": false,
			"cooldown": 0,
			"title": {"text":"Timer"},			
			"icon": {"type": "texture",
				"texture": "ben_ten:textures/gui/omnitrix/redomnitrix.png"},
			"conditions": [{"type": "lucraftcore:not", 
			            "conditions": [{
						"type": "lucraftcore:scoreboard_tag", 
						"tag": "Master"}]}],
			"commands": ["effect @s minecraft:night_vision 0 0 true",
			"superpowerxp 1 @s", 
			"scoreboard players remove @s Timer 1", 
			"execute @s[score_Timer=50,score_Timer_min=50] ~ ~ ~ /superpower @s ben_ten:ectonurite", 
			"execute @s[score_Timer=30,score_Timer_min=30] ~ ~ ~ /superpower @s ben_ten:ectonurite",
			"execute @s[score_Timer=10,score_Timer_min=10] ~ ~ ~ /superpower @s ben_ten:ectonurite"]
		},
		"death_state":{
			"ability": "lucraftcore:command_loop",
			"show_in_bar": false,
			"cooldown": 0,
			"title": {"text":"Death State"},			
			"icon": {"type": "texture",
				"texture": "ben_ten:textures/gui/omnitrix/recal_timeout.png"},
			"commands": ["execute @s[score_Health=0,score_Health_min=0,tag=os] ~ ~ ~ /superpower @s ben_ten:prototypeomnitrix",
			"execute @s[score_Health=0,score_Health_min=0,tag=af] ~ ~ ~ /superpower @s ben_ten:recalibratedomnitrix",
			"execute @s[score_Health=0,score_Health_min=0,tag=ua] ~ ~ ~ /superpower @s ben_ten:ultimatrix",
			"execute @s[score_Health=0,score_Health_min=0,tag=ov] ~ ~ ~ /superpower @s ben_ten:completedomnitrix"],
			"hidden": true
		},
		"master_base": {	
	        "ability": "lucraftcore:command",		
			"cooldown": 0,
            "show_in_bar": true,	
            "title": {"text":"Base Form"},
			"icon": {"type": "texture", "texture": "ben_ten:textures/gui/omnitrix/omnitrix.png"},
			"conditions": [{"type": "lucraftcore:scoreboard_tag", "tag": "Master"}],
            "bar_color": "green",				
			"commands": ["/superpower @s ben_ten:prototypeomnitrix", 
			"playsound minecraft:custom.transform master @a ~ ~ ~", 
			"particle fallingdust ~ ~ ~ 1 1 1 0 3500 force @a 0133",
			"effect @s minecraft:night_vision 0 0 true"]
		},
		"base": {	
	        "ability": "lucraftcore:command",		
			"cooldown": 0,
			"required_level": 35,
            "show_in_bar": true,	
            "title": {"text":"Base Form"},
			"icon": {"type": "texture", "texture": "ben_ten:textures/gui/omnitrix/omnitrix.png"},
            "bar_color": "green",
			"conditions": [{"type": "lucraftcore:not", "conditions": [{"type": "lucraftcore:scoreboard_tag", "tag": "Master"}]}],				
			"commands": ["/superpower @s ben_ten:prototypeomnitrix", 
			"playsound minecraft:custom.transform master @a ~ ~ ~", 
			"particle fallingdust ~ ~ ~ 1 1 1 0 3500 force @a 0133",
			"effect @s minecraft:night_vision 0 0 true"]
		}
	}
}
