{
	"name": {
		"text": "Effluvosynthian"
	},

	"icon": {
		"type": "texture",
		"texture": "ben_ten:textures/gui/omnitrix/ov_trix_master.png"
	},

	"creative_tab": "ben10",
	
	"max_level": 40,
	
	"capsule_color": 3080117,
	
    "effects": [
        {
            "type": "skin_change",
            "texture": "ben_ten:textures/models/ben/effluvosynthian.png"
        },
		{
            "type": "skin_overlay",
            "texture": "ben_ten:textures/overlays/glow/effluvosynthian_glow.png",
            "size": 0,
            "glow": true,
            "conditions": [
            	{
            		"type": "always"
            	}
            ]
        }
    ],
	"abilities": {
		"size": {
		    "hidden": true,
			"ability": "lucraftcore:command_loop",
			"show_in_bar": false,
			"title": {"text": "Size"},
			"icon": { "type": "texture", "texture": "ben_ten:textures/gui/omnitrix/omnitrix.png" },
			"bar_color": "light_gray",
			"commands": ["sizechange @s 1.2 lucraftcore:default"]
        },
		"radiation_protection": {
            "ability": "the-fifth-world:potion_immunity",
            "show_in_bar": false,
            "title": {"text":"Radiation Protection"},
            "icon": { "type": "internal" },
            "potion": "lucraftcore:radiation"
        },		
		"health": {		
			"ability": "lucraftcore:health",			
            "show_in_bar": false,		
            "title": {"text":"Health"},					
			"amount": 5,
			"operation": 0,
			"uuid": "5c5cfbea-9f1b-42dd-b43c-d129733c4a75"		
		},
		"fall_resistance": {
			"ability": "lucraftcore:fall_resistance",
			"show_in_bar": false,
			"title": {"text":"Fall Resistance"},
			"amount": 6,
			"operation": 0,
			"uuid": "5c5cfbea-9f1b-42dd-b43c-d129733c4a75"
		},
		"resistance": {
			"ability": "lucraftcore:resistance",			
            "show_in_bar": false,		
            "title": {"text":"Resistance"},						
			"amount": 14,
			"operation": 0,
			"uuid": "5c5cfbea-9f1b-42dd-b43c-d129733c4a75"			
		},
		"radioactive_gas":{
			"ability": "lucraftcore:command",
			"title": {"text": "Radioactive Gas"},
			"icon": {"type": "texture",			
				"texture": "ben_ten:textures/gui/omnitrix/radioactive_icon.png"},
			"bar_color": "green",	
			"commands": ["execute @e[rm=1,r=5] ~ ~ ~ effect @s lucraftcore:radiation 5 3", 
			"/particle dragonbreath ~ ~ ~ 5 2 5 0 7000"]
		},
		"poison_gas":{
			"ability": "lucraftcore:command",
			"title": {"text": "Poisonous Gas"},
			"icon": {"type": "texture",
				"texture": "ben_ten:textures/gui/omnitrix/gas_poison.png"},
			"bar_color": "green",
			"commands": ["execute @e[rm=1,r=5] ~ ~ ~ effect @s minecraft:poison 10 3", 
			"/particle magicCrit ~ ~ ~ 5 2 5 0 7000"]
		},
		"wither_gas":{
			"ability": "lucraftcore:command",
			"title": {"text": "Withering Gas"},
			"icon": {"type": "texture",
				"texture": "ben_ten:textures/gui/omnitrix/gas_wither.png"},
			"bar_color": "green",
			"commands": ["execute @e[rm=1,r=5] ~ ~ ~ effect @s minecraft:wither 5 3", 
			"/particle mobSpell ~ ~ ~ 5 2 5 0 7000"]
		},
		"blind_gas":{
			"ability": "lucraftcore:command",
			"title": {"text": "Blinding Gas"},
			"icon": {"type": "texture",
				"texture": "ben_ten:textures/gui/omnitrix/gas_blind.png"},
			"bar_color": "green",	
			"commands": ["execute @e[rm=1,r=5] ~ ~ ~ effect @s minecraft:blindness 10 3", 
			"/particle instantSpell ~ ~ ~ 5 2 5 0 7000"]
		},
		"fatigue_gas":{
			"ability": "lucraftcore:command",
			"title": {"text": "Fatiguing Gas"},
			"icon": {"type": "texture",
				"texture": "ben_ten:textures/gui/omnitrix/gas_fatigue.png"},
			"bar_color": "green",
			"commands": ["execute @e[rm=1,r=5] ~ ~ ~ effect @s minecraft:mining_fatigue 10 3", 
			"/particle instantSpell ~ ~ ~ 5 2 5 0 7000"]
		},
		"slow_gas":{
			"ability": "lucraftcore:command",
			"title": {"text": "Slowing Gas"},
			"icon": {"type": "texture",
				"texture": "ben_ten:textures/gui/omnitrix/gas_slow.png"},
			"bar_color": "green",	
			"commands": ["execute @e[rm=1,r=5] ~ ~ ~ effect @s minecraft:slowness 10 3", 
			"/particle mobSpellAmbient ~ ~ ~ 5 2 5 0 7000"]
		},
		"paralysis_gas":{
			"ability": "lucraftcore:command",
			"title": {"text": "Paralysis Gas"},
			"icon": {"type": "texture",
				"texture": "ben_ten:textures/gui/omnitrix/gas_slow.png"},
			"bar_color": "green",	
			"commands": ["execute @e[rm=1,r=5] ~ ~ ~ effect @s ebwizardry:paralysis 5 3", 
			"/particle witchMagic ~ ~ ~ 5 2 5 0 7000"]
		},
		"smokescreen":{
			"ability": "lucraftcore:command",
			"title": {"text": "Smokescreen"},
			"icon": {"type": "texture",
				"texture": "ben_ten:textures/gui/omnitrix/smoke.png"},
			"bar_color": "green",	
			"commands": ["/particle mobSpell ~ ~ ~ 5 2 5 0 14000"]
		},
        "timer":{
			"ability": "lucraftcore:command_loop",
			"show_in_bar": false,
			"cooldown": 0,
			"title": {"text":"Timer"},			
			"icon": {"type": "texture",
				"texture": "ben_ten:textures/gui/omnitrix/ov_trix_timeout.png"},
			"conditions": [{"type": "lucraftcore:not", 
			            "conditions": [{
						"type": "lucraftcore:scoreboard_tag", 
						"tag": "Master"}]}],
			"commands": ["superpowerxp 1 @s", 
			"scoreboard players remove @s Timer 1", 
			"execute @s[score_Timer=0,score_Timer_min=0] ~ ~ ~ /superpower @s ben_ten:completedomnitrix", 
			"execute @s[score_Timer=0,score_Timer_min=0] ~ ~ ~ /particle fallingdust ~ ~ ~ 1 1 1 0 3500 force @a 0133", 
			"execute @s[score_Timer=30,score_Timer_min=30] ~ ~ ~ /playsound minecraft:custom.ov_timer master @a ~ ~ ~", 
			"execute @s[score_Timer=1,score_Timer_min=1] ~ ~ ~ /playsound minecraft:custom.ov_human master @a ~ ~ ~"],
			"hidden": true
		},
		"death_state":{
			"ability": "lucraftcore:command_loop",
			"show_in_bar": false,
			"cooldown": 0,
			"title": {"text":"Death State"},			
			"icon": {"type": "texture",
				"texture": "ben_ten:textures/gui/omnitrix/recal_timeout.png"},
			"commands": ["execute @s[score_Health=0,score_Health_min=0,tag=os] ~ ~ ~ /superpower @s ben_ten:prototypeomnitrix",
			"execute @s[score_Health=0,score_Health_min=0,tag=af] ~ ~ ~ /superpower @s ben_ten:recalibratedomnitrix",
			"execute @s[score_Health=0,score_Health_min=0,tag=ua] ~ ~ ~ /superpower @s ben_ten:ultimatrix",
			"execute @s[score_Health=0,score_Health_min=0,tag=ov] ~ ~ ~ /superpower @s ben_ten:completedomnitrix"],
			"hidden": true
		},
		"base": {	
	        "ability": "lucraftcore:command",		
			"cooldown": 0,
            "show_in_bar": true,	
            "title": {"text":"Base Form"},
			"icon": { "type": "texture", "texture": "ben_ten:textures/gui/omnitrix/ov_trix_master.png" },
            "bar_color": "green",				
			"commands": ["/superpower @s ben_ten:completedomnitrix", 
			"playsound minecraft:custom.ov_human master @a ~ ~ ~", 
			"/particle fallingdust ~ ~ ~ 1 1 1 0 3500 force @a 0133"]
		}
	}
}