{
	"name": {
		"text": "Galilean"
	},

	"icon": {
		"type": "texture",
		"texture": "ben_ten:textures/gui/omnitrix/ov_trix_master.png"
	},

	"creative_tab": "ben10",
	
	"max_level": 40,
	
	"capsule_color": 3080117,
	
    "effects": [

        {
        "type": "skin_change",
        "texture": "ben_ten:textures/models/ben/galilean.png",
        "conditions": [
            	{
            		"type": "ability_enabled",
					"ability": "lucraftcore:knockback_resistance"
            	}
            ]
        },
		{
        "type": "skin_overlay",
        "texture": "ben_ten:textures/overlays/glow/galilean_glow.png",
        "size": 0,
        "glow": true,
        "conditions": [
            {
            "type": "ability_enabled",
			"ability": "lucraftcore:knockback_resistance"
            }
        ]
        },
		{
        "type": "skin_overlay",
        "texture": "ben_ten:textures/models/ben/galilean_sphere.png",
        "size": 20,
        "conditions": [
            	{
            		"type": "ability_enabled",
					"ability": "lucraftcore:step_assist"
            	}
            ]
        },
		{
            "type": "skin_overlay",
            "texture": "ben_ten:textures/overlays/glow/galilean_sphere_glow.png",
            "size": 20,
            "glow": true,
            "conditions": [
            	{
            		"type": "ability_enabled",
					"ability": "lucraftcore:step_assist"
            	}
            ]
        }
    ],
	
	"abilities": {
		"radiation_protection": {
            "ability": "the-fifth-world:potion_immunity",
            "show_in_bar": false,
            "title": {"text":"Radiation Protection"},
            "icon": { "type": "internal" },
            "potion": "lucraftcore:radiation"
        },	
        "tough_lungs": {
            "ability": "lucraftcore:tough_lungs",
            "show_in_bar": false,
            "title": {"translate":"lucraftcore.abilities.tough_lungs.name"},
            "icon": { "type": "internal" },
            "bar_color": "green"
        },
		"sphere_mode_1": {
            "ability": "lucraftcore:step_assist",
            "show_in_bar": false,
            "title": {"text":"Sphere Mode"},
            "icon": {"type": "internal"},
            "bar_color": "light_gray",
            "amount": 0.0,
            "operation": 0,
			"conditions": [{
			    "type": "lucraftcore:scoreboard_tag",
				"tag": "sphere"}],
            "uuid": "0669d99d-b34d-40fc-a4d8-c7ee963cc842"
       },		
		"sphere_mode_2": {
			"ability": "lucraftcore:command_loop",
			"show_in_bar": false,
			"title": {"text": "Sphere Mode"},
			"icon": {"type": "internal"},
			"conditions": [{
			    "type": "ability_enabled",
				"ability": "lucraftcore:flight"}],
			"commands": ["/scoreboard players tag @s add sphere"]
		},			
		"normal_mode": {
			"ability": "lucraftcore:command_loop",
			"show_in_bar": false,
			"title": {"text": "Normal Mode"},
			"icon": {"type": "internal"},
			"conditions": [{
				"type": "lucraftcore:not", 
			        "conditions": [{
			         "type": "ability_enabled",
			         "ability": "lucraftcore:flight"}]}],
			"commands": ["/scoreboard players tag @s remove sphere"]
		},
		"normal_mode_2": {
            "ability": "lucraftcore:knockback_resistance",
            "show_in_bar": false,
            "title": {"translate":"lucraftcore.abilities.knockback_resistance.name"},
            "icon": {"type": "internal"},
			"conditions": [{
				"type": "lucraftcore:not", 
			        "conditions": [{
			    "type": "lucraftcore:scoreboard_tag",
				"tag": "sphere"}]}],
            "amount": 0.0,
            "operation": 0,
            "uuid": "0669d99d-b34d-40fc-a4d8-c7ee963cc842"
       },	
		"big_size": {
			"ability": "lucraftcore:command_loop",
			"show_in_bar": false,
			"title": {"text": "Big Size"},
			"icon": { "type": "internal" },
			"bar_color": "light_gray",
			"commands": ["sizechange @s 2 lucraftcore:default"]
		},
		"health": {		
			"ability": "lucraftcore:health",			
            "show_in_bar": false,		
            "title": {"text":"Health"},					
			"amount": 20,
			"operation": 0,
			"uuid": "5c5cfbea-9f1b-42dd-b43c-d129733c4a75"
		},
		"strength": {	
			"ability": "lucraftcore:strength",				
            "show_in_bar": false,		
            "title": {"text":"Strength"},							
			"amount": 9,
			"operation": 0,
			"uuid": "5c5cfbea-9f1b-42dd-b43c-d129733c4a75"			
		},
		"defense": {
			"ability": "lucraftcore:resistance",			
            "show_in_bar": false,		
            "title": {"text":"Resistance"},						
			"amount": 20,
			"operation": 0,
			"uuid": "5c5cfbea-9f1b-42dd-b43c-d129733c4a75"			
		},
		"fall_resistance": {
			"ability": "lucraftcore:fall_resistance",
			"show_in_bar": false,
			"title": {"text":"Fall Resistance"},
			"amount": 200,
			"operation": 0,
			"uuid": "5c5cfbea-9f1b-42dd-b43c-d129733c4a75"
		},		
		"reduce_gravity":{
			"ability": "lucraftcore:command",
			"title": {"text": "Reduce Gravity"},
            "bar_color": "green",
			"icon": {"type": "texture",
				"texture": "ben_ten:textures/gui/omnitrix/gravity_up.png"},
			"commands": ["execute @e[rm=1,r=10] ~ ~ ~ effect @s minecraft:levitation 10 3"]
		},
		"increase_gravity": {
            "ability": "lucraftcore:command_held",
            "bar_color": "green",            
            "show_in_bar": true,
            "title": {"text":"Increase Gravity"},
			"icon": {"type": "texture",
				"texture": "ben_ten:textures/gui/omnitrix/gravity_down.png"},
			"commands": ["entitydata @e[type=snowball,r=10] {NoGravity:1b,Motion:[0.0,-3.0,0.0]}",
                  "entitydata @e[type=arrow,r=7] {NoGravity:1b,Motion:[0.0,-3.0,0.0]}",
                  "entitydata @e[type=lucraftcore:energy_blast,r=7] {NoGravity:1b,Motion:[0.0,-3.0,0.0]}",
                  "entitydata @e[type=wither_skull,r=7] {NoGravity:1b,Motion:[0.0,-3.0,0.0]}",
                  "entitydata @e[type=fireball,r=7] {NoGravity:1b,Motion:[0.0,-3.0,0.0]}",
                  "entitydata @e[type=small_fireball,r=7] {NoGravity:1b,Motion:[0.0,-3.0,0.0]}",
                  "entitydata @e[type=dragon_fireball,r=7] {NoGravity:1b,Motion:[0.0,-3.0,0.0]}",
                  "entitydata @e[type=potion,r=7] {NoGravity:1b,Motion:[0.0,-3.0,0.0]}",
                  "entitydata @e[type=shulker_bullet,r=7] {NoGravity:1b,Motion:[0.0,-3.0,0.0]}",
                  "entitydata @e[type=llama_spit,r=7] {NoGravity:1b,Motion:[0.0,-3.0,0.0]}",
                  "entitydata @e[type=heroesexpansion:vibranium_arrow,r=7] {NoGravity:1b,Motion:[0.0,-3.0,0.0]}",
                  "entitydata @e[type=heroesexpansion:smoke_arrow,r=7] {NoGravity:1b,Motion:[0.0,-3.0,0.0]}",
                  "entitydata @e[type=heroesexpansion:gas_arrow,r=7] {NoGravity:1b,Motion:[0.0,-3.0,0.0]}",
                  "entitydata @e[type=heroesexpansion:grappling_arrow,r=7] {NoGravity:1b,Motion:[0.0,-3.0,0.0]}",
                  "entitydata @e[type=heroesexpansion:sharpened_arrow,r=7] {NoGravity:1b,Motion:[0.0,-3.0,0.0]}",
                  "entitydata @e[type=heroesexpansion:explosive_arrow,r=7] {NoGravity:1b,Motion:[0.0,-3.0,0.0]}",
                  "entitydata @e[type=heroesexpansion:kryptonite_arrow,r=7] {NoGravity:1b,Motion:[0.0,-3.0,0.0]}",
                  "entitydata @e[type=heroesexpansion:thrown_billy_club,r=7] {NoGravity:1b,Motion:[0.0,-3.0,0.0]}",
                  "entitydata @e[type=heroesexpansion:web_grenade,r=7] {NoGravity:1b,Motion:[0.0,-3.0,0.0]}",
                  "entitydata @e[type=heroesexpansion:thrown_mjolnir,r=7] {NoGravity:1b,Motion:[0.0,-3.0,0.0]}",
                  "entitydata @e[type=heroesexpansion:impact_web,r=7] {NoGravity:1b,Motion:[0.0,-3.0,0.0]}"]
                },
		"flight": {			
			"ability": "lucraftcore:flight",
			"icon": { "type": "internal" },
            "cooldown": 0,			
            "show_in_bar": true,
            "title": {"text":"Flight"},	
            "bar_color": "green",				
			"speed": 0.4,
            "sprint_speed": 1,
			"rotate_arms": true			
		},
		"black_hole":{
            "ability": "lucraftcore:command",
			"required_level": 30,
            "show_in_bar": true,
			"bar_color": "green",
            "cooldown": 1000,
            "title": {"text":"Black Hole"},
            "icon": {"type": "texture", "texture": "ben_ten:textures/gui/omnitrix/moon.png"},
            "commands": ["/cast ebwizardry:black_hole @p"],
            "hidden": true
		},		
		"gravity_drop":{
            "ability": "lucraftcore:command_held",
            "cooldown": 0,
            "show_in_bar": false,
            "title": {"translate":"lucraftcore.abilities.command_held.name"},
            "icon": { "type": "internal" },
            "bar_color": "green",
            "commands": ["execute @e[rm=1,r=25] ~ ~ ~ effect @s minecraft:levitation 0 0"],
            "parent_ability": "increase_gravity"
        },
		"death_state":{
			"ability": "lucraftcore:command_loop",
			"show_in_bar": false,
			"cooldown": 0,
			"title": {"text":"Death State"},			
			"icon": {"type": "texture",
				"texture": "ben_ten:textures/gui/omnitrix/recal_timeout.png"},
			"commands": ["execute @s[score_Health=0,score_Health_min=0,tag=os] ~ ~ ~ /superpower @s ben_ten:prototypeomnitrix",
			"execute @s[score_Health=0,score_Health_min=0,tag=af] ~ ~ ~ /superpower @s ben_ten:recalibratedomnitrix",
			"execute @s[score_Health=0,score_Health_min=0,tag=ua] ~ ~ ~ /superpower @s ben_ten:ultimatrix",
			"execute @s[score_Health=0,score_Health_min=0,tag=ov] ~ ~ ~ /superpower @s ben_ten:completedomnitrix"],
			"hidden": true
		},
		"timer":{
			"ability": "lucraftcore:command_loop",
			"show_in_bar": false,
			"cooldown": 0,
			"title": {"text":"Timer"},			
			"icon": {"type": "texture",
				"texture": "ben_ten:textures/gui/omnitrix/ov_trix_timeout.png"},
			"conditions": [{"type": "lucraftcore:not", 
			            "conditions": [{
						"type": "lucraftcore:scoreboard_tag", 
						"tag": "Master"}]}],
			"commands": ["superpowerxp 1 @s", 
			"scoreboard players remove @s Timer 1", 
			"execute @s[score_Timer=0,score_Timer_min=0] ~ ~ ~ /superpower @s ben_ten:completedomnitrix", 
			"execute @s[score_Timer=0,score_Timer_min=0] ~ ~ ~ /particle fallingdust ~ ~ ~ 1 1 1 0 3500 force @a 0133", 
			"execute @s[score_Timer=30,score_Timer_min=30] ~ ~ ~ /playsound minecraft:custom.ov_timer master @a ~ ~ ~", 
			"execute @s[score_Timer=1,score_Timer_min=1] ~ ~ ~ /playsound minecraft:custom.ov_human master @a ~ ~ ~", 
			"/effect @s minecraft:slowness 1 1 true"],
			"hidden": true
		},
		"base": {	
	        "ability": "lucraftcore:command",		
			"cooldown": 0,
            "show_in_bar": true,	
            "title": {"text":"Base Form"},
			"icon": { "type": "texture", "texture": "ben_ten:textures/gui/omnitrix/ov_trix_master.png" },
            "bar_color": "green",				
			"commands": ["/superpower @s ben_ten:completedomnitrix", 
			"playsound minecraft:custom.ov_human master @a ~ ~ ~", 
			"/particle fallingdust ~ ~ ~ 1 1 1 0 3500 force @a 0133"]
		}
	}
}