{
	"name": {
		"text": "Galvanic Mechamorph Jukebox"
	},

	"icon": {
		"type": "texture",
		"texture": "ben_ten:textures/gui/omnitrix/galvanic_mechamorph_activation_os.png"
	},

	"creative_tab": "ben10",
	
	"max_level": 40,
	
	"capsule_color": 3080117,
	
    "effects": [ 
		{
            "type": "skin_change",
            "texture": "ben_ten:textures/models/ben/arburian_pelarota_ball.png"
			
        },
		{
            "type": "skin_overlay",
            "texture": "ben_ten:textures/models/ben/galvanic_mechamorph_jukebox_t.png",
            "size": 19,
            "glow": false,
            "conditions": [
            	{
            		"type": "always"
            	}
            ]
        },
        {
            "type": "skin_overlay",
            "texture": "ben_ten:textures/overlays/glow/galvanic_mechamorph_jukebox_glow.png",
            "size": 19,
            "glow": true,
            "conditions": [
            	{
            		"type": "always"
            	}
            ]
        }
    ],
	
	"abilities": {
		"radiation_protection": {
            "ability": "the-fifth-world:potion_immunity",
            "show_in_bar": false,
            "title": {"text":"Radiation Protection"},
            "icon": { "type": "internal" },
            "potion": "lucraftcore:radiation"
        },
        "tough_lungs": {
            "ability": "lucraftcore:tough_lungs",
            "show_in_bar": false,
            "title": {"translate":"lucraftcore.abilities.tough_lungs.name"},
            "icon": { "type": "internal" },
            "bar_color": "green"
        },
	    "small_size": {
			"ability": "lucraftcore:command_loop",
			"show_in_bar": false,
			"title": {"text": "Small size"},
			"icon": { "type": "internal" },
			"bar_color": "green",
			"commands": ["sizechange @s 0.3 lucraftcore:default"]
		},
		"fall_resistance": {
			"ability": "lucraftcore:fall_resistance",
			"show_in_bar": false,
			"title": {"text":"Fall Resistance"},
			"amount": 14,
			"operation": 0,
			"uuid": "5c5cfbea-9f1b-42dd-b43c-d129733c4a75"
		},
		"strength": {	
			"ability": "lucraftcore:strength",				
            "show_in_bar": false,		
            "title": {"text":"Strength"},							
			"amount": 5,
			"operation": 0,
			"uuid": "5c5cfbea-9f1b-42dd-b43c-d129733c4a75"			
		},
		"defense": {
			"ability": "lucraftcore:resistance",			
            "show_in_bar": false,		
            "title": {"text":"Resistance"},						
			"amount": 26,
			"operation": 0,
			"uuid": "5c5cfbea-9f1b-42dd-b43c-d129733c4a75"			
		},
		"energy_beam": {
			"ability": "heroesexpansion:heat_vision",
			"required_level": 15,
            "cooldown": 150,
            "show_in_bar": true,
            "title": {"text":"Energy Beam"},
            "icon": { "type": "internal" },
            "bar_color": "green",
            "color": [85, 255, 85]
		},
		"energy_beam_xp": {
            "ability": "lucraftcore:command_held",
            "cooldown": 0,
			"parent_ability": "energy_beam",
            "show_in_bar": false,
            "title": {"text":"Energy Beam XP"},
            "icon": { "type": "internal" },
            "bar_color": "light_gray",
            "conditions": [{
			    "type": "ability_enabled",
				"ability": "heroesexpansion:heat_vision"}],
		    "hidden": true,
		    "commands": ["/superpowerxp 10 @s"]
		},
		"sonic_cry": {
			"ability": "the-fifth-world:screech",
			"cooldown": 50,
            "show_in_bar": true,
            "bar_color": "green",			
            "title": {"text":"Sonic Cry"},		
			"icon": {"type": "texture", "texture": "ben_ten:textures/gui/omnitrix/ov_sonorosian_scream.png"},
            "damage": 20.0
		},
		"sonic_cry_xp": {
            "ability": "lucraftcore:command",
            "cooldown": 0,
			"parent_ability": "sonic_cry",
            "show_in_bar": false,
            "title": {"text":"Sonic Cry XP"},
            "icon": { "type": "internal" },
            "bar_color": "light_gray",
            "conditions": [{
			    "type": "ability_enabled",
				"ability": "the-fifth-world:screech"}],
		    "commands": ["/superpowerxp 10 @s", "playsound minecraft:custom.juke master @a[r=10] ~ ~ ~"],
		    "hidden": true
		},
		"de_merge": {	
	        "ability": "lucraftcore:command",		
			"cooldown": 0,
            "show_in_bar": true,	
            "title": {"text":"De-merge"},
			"icon": { "type": "texture", "texture": "ben_ten:textures/gui/omnitrix/upgrade.png" },
            "bar_color": "green",				
			"commands": ["/superpower @s ben_ten:galvanic_mechamorph", 
			"/fill ~1 ~ ~ ~1 ~ ~ jukebox 0 replace {air:0}"]
		},
		"timer_red":{
			"ability": "lucraftcore:command_loop",
			"show_in_bar": false,
			"cooldown": 0,
			"title": {"text":"Timer"},			
			"icon": {"type": "texture",
				"texture": "ben_ten:textures/gui/omnitrix/redomnitrix.png"},
			"conditions": [{"type": "lucraftcore:not", 
			            "conditions": [{
						"type": "lucraftcore:scoreboard_tag", 
						"tag": "Master"}]}],
			"commands": ["superpowerxp 1 @s", 
			"scoreboard players remove @s Timer 1", 
			"execute @s[score_Timer=50,score_Timer_min=50] ~ ~ ~ /superpower @s ben_ten:galvanic_mechamorph_jukebox", 
			"execute @s[score_Timer=30,score_Timer_min=30] ~ ~ ~ /superpower @s ben_ten:galvanic_mechamorph_jukebox",
			"execute @s[score_Timer=10,score_Timer_min=10] ~ ~ ~ /superpower @s ben_ten:galvanic_mechamorph_jukebox"]
		},
		"death_state":{
			"ability": "lucraftcore:command_loop",
			"show_in_bar": false,
			"cooldown": 0,
			"title": {"text":"Death State"},			
			"icon": {"type": "texture",
				"texture": "ben_ten:textures/gui/omnitrix/recal_timeout.png"},
			"commands": ["execute @s[score_Health=0,score_Health_min=0,tag=os] ~ ~ ~ /superpower @s ben_ten:prototypeomnitrix",
			"execute @s[score_Health=0,score_Health_min=0,tag=af] ~ ~ ~ /superpower @s ben_ten:recalibratedomnitrix",
			"execute @s[score_Health=0,score_Health_min=0,tag=ua] ~ ~ ~ /superpower @s ben_ten:ultimatrix",
			"execute @s[score_Health=0,score_Health_min=0,tag=ov] ~ ~ ~ /superpower @s ben_ten:completedomnitrix"],
			"hidden": true
		},
		"master_base": {	
	        "ability": "lucraftcore:command",		
			"cooldown": 0,
            "show_in_bar": true,	
            "title": {"text":"Base Form"},
			"icon": { "type": "texture", "texture": "ben_ten:textures/gui/omnitrix/omnitrix.png" },
			"conditions": [{"type": "lucraftcore:scoreboard_tag", "tag": "Master"}],
            "bar_color": "green",				
			"commands": ["/superpower @s ben_ten:prototypeomnitrix", 
			"playsound minecraft:custom.transform master @a ~ ~ ~", 
			"particle fallingdust ~ ~ ~ 1 1 1 0 3500 force @a 0133"]
		},
		"base": {	
	        "ability": "lucraftcore:command",		
			"cooldown": 0,
			"required_level": 35,
            "show_in_bar": true,	
            "title": {"text":"Base Form"},
			"icon": { "type": "texture", "texture": "ben_ten:textures/gui/omnitrix/omnitrix.png" },
            "bar_color": "green",
			"conditions": [{"type": "lucraftcore:not", "conditions": [{"type": "lucraftcore:scoreboard_tag", "tag": "Master"}]}],				
			"commands": ["/superpower @s ben_ten:prototypeomnitrix", 
			"playsound minecraft:custom.transform master @a ~ ~ ~", 
			"particle fallingdust ~ ~ ~ 1 1 1 0 3500 force @a 0133", 
            "fill ~1 ~ ~ ~1 ~ ~ jukebox 0 replace {air:0}"]
		}
	}
}