{
	"name": {
		"text": "Galvanic Mechamorph"
	},

	"icon": {
		"type": "texture",
		"texture": "ben_ten:textures/gui/omnitrix/galvanic_mechamorph_activation_os.png"
	},

	"creative_tab": "ben10",
	
	"max_level": 40,
	
	"capsule_color": 3080117,
	
    "effects": [
        {
            "type": "skin_change",
            "texture": "ben_ten:textures/models/ben/timeout/galvanic_mechamorph_golem_t.png"
			
        },
		{
            "type": "skin_overlay",
            "texture": "ben_ten:textures/overlays/glow/galvanic_mechamorph_golem_glow.png",
            "size": 0,
            "glow": true,
            "conditions": [
            	{
            		"type": "always"
            	}
            ]
        }
    ],
	
	"abilities": {
		"radiation_protection": {
            "ability": "the-fifth-world:potion_immunity",
            "show_in_bar": false,
            "title": {"text":"Radiation Protection"},
            "icon": { "type": "internal" },
            "potion": "lucraftcore:radiation"
		},
		"big_size": {
			"ability": "lucraftcore:command_loop",
			"show_in_bar": false,
			"title": {"text": "Big size"},
			"icon": { "type": "internal" },
			"bar_color": "green",
			"commands": ["sizechange @s 1.5 lucraftcore:default",
			             "effect @s minecraft:slowness 1 3",
			             "execute @s[tag=Boom!!] ~ ~ ~ /scoreboard players add @s Boom 1",
			             "execute @s[score_Boom=8,score_Boom_min=8] ~ ~ ~ /scoreboard players tag @s remove Boom!!",
			             "execute @s[score_Boom=8,score_Boom_min=8] ~ ~ ~ /scoreboard players set @s Boom 1"]
        },
		"gain": {
            "ability": "lucraftcore:command_on_gain",
            "show_in_bar": false,
            "title": {"translate":"lucraftcore.abilities.command_on_gain.name"},
            "icon": { "type": "internal" },
            "commands": ["scoreboard objectives add Boom dummy"]
        },
		"lose": {
            "ability": "lucraftcore:command_on_lose",
            "show_in_bar": false,
            "title": {"translate":"lucraftcore.abilities.command_on_lose.name"},
            "icon": { "type": "internal" },
            "commands": ["scoreboard objectives remove Boom dummy"]
        },
		"rocket_attack": {
			"ability": "lucraftcore:energy_blast",
			"required_level": 30,
			"cooldown": 20,
			"show_in_bar": true,
			"color": [0, 255, 0],
			"damage": 5,
			"title": {"text": "Rocket Attack"},
			"bar_color": "green",
			"icon": {"type": "texture", "texture": "ben_ten:textures/gui/omnitrix/gourmand_bellyblast.png"}
		},
		"rocket_attack_commands_1": {
			"ability": "lucraftcore:command",
			"parent_ability": "rocket_attack",
			"show_in_bar": false,
			"title": {"text": "Rocket Attack"},
			"icon": {"type": "texture", "texture": "ben_ten:textures/gui/omnitrix/omnitrix.png"},
			"bar_color": "light_gray",
			"commands": ["/scoreboard players tag @s add Boom!!","scoreboard players set @s Boom 1", "superpowerxp 25 @s"]
	 	},	
		"rocket_attack_commands_2": {
			"ability": "lucraftcore:command_loop",
			"parent_ability": "rocket_attack",
			"show_in_bar": false,
			"title": {"text":"Rocket Attack"},
			"icon": { "type": "internal" },
			"bar_color": "green",
			"commands": ["execute @s[score_Boom=7,score_Boom_min=7] ~ ~ ~ scoreboard players tag @e[type=lucraftcore:energy_blast,r=15] add Boom",
			             "execute @e[tag=Boom] ~ ~ ~ /summon Creeper ~ ~ ~ {Fuse:0,NoAI:1}",
		                 "execute @e[tag=Boom] ~ ~ ~ /kill @e[type=lucraftcore:energy_blast]"]                 
        },		
        "tough_lungs": {
            "ability": "lucraftcore:tough_lungs",
            "show_in_bar": false,
            "title": {"translate":"lucraftcore.abilities.tough_lungs.name"},
            "icon": { "type": "internal" },
            "bar_color": "green"
        },
		"os": {
            "ability": "heroesexpansion:precision",
            "show_in_bar": false,
            "title": {"text":"OS"},
            "icon": {"type": "internal"},
			"conditions": [{
			    "type": "lucraftcore:scoreboard_tag",
				"tag": "os"}],
            "bar_color": "green"
       },
		"knockback_resistance": {
            "ability": "lucraftcore:knockback_resistance",
            "show_in_bar": false,
            "title": {"translate":"lucraftcore.abilities.knockback_resistance.name"},
            "icon": { "type": "internal" },
            "bar_color": "light_gray",
			"conditions": [{
			    "type": "lucraftcore:scoreboard_tag",
				"tag": "ua"}],
            "amount": 0.0,
            "operation": 0,
            "uuid": "0669d99d-b34d-40fc-a4d8-c7ee963cc842"
        },
		"step_assist": {
            "ability": "lucraftcore:step_assist",
            "show_in_bar": false,
            "title": {"translate":"lucraftcore.abilities.step_assist.name"},
            "icon": { "type": "internal" },
            "bar_color": "light_gray",
            "amount": 0.0,
            "operation": 0,
			"conditions": [{
			    "type": "lucraftcore:scoreboard_tag",
				"tag": "ov"}],
            "uuid": "0669d99d-b34d-40fc-a4d8-c7ee963cc842"
        },
		"flight": {			
			"ability": "lucraftcore:flight",
			"required_level": 25,
			"icon": {"type": "internal"},
            "cooldown": 100,			
            "show_in_bar": true,
            "title": {"text":"Booster Jets"},	
            "bar_color": "green",				
			"speed": 1.0,
            "sprint_speed": 1.5,
			"rotate_arms": false
		},
		"flight_particles":{
			"ability": "lucraftcore:command_loop",
			"parent_ability": "flight",
			"show_in_bar": false,
			"cooldown": 0,
			"title": {"text":"Flight Particles"},			
			"icon": {"type": "texture",
				"texture": "ben_ten:textures/gui/omnitrix/redomnitrix.png"},
			"commands": ["execute @s[ry=22,rym=-22] ~ ~ ~ /particle cloud ~0.4 ~0.4 ~ 0.05 0.05 0.05 0.001 100 force",
                         "execute @s[ry=22,rym=-22] ~ ~ ~ /particle cloud ~-0.4 ~0.4 ~ 0.05 0.05 0.05 0.001 100 force",
                         "execute @s[ry=67,rym=23] ~ ~ ~ /particle cloud ~0.3 ~0.4 ~0.3 0.05 0.05 0.05 0.001 100 force",
                         "execute @s[ry=67,rym=23] ~ ~ ~ /particle cloud ~-0.3 ~0.4 ~-0.3 0.05 0.05 0.05 0.001 100 force",
                         "execute @s[ry=112,rym=68] ~ ~ ~ /particle cloud ~ ~0.4 ~-0.4 0.05 0.05 0.05 0.001 100 force",
                         "execute @s[ry=112,rym=68] ~ ~ ~ /particle cloud ~ ~0.4 ~0.4 0.05 0.05 0.05 0.001 100 force",
                         "execute @s[ry=157,rym=113] ~ ~ ~ /particle cloud ~-0.3 ~0.4 ~0.3 0.05 0.05 0.05 0.001 100 force",
                         "execute @s[ry=157,rym=113] ~ ~ ~ /particle cloud ~0.3 ~0.4 ~-0.3 0.05 0.05 0.05 0.001 100 force",
                         "execute @s[ry=-158,rym=158] ~ ~ ~ /particle cloud ~0.4 ~0.4 ~ 0.05 0.05 0.05 0.001 100 force",
                         "execute @s[ry=-158,rym=158] ~ ~ ~ /particle cloud ~-0.4 ~0.4 ~ 0.05 0.05 0.05 0.001 100 force",
                         "execute @s[ry=-113,rym=-157] ~ ~ ~ /particle cloud ~-0.3 ~0.4 ~-0.3 0.05 0.05 0.05 0.001 100 force",
                         "execute @s[ry=-113,rym=-157] ~ ~ ~ /particle cloud ~0.3 ~0.4 ~0.3 0.05 0.05 0.05 0.001 100 force",
                         "execute @s[ry=-68,rym=-112] ~ ~ ~ /particle cloud ~ ~0.4 ~0.4 0.05 0.05 0.05 0.001 100 force",
                         "execute @s[ry=-68,rym=-112] ~ ~ ~ /particle cloud ~ ~0.4 ~-0.4 0.05 0.05 0.05 0.001 100 force",
                         "execute @s[ry=-23,rym=-67] ~ ~ ~ /particle cloud ~0.3 ~0.4 ~-0.3 0.05 0.05 0.05 0.001 100 force",
                         "execute @s[ry=-23,rym=-67] ~ ~ ~ /particle cloud ~-0.3 ~0.4 ~0.3 0.05 0.05 0.05 0.001 100 force"],
            "conditions": [{
			    "type": "ability_enabled",
				"ability": "lucraftcore:flight"}],
			"hidden": true
		},
		"fire_resistance": {
            "ability": "lucraftcore:fire_resistance",
            "show_in_bar": false,
            "title": {"translate":"lucraftcore.abilities.knockback_resistance.name"},
            "icon": { "type": "internal" },
            "bar_color": "light_gray",
			"conditions": [{
			    "type": "lucraftcore:scoreboard_tag",
				"tag": "ua"}],
            "uuid": "0669d99d-b34d-40fc-a4d8-c7ee963cc842"
        },
		"jump_boost": {
			"ability": "lucraftcore:jump_boost",
			"show_in_bar": false,
			"title": {"text":"Jump Boost"},
			"icon": { "type": "internal" },
			"bar_color": "green",
			"amount": 3,
			"operation": 0,
			"uuid": "5c5cfbea-9f1b-42dd-b43c-d129733c4a75"
		},
		"fall_resistance": {
			"ability": "lucraftcore:fall_resistance",
			"show_in_bar": false,
			"title": {"text":"Fall Resistance"},
			"amount": 8,
			"operation": 0,
			"uuid": "5c5cfbea-9f1b-42dd-b43c-d129733c4a75"
		},
		"strength": {	
			"ability": "lucraftcore:strength",				
            "show_in_bar": false,		
            "title": {"text":"Strength"},							
			"amount": 18,
			"operation": 0,
			"uuid": "5c5cfbea-9f1b-42dd-b43c-d129733c4a75"			
		},
		"defense": {
			"ability": "lucraftcore:resistance",			
            "show_in_bar": false,		
            "title": {"text":"Resistance"},						
			"amount": 40,
			"operation": 0,
			"uuid": "5c5cfbea-9f1b-42dd-b43c-d129733c4a75"			
		},
		"energy_beam": {
			"ability": "heroesexpansion:photon_blast",
			"required_level": 15,
			"cooldown": 0,
			"show_in_bar": true,
			"title": {"text":"Energy Beam"},
			"icon": { "type": "internal" },
			"bar_color": "green",
			"color": [85, 255, 85]
		},
		"energy_beam_xp": {
            "ability": "lucraftcore:command_held",
            "cooldown": 0,
			"parent_ability": "energy_beam",
            "show_in_bar": false,
            "title": {"text":"Energy Beam XP"},
            "icon": { "type": "internal" },
            "bar_color": "light_gray",
            "conditions": [{
			    "type": "ability_enabled",
				"ability": "heroesexpansion:photon_blast"}],
		    "hidden": true,
		    "commands": ["/superpowerxp 10 @s"]
		},
		"de_merge": {	
	        "ability": "lucraftcore:command",		
			"cooldown": 0,
            "show_in_bar": true,	
            "title": {"text":"De-merge"},
			"icon": { "type": "texture", "texture": "ben_ten:textures/gui/omnitrix/upgrade.png" },
            "bar_color": "green",				
			"commands": ["execute @s[tag=os] ~ ~ ~ /superpower @s ben_ten:galvanic_mechamorph",
			             "execute @s[tag=ua] ~ ~ ~ /superpower @s ben_ten:U_galvanic_mechamorph",
			             "execute @s[tag=ov] ~ ~ ~ /superpower @s ben_ten:ov_galvanic_mechamorph",
			             "/summon villager_golem ~ ~ ~"]
		},
		"timer_red":{
			"ability": "lucraftcore:command_loop",
			"show_in_bar": false,
			"cooldown": 0,
			"title": {"text":"Timer"},			
			"icon": {"type": "texture",
				"texture": "ben_ten:textures/gui/omnitrix/redomnitrix.png"},
			"conditions": [{"type": "lucraftcore:not", 
			            "conditions": [{
						"type": "lucraftcore:scoreboard_tag", 
						"tag": "Master"}]}],
			"commands": ["superpowerxp 1 @s", 
			"scoreboard players remove @s Timer 1", 
			"execute @s[score_Timer=50,score_Timer_min=50] ~ ~ ~ /superpower @s ben_ten:galvanic_mechamorph", 
			"execute @s[score_Timer=30,score_Timer_min=30] ~ ~ ~ /superpower @s ben_ten:galvanic_mechamorph",
			"execute @s[score_Timer=10,score_Timer_min=10] ~ ~ ~ /superpower @s ben_ten:galvanic_mechamorph"]
		},
		"death_state":{
			"ability": "lucraftcore:command_loop",
			"show_in_bar": false,
			"cooldown": 0,
			"title": {"text":"Death State"},			
			"icon": {"type": "texture",
				"texture": "ben_ten:textures/gui/omnitrix/recal_timeout.png"},
			"commands": ["execute @s[score_Health=0,score_Health_min=0,tag=os] ~ ~ ~ /superpower @s ben_ten:prototypeomnitrix",
			"execute @s[score_Health=0,score_Health_min=0,tag=af] ~ ~ ~ /superpower @s ben_ten:recalibratedomnitrix",
			"execute @s[score_Health=0,score_Health_min=0,tag=ua] ~ ~ ~ /superpower @s ben_ten:ultimatrix",
			"execute @s[score_Health=0,score_Health_min=0,tag=ov] ~ ~ ~ /superpower @s ben_ten:completedomnitrix"],
			"hidden": true
		},
		"master_base": {	
	        "ability": "lucraftcore:command",		
			"cooldown": 0,
            "show_in_bar": true,	
            "title": {"text":"Base Form"},
			"icon": { "type": "texture", "texture": "ben_ten:textures/gui/omnitrix/omnitrix.png" },
			"conditions": [{"type": "lucraftcore:scoreboard_tag", "tag": "Master"}],
            "bar_color": "green",				
			"commands": ["/superpower @s ben_ten:prototypeomnitrix", 
			"playsound minecraft:custom.transform master @a ~ ~ ~", 
			"particle fallingdust ~ ~ ~ 1 1 1 0 3500 force @a 0133"]
		},
		"base": {	
	        "ability": "lucraftcore:command",		
			"cooldown": 0,
			"required_level": 35,
            "show_in_bar": true,	
            "title": {"text":"Base Form"},
			"icon": { "type": "texture", "texture": "ben_ten:textures/gui/omnitrix/omnitrix.png" },
            "bar_color": "green",
			"conditions": [{"type": "lucraftcore:not", "conditions": [{"type": "lucraftcore:scoreboard_tag", "tag": "Master"}]}],				
			"commands": ["/superpower @s ben_ten:prototypeomnitrix", 
			"playsound minecraft:custom.transform master @a ~ ~ ~", 
			"particle fallingdust ~ ~ ~ 1 1 1 0 3500 force @a 0133"]
		}
	}
}