{
	"name": {
		"text": "Galvan"
	},

	"icon": {
		"type": "texture",
		"texture": "ben_ten:textures/gui/omnitrix/galvan_activation_os.png"
	},

	"creative_tab": "ben10",
	
	"max_level": 40,
	
	"capsule_color": 3080117,
	
    "effects": [
        {
            "type": "skin_change",
            "texture": "ben_ten:textures/models/ben/timeout/galvan_timeout.png"
       },
		{
            "type": "skin_overlay",
            "texture": "ben_ten:textures/overlays/glow/galvan_glow.png",
            "size": 0,
            "glow": true,
            "conditions": [
            	{
            		"type": "always"
            	}
            ]
       }
    ],
	
	"abilities": {
		"radiation_protection": {
            "ability": "the-fifth-world:potion_immunity",
            "show_in_bar": false,
            "title": {"text":"Radiation Protection"},
            "icon": {"type": "internal"},
            "potion": "lucraftcore:radiation"
       },
		"size": {
			"ability": "lucraftcore:command_loop",
			"show_in_bar": false,
			"title": {"text": "Small size"},
			"icon": {"type": "internal"},
			"bar_color": "light_gray",
			"commands": ["sizechange @s 0.3 lucraftcore:default"]
		},
		"jump_boost": {
			"ability": "lucraftcore:jump_boost",
			"show_in_bar": false,
			"title": {"text":"Jump Boost"},
			"icon": {"type": "internal"},
			"bar_color": "light_gray",
			"amount": 3,
			"operation": 0,
			"uuid": "5c5cfbea-9f1b-42dd-b43c-d129733c4a75"
		},
		"fall_resistance": {
			"ability": "lucraftcore:fall_resistance",
			"show_in_bar": false,
			"title": {"text":"Fall Resistance"},
			"amount": 8,
			"operation": 0,
			"uuid": "5c5cfbea-9f1b-42dd-b43c-d129733c4a75"
		},
		"amphibious": {
            "ability": "lucraftcore:water_breathing",
            "show_in_bar": false,
            "title": {"translate":"lucraftcore.abilities.water_breathing.name"},
            "icon": {"type": "internal"},
            "bar_color": "light_gray"
       },
		"wall_crawling": {
            "ability": "heroesexpansion:wall_crawling",
            "cooldown": 0,
            "show_in_bar": true,
            "title": {"translate":"heroesexpansion.abilities.wall_crawling.name"},
            "icon": {"type": "internal"},
            "bar_color": "green"
		},
		"wall_crawling_xp": {
            "ability": "lucraftcore:command",
            "cooldown": 0,
			"parent_ability": "wall_crawling",
            "show_in_bar": false,
            "title": {"text":"Wall Crawling XP"},
            "icon": {"type": "internal"},
            "bar_color": "light_gray",
            "conditions": [{
			    "type": "ability_enabled",
				"ability": "heroesexpansion:wall_crawling"}],
		    "commands": ["/superpowerxp 50 @s"],
		    "hidden": true
		},
		"knowledge": {	
	        "ability": "lucraftcore:command",
			"required_level": 25,
			"cooldown": 0,
            "show_in_bar": true,	
            "title": {"text":"Alien Knowledge"},
			"icon": {"type": "texture", "texture": "ben_ten:textures/gui/omnitrix/alienknowledge.png"},
            "bar_color": "green",				
			"commands": ["/recipe give @s ben_ten:ultimatrix"]
		},
		"craft":{
            "ability": "lucraftcore:command",
            "show_in_bar": true,
			"bar_color": "green",
            "cooldown": 0,
            "title": {"text":"Craft"},
            "icon": {"type": "texture", "texture": "ben_ten:textures/gui/omnitrix/craft.png"},
            "commands": ["/cast ebwizardry:pocket_workbench @p", "/superpowerxp 100 @s"],
            "hidden": true
		},
		"hack":{
            "ability": "lucraftcore:command",
            "show_in_bar": false,
			"bar_color": "green",
            "cooldown": 0,
            "title": {"text":"Hack Omnitrix"},
            "icon": {"type": "texture", "texture": "ben_ten:textures/gui/omnitrix/whiteomnitrix.png"},
			"conditions": [
						{"type": "lucraftcore:scoreboard_tag", 
						    "tag": "os"},
			           {"type": "lucraftcore:not", 
			                "conditions": [{
						"type": "lucraftcore:scoreboard_tag", 
						    "tag": "Master"}]}],
            "commands": ["execute @s[score_Hack=10,score_Hack_min=0] ~ ~ ~ /superpowerxp 5L @s",
			"execute @s[score_Hack=15,score_Hack_min=11] ~ ~ ~ /superpowerxp -5L @s",
			"execute @s[score_Hack=25,score_Hack_min=16] ~ ~ ~ /superpowerxp 10L @s",
			"execute @s[score_Hack=30,score_Hack_min=25] ~ ~ ~ /superpowerxp -10L @s"]
		},		
		"hack_timer":{
			"ability": "lucraftcore:command_loop",
			"show_in_bar": false,
			"cooldown": 0,
			"title": {"text":"Timer"},			
			"icon": {"type": "texture",
				"texture": "ben_ten:textures/gui/omnitrix/redomnitrix.png"},
			"conditions": [{
						"type": "lucraftcore:scoreboard_tag", 
						"tag": "os"}],
			"commands": ["scoreboard players add @s Hack 1", 
			"scoreboard players set @s[score_Hack=60,score_Hack_min=60] Hack 0"]
		},
		"timer_red":{
			"ability": "lucraftcore:command_loop",
			"show_in_bar": false,
			"cooldown": 0,
			"title": {"text":"Timer"},			
			"icon": {"type": "texture",
				"texture": "ben_ten:textures/gui/omnitrix/redomnitrix.png"},
			"conditions": [{"type": "lucraftcore:not", 
			            "conditions": [{
						"type": "lucraftcore:scoreboard_tag", 
						"tag": "Master"}]}],
			"commands": ["superpowerxp 1 @s", 
			"scoreboard players remove @s Timer 1", 
			"execute @s[score_Timer=50,score_Timer_min=50] ~ ~ ~ /superpower @s ben_ten:galvan", 
			"execute @s[score_Timer=30,score_Timer_min=30] ~ ~ ~ /superpower @s ben_ten:galvan",
			"execute @s[score_Timer=10,score_Timer_min=10] ~ ~ ~ /superpower @s ben_ten:galvan"]
		},
		"death_state":{
			"ability": "lucraftcore:command_loop",
			"show_in_bar": false,
			"cooldown": 0,
			"title": {"text":"Death State"},			
			"icon": {"type": "texture",
				"texture": "ben_ten:textures/gui/omnitrix/recal_timeout.png"},
			"commands": ["execute @s[score_Health=0,score_Health_min=0,tag=os] ~ ~ ~ /superpower @s ben_ten:prototypeomnitrix",
			"execute @s[score_Health=0,score_Health_min=0,tag=af] ~ ~ ~ /superpower @s ben_ten:recalibratedomnitrix",
			"execute @s[score_Health=0,score_Health_min=0,tag=ua] ~ ~ ~ /superpower @s ben_ten:ultimatrix",
			"execute @s[score_Health=0,score_Health_min=0,tag=ov] ~ ~ ~ /superpower @s ben_ten:completedomnitrix"],
			"hidden": true
		},
		"master_base": {	
	        "ability": "lucraftcore:command",		
			"cooldown": 0,
            "show_in_bar": true,	
            "title": {"text":"Base Form"},
			"icon": {"type": "texture", "texture": "ben_ten:textures/gui/omnitrix/omnitrix.png"},
			"conditions": [{"type": "lucraftcore:scoreboard_tag", "tag": "Master"}],
            "bar_color": "green",				
			"commands": ["/superpower @s ben_ten:prototypeomnitrix", 
			"playsound minecraft:custom.transform master @a ~ ~ ~", 
			"particle fallingdust ~ ~ ~ 1 1 1 0 3500 force @a 0133"]
		},
		"base": {	
	        "ability": "lucraftcore:command",		
			"cooldown": 0,
			"required_level": 35,
            "show_in_bar": true,	
            "title": {"text":"Base Form"},
			"icon": {"type": "texture", "texture": "ben_ten:textures/gui/omnitrix/omnitrix.png"},
            "bar_color": "green",
			"conditions": [{"type": "lucraftcore:not", "conditions": [{"type": "lucraftcore:scoreboard_tag", "tag": "Master"}]}],				
			"commands": ["/superpower @s ben_ten:prototypeomnitrix", 
			"playsound minecraft:custom.transform master @a ~ ~ ~", 
			"particle fallingdust ~ ~ ~ 1 1 1 0 3500 force @a 0133", 
			"/recipe take @s ben_ten:ultimatrix"]
		}
	}
}