{
	"name": {
		"text": "Galvanic Mechamorph"
	},

	"icon": {
		"type": "texture",
		"texture": "ben_ten:textures/gui/omnitrix/galvanic_mechamorph_activation.png"
	},

	"creative_tab": "ben10",
	
	"max_level": 40,
	
	"capsule_color": 3080117,
	
    "effects": [ 
		{
            "type": "skin_change",
            "texture": "ben_ten:textures/models/ben/galvanic_mechamorph_golem.png",
			"conditions": [
        		{
            		"type": "ability_enabled",
					"ability": "heroesexpansion:precision"
            	}
			]
			
        },
		{
            "type": "skin_overlay",
            "texture": "ben_ten:textures/overlays/glow/galvanic_mechamorph_golem_glow.png",
            "size": 0,
            "glow": false,
			"conditions": [
        		{
            		"type": "ability_enabled",
					"ability": "heroesexpansion:precision"
            	}
			]
        },
		{
        "type": "skin_change",
        "texture": "ben_ten:textures/models/ben/recalibrated/r_galvanic_mechamorph_golem.png",
            "conditions": [            	
				{
            		"type": "ability_enabled",
					"ability": "lucraftcore:knockback_resistance"
            	}
			]
       },
		{
            "type": "skin_overlay",
            "texture": "ben_ten:textures/overlays/glow/recalibrated/r_galvanic_mechamorph_golem_glow.png",
            "size": 0,
            "glow": true,
            "conditions": [
            	{
            		"type": "always"
            	},
				{
            		"type": "ability_enabled",
					"ability": "lucraftcore:knockback_resistance"
            	}
            ]
       },
		{
        "type": "skin_change",
        "texture": "ben_ten:textures/models/ben/ov_galvanic_mechamorph_golem.png",
            "conditions": [            	
				{
            		"type": "ability_enabled",
					"ability": "lucraftcore:step_assist"
            	}
			]
       },
		{
            "type": "skin_overlay",
            "texture": "ben_ten:textures/overlays/glow/ov_galvanic_mechamorph_golem_glow.png",
            "size": 0,
            "glow": true,
            "conditions": [
            	{
            		"type": "always"
            	},
				{
            		"type": "ability_enabled",
					"ability": "lucraftcore:step_assist"
            	}
            ]
       }
    ],
	
	"abilities": {
		"radiation_protection": {
            "ability": "the-fifth-world:potion_immunity",
            "show_in_bar": false,
            "title": {"text":"Radiation Protection"},
            "icon": { "type": "internal" },
            "potion": "lucraftcore:radiation"
		},
		"large_size": {
			"ability": "lucraftcore:command_loop",
			"show_in_bar": false,
			"title": {"text": "Big size"},
			"icon": { "type": "internal" },
			"bar_color": "green",
			"commands": ["sizechange @s 1.5 lucraftcore:default",
			             "effect @s minecraft:slowness 1 3",
						 "execute @e[tag=Boom] ~ ~ ~ /summon Creeper ~ ~1 ~ {Fuse:0}",
			             "execute @s[tag=Boom!!] ~ ~ ~ /scoreboard players add @s Boom 1",
			             "execute @s[score_Boom=10,score_Boom_min=10] ~ ~ ~ /scoreboard players tag @s remove Boom!!",
			             "execute @s[score_Boom=10,score_Boom_min=10] ~ ~ ~ /scoreboard players set @s Boom 1"]
        },
		"gain": {
            "ability": "lucraftcore:command_on_gain",
            "show_in_bar": false,
            "title": {"translate":"lucraftcore.abilities.command_on_gain.name"},
            "icon": { "type": "internal" },
            "commands": ["scoreboard objectives add Boom dummy"]
        },
		"lose": {
            "ability": "lucraftcore:command_on_lose",
            "show_in_bar": false,
            "title": {"translate":"lucraftcore.abilities.command_on_lose.name"},
            "icon": { "type": "internal" },
            "commands": ["scoreboard objectives remove Boom dummy"]
        },
		"energy_beam": {
			"ability": "heroesexpansion:photon_blast",
			"cooldown": 0,
			"show_in_bar": true,
			"title": {"text":"Energy Beam"},
			"icon": { "type": "internal" },
			"bar_color": "green",
			"color": [85, 255, 85]
		},
		"energy_beam_xp": {
            "ability": "lucraftcore:command_held",
            "cooldown": 0,
			"parent_ability": "energy_beam",
            "show_in_bar": false,
            "title": {"text":"Energy Beam XP"},
            "icon": { "type": "internal" },
            "bar_color": "light_gray",
            "conditions": [{
			    "type": "ability_enabled",
				"ability": "heroesexpansion:photon_blast"}],
		    "hidden": true,
		    "commands": ["/superpowerxp 10 @s"]
		},
		"Disintegration_Beam":{
            "ability": "lucraftcore:command",
			"required_level": 10,
            "show_in_bar": true,
			"bar_color": "green",
            "cooldown": 10,
            "title": {"text":"Disintegration Beam"},
            "icon": {"type": "texture", "texture": "ben_ten:textures/gui/omnitrix/flare_shot.png"},
            "commands": ["/cast ebwizardry:disintegration @p {blast:20}"],
            "hidden": true
		},
		"Electrical Discharge":{
            "ability": "lucraftcore:command",
			"required_level": 5,
            "show_in_bar": true,
			"bar_color": "green",
            "cooldown": 10,
            "title": {"text":"Electrical Discharge"},
            "icon": {"type": "texture", "texture": "ben_ten:textures/gui/omnitrix/flare_shot.png"},
            "commands": ["/cast ebwizardry:lightning_web @p 1 {blast:10}"],
            "hidden": true
		},
		"Rocket_Attack": {
			"ability": "lucraftcore:energy_blast",
			"required_level": 30,
			"cooldown": 20,
			"show_in_bar": true,
			"color": [0, 255, 0],
			"damage": 5,
			"title": {"translate":"Rocket Attack"},
			"bar_color": "green",
			"icon": {"type": "texture", "texture": "ben_ten:textures/gui/omnitrix/gourmand_bellyblast.png"}
		},
		"Rocket_Attack_Comands_1": {
			"ability": "lucraftcore:command",
			"parent_ability": "Rocket_Attack",
			"show_in_bar": false,
			"title": {"text": "Rocket Attack"},
			"icon": {"type": "texture", "texture": "ben_ten:textures/gui/omnitrix/omnitrix.png"},
			"bar_color": "light_gray",
			"commands": ["/scoreboard players tag @s add Boom!!","scoreboard players set @s Boom 1"]
	 	},	
		"Rocket_Attack_Comands_2": {
			"ability": "lucraftcore:command_loop",
			"parent_ability": "Beam_Attack",
			"show_in_bar": false,
			"title": {"text":"Rocket Attack"},
			"icon": { "type": "internal" },
			"bar_color": "green",
			"commands": ["execute @s[score_Boom=5,score_Boom_min=5] ~ ~ ~ scoreboard players tag @e[type=lucraftcore:energy_blast,r=20] add Boom"]
        },
        "tough_lungs": {
            "ability": "lucraftcore:tough_lungs",
            "show_in_bar": false,
            "title": {"translate":"lucraftcore.abilities.tough_lungs.name"},
            "icon": { "type": "internal" },
            "bar_color": "green"
        },
		"os": {
            "ability": "heroesexpansion:precision",
            "show_in_bar": false,
            "title": {"text":"OS"},
            "icon": {"type": "internal"},
			"conditions": [{
			    "type": "lucraftcore:scoreboard_tag",
				"tag": "os"}],
            "bar_color": "green"
       },
		"knockback_resistance": {
            "ability": "lucraftcore:knockback_resistance",
            "show_in_bar": false,
            "title": {"translate":"lucraftcore.abilities.knockback_resistance.name"},
            "icon": { "type": "internal" },
            "bar_color": "light_gray",
			"conditions": [{
			    "type": "lucraftcore:scoreboard_tag",
				"tag": "ua"}],
            "amount": 0.0,
            "operation": 0,
            "uuid": "0669d99d-b34d-40fc-a4d8-c7ee963cc842"
        },
		"step_assist": {
            "ability": "lucraftcore:step_assist",
            "show_in_bar": false,
            "title": {"translate":"lucraftcore.abilities.step_assist.name"},
            "icon": { "type": "internal" },
            "bar_color": "light_gray",
            "amount": 0.0,
            "operation": 0,
			"conditions": [{
			    "type": "lucraftcore:scoreboard_tag",
				"tag": "ov"}],
            "uuid": "0669d99d-b34d-40fc-a4d8-c7ee963cc842"
        },
		"Rocket_Attack": {
			"ability": "lucraftcore:energy_blast",
			"required_level": 30,
			"cooldown": 20,
			"show_in_bar": true,
			"color": [0, 255, 0],
			"damage": 5,
			"title": {"translate":"Rocket Attack"},
			"bar_color": "green",
			"icon": {"type": "texture", "texture": "ben_ten:textures/gui/omnitrix/gourmand_bellyblast.png"}
		},
		"Rocket Attack": {
			"ability": "lucraftcore:command",
			"parent_ability": "Rocket_Attack",
			"show_in_bar": false,
			"title": {"text": "Rocket_Attack"},
			"icon": {"type": "texture", "texture": "ben_ten:textures/gui/omnitrix/omnitrix.png"},
			"bar_color": "light_gray",
			"commands": ["/scoreboard players tag @s add Boom!!","scoreboard players set @s Boom 1"]
	 	},	
		"Rocket_Attack_Comands_2": {
			"ability": "lucraftcore:command_loop",
			"parent_ability": "Beam_Attack",
			"show_in_bar": false,
			"title": {"text":"Upchuck Blocks"},
			"icon": { "type": "internal" },
			"bar_color": "green",
			"commands": ["execute @s[score_Boom=5,score_Boom_min=5] ~ ~ ~ scoreboard players tag @e[type=lucraftcore:energy_blast,r=20] add Boom"]
        },
		"flight": {			
			"ability": "lucraftcore:flight",
			"required_level": 25,
			"icon": {"type": "internal"},
            "cooldown": 100,			
            "show_in_bar": true,
            "title": {"text":"Booster Jets"},	
            "bar_color": "green",				
			"speed": 1.0,
            "sprint_speed": 1.5,
			"rotate_arms": false
		},
		"flight_particles":{
			"ability": "lucraftcore:command_loop",
			"parent_ability": "flight",
			"show_in_bar": false,
			"cooldown": 0,
			"title": {"text":"Flight Particles"},			
			"icon": {"type": "texture",
				"texture": "ben_ten:textures/gui/omnitrix/redomnitrix.png"},
			"commands": ["execute @s[ry=22,rym=-22] ~ ~ ~ /particle cloud ~0.4 ~0.4 ~ 0.05 0.05 0.05 0.001 100 force",
                         "execute @s[ry=22,rym=-22] ~ ~ ~ /particle cloud ~-0.4 ~0.4 ~ 0.05 0.05 0.05 0.001 100 force",
                         "execute @s[ry=67,rym=23] ~ ~ ~ /particle cloud ~0.3 ~0.4 ~0.3 0.05 0.05 0.05 0.001 100 force",
                         "execute @s[ry=67,rym=23] ~ ~ ~ /particle cloud ~-0.3 ~0.4 ~-0.3 0.05 0.05 0.05 0.001 100 force",
                         "execute @s[ry=112,rym=68] ~ ~ ~ /particle cloud ~ ~0.4 ~-0.4 0.05 0.05 0.05 0.001 100 force",
                         "execute @s[ry=112,rym=68] ~ ~ ~ /particle cloud ~ ~0.4 ~0.4 0.05 0.05 0.05 0.001 100 force",
                         "execute @s[ry=157,rym=113] ~ ~ ~ /particle cloud ~-0.3 ~0.4 ~0.3 0.05 0.05 0.05 0.001 100 force",
                         "execute @s[ry=157,rym=113] ~ ~ ~ /particle cloud ~0.3 ~0.4 ~-0.3 0.05 0.05 0.05 0.001 100 force",
                         "execute @s[ry=-158,rym=158] ~ ~ ~ /particle cloud ~0.4 ~0.4 ~ 0.05 0.05 0.05 0.001 100 force",
                         "execute @s[ry=-158,rym=158] ~ ~ ~ /particle cloud ~-0.4 ~0.4 ~ 0.05 0.05 0.05 0.001 100 force",
                         "execute @s[ry=-113,rym=-157] ~ ~ ~ /particle cloud ~-0.3 ~0.4 ~-0.3 0.05 0.05 0.05 0.001 100 force",
                         "execute @s[ry=-113,rym=-157] ~ ~ ~ /particle cloud ~0.3 ~0.4 ~0.3 0.05 0.05 0.05 0.001 100 force",
                         "execute @s[ry=-68,rym=-112] ~ ~ ~ /particle cloud ~ ~0.4 ~0.4 0.05 0.05 0.05 0.001 100 force",
                         "execute @s[ry=-68,rym=-112] ~ ~ ~ /particle cloud ~ ~0.4 ~-0.4 0.05 0.05 0.05 0.001 100 force",
                         "execute @s[ry=-23,rym=-67] ~ ~ ~ /particle cloud ~0.3 ~0.4 ~-0.3 0.05 0.05 0.05 0.001 100 force",
                         "execute @s[ry=-23,rym=-67] ~ ~ ~ /particle cloud ~-0.3 ~0.4 ~0.3 0.05 0.05 0.05 0.001 100 force"],
            "conditions": [{
			    "type": "ability_enabled",
				"ability": "lucraftcore:flight"}],
			"hidden": true
		},
		"fire_resistance": {
            "ability": "lucraftcore:fire_resistance",
            "show_in_bar": false,
            "title": {"translate":"lucraftcore.abilities.knockback_resistance.name"},
            "icon": { "type": "internal" },
            "bar_color": "light_gray",
			"conditions": [{
			    "type": "lucraftcore:scoreboard_tag",
				"tag": "ua"}],
            "uuid": "0669d99d-b34d-40fc-a4d8-c7ee963cc842"
        },
		"jump_boost": {
			"ability": "lucraftcore:jump_boost",
			"show_in_bar": false,
			"title": {"text":"Jump Boost"},
			"icon": { "type": "internal" },
			"bar_color": "green",
			"amount": 3,
			"operation": 0,
			"uuid": "5c5cfbea-9f1b-42dd-b43c-d129733c4a75"
		},
		"fall_resistance": {
			"ability": "lucraftcore:fall_resistance",
			"show_in_bar": false,
			"title": {"text":"Fall Resistance"},
			"amount": 8,
			"operation": 0,
			"uuid": "5c5cfbea-9f1b-42dd-b43c-d129733c4a75"
		},
		"strength": {	
			"ability": "lucraftcore:strength",				
            "show_in_bar": false,		
            "title": {"text":"Strength"},							
			"amount": 18,
			"operation": 0,
			"uuid": "5c5cfbea-9f1b-42dd-b43c-d129733c4a75"			
		},
		"defense": {
			"ability": "lucraftcore:resistance",			
            "show_in_bar": false,		
            "title": {"text":"Resistance"},						
			"amount": 40,
			"operation": 0,
			"uuid": "5c5cfbea-9f1b-42dd-b43c-d129733c4a75"			
		},
		"energy_beam": {
			"ability": "heroesexpansion:photon_blast",
			"required_level": 15,
			"cooldown": 0,
			"show_in_bar": true,
			"title": {"text":"Energy Beam"},
			"icon": { "type": "internal" },
			"bar_color": "green",
			"color": [85, 255, 85]
		},
		"energy_beam_xp": {
            "ability": "lucraftcore:command_held",
            "cooldown": 0,
			"parent_ability": "energy_beam",
            "show_in_bar": false,
            "title": {"text":"Energy Beam XP"},
            "icon": { "type": "internal" },
            "bar_color": "light_gray",
            "conditions": [{
			    "type": "ability_enabled",
				"ability": "heroesexpansion:photon_blast"}],
		    "hidden": true,
		    "commands": ["/superpowerxp 10 @s"]
		},
		"de_merge": {	
	        "ability": "lucraftcore:command",		
			"cooldown": 0,
            "show_in_bar": true,	
            "title": {"text":"De-merge"},
			"icon": { "type": "texture", "texture": "ben_ten:textures/gui/omnitrix/upgrade.png" },
            "bar_color": "green",				
			"commands": ["execute @s[tag=os] ~ ~ ~ /superpower @s ben_ten:galvanic_mechamorph",
			             "execute @s[tag=ua] ~ ~ ~ /superpower @s ben_ten:U_galvanic_mechamorph",
			             "execute @s[tag=ov] ~ ~ ~ /superpower @s ben_ten:ov_galvanic_mechamorph",
			             "/summon villager_golem ~1 ~ ~1"]
		},
		"timer":{
			"ability": "lucraftcore:command_loop",
			"show_in_bar": false,
			"cooldown": 0,
			"title": {"text":"Timer"},			
			"icon": {"type": "texture",
				"texture": "ben_ten:textures/gui/omnitrix/redomnitrix.png"},
			"conditions": [{"type": "lucraftcore:not", 
			            "conditions": [{
						"type": "lucraftcore:scoreboard_tag", 
						"tag": "Master"}]}],
			"commands": ["superpowerxp 1 @s",
			"scoreboard players remove @s Timer 1", 
			"execute @s[score_Timer=0,score_Timer_min=0,tag=os] ~ ~ ~ /superpower @s ben_ten:prototypeomnitrix", 
			"execute @s[score_Timer=0,score_Timer_min=0,tag=os] ~ ~ ~ /particle reddust ~ ~ ~ 1 1 1 0 7000", 
			"execute @s[score_Timer=60,score_Timer_min=60,tag=os] ~ ~ ~ /playsound minecraft:custom.timeout master @a ~ ~ ~", 
			"execute @s[score_Timer=60,score_Timer_min=60,tag=os] ~ ~ ~ /superpower @s ben_ten:galvanic_mechamorph_furnace_t", 
			"execute @s[score_Timer=40,score_Timer_min=40,tag=os] ~ ~ ~ /superpower @s ben_ten:galvanic_mechamorph_furnace_t", 
			"execute @s[score_Timer=20,score_Timer_min=20,tag=os] ~ ~ ~ /superpower @s ben_ten:galvanic_mechamorph_furnace_t",   
			"execute @s[score_Timer=1,score_Timer_min=1,tag=os] ~ ~ ~ /playsound minecraft:custom.transform master @a ~ ~ ~", 
			"execute @s[score_Timer=0,score_Timer_min=0,tag=af] ~ ~ ~ /superpower @s ben_ten:recalibratedomnitrix", 
			"execute @s[score_Timer=0,score_Timer_min=0,tag=af] ~ ~ ~ /particle fallingdust ~ ~ ~ 1 1 1 0 3500 force @a 0133", 
			"execute @s[score_Timer=1,score_Timer_min=1,tag=af] ~ ~ ~ /playsound minecraft:custom.recalibratedhuman master @a ~ ~ ~", 
			"execute @s[score_Timer=0,score_Timer_min=0,tag=ov] ~ ~ ~ /superpower @s ben_ten:completedomnitrix", 
			"execute @s[score_Timer=30,score_Timer_min=30,tag=ov] ~ ~ ~ /playsound minecraft:custom.ov_timer master @a ~ ~ ~", 
			"execute @s[score_Timer=1,score_Timer_min=1,tag=ov] ~ ~ ~ /playsound minecraft:custom.ov_human master @a ~ ~ ~",			
			"execute @s[score_Timer=0,score_Timer_min=0,tag=ua] ~ ~ ~ /superpower @s ben_ten:ultimatrix", 
			"execute @s[score_Timer=0,score_Timer_min=0,tag=ua] ~ ~ ~ /particle fallingdust ~ ~ ~ 1 1 1 0 3500 force @a 0133"],
			"hidden": true
		},
		"death_state":{
			"ability": "lucraftcore:command_loop",
			"show_in_bar": false,
			"cooldown": 0,
			"title": {"text":"Death State"},			
			"icon": {"type": "texture",
				"texture": "ben_ten:textures/gui/omnitrix/recal_timeout.png"},
			"commands": ["execute @s[score_Health=0,score_Health_min=0,tag=os] ~ ~ ~ /superpower @s ben_ten:prototypeomnitrix",
			"execute @s[score_Health=0,score_Health_min=0,tag=af] ~ ~ ~ /superpower @s ben_ten:recalibratedomnitrix",
			"execute @s[score_Health=0,score_Health_min=0,tag=ua] ~ ~ ~ /superpower @s ben_ten:ultimatrix",
			"execute @s[score_Health=0,score_Health_min=0,tag=ov] ~ ~ ~ /superpower @s ben_ten:completedomnitrix"],
			"hidden": true
		},
		"master_base": {	
	        "ability": "lucraftcore:command",		
			"cooldown": 0,
            "show_in_bar": true,	
            "title": {"text":"Base Form"},
			"icon": { "type": "texture", "texture": "ben_ten:textures/gui/omnitrix/omnitrix.png" },
			"conditions": [{"type": "lucraftcore:scoreboard_tag", 
			                "tag": "Master"},
							{"type": "lucraftcore:scoreboard_tag", 
			                "tag": "os"}],
            "bar_color": "green",				
			"commands": ["execute @s[tag=os] ~ ~ ~ /superpower @s ben_ten:prototypeomnitrix", 
			"execute @s[tag=os] ~ ~ ~ /playsound minecraft:custom.transform master @a ~ ~ ~", 
			"execute @s[tag=os] ~ ~ ~ /particle fallingdust ~ ~ ~ 1 1 1 0 3500 force @a 0133"]
		},
		"base_os": {	
	        "ability": "lucraftcore:command",
			"required_level": 30,		
			"cooldown": 0,
            "show_in_bar": true,	
            "title": {"text":"Base Form"},
			"icon": { "type": "texture", "texture": "ben_ten:textures/gui/omnitrix/omnitrix.png" },
			"conditions": [{"type": "lucraftcore:scoreboard_tag", 
			                "tag": "os"},
							{"type": "lucraftcore:not", 
			                    "conditions": [{
						        "type": "lucraftcore:scoreboard_tag", 
						        "tag": "Master"}]}],
            "bar_color": "green",				
			"commands": ["execute @s[tag=os] ~ ~ ~ /superpower @s ben_ten:prototypeomnitrix", 
			"execute @s[tag=os] ~ ~ ~ /playsound minecraft:custom.transform master @a ~ ~ ~", 
			"execute @s[tag=os] ~ ~ ~ /particle fallingdust ~ ~ ~ 1 1 1 0 3500 force @a 0133"]
		},
		"base_af": {	
	        "ability": "lucraftcore:command",		
			"cooldown": 0,
            "show_in_bar": true,	
            "title": {"text":"Base Form"},
			"icon": { "type": "texture", "texture": "ben_ten:textures/gui/omnitrix/recal_omnitrix.png" },
            "bar_color": "green",
			"conditions": [{
                        "type": "lucraftcore:or",
                            "conditions": [
                            {"type": "lucraftcore:scoreboard_tag",
                             "tag": "af"
                            },
                            {"type": "lucraftcore:scoreboard_tag",
                             "tag": "ua"
                            }]
                    }],
			"commands": ["execute @s[tag=af] ~ ~ ~ /superpower @s[tag=af] ben_ten:recalibratedomnitrix", 
			"execute @s[tag=af] ~ ~ ~ /playsound minecraft:custom.recalibratedhuman master @a ~ ~ ~",
			"execute @s[tag=ua] ~ ~ ~ /superpower @s ben_ten:ultimatrix",
			"execute @s[tag=ua] ~ ~ ~ /playsound minecraft:custom.ultimatrixhuman master @a ~ ~ ~",
			"execute @s[tag=os] ~ ~ ~ /superpower @s ben_ten:prototypeomnitrix", 
			"execute @s[tag=os] ~ ~ ~ /playsound minecraft:custom.transform master @a ~ ~ ~",
			"/particle fallingdust ~ ~ ~ 1 1 1 0 3500 force @a 0133"]
		},
		"base_ov": {	
	        "ability": "lucraftcore:command",		
			"cooldown": 0,
            "show_in_bar": true,	
            "title": {"text":"Base Form"},
			"icon": { "type": "texture", "texture": "ben_ten:textures/gui/omnitrix/ov_trix_master.png" },
            "bar_color": "green",
			"conditions": [{
			    "type": "lucraftcore:scoreboard_tag",
				"tag": "ov"}],				
			"commands": ["execute @s[tag=ov] ~ ~ ~ /superpower @s ben_ten:completedomnitrix", 
			"execute @s[tag=ov] ~ ~ ~ /playsound minecraft:custom.ov_human master @a ~ ~ ~",
			"/particle fallingdust ~ ~ ~ 1 1 1 0 3500 force @a 0133"]
		}
	}
}