{
	"name": {
		"text": "Gimlinopithecus"
	},

	"icon": {
		"type": "texture",
		"texture": "ben_ten:textures/gui/completedomnitrix/gimlinopithecus_activation.png"
	},

	"creative_tab": "ben10",
	
	"max_level": 40,
	
	"capsule_color": 3080117,
	
    "effects": [
        {
            "type": "skin_change",
            "texture": "ben_ten:textures/models/ben/gimlinopithecus.png"
        },
		{
        	"type": "trail",
        	"trail_type": "electricity",
        	"color": [0, 1, 0],
        	"use_suit_trail": false,
        	"conditions": [
        		{
        			"type": "always"        			
        		}
        	]
        },
		{
            "type": "skin_overlay",
            "texture": "ben_ten:textures/overlays/glow/gimlinopithecus_glow.png",
            "size": 0,
            "glow": true,
            "conditions": [
            	{
            		"type": "always"
            	}
            ]
        },
		{
		"type": "flickering",
		"color": [1, 1, 0],
		"use_suit_flicker": true,
		"conditions": [
			{
				"type": "ability_enabled",
				"ability": "lucraftcore:command_held"
			}
		]
	}

    ],
	
	"abilities": {
		"radiation_protection": {
            "ability": "the-fifth-world:potion_immunity",
            "show_in_bar": false,
            "title": {"text":"Radiation Protection"},
            "icon": { "type": "internal" },
            "potion": "lucraftcore:radiation"
        },
        "size": {
			"ability": "lucraftcore:command_loop",
			"show_in_bar": false,
			"title": {"text": "Big size"},
			"icon": { "type": "internal" },
			"bar_color": "green",
			"commands": ["sizechange @s 1.3 lucraftcore:default"]
		},
		"health": {		
			"ability": "lucraftcore:health",			
            "show_in_bar": false,		
            "title": {"text":"Health"},					
			"amount": 10,
			"operation": 0,
			"uuid": "5c5cfbea-9f1b-42dd-b43c-d129733c4a75"		
		},
		"strength": {	
			"ability": "lucraftcore:strength",				
            "show_in_bar": false,		
            "title": {"text":"Strength"},							
			"amount": 10,
			"operation": 0,
			"uuid": "5c5cfbea-9f1b-42dd-b43c-d129733c4a75"			
		},
		"defense": {
			"ability": "lucraftcore:resistance",			
            "show_in_bar": false,		
            "title": {"text":"Resistance"},						
			"amount": 20,
			"operation": 0,
			"uuid": "5c5cfbea-9f1b-42dd-b43c-d129733c4a75"			
		},
		"charge_up":{
            "ability": "lucraftcore:command_held",
            "show_in_bar": true,
			"bar_color": "green",
            "cooldown": 0,
            "title": {"text":"Charge Up"},
            "icon": {"type": "texture", "texture": "ben_ten:textures/gui/omnitrix/redstonetravel.png"},
            "commands": ["scoreboard players add @s Charge 1", 
			"playsound minecraft:custom.charge master @a ~ ~ ~"],
            "hidden": true
	    },
		"electric_charge":{
            "ability": "lucraftcore:command",
            "show_in_bar": true,
			"bar_color": "green",
            "cooldown": 120,
            "title": {"text":"Electric Charge"},
            "icon": {"type": "texture", "texture": "ben_ten:textures/gui/omnitrix/redstonetravel.png"},
            "commands": ["execute @s[score_Charge_min=200] ~ ~ ~ /cast ebwizardry:charge @p", 
			"execute @s[score_Charge_min=200] ~ ~ ~ /scoreboard players remove @s Charge 200", 
			"execute @s[score_Charge=199,score_Charge_min=0] ~ ~ ~ /tellraw @s {\"text\":\"You need to build up charge first!\"}"],
            "hidden": true
	    },
		"static_pulse":{
            "ability": "lucraftcore:command",
            "show_in_bar": true,
			"bar_color": "green",
            "cooldown": 120,
            "title": {"text":"Static Pulse"},
            "icon": {"type": "texture", "texture": "ben_ten:textures/gui/omnitrix/placeholder.png"},
            "commands": ["execute @s[score_Charge_min=100] ~ ~ ~ /cast ebwizardry:lightning_pulse @p", 
			"execute @s[score_Charge_min=100] ~ ~ ~ /scoreboard players remove @s Charge 100", 
			"execute @s[score_Charge=99,score_Charge_min=0] ~ ~ ~ /tellraw @s {\"text\":\"You need to build up charge first!\"}"],
            "hidden": true
		},
		"lightning_web":{
            "ability": "lucraftcore:command",
            "show_in_bar": true,
			"bar_color": "green",
            "cooldown": 250,
            "title": {"text":"Lightning Blast"},
            "icon": {"type": "texture", "texture": "ben_ten:textures/gui/omnitrix/chainshock.png"},
            "commands": ["execute @s[score_Charge_min=300] ~ ~ ~ /cast ebwizardry:lightning_web @p 5", 
			"execute @s[score_Charge_min=300] ~ ~ ~ /scoreboard players remove @s Charge 300", 
			"execute @s[score_Charge=299,score_Charge_min=0] ~ ~ ~ /tellraw @s {\"text\":\"You need to build up charge first!\"}"],
            "hidden": true
		},
		"paralysis": {
			"ability": "lucraftcore:potion_punch",
			"cooldown": 50,
			"show_in_bar": true,
			"title": {"text":"Paralysis Punch"},
            "icon": {"type": "texture", "texture": "ben_ten:textures/gui/omnitrix/placeholder.png"},
			"bar_color": "green",
			"potion": "ebwizardry:paralysis",
			"amplifier": 0,
			"duration": 40
		},
		"static_body": {
			"ability": "lucraftcore:command_loop",
            "show_in_bar": false,				
			"title": {"text":"Static Body"},
			"commands": ["/effect @s ebwizardry:static_aura 1 1 true"],
			"icon": { "type": "internal" }
	    },
        "timer":{
			"ability": "lucraftcore:command_loop",
			"show_in_bar": false,
			"cooldown": 0,
			"title": {"text":"Timer"},			
			"icon": {"type": "texture",
				"texture": "ben_ten:textures/gui/omnitrix/ov_trix_timeout.png"},
			"conditions": [{"type": "lucraftcore:not", 
			            "conditions": [{
						"type": "lucraftcore:scoreboard_tag", 
						"tag": "Master"}]}],
			"commands": ["superpowerxp 1 @s", 
			"scoreboard players remove @s Timer 1", 
			"execute @s[score_Timer=0,score_Timer_min=0] ~ ~ ~ /superpower @s ben_ten:completedomnitrix", 
			"execute @s[score_Timer=0,score_Timer_min=0] ~ ~ ~ /particle fallingdust ~ ~ ~ 1 1 1 0 3500 force @a 0133", 
			"execute @s[score_Timer=30,score_Timer_min=30] ~ ~ ~ /playsound minecraft:custom.ov_timer master @a ~ ~ ~", 
			"execute @s[score_Timer=1,score_Timer_min=1] ~ ~ ~ /playsound minecraft:custom.ov_human master @a ~ ~ ~"],
			"hidden": true
		},
		"death_state":{
			"ability": "lucraftcore:command_loop",
			"show_in_bar": false,
			"cooldown": 0,
			"title": {"text":"Death State"},			
			"icon": {"type": "texture",
				"texture": "ben_ten:textures/gui/omnitrix/recal_timeout.png"},
			"commands": ["execute @s[score_Health=0,score_Health_min=0,tag=os] ~ ~ ~ /superpower @s ben_ten:prototypeomnitrix",
			"execute @s[score_Health=0,score_Health_min=0,tag=af] ~ ~ ~ /superpower @s ben_ten:recalibratedomnitrix",
			"execute @s[score_Health=0,score_Health_min=0,tag=ua] ~ ~ ~ /superpower @s ben_ten:ultimatrix",
			"execute @s[score_Health=0,score_Health_min=0,tag=ov] ~ ~ ~ /superpower @s ben_ten:completedomnitrix"],
			"hidden": true
		},
		"base": {	
	        "ability": "lucraftcore:command",		
			"cooldown": 0,
            "show_in_bar": true,	
            "title": {"text":"Base Form"},
			"icon": { "type": "texture", "texture": "ben_ten:textures/gui/omnitrix/ov_trix_master.png" },
            "bar_color": "green",				
			"commands": ["/superpower @s ben_ten:completedomnitrix", 
			"playsound minecraft:custom.ov_human master @a ~ ~ ~", 
			"/particle fallingdust ~ ~ ~ 1 1 1 0 3500 force @a 0133"]
		}
	}
}