{
	"name": {
		"text": "Ickthyperambuloid"
	},

	"icon": {
		"type": "texture",
		"texture": "ben_ten:textures/gui/completedomnitrix/ickthyperambuloid_activation.png"
	},

	"creative_tab": "ben10",
	
	"max_level": 40,
	
	"capsule_color": 3080117,
	
    "effects": [
        {
            "type": "skin_change",
            "texture": "ben_ten:textures/models/ben/Ickthyperambuloid.png"
        },
		{
            "type": "skin_overlay",
            "texture": "ben_ten:textures/overlays/glow/ickthyperambuloid_glow.png",
            "size": 0,
            "glow": true,
            "conditions": [
            	{
            		"type": "always"
            	}
            ]
        }
    ],
	
	"abilities": {
		"radiation_protection": {
            "ability": "the-fifth-world:potion_immunity",
            "show_in_bar": false,
            "title": {"text":"Radiation Protection"},
            "icon": { "type": "internal" },
            "potion": "lucraftcore:radiation"
        },
		"size": {
			"ability": "lucraftcore:command_loop",
			"show_in_bar": false,
			"title": {"text": "Large size"},
			"icon": { "type": "internal" },
			"bar_color": "light_gray",
			"commands": ["sizechange @s 0.4 lucraftcore:default"]
		},		
		"aquatic_lifeform": {
			"ability": "lucraftcore:command_loop",
            "show_in_bar": false,				
			"title": {"text":"Aquatic Lifeform"},
			"commands": [
			"/effect @s minecraft:water_breathing 1 0 true", 
			"/effect @s minecraft:night_vision 1 0 true", 
			"execute @s ~ ~ ~ detect ~ ~1 ~ air 0 scoreboard players add @s Breath 1",
			"execute @s[score_Breath_min=600] ~ ~ ~ detect ~ ~1 ~ air 0 effect @s minecraft:wither 1 1 false", 
			"execute @s ~ ~ ~ detect ~ ~1 ~ water 0 scoreboard players set @s Breath 0",
			"execute @s ~ ~ ~ detect ~ ~1 ~ water 0 effect @s minecraft:haste 1 1 false", 
			"execute @s ~ ~ ~ detect ~ ~1 ~ water 0 effect @s minecraft:speed 1 1 false"],
			"icon": { "type": "internal" }
		},
		"timer":{
			"ability": "lucraftcore:command_loop",
			"show_in_bar": false,
			"cooldown": 0,
			"title": {"text":"Timer"},			
			"icon": {"type": "texture",
				"texture": "ben_ten:textures/gui/omnitrix/ov_trix_timeout.png"},
			"conditions": [{"type": "lucraftcore:not", 
			            "conditions": [{
						"type": "lucraftcore:scoreboard_tag", 
						"tag": "Master"}]}],
			"commands": ["superpowerxp 1 @s", 
			"scoreboard players remove @s Timer 1", 
			"execute @s[score_Timer=0,score_Timer_min=0] ~ ~ ~ /superpower @s ben_ten:completedomnitrix", 
			"execute @s[score_Timer=0,score_Timer_min=0] ~ ~ ~ /particle fallingdust ~ ~ ~ 1 1 1 0 3500 force @a 0133", 
			"execute @s[score_Timer=30,score_Timer_min=30] ~ ~ ~ /playsound minecraft:custom.ov_timer master @a ~ ~ ~", 
			"execute @s[score_Timer=1,score_Timer_min=1] ~ ~ ~ /playsound minecraft:custom.ov_human master @a ~ ~ ~"],
			"hidden": true
		},
		"death_state":{
			"ability": "lucraftcore:command_loop",
			"show_in_bar": false,
			"cooldown": 0,
			"title": {"text":"Death State"},			
			"icon": {"type": "texture",
				"texture": "ben_ten:textures/gui/omnitrix/recal_timeout.png"},
			"commands": ["execute @s[score_Health=0,score_Health_min=0,tag=os] ~ ~ ~ /superpower @s ben_ten:prototypeomnitrix",
			"execute @s[score_Health=0,score_Health_min=0,tag=af] ~ ~ ~ /superpower @s ben_ten:recalibratedomnitrix",
			"execute @s[score_Health=0,score_Health_min=0,tag=ua] ~ ~ ~ /superpower @s ben_ten:ultimatrix",
			"execute @s[score_Health=0,score_Health_min=0,tag=ov] ~ ~ ~ /superpower @s ben_ten:completedomnitrix"],
			"hidden": true
		},
		"base": {	
	        "ability": "lucraftcore:command",		
			"cooldown": 0,
            "show_in_bar": true,	
            "title": {"text":"Base Form"},
			"icon": { "type": "texture", "texture": "ben_ten:textures/gui/omnitrix/ov_trix_master.png" },
            "bar_color": "green",				
			"commands": ["/superpower @s ben_ten:completedomnitrix", 
			"playsound minecraft:custom.ov_human master @a ~ ~ ~", 
			"/particle fallingdust ~ ~ ~ 1 1 1 0 3500 force @a 0133"]
		}
	}
}