{
	"name": {
		"text": "Kineceleran"
	},

	"icon": {
		"type": "texture",
		"texture": "ben_ten:textures/gui/omnitrix/kineceleran_activation_os.png"
	},

	"creative_tab": "ben10",
	
	"max_level": 40,
	
	"capsule_color": 3080117,
	
    "effects": [
        {
            "type": "skin_change",
            "texture": "ben_ten:textures/models/ben/timeout/kineceleran_timeout.png"
       },
        {
            "type": "skin_change",
            "texture": "ben_ten:textures/models/ben/timeout/kineceleran_mask_timeout.png",
            "conditions": [
        		{
        			"type": "ability_enabled",
        			"ability": "speedsterheroes:super_speed"
        		}
        	]
		},
		{
        	"type": "trail",
        	"trail_type": "normal",
        	"color": [0, 0, 1],
        	"use_suit_trail": false,
        	"conditions": [
        		{
        			"type": "ability_enabled",
        			"ability": "speedsterheroes:super_speed"
        		}
        	]
       },
		{
            "type": "skin_overlay",
            "texture": "ben_ten:textures/overlays/glow/kineceleran_glow.png",
            "size": 0,
            "glow": true,
            "conditions": [
            	{
            		"type": "always"
            	}
            ]
       }
    ],
	"abilities": {
		"radiation_protection": {
            "ability": "the-fifth-world:potion_immunity",
            "show_in_bar": false,
            "title": {"text":"Radiation Protection"},
            "icon": {"type": "internal"},
            "potion": "lucraftcore:radiation"
       },
		"health": {		
			"ability": "lucraftcore:health",			
            "show_in_bar": false,		
            "title": {"text":"Health"},					
			"amount": 5,
			"operation": 0,
			"uuid": "5c5cfbea-9f1b-42dd-b43c-d129733c4a75"		
		},	
		"jump_boost": {
			"ability": "lucraftcore:jump_boost",			
            "show_in_bar": false,		
            "title": {"text":"Jump Boost"},									
			"amount": 1.5,
			"operation": 0,
			"uuid": "5c5cfbea-9f1b-42dd-b43c-d129733c4a75"	
		},
		"fall_resistance": {
			"ability": "lucraftcore:fall_resistance",
			"show_in_bar": false,
			"title": {"text":"Fall Resistance"},
			"amount": 6,
			"operation": 0,
			"uuid": "5c5cfbea-9f1b-42dd-b43c-d129733c4a75"
		},
		"fire_resistance": {
			"ability": "lucraftcore:fire_resistance",
			"show_in_bar": false,
			"title": {"translate":"lucraftcore.abilities.fire_resistance.name"},
			"icon": {"type": "internal"},
			"bar_color": "light_gray"
		},
		"resistance": {
			"ability": "lucraftcore:resistance",			
            "show_in_bar": false,		
            "title": {"text":"Resistance"},						
			"amount": 14,
			"operation": 0,
			"uuid": "5c5cfbea-9f1b-42dd-b43c-d129733c4a75"			
		},
		"super_speed": {
			"ability": "speedsterheroes:super_speed",
			"cooldown": 0,
			"show_in_bar": true,
			"title": {"translate":"speedsterheroes.abilities.super_speed.name"},
			"icon": {"type": "texture", "texture": "ben_ten:textures/gui/omnitrix/kineceleran_superspeed.png"},
			"bar_color": "green",
			"base_speed_levels": 3,
			"gives_xp": false			
		},
		"mask": {	
	        "ability": "lucraftcore:command",		
			"cooldown": 0,
			"parent_ability": "super_speed",
            "show_in_bar": false,	
            "title": {"text":"Mask Sound"},
			"icon": {"type": "texture", "texture": "ben_ten:textures/gui/omnitrix/whiteomnitrix.png"},
            "bar_color": "green",			
			"commands": ["/playsound minecraft:custom.kineceleran master @a ~ ~ ~"]
		},
		"super_speed_xp": {
            "ability": "lucraftcore:command_loop",
            "cooldown": 0,
			"parent_ability": "super_speed",
            "show_in_bar": false,
            "title": {"text":"Speed XP"},
            "icon": {"type": "internal"},
            "bar_color": "light_gray",
            "conditions": [{
			    "type": "ability_enabled",
				"ability": "speedsterheroes:super_speed"}],
		    "commands": ["/superpowerxp 1 @s"],
		    "hidden": true
		},
		"speed_up": {
			"ability": "speedsterheroes:change_speed",
			"cooldown": 0,
			"show_in_bar": true,
			"title": {"text":"Accelerate"},
			"icon": {"type": "internal"},
			"bar_color": "green",
			"accelerate": true
		},
		"speed_down": {
			"ability": "speedsterheroes:change_speed",
			"cooldown": 0,
			"show_in_bar": true,
			"title": {"text":"Decelarate"},
			"icon": {"type": "internal"},
			"bar_color": "green",
			"accelerate": false
		},
		"water_running": {
			"ability": "speedsterheroes:water_running",
			"required_ability": "speedsterheroes:super_speed",
			"required_level": 13,				
            "show_in_bar": false,		
            "title": {"text":"Water Running"},		
			"icon": {"type": "internal"},		
			"speed": 1.0			
		},
        "step_assist": {
            "ability": "lucraftcore:step_assist",
            "show_in_bar": false,
            "title": {"translate":"lucraftcore.abilities.step_assist.name"},
            "icon": {"type": "internal"},
            "bar_color": "green",
            "amount": 1.0,
            "operation": 0,
            "uuid": "0669d99d-b34d-40fc-a4d8-c7ee963cc842"
       },
		"timer_red":{
			"ability": "lucraftcore:command_loop",
			"show_in_bar": false,
			"cooldown": 0,
			"title": {"text":"Timer"},			
			"icon": {"type": "texture",
				"texture": "ben_ten:textures/gui/omnitrix/redomnitrix.png"},
			"conditions": [{"type": "lucraftcore:not", 
			            "conditions": [{
						"type": "lucraftcore:scoreboard_tag", 
						"tag": "Master"}]}],
			"commands": ["superpowerxp 1 @s", 
			"scoreboard players remove @s Timer 1", 
			"execute @s[score_Timer=50,score_Timer_min=50] ~ ~ ~ /superpower @s ben_ten:kineceleran", 
			"execute @s[score_Timer=30,score_Timer_min=30] ~ ~ ~ /superpower @s ben_ten:kineceleran",
			"execute @s[score_Timer=10,score_Timer_min=10] ~ ~ ~ /superpower @s ben_ten:kineceleran"]
		},
		"death_state":{
			"ability": "lucraftcore:command_loop",
			"show_in_bar": false,
			"cooldown": 0,
			"title": {"text":"Death State"},			
			"icon": {"type": "texture",
				"texture": "ben_ten:textures/gui/omnitrix/recal_timeout.png"},
			"commands": ["execute @s[score_Health=0,score_Health_min=0,tag=os] ~ ~ ~ /superpower @s ben_ten:prototypeomnitrix",
			"execute @s[score_Health=0,score_Health_min=0,tag=af] ~ ~ ~ /superpower @s ben_ten:recalibratedomnitrix",
			"execute @s[score_Health=0,score_Health_min=0,tag=ua] ~ ~ ~ /superpower @s ben_ten:ultimatrix",
			"execute @s[score_Health=0,score_Health_min=0,tag=ov] ~ ~ ~ /superpower @s ben_ten:completedomnitrix"],
			"hidden": true
		},
		"master_base": {	
	        "ability": "lucraftcore:command",		
			"cooldown": 0,
            "show_in_bar": true,	
            "title": {"text":"Base Form"},
			"icon": {"type": "texture", "texture": "ben_ten:textures/gui/omnitrix/omnitrix.png"},
			"conditions": [{"type": "lucraftcore:scoreboard_tag", "tag": "Master"}],
            "bar_color": "green",				
			"commands": ["/superpower @s ben_ten:prototypeomnitrix", 
			"playsound minecraft:custom.transform master @a ~ ~ ~", 
			"particle fallingdust ~ ~ ~ 1 1 1 0 3500 force @a 0133"]
		},
		"base": {	
	        "ability": "lucraftcore:command",		
			"cooldown": 0,
			"required_level": 35,
            "show_in_bar": true,	
            "title": {"text":"Base Form"},
			"icon": {"type": "texture", "texture": "ben_ten:textures/gui/omnitrix/omnitrix.png"},
            "bar_color": "green",
			"conditions": [{"type": "lucraftcore:not", "conditions": [{"type": "lucraftcore:scoreboard_tag", "tag": "Master"}]}],				
			"commands": ["/superpower @s ben_ten:prototypeomnitrix", 
			"playsound minecraft:custom.transform master @a ~ ~ ~", 
			"particle fallingdust ~ ~ ~ 1 1 1 0 3500 force @a 0133"]
		}
	}
}