{
	"name": {
		"text": "Kryptonian"
	},

	"icon": {
		"type": "texture",
		"texture": "ben_ten:textures/gui/completedomnitrix/kryptonian_activation.png"
	},

	"creative_tab": "ben10",
	
	"max_level": 40,
	
	"capsule_color": 3080117,
	
    "effects": [
        {
            "type": "skin_change",
            "texture": "ben_ten:textures/models/ben/kryptonian.png"
        },
		{
            "type": "skin_overlay",
            "texture": "ben_ten:textures/overlays/glow/kryptonian_glow.png",
            "size": 0,
            "glow": true,
            "conditions": [
            	{
            		"type": "always"
            	}
            ]
        }
    ],
	"abilities": {
		"size": {
		    "hidden": true,
			"ability": "lucraftcore:command_loop",
			"show_in_bar": false,
			"title": {"text": "Size"},
			"icon": { "type": "texture", "texture": "ben_ten:textures/gui/omnitrix/omnitrix.png" },
			"bar_color": "light_gray",
			"commands": ["sizechange @s 1 lucraftcore:default"]
        },
		"radiation_protection": {
            "ability": "the-fifth-world:potion_immunity",
            "show_in_bar": false,
            "title": {"text":"Radiation Protection"},
            "icon": { "type": "internal" },
            "potion": "lucraftcore:radiation"
        },		
		"health": {		
			"ability": "lucraftcore:health",			
            "show_in_bar": false,		
            "title": {"text":"Health"},					
			"amount": 10,
			"operation": 0,
			"uuid": "5c5cfbea-9f1b-42dd-b43c-d129733c4a75",
            "conditions": [
            	{
            		"type": "lucraftcore:potion_weakness",
				    "potion": "heroesexpansion:kryptonite_poison"
                }
            ]
		},
		"strength": {	
			"ability": "lucraftcore:strength",				
            "show_in_bar": false,		
            "title": {"text":"Strength"},							
			"amount": 150,
			"operation": 0,
			"uuid": "5c5cfbea-9f1b-42dd-b43c-d129733c4a75",
            "conditions": [
            	{
            		"type": "lucraftcore:potion_weakness",
				    "potion": "heroesexpansion:kryptonite_poison"
                }
            ]
		},
		"fall_resistance": {
			"ability": "lucraftcore:fall_resistance",
			"show_in_bar": false,
			"title": {"text":"Fall Resistance"},
			"amount": 79,
			"operation": 0,
			"uuid": "5c5cfbea-9f1b-42dd-b43c-d129733c4a75",
            "conditions": [
            	{
            		"type": "lucraftcore:potion_weakness",
				    "potion": "heroesexpansion:kryptonite_poison"
                }
            ]
		},
		"sprint": {
			"ability": "lucraftcore:sprint",			
            "show_in_bar": false,		
            "title": {"text":"Speed"},										
			"amount": 0.1,
			"operation": 0,
			"uuid": "5c5cfbea-9f1b-42dd-b43c-d129733c4a75",
            "conditions": [
            	{
            		"type": "lucraftcore:potion_weakness",
				    "potion": "heroesexpansion:kryptonite_poison"
                }
            ]
		},
		"resistance": {
			"ability": "lucraftcore:resistance",			
            "show_in_bar": false,		
            "title": {"text":"Resistance"},						
			"amount": 14,
			"operation": 0,
			"uuid": "5c5cfbea-9f1b-42dd-b43c-d129733c4a75",
            "conditions": [
            	{
            		"type": "lucraftcore:potion_weakness",
				    "potion": "heroesexpansion:kryptonite_poison"
                }
            ]
		},
		"knockback_resistance": {
            "ability": "lucraftcore:knockback_resistance",
            "show_in_bar": false,
            "title": {"translate":"lucraftcore.abilities.knockback_resistance.name"},
            "icon": { "type": "internal" },
            "bar_color": "light_gray",
            "amount": 4.5,
            "operation": 0,
            "uuid": "0669d99d-b34d-40fc-a4d8-c7ee963cc842",
            "conditions": [
            	{
            		"type": "lucraftcore:potion_weakness",
				    "potion": "heroesexpansion:kryptonite_poison"
                }
            ]
		},
        "tough_lungs": {
            "ability": "lucraftcore:tough_lungs",
            "show_in_bar": false,
            "title": {"translate":"lucraftcore.abilities.tough_lungs.name"},
            "icon": { "type": "internal" },
            "bar_color": "green",
            "conditions": [
            	{
            		"type": "lucraftcore:potion_weakness",
				    "potion": "heroesexpansion:kryptonite_poison"
                }
            ]
		},
        "kryptonite_weakness":{
			"ability": "lucraftcore:command_loop",
			"show_in_bar": false,
			"cooldown": 0,
			"title": {"text":"Kryptonite Weakness"},			
			"icon": {"type": "texture",
				"texture": "ben_ten:textures/gui/omnitrix/ov_trix_timeout.png"},
			"commands": ["execute @s ~ ~ ~ detect ~5 ~5 ~5 heroesexpansion:kryponite_block 0 effect @s heroesexpansion:kryptonite_poison 1 1 false", 
			"execute @s ~ ~ ~ detect ~-5 ~-5 ~-5 heroesexpansion:kryponite_block 0 effect @s heroesexpansion:kryptonite_poison 1 1 false", 
			"execute @s ~ ~ ~ detect ~5 ~5 ~5 heroesexpansion:kryponite_block 0 effect @s minecraft:poison 1 1 true", 
			"execute @s ~ ~ ~ detect ~-5 ~-5 ~-5 heroesexpansion:kryponite_block 0 effect @s minecraft:poison 1 1 true"],
			"hidden": true
		},	
        "water_breathing": {
            "ability": "lucraftcore:water_breathing",
            "show_in_bar": false,
            "title": {"translate":"lucraftcore.abilities.water_breathing.name"},
            "icon": { "type": "internal" },
            "bar_color": "green",
            "conditions": [
            	{
            		"type": "lucraftcore:potion_weakness",
				    "potion": "heroesexpansion:kryptonite_poison"
                }
            ]
		},
		"heat_vision":{
            "ability": "heroesexpansion:heat_vision",
            "show_in_bar": true,
			"bar_color": "green",
            "cooldown": 0,
            "color": [0, 255, 0],
            "title": {"translate":"heroesexpansion.abilities.heat_vision.name"},
            "conditions": [
            	{
            		"type": "lucraftcore:potion_weakness",
				    "potion": "heroesexpansion:kryptonite_poison"
                }
            ]
		},
		"flight": {			
			"ability": "lucraftcore:flight",
			"icon": { "type": "internal" },
            "cooldown": 0,			
            "show_in_bar": true,
            "title": {"text":"Flight"},	
            "bar_color": "green",				
			"speed": 2,
            "sprint_speed": 4,
			"rotate_arms": true,
            "conditions": [
            	{
            		"type": "lucraftcore:potion_weakness",
				    "potion": "heroesexpansion:kryptonite_poison"
                }
            ]
		},
		"freezebreath": {
			"ability": "heroesexpansion:freeze_breath",
			"cooldown": 80,			
            "show_in_bar": true,
            "title": {"text":"Freeze Breath"},
            "bar_color": "green",
            "conditions": [
            	{
            		"type": "lucraftcore:potion_weakness",
				    "potion": "heroesexpansion:kryptonite_poison"
                }
            ]
		},
		"x-ray_vision": {
            "ability": "heroesexpansion:x_ray",
            "cooldown": 0,
            "show_in_bar": true,
            "title": {"text":"X-Ray Vision"},
            "icon": { "type": "internal" },
            "bar_color": "green",
            "conditions": [
            	{
            		"type": "lucraftcore:potion_weakness",
				    "potion": "heroesexpansion:kryptonite_poison"
                }
            ]
		},
        "timer":{
			"ability": "lucraftcore:command_loop",
			"show_in_bar": false,
			"cooldown": 0,
			"title": {"text":"Timer"},			
			"icon": {"type": "texture",
				"texture": "ben_ten:textures/gui/omnitrix/ov_trix_timeout.png"},
			"conditions": [{"type": "lucraftcore:not", 
			            "conditions": [{
						"type": "lucraftcore:scoreboard_tag", 
						"tag": "Master"}]}],
			"commands": ["superpowerxp 1 @s", 
			"scoreboard players remove @s Timer 1", 
			"execute @s[score_Timer=0,score_Timer_min=0] ~ ~ ~ /superpower @s ben_ten:completedomnitrix", 
			"execute @s[score_Timer=0,score_Timer_min=0] ~ ~ ~ /particle fallingdust ~ ~ ~ 1 1 1 0 3500 force @a 0133", 
			"execute @s[score_Timer=30,score_Timer_min=30] ~ ~ ~ /playsound minecraft:custom.ov_timer master @a ~ ~ ~", 
			"execute @s[score_Timer=1,score_Timer_min=1] ~ ~ ~ /playsound minecraft:custom.ov_human master @a ~ ~ ~"],
			"hidden": true
		},
		"death_state":{
			"ability": "lucraftcore:command_loop",
			"show_in_bar": false,
			"cooldown": 0,
			"title": {"text":"Death State"},			
			"icon": {"type": "texture",
				"texture": "ben_ten:textures/gui/omnitrix/recal_timeout.png"},
			"commands": ["execute @s[score_Health=0,score_Health_min=0,tag=os] ~ ~ ~ /superpower @s ben_ten:prototypeomnitrix",
			"execute @s[score_Health=0,score_Health_min=0,tag=af] ~ ~ ~ /superpower @s ben_ten:recalibratedomnitrix",
			"execute @s[score_Health=0,score_Health_min=0,tag=ua] ~ ~ ~ /superpower @s ben_ten:ultimatrix",
			"execute @s[score_Health=0,score_Health_min=0,tag=ov] ~ ~ ~ /superpower @s ben_ten:completedomnitrix"],
			"hidden": true
		},		
		"base": {	
	        "ability": "lucraftcore:command",		
			"cooldown": 0,
            "show_in_bar": true,	
            "title": {"text":"Base Form"},
			"icon": { "type": "texture", "texture": "ben_ten:textures/gui/omnitrix/ov_trix_master.png" },
            "bar_color": "green",				
			"commands": ["/superpower @s ben_ten:completedomnitrix", 
			"playsound minecraft:custom.ov_human master @a ~ ~ ~", 
			"/particle fallingdust ~ ~ ~ 1 1 1 0 3500 force @a 0133"]
		}
	}
}