{
	"name": {
		"text": "Lepidopterran"
	},

	"icon": {
		"type": "texture",
		"texture": "ben_ten:textures/gui/omnitrix/lepidopterran_activation_os.png"
	},

	"creative_tab": "ben10",
	
	"max_level": 40,
	
	"capsule_color": 3080117,
	
    "effects": [
        {
            "type": "skin_change",
            "texture": "ben_ten:textures/models/ben/lepidopterran.png"
       },
		{
            "type": "skin_overlay",
            "texture": "ben_ten:textures/overlays/glow/lepidopterran_glow.png",
            "size": 0,
            "glow": true,
            "conditions": [
            	{
            		"type": "always"
            	}
            ]
       },
		{
        "type": "skin_change",
        "texture": "ben_ten:textures/models/ben/recalibrated/r_lepidopterran.png",
            "conditions": [            	
				{
            		"type": "ability_enabled",
					"ability": "lucraftcore:knockback_resistance"
            	}
			]
       },
		{
            "type": "skin_overlay",
            "texture": "ben_ten:textures/overlays/glow/recalibrated/r_lepidopterran_glow.png",
            "size": 0,
            "glow": true,
            "conditions": [
            	{
            		"type": "always"
            	},
				{
            		"type": "ability_enabled",
					"ability": "lucraftcore:knockback_resistance"
            	}
            ]
       },
		{
        "type": "skin_change",
        "texture": "ben_ten:textures/models/ben/ov_lepidopterran.png",
            "conditions": [            	
				{
            		"type": "ability_enabled",
					"ability": "lucraftcore:step_assist"
            	}
			]
       },
		{
            "type": "skin_overlay",
            "texture": "ben_ten:textures/overlays/glow/ov_lepidopterran_glow.png",
            "size": 0,
            "glow": true,
            "conditions": [
            	{
            		"type": "always"
            	},
				{
            		"type": "ability_enabled",
					"ability": "lucraftcore:step_assist"
            	}
            ]
       }
		
    ],
	
	"abilities": {
		"size": {
		    "hidden": true,
			"ability": "lucraftcore:command_loop",
			"show_in_bar": false,
			"title": {"text": "Size"},
			"icon": {"type": "texture", "texture": "ben_ten:textures/gui/omnitrix/omnitrix.png"},
			"bar_color": "light_gray",
			"commands": ["sizechange @s 1 lucraftcore:default"]
       },
		"radiation_protection": {
            "ability": "the-fifth-world:potion_immunity",
            "show_in_bar": false,
            "title": {"text":"Radiation Protection"},
            "icon": {"type": "internal"},
            "potion": "lucraftcore:radiation"
       },
		"health": {		
			"ability": "lucraftcore:health",			
            "show_in_bar": false,		
            "title": {"text":"Health"},					
			"amount": 10,
			"operation": 0,
			"uuid": "5c5cfbea-9f1b-42dd-b43c-d129733c4a75"		
		},
		"step_assist": {
            "ability": "lucraftcore:step_assist",
            "show_in_bar": false,
            "title": {"translate":"lucraftcore.abilities.step_assist.name"},
            "icon": {"type": "internal"},
            "bar_color": "light_gray",
            "amount": 0.0,
            "operation": 0,
			"conditions": [{
			    "type": "lucraftcore:scoreboard_tag",
				"tag": "ov"}],
            "uuid": "0669d99d-b34d-40fc-a4d8-c7ee963cc842"
       },
		"knockback_resistance": {
            "ability": "lucraftcore:knockback_resistance",
            "show_in_bar": false,
            "title": {"translate":"lucraftcore.abilities.knockback_resistance.name"},
            "icon": {"type": "internal"},
            "bar_color": "light_gray",
			"conditions": [{
			    "type": "lucraftcore:scoreboard_tag",
				"tag": "ua"}],
            "amount": 0.0,
            "operation": 0,
            "uuid": "0669d99d-b34d-40fc-a4d8-c7ee963cc842"
       },
		"strength": {	
			"ability": "lucraftcore:strength",				
            "show_in_bar": false,		
            "title": {"text":"Strength"},							
			"amount": 8,
			"operation": 0,
			"uuid": "5c5cfbea-9f1b-42dd-b43c-d129733c4a75"			
		},
		"defense": {
			"ability": "lucraftcore:resistance",			
            "show_in_bar": false,		
            "title": {"text":"Resistance"},						
			"amount": 10,
			"operation": 0,
			"uuid": "5c5cfbea-9f1b-42dd-b43c-d129733c4a75"			
		},
		"fall_resistance": {
			"ability": "lucraftcore:fall_resistance",
			"show_in_bar": false,
			"title": {"text":"Fall Resistance"},
			"amount": 200,
			"operation": 0,
			"uuid": "5c5cfbea-9f1b-42dd-b43c-d129733c4a75"
		},
		"mountable": {
			"ability": "the-fifth-world:mountable",
			"show_in_bar": false,
			"title": {"translate":"the-fifth-world.abilities.mountable.name"},
			"icon": {"type": "internal"},
			"bar_color": "light_gray"
		},
		"slime_ball":{
            "ability": "lucraftcore:command",
            "cooldown": 20,
            "show_in_bar": true,
			"bar_color": "green",
            "title": {"text":"Slime Ball"},
            "icon": {"type": "texture", "texture": "ben_ten:textures/gui/omnitrix/slimeball.png"},
            "commands": ["/cast ebwizardry:slime @p", "/superpowerxp 10 @s"],
            "hidden": true
		},
		"slowness": {
			"ability": "lucraftcore:potion_punch",
			"cooldown": 0,
			"show_in_bar": true,
			"title": {"text":"Slime Punch"},
			"icon": {"type": "texture", "texture": "ben_ten:textures/gui/omnitrix/lepidopterran_slimepunch.png"},
			"bar_color": "green",
			"potion": "minecraft:slowness",
			"amplifier": 0,
			"duration": 20
		},
		"punch_xp": {
            "ability": "lucraftcore:command",
            "cooldown": 0,
			"parent_ability": "slowness",
            "show_in_bar": false,
            "title": {"text":"Slime Punch XP"},
            "icon": {"type": "internal"},
            "bar_color": "light_gray",
            "conditions": [{
			    "type": "ability_enabled",
				"ability": "lucraftcore:potion_punch"}],
		    "commands": ["/superpowerxp 10 @s"],
		    "hidden": true
		},		
		"wings": {
			"ability": "lucraftcore:command_loop",
            "show_in_bar": false,				
			"title": {"text":"Wings"},
			"commands": ["execute @s ~ ~ ~ detect ~ ~1 ~ water 0 scoreboard players tag @s add Water",
			"execute @s ~ ~ ~ detect ~ ~1 ~ air 0 scoreboard players tag @s remove Water"],
			"icon": {"type": "internal"}
		},
		"flight": {			
			"ability": "lucraftcore:flight",
			"icon": {"type": "internal"},
            "cooldown": 0,			
            "show_in_bar": true,
			"conditions": [{"type": "lucraftcore:not", 
			            "conditions": [{
						"type": "lucraftcore:scoreboard_tag", 
						"tag": "Water"}]}],
            "title": {"text":"Flight"},	
            "bar_color": "green",				
			"speed": 1.5,
            "sprint_speed": 2,
			"rotate_arms": false
		},
		"flight_xp": {
            "ability": "lucraftcore:command_toggle",
            "cooldown": 0,
			"parent_ability": "flight",
            "show_in_bar": false,
            "title": {"text":"Flight XP"},
            "icon": {"type": "internal"},
            "bar_color": "light_gray",
            "conditions": [{
			    "type": "ability_enabled",
				"ability": "lucraftcore:flight"}],
		    "commands": ["/superpowerxp 1 @s"],
		    "hidden": true
		},
		"timer":{
			"ability": "lucraftcore:command_loop",
			"show_in_bar": false,
			"cooldown": 0,
			"title": {"text":"Timer"},			
			"icon": {"type": "texture",
				"texture": "ben_ten:textures/gui/omnitrix/redomnitrix.png"},
			"conditions": [{"type": "lucraftcore:not", 
			            "conditions": [{
						"type": "lucraftcore:scoreboard_tag", 
						"tag": "Master"}]}],
			"commands": ["superpowerxp 1 @s", 
			"scoreboard players remove @s Timer 1", 
			"execute @s[score_Timer=0,score_Timer_min=0,tag=os] ~ ~ ~ /superpower @s ben_ten:prototypeomnitrix", 
			"execute @s[score_Timer=0,score_Timer_min=0,tag=os] ~ ~ ~ /particle reddust ~ ~ ~ 1 1 1 0 7000", 
			"execute @s[score_Timer=60,score_Timer_min=60,tag=os] ~ ~ ~ /playsound minecraft:custom.timeout master @a ~ ~ ~", 
			"execute @s[score_Timer=60,score_Timer_min=60,tag=os] ~ ~ ~ /superpower @s ben_ten:lepidopterran_t", 
			"execute @s[score_Timer=40,score_Timer_min=40,tag=os] ~ ~ ~ /superpower @s ben_ten:lepidopterran_t", 
			"execute @s[score_Timer=20,score_Timer_min=20,tag=os] ~ ~ ~ /superpower @s ben_ten:lepidopterran_t",   
			"execute @s[score_Timer=1,score_Timer_min=1,tag=os] ~ ~ ~ /playsound minecraft:custom.transform master @a ~ ~ ~", 
			"execute @s[score_Timer=0,score_Timer_min=0,tag=af] ~ ~ ~ /superpower @s ben_ten:recalibratedomnitrix", 
			"execute @s[score_Timer=0,score_Timer_min=0,tag=af] ~ ~ ~ /particle fallingdust ~ ~ ~ 1 1 1 0 3500 force @a 0133", 
			"execute @s[score_Timer=1,score_Timer_min=1,tag=af] ~ ~ ~ /playsound minecraft:custom.recalibratedhuman master @a ~ ~ ~", 
			"execute @s[score_Timer=0,score_Timer_min=0,tag=ov] ~ ~ ~ /superpower @s ben_ten:completedomnitrix", 
			"execute @s[score_Timer=30,score_Timer_min=30,tag=ov] ~ ~ ~ /playsound minecraft:custom.ov_timer master @a ~ ~ ~", 
			"execute @s[score_Timer=1,score_Timer_min=1,tag=ov] ~ ~ ~ /playsound minecraft:custom.ov_human master @a ~ ~ ~",			
			"execute @s[score_Timer=0,score_Timer_min=0,tag=ua] ~ ~ ~ /superpower @s ben_ten:ultimatrix", 
			"execute @s[score_Timer=0,score_Timer_min=0,tag=ua] ~ ~ ~ /playsound minecraft:custom.ultimatrixhuman master @a ~ ~ ~", 
			"execute @s[score_Timer=0,score_Timer_min=0,tag=ua] ~ ~ ~ /particle fallingdust ~ ~ ~ 1 1 1 0 3500 force @a 0133"],
			"hidden": true
		},
		"death_state":{
			"ability": "lucraftcore:command_loop",
			"show_in_bar": false,
			"cooldown": 0,
			"title": {"text":"Death State"},			
			"icon": {"type": "texture",
				"texture": "ben_ten:textures/gui/omnitrix/recal_timeout.png"},
			"commands": ["execute @s[score_Health=0,score_Health_min=0,tag=os] ~ ~ ~ /superpower @s ben_ten:prototypeomnitrix",
			"execute @s[score_Health=0,score_Health_min=0,tag=af] ~ ~ ~ /superpower @s ben_ten:recalibratedomnitrix",
			"execute @s[score_Health=0,score_Health_min=0,tag=ua] ~ ~ ~ /superpower @s ben_ten:ultimatrix",
			"execute @s[score_Health=0,score_Health_min=0,tag=ov] ~ ~ ~ /superpower @s ben_ten:completedomnitrix"],
			"hidden": true
		},
		"master_base": {	
	        "ability": "lucraftcore:command",		
			"cooldown": 0,
            "show_in_bar": true,	
            "title": {"text":"Base Form"},
			"icon": {"type": "texture", "texture": "ben_ten:textures/gui/omnitrix/omnitrix.png"},
			"conditions": [{"type": "lucraftcore:scoreboard_tag", 
			                "tag": "Master"},
							{"type": "lucraftcore:scoreboard_tag", 
			                "tag": "os"}],
            "bar_color": "green",				
			"commands": ["execute @s[tag=os] ~ ~ ~ /superpower @s ben_ten:prototypeomnitrix", 
			"execute @s[tag=os] ~ ~ ~ /playsound minecraft:custom.transform master @a ~ ~ ~", 
			"execute @s[tag=os] ~ ~ ~ /particle fallingdust ~ ~ ~ 1 1 1 0 3500 force @a 0133"]
		},
		"base_os": {	
	        "ability": "lucraftcore:command",
			"required_level": 30,		
			"cooldown": 0,
            "show_in_bar": true,	
            "title": {"text":"Base Form"},
			"icon": {"type": "texture", "texture": "ben_ten:textures/gui/omnitrix/omnitrix.png"},
			"conditions": [{"type": "lucraftcore:scoreboard_tag", 
			                "tag": "os"},
							{"type": "lucraftcore:not", 
			                    "conditions": [{
						        "type": "lucraftcore:scoreboard_tag", 
						        "tag": "Master"}]}],
            "bar_color": "green",				
			"commands": ["execute @s[tag=os] ~ ~ ~ /superpower @s ben_ten:prototypeomnitrix", 
			"execute @s[tag=os] ~ ~ ~ /playsound minecraft:custom.transform master @a ~ ~ ~", 
			"execute @s[tag=os] ~ ~ ~ /particle fallingdust ~ ~ ~ 1 1 1 0 3500 force @a 0133"]
		},
		"base_af": {	
	        "ability": "lucraftcore:command",		
			"cooldown": 0,
            "show_in_bar": true,	
            "title": {"text":"Base Form"},
			"icon": {"type": "texture", "texture": "ben_ten:textures/gui/omnitrix/recal_omnitrix.png"},
            "bar_color": "green",
			"conditions": [{
                        "type": "lucraftcore:or",
                            "conditions": [
                            {"type": "lucraftcore:scoreboard_tag",
                             "tag": "af"
                           },
                            {"type": "lucraftcore:scoreboard_tag",
                             "tag": "ua"
                           }]
                   }],
			"commands": ["execute @s[tag=af] ~ ~ ~ /superpower @s[tag=af] ben_ten:recalibratedomnitrix", 
			"execute @s[tag=af] ~ ~ ~ /playsound minecraft:custom.recalibratedhuman master @a ~ ~ ~",
			"execute @s[tag=ua] ~ ~ ~ /superpower @s ben_ten:ultimatrix",
			"execute @s[tag=ua] ~ ~ ~ /playsound minecraft:custom.ultimatrixhuman master @a ~ ~ ~",
			"execute @s[tag=os] ~ ~ ~ /superpower @s ben_ten:prototypeomnitrix", 
			"execute @s[tag=os] ~ ~ ~ /playsound minecraft:custom.transform master @a ~ ~ ~",
			"/particle fallingdust ~ ~ ~ 1 1 1 0 3500 force @a 0133"]
		},
		"base_ov": {	
	        "ability": "lucraftcore:command",		
			"cooldown": 0,
            "show_in_bar": true,	
            "title": {"text":"Base Form"},
			"icon": {"type": "texture", "texture": "ben_ten:textures/gui/omnitrix/ov_trix_master.png"},
            "bar_color": "green",
			"conditions": [{
			    "type": "lucraftcore:scoreboard_tag",
				"tag": "ov"}],				
			"commands": ["execute @s[tag=ov] ~ ~ ~ /superpower @s ben_ten:completedomnitrix", 
			"execute @s[tag=ov] ~ ~ ~ /playsound minecraft:custom.ov_human master @a ~ ~ ~",
			"/particle fallingdust ~ ~ ~ 1 1 1 0 3500 force @a 0133"]
		}
	}
}