{
	"name": {
		"text": "Switch"
	},
	"icon": {
		"type": "texture",
		"texture": "ben_ten:textures/gui/omnitrix/recal_omnitrix.png"
	},
	"creative_tab": "ben10",	
	"max_level": 40,	
	"effects": [
        {
        	"type": "skin_change",
        	"texture": "ben_ten:textures/models/ben/necrofriggian.png"
        },
		{
            "type": "skin_overlay",
            "texture": "ben_ten:textures/overlays/glow/necrofriggian_glow.png",
            "size": 0,
            "glow": true,
            "conditions": [{"type": "always"}]
        }
    ],	
	"abilities": {
		"radiation_protection": {
            "ability": "the-fifth-world:potion_immunity",
            "show_in_bar": false,
            "title": {"text":"Radiation Protection"},
            "potion": "lucraftcore:radiation"
        },		
		"necrofriggian": {	
	        "ability": "lucraftcore:command",
            "show_in_bar": true,	
            "title": {"text":"Necrofriggian"},
			"icon": { "type": "texture", "texture": "ben_ten:textures/gui/omnitrix/recal_activation.png"},
            "bar_color": "green",				
			"commands": ["superpower @s ben_ten:necrofriggian"] 
		},
		"crystalsapien": {
			"ability": "lucraftcore:command",
			"show_in_bar": true,
			"title": {"text":"Crystalsapien"},
			"icon": { "type": "texture","texture": "ben_ten:textures/gui/omnitrix/crystalsapien_activation.png"},
			"bar_color": "green",
			"commands": ["execute @s[score_Timer=5999,score_Timer_min=1200] ~ ~ ~ /superpower @s ben_ten:crystalsapien",
			"execute @s[score_Timer=5999,score_Timer_min=1200] ~ ~ ~ /playsound minecraft:custom.recaltransform master @a ~ ~ ~",
			"execute @s[score_Timer=5999,score_Timer_min=1200] ~ ~ ~ /particle fallingdust ~ ~ ~ 1 1 1 0 3500 force @a 0133",
			"execute @s[score_Timer=5999,score_Timer_min=1200] ~ ~ ~ /scoreboard players remove @s Timer 1200",
			"execute @s[tag=Master] ~ ~ ~ /superpower @s ben_ten:crystalsapien",
			"execute @s[tag=Master] ~ ~ ~ /playsound minecraft:custom.recaltransform master @a ~ ~ ~",
			"execute @s[tag=Master] ~ ~ ~ /particle fallingdust ~ ~ ~ 1 1 1 0 3500 force @a 0133"] 
		},
		"methanosian": {	
	        "ability": "lucraftcore:command",
            "show_in_bar": true,	
            "title": {"text":"Methanosian"},
			"icon": { "type": "texture","texture": "ben_ten:textures/gui/omnitrix/methanosian_activation.png"},
            "bar_color": "green",				
			"commands": ["execute @s[score_Timer=5999,score_Timer_min=1200] ~ ~ ~ /superpower @s ben_ten:methanosian",
			"execute @s[score_Timer=5999,score_Timer_min=1200] ~ ~ ~ /playsound minecraft:custom.recaltransform master @a ~ ~ ~",
			"execute @s[score_Timer=5999,score_Timer_min=1200] ~ ~ ~ /particle fallingdust ~ ~ ~ 1 1 1 0 3500 force @a 0133",
			"execute @s[score_Timer=5999,score_Timer_min=1200] ~ ~ ~ /scoreboard players remove @s Timer 1200",
			"execute @s[tag=Master] ~ ~ ~ /superpower @s ben_ten:methanosian",
			"execute @s[tag=Master] ~ ~ ~ /playsound minecraft:custom.recaltransform master @a ~ ~ ~",
			"execute @s[tag=Master] ~ ~ ~ /particle fallingdust ~ ~ ~ 1 1 1 0 3500 force @a 0133"] 
		},
		"sonorosian": {	
	        "ability": "lucraftcore:command",
            "show_in_bar": true,	
            "title": {"text":"Sonorosian"},
			"icon": { "type": "texture","texture": "ben_ten:textures/gui/omnitrix/sonorosian_activation.png"},
            "bar_color": "green",				
			"commands": ["execute @s[score_Timer=5999,score_Timer_min=1200] ~ ~ ~ /superpower @s ben_ten:sonorosian",
			"execute @s[score_Timer=5999,score_Timer_min=1200] ~ ~ ~ /playsound minecraft:custom.recaltransform master @a ~ ~ ~",
			"execute @s[score_Timer=5999,score_Timer_min=1200] ~ ~ ~ /particle fallingdust ~ ~ ~ 1 1 1 0 3500 force @a 0133",
			"execute @s[score_Timer=5999,score_Timer_min=1200] ~ ~ ~ /scoreboard players remove @s Timer 1200",
			"execute @s[tag=Master] ~ ~ ~ /superpower @s ben_ten:sonorosian",
			"execute @s[tag=Master] ~ ~ ~ /playsound minecraft:custom.recaltransform master @a ~ ~ ~",
			"execute @s[tag=Master] ~ ~ ~ /particle fallingdust ~ ~ ~ 1 1 1 0 3500 force @a 0133"] 
		},
		"vaxasaurian": {
			"ability": "lucraftcore:command",
			"show_in_bar": true,
			"title": {"text":"Vaxasaurian"},
			"icon": { "type": "texture","texture": "ben_ten:textures/gui/omnitrix/vaxasaurian_activation.png"},
			"bar_color": "green",
			"commands": ["execute @s[score_Timer=5999,score_Timer_min=1200] ~ ~ ~ /superpower @s ben_ten:vaxasaurian",			
			"execute @s[score_Timer=5999,score_Timer_min=1200] ~ ~ ~ sizechange @s 3 lucraftcore:default",
			"execute @s[score_Timer=5999,score_Timer_min=1200] ~ ~ ~ /playsound minecraft:custom.recaltransform master @a ~ ~ ~",
			"execute @s[score_Timer=5999,score_Timer_min=1200] ~ ~ ~ /particle fallingdust ~ ~ ~ 1 1 1 0 3500 force @a 0133",
			"execute @s[score_Timer=5999,score_Timer_min=1200] ~ ~ ~ /scoreboard players remove @s Timer 1200",
			"execute @s[tag=Master] ~ ~ ~ /superpower @s ben_ten:vaxasaurian",			
			"execute @s[tag=Master] ~ ~ ~ sizechange @s 3 lucraftcore:default",
			"execute @s[tag=Master] ~ ~ ~ /playsound minecraft:custom.recaltransform master @a ~ ~ ~",
			"execute @s[tag=Master] ~ ~ ~ /particle fallingdust ~ ~ ~ 1 1 1 0 3500 force @a 0133"] 
		},
		"aerophibian": {	
	        "ability": "lucraftcore:command",
            "show_in_bar": true,	
            "title": {"text":"Aerophibian"},
			"icon": { "type": "texture","texture": "ben_ten:textures/gui/omnitrix/aerophibian_activation.png"},
            "bar_color": "green",				
			"commands": ["execute @s[score_Timer=5999,score_Timer_min=1200] ~ ~ ~ /superpower @s ben_ten:aerophibian",
			"execute @s[score_Timer=5999,score_Timer_min=1200] ~ ~ ~ /playsound minecraft:custom.recaltransform master @a ~ ~ ~",
			"execute @s[score_Timer=5999,score_Timer_min=1200] ~ ~ ~ /particle fallingdust ~ ~ ~ 1 1 1 0 3500 force @a 0133",
			"execute @s[score_Timer=5999,score_Timer_min=1200] ~ ~ ~ /scoreboard players remove @s Timer 1200",
			"execute @s[tag=Master] ~ ~ ~ /superpower @s ben_ten:aerophibian",
			"execute @s[tag=Master] ~ ~ ~ /playsound minecraft:custom.recaltransform master @a ~ ~ ~",
			"execute @s[tag=Master] ~ ~ ~ /particle fallingdust ~ ~ ~ 1 1 1 0 3500 force @a 0133"] 
		},
		"cerebrocrustacean": {	
	        "ability": "lucraftcore:command",
            "show_in_bar": true,	
            "title": {"text":"Cerebrocrustacean"},
			"icon": { "type": "texture","texture": "ben_ten:textures/gui/omnitrix/cerebrocrustacean_activation.png"},
            "bar_color": "green",				
			"commands": ["execute @s[score_Timer=5999,score_Timer_min=1200] ~ ~ ~ /superpower @s ben_ten:cerebrocrustacean",
			"execute @s[score_Timer=5999,score_Timer_min=1200] ~ ~ ~ /playsound minecraft:custom.recaltransform master @a ~ ~ ~",
			"execute @s[score_Timer=5999,score_Timer_min=1200] ~ ~ ~ /particle fallingdust ~ ~ ~ 1 1 1 0 3500 force @a 0133",
			"execute @s[score_Timer=5999,score_Timer_min=1200] ~ ~ ~ /scoreboard players remove @s Timer 1200",
			"execute @s[tag=Master] ~ ~ ~ /superpower @s ben_ten:cerebrocrustacean",
			"execute @s[tag=Master] ~ ~ ~ /playsound minecraft:custom.recaltransform master @a ~ ~ ~",
			"execute @s[tag=Master] ~ ~ ~ /particle fallingdust ~ ~ ~ 1 1 1 0 3500 force @a 0133"] 
		},
		"arachnichimp": {
			"ability": "lucraftcore:command",
			"show_in_bar": true,
			"title": {"text":"Arachnichimp"},
			"icon": { "type": "texture","texture": "ben_ten:textures/gui/omnitrix/arachnichimp_activation.png"},
			"bar_color": "green",
			"commands": ["execute @s[score_Timer=5999,score_Timer_min=1200] ~ ~ ~ /superpower @s ben_ten:arachnichimp",
			"execute @s[score_Timer=5999,score_Timer_min=1200] ~ ~ ~ /playsound minecraft:custom.recaltransform master @a ~ ~ ~",
			"execute @s[score_Timer=5999,score_Timer_min=1200] ~ ~ ~ /particle fallingdust ~ ~ ~ 1 1 1 0 3500 force @a 0133",
			"execute @s[score_Timer=5999,score_Timer_min=1200] ~ ~ ~ /scoreboard players remove @s Timer 1200",
			"execute @s[tag=Master] ~ ~ ~ /superpower @s ben_ten:arachnichimp",
			"execute @s[tag=Master] ~ ~ ~ /playsound minecraft:custom.recaltransform master @a ~ ~ ~",
			"execute @s[tag=Master] ~ ~ ~ /particle fallingdust ~ ~ ~ 1 1 1 0 3500 force @a 0133"] 
		},
		"polymorph": {	
	        "ability": "lucraftcore:command",
            "show_in_bar": true,	
            "title": {"text":"Polymorph"},
			"icon": { "type": "texture","texture": "ben_ten:textures/gui/omnitrix/polymorph_activation.png"},
            "bar_color": "green",				
			"commands": ["execute @s[score_Timer=5999,score_Timer_min=1200] ~ ~ ~ /superpower @s ben_ten:polymorph",
			"execute @s[score_Timer=5999,score_Timer_min=1200] ~ ~ ~ /playsound minecraft:custom.recaltransform master @a ~ ~ ~",
			"execute @s[score_Timer=5999,score_Timer_min=1200] ~ ~ ~ /particle fallingdust ~ ~ ~ 1 1 1 0 3500 force @a 0133",
			"execute @s[score_Timer=5999,score_Timer_min=1200] ~ ~ ~ /scoreboard players remove @s Timer 1200",
			"execute @s[tag=Master] ~ ~ ~ /superpower @s ben_ten:polymorph",
			"execute @s[tag=Master] ~ ~ ~ /playsound minecraft:custom.recaltransform master @a ~ ~ ~",
			"execute @s[tag=Master] ~ ~ ~ /particle fallingdust ~ ~ ~ 1 1 1 0 3500 force @a 0133"] 
		},
		"arburian_pelarota": {	
	        "ability": "lucraftcore:command",
            "required_level": 15,
			"show_in_bar": true,	
            "title": {"text":"Arburian Pelarota"},
			"icon": { "type": "texture", "texture": "ben_ten:textures/gui/omnitrix/r_arburian_pelarota_activation.png"},
            "bar_color": "green",				
			"commands": ["execute @s[score_Timer=5999,score_Timer_min=1200] ~ ~ ~ /superpower @s ben_ten:arburian_pelarota", 
			"execute @s[score_Timer=5999,score_Timer_min=1200] ~ ~ ~ /playsound minecraft:custom.recaltransform master @a ~ ~ ~", 
			"execute @s[score_Timer=5999,score_Timer_min=1200] ~ ~ ~ /particle fallingdust ~ ~ ~ 1 1 1 0 3500 force @a 0133", 
			"execute @s[score_Timer=5999,score_Timer_min=1200] ~ ~ ~ /scoreboard players remove @s Timer 1200",
			"execute @s[tag=Master] ~ ~ ~ /superpower @s ben_ten:arburian_pelarota",
			"execute @s[tag=Master] ~ ~ ~ /playsound minecraft:custom.recaltransform master @a ~ ~ ~",
			"execute @s[tag=Master] ~ ~ ~ /particle fallingdust ~ ~ ~ 1 1 1 0 3500 force @a 0133"] 
		},
		"murk_gourmand": {	
	        "ability": "lucraftcore:command",
            "required_level": 16,
			"show_in_bar": true,	
            "title": {"text":"Murk Gourmand"},
			"icon": { "type": "texture","texture": "ben_ten:textures/gui/omnitrix/r_gourmand_activation.png"},
            "bar_color": "green",				
			"commands": ["execute @s[score_Timer=5999,score_Timer_min=1200] ~ ~ ~ /superpower @s ben_ten:murk_gourmand",
			"execute @s[score_Timer=5999,score_Timer_min=1200] ~ ~ ~ /playsound minecraft:custom.recaltransform master @a ~ ~ ~",
			"execute @s[score_Timer=5999,score_Timer_min=1200] ~ ~ ~ /particle fallingdust ~ ~ ~ 1 1 1 0 3500 force @a 0133",
			"execute @s[score_Timer=5999,score_Timer_min=1200] ~ ~ ~ /scoreboard players remove @s Timer 1200",
			"execute @s[tag=Master] ~ ~ ~ /superpower @s ben_ten:murk_gourmand",
			"execute @s[tag=Master] ~ ~ ~ /playsound minecraft:custom.recaltransform master @a ~ ~ ~",
			"execute @s[tag=Master] ~ ~ ~ /particle fallingdust ~ ~ ~ 1 1 1 0 3500 force @a 0133"] 
		},
		"tokustar": {	
	        "ability": "lucraftcore:command",
            "required_level": 17,
			"show_in_bar": true,	
            "title": {"text":"To'kustar"},
			"icon": { "type": "texture","texture": "ben_ten:textures/gui/omnitrix/r_tokustar_activation.png"},
            "bar_color": "green",				
			"commands": ["execute @s[score_Timer=5999,score_Timer_min=1200] ~ ~ ~ /superpower @s ben_ten:tokustar",
			"execute @s[score_Timer=5999,score_Timer_min=1200] ~ ~ ~ /playsound minecraft:custom.recaltransform master @a ~ ~ ~",
			"execute @s[score_Timer=5999,score_Timer_min=1200] ~ ~ ~ /particle fallingdust ~ ~ ~ 1 1 1 0 3500 force @a 0133",
			"execute @s[score_Timer=5999,score_Timer_min=1200] ~ ~ ~ /scoreboard players remove @s Timer 1200",
			"execute @s[tag=Master] ~ ~ ~ /superpower @s ben_ten:tokustar",
			"execute @s[tag=Master] ~ ~ ~ /playsound minecraft:custom.recaltransform master @a ~ ~ ~",
			"execute @s[tag=Master] ~ ~ ~ /particle fallingdust ~ ~ ~ 1 1 1 0 3500 force @a 0133"] 
		},
		"biosovortian": {	
	        "ability": "lucraftcore:command",
            "required_level": 22,
			"show_in_bar": true,	
            "title": {"text":"Biosovortian"},
			"icon": { "type": "texture","texture": "ben_ten:textures/gui/omnitrix/biosovortian_activation.png"},
            "bar_color": "green",				
			"commands": ["execute @s[score_Timer=5999,score_Timer_min=1200] ~ ~ ~ /superpower @s ben_ten:biosovortian",
			"execute @s[score_Timer=5999,score_Timer_min=1200] ~ ~ ~ /playsound minecraft:custom.recaltransform master @a ~ ~ ~",
			"execute @s[score_Timer=5999,score_Timer_min=1200] ~ ~ ~ /particle fallingdust ~ ~ ~ 1 1 1 0 3500 force @a 0133",
			"execute @s[score_Timer=5999,score_Timer_min=1200] ~ ~ ~ /scoreboard players remove @s Timer 1200",
			"execute @s[tag=Master] ~ ~ ~ /superpower @s ben_ten:biosovortian",
			"execute @s[tag=Master] ~ ~ ~ /playsound minecraft:custom.recaltransform master @a ~ ~ ~",
			"execute @s[tag=Master] ~ ~ ~ /particle fallingdust ~ ~ ~ 1 1 1 0 3500 force @a 0133"] 
		},
		"petrosapien": {	
	        "ability": "lucraftcore:command",
            "required_level": 25,
			"show_in_bar": true,	
            "title": {"text":"Petrosapien"},
			"icon": { "type": "texture","texture": "ben_ten:textures/gui/omnitrix/r_petrosapien_activation.png"},
            "bar_color": "green",				
			"commands": ["execute @s[score_Timer=5999,score_Timer_min=1200] ~ ~ ~ /superpower @s ben_ten:petrosapien",
			"execute @s[score_Timer=5999,score_Timer_min=1200] ~ ~ ~ /playsound minecraft:custom.recaltransform master @a ~ ~ ~",
			"execute @s[score_Timer=5999,score_Timer_min=1200] ~ ~ ~ /particle fallingdust ~ ~ ~ 1 1 1 0 3500 force @a 0133",
			"execute @s[score_Timer=5999,score_Timer_min=1200] ~ ~ ~ /scoreboard players remove @s Timer 1200",
			"execute @s[tag=Master] ~ ~ ~ /superpower @s ben_ten:petrosapien",
			"execute @s[tag=Master] ~ ~ ~ /playsound minecraft:custom.recaltransform master @a ~ ~ ~",
			"execute @s[tag=Master] ~ ~ ~ /particle fallingdust ~ ~ ~ 1 1 1 0 3500 force @a 0133"] 
		},
		"chip_hybrid": {	
	        "ability": "lucraftcore:command",
            "required_level": 28,
			"show_in_bar": true,	
            "title": {"text":"Human/Chip Hybrid"},
			"icon": { "type": "texture","texture": "ben_ten:textures/gui/omnitrix/nanomech_activation.png"},
            "bar_color": "green",				
			"commands": ["execute @s[score_Timer=5999,score_Timer_min=1200] ~ ~ ~ /superpower @s ben_ten:nanomech",
			"execute @s[score_Timer=5999,score_Timer_min=1200] ~ ~ ~ /playsound minecraft:custom.recaltransform master @a ~ ~ ~",
			"execute @s[score_Timer=5999,score_Timer_min=1200] ~ ~ ~ /particle fallingdust ~ ~ ~ 1 1 1 0 3500 force @a 0133",
			"execute @s[score_Timer=5999,score_Timer_min=1200] ~ ~ ~ /scoreboard players remove @s Timer 1200",
			"execute @s[tag=Master] ~ ~ ~ /superpower @s ben_ten:nanomech",
			"execute @s[tag=Master] ~ ~ ~ /playsound minecraft:custom.recaltransform master @a ~ ~ ~",
			"execute @s[tag=Master] ~ ~ ~ /particle fallingdust ~ ~ ~ 1 1 1 0 3500 force @a 0133"] 
		},
		"ectonurite": {	
	        "ability": "lucraftcore:command",
            "required_level": 31,
			"show_in_bar": true,	
            "title": {"text":"Ectonurite"},
			"icon": { "type": "texture","texture": "ben_ten:textures/gui/omnitrix/r_ectonurite_activation.png"},
            "bar_color": "green",				
			"commands": ["execute @s[score_Timer=5999,score_Timer_min=1200] ~ ~ ~ /superpower @s ben_ten:ectonurite",
			"execute @s[score_Timer=5999,score_Timer_min=1200] ~ ~ ~ /playsound minecraft:custom.recaltransform master @a ~ ~ ~",
			"execute @s[score_Timer=5999,score_Timer_min=1200] ~ ~ ~ /particle fallingdust ~ ~ ~ 1 1 1 0 3500 force @a 0133",
			"execute @s[score_Timer=5999,score_Timer_min=1200] ~ ~ ~ /scoreboard players remove @s Timer 1200",
			"execute @s[tag=Master] ~ ~ ~ /superpower @s ben_ten:ectonurite",
			"execute @s[tag=Master] ~ ~ ~ /playsound minecraft:custom.recaltransform master @a ~ ~ ~",
			"execute @s[tag=Master] ~ ~ ~ /particle fallingdust ~ ~ ~ 1 1 1 0 3500 force @a 0133"] 
		},
		"appoplexian": {	
	        "ability": "lucraftcore:command",
            "required_level": 37,
			"show_in_bar": true,	
            "title": {"text":"Appoplexian"},
			"icon": { "type": "texture","texture": "ben_ten:textures/gui/omnitrix/appoplexian_activation.png"},
            "bar_color": "green",				
			"commands": ["execute @s[score_Timer=5999,score_Timer_min=1200] ~ ~ ~ /superpower @s ben_ten:appoplexian",
			"execute @s[score_Timer=5999,score_Timer_min=1200] ~ ~ ~ /playsound minecraft:custom.recaltransform master @a ~ ~ ~",
			"execute @s[score_Timer=5999,score_Timer_min=1200] ~ ~ ~ /particle fallingdust ~ ~ ~ 1 1 1 0 3500 force @a 0133",
			"execute @s[score_Timer=5999,score_Timer_min=1200] ~ ~ ~ /scoreboard players remove @s Timer 1200",
			"execute @s[tag=Master] ~ ~ ~ /superpower @s ben_ten:appoplexian",
			"execute @s[tag=Master] ~ ~ ~ /playsound minecraft:custom.recaltransform master @a ~ ~ ~",
			"execute @s[tag=Master] ~ ~ ~ /particle fallingdust ~ ~ ~ 1 1 1 0 3500 force @a 0133"] 
		}
	}
}