{
	"name": {
		"text": "Nosedeenian"
	},

	"icon": {
		"type": "texture",
		"texture": "ben_ten:textures/gui/omnitrix/nosedeenian_activation_os.png"
	},

	"creative_tab": "ben10",
	
	"max_level": 40,
	
	"capsule_color": 3080117,
	
   "effects": [
        {
            "type": "skin_change",
            "texture": "ben_ten:textures/models/ben/timeout/nosedeenian_timeout.png"
       },
        	{
        	"type": "trail",
        	"trail_type": "lightnings",
        	"color": [0, 1, 0],
        	"use_suit_trail": false,
        	"conditions": [
        		{
				    "type": "ability_enabled",
					"ability": "lucraftcore:flight"
        		}
        	]
       },
		    {
        	"type": "trail",
        	"trail_type": "electricity",
        	"color": [0, 1, 0],
        	"use_suit_trail": false,
        	"conditions": [
        		{
				    "type": "ability_enabled",
					"ability": "lucraftcore:flight"
        		}
        	]
       },
		    {
        	"type": "flickering",
        	"color": [0, 1, 0],
        	"use_suit_flicker": false,
        	"conditions": [
        		{
				    "type": "ability_enabled",
					"ability": "lucraftcore:flight"
        		}
        	]
       }
    ],
	
	"abilities": {
		"radiation_protection": {
            "ability": "the-fifth-world:potion_immunity",
            "show_in_bar": false,
            "title": {"text":"Radiation Protection"},
            "icon": {"type": "internal"},
            "potion": "lucraftcore:radiation"
       },
	    "small_size": {
			"ability": "lucraftcore:command_loop",
			"show_in_bar": false,
			"title": {"text": "Small Size"},
			"icon": {"type": "internal"},
			"bar_color": "green",
			"commands": ["sizechange @s 0.4 lucraftcore:default"]
       },
		"defense": {
			"ability": "lucraftcore:resistance",			
            "show_in_bar": false,		
            "title": {"text":"Resistance"},						
			"amount": 3,
			"operation": 0,
			"uuid": "5c5cfbea-9f1b-42dd-b43c-d129733c4a75"			
		},
        "fall_resistance": {
			"ability": "lucraftcore:fall_resistance",
			"show_in_bar": false,
			"title": {"text":"Fall Resistance"},
			"amount": 200,
			"operation": 0,
			"uuid": "5c5cfbea-9f1b-42dd-b43c-d129733c4a75"
		},
        "electric_form": {			
			"ability": "lucraftcore:flight",
			"icon": {"type": "internal"},
            "cooldown": 0,
            "show_in_bar": true,
            "title": {"text":"Electricity Form"},	
            "bar_color": "green",				
			"speed": 3.0,
            "sprint_speed": 3,
			"rotate_arms": false
		},
        "electric_camo": {			
			"ability": "lucraftcore:invisibility",
			"icon": {"type": "internal"},
			"parent_ability": "electric_form",
            "cooldown": 0,			
            "show_in_bar": false,
            "title": {"text":"Electricity Form"},	
            "bar_color": "green"
		},
		"static_body": {
			"ability": "lucraftcore:command_loop",
            "show_in_bar": false,				
			"title": {"text":"Static Body"},
			"commands": ["/effect @s ebwizardry:static_aura 1 1 true"],
			"icon": {"type": "internal"}
	   },
		"chain_shock":{
            "ability": "lucraftcore:command",
            "show_in_bar": true,
			"bar_color": "green",
            "cooldown": 120,
            "title": {"text":"Chain Shock"},
            "icon": {"type": "texture", "texture": "ben_ten:textures/gui/omnitrix/chainshock.png"},
            "commands": ["/cast ebwizardry:chain_lightning @p"],
            "hidden": true
	   },
		"chain_shock_xp": {
            "ability": "lucraftcore:command",
            "cooldown": 0,
			"parent_ability": "chain_shock",
            "show_in_bar": false,
            "title": {"text":"Chain Shock XP"},
            "icon": {"type": "internal"},
            "bar_color": "light_gray",
		    "commands": ["/superpowerxp 30 @s"],
		    "hidden": true
		},
		"zap":{
            "ability": "lucraftcore:command",
            "show_in_bar": true,
			"bar_color": "green",
            "cooldown": 0,
            "title": {"text":"Zap"},
            "icon": {"type": "texture", "texture": "ben_ten:textures/gui/omnitrix/zap.png"},
            "commands": ["/cast ebwizardry:arc @p"],
            "hidden": true
	   },
		"zap_xp": {
            "ability": "lucraftcore:command",
            "cooldown": 0,
			"parent_ability": "zap",
            "show_in_bar": false,
            "title": {"text":"Zap XP"},
            "icon": {"type": "internal"},
            "bar_color": "light_gray",
		    "commands": ["/superpowerxp 15 @s"],
		    "hidden": true
		},
		"stun":{
            "ability": "lucraftcore:command",
            "show_in_bar": true,
			"bar_color": "green",
            "cooldown": 100,
            "title": {"text":"Stun Shock"},
            "icon": {"type": "texture", "texture": "ben_ten:textures/gui/omnitrix/stunshock.png"},
            "commands": ["/cast ebwizardry:paralysis @p"],
            "hidden": true
		},
		"stun_xp": {
            "ability": "lucraftcore:command",
            "cooldown": 0,
			"parent_ability": "stun",
            "show_in_bar": false,
            "title": {"text":"Stun XP"},
            "icon": {"type": "internal"},
            "bar_color": "light_gray",
		    "commands": ["/superpowerxp 15 @s"],
		    "hidden": true
		},
		"redstone_form":{
			"ability": "lucraftcore:command",
			"show_in_bar": true,
			"cooldown": 0,
			"title": {"text":"Redstone Travel"},			
			"icon": {"type": "texture",
				"texture": "ben_ten:textures/gui/omnitrix/redstonetravel.png"},
			"commands": ["execute @s ~ ~ ~ detect ~1 ~ ~ redstone_wire 0 superpower @s ben_ten:nosedeenian_x", 
			"execute @s ~ ~ ~ detect ~-1 ~ ~ redstone_wire 0 superpower @s ben_ten:nosedeenian_x_minus", 
			"execute @s ~ ~ ~ detect ~ ~ ~1 redstone_wire 0 superpower @s ben_ten:nosedeenian_z", 
			"execute @s ~ ~ ~ detect ~ ~ ~-1 redstone_wire 0 superpower @s ben_ten:nosedeenian_z_minus"],
			"hidden": true
		},
		"timer_red":{
			"ability": "lucraftcore:command_loop",
			"show_in_bar": false,
			"cooldown": 0,
			"title": {"text":"Timer"},			
			"icon": {"type": "texture",
				"texture": "ben_ten:textures/gui/omnitrix/redomnitrix.png"},
			"conditions": [{"type": "lucraftcore:not", 
			            "conditions": [{
						"type": "lucraftcore:scoreboard_tag", 
						"tag": "Master"}]}],
			"commands": ["superpowerxp 1 @s", 
			"scoreboard players remove @s Timer 1", 
			"execute @s[score_Timer=50,score_Timer_min=50] ~ ~ ~ /superpower @s ben_ten:nosedeenian", 
			"execute @s[score_Timer=30,score_Timer_min=30] ~ ~ ~ /superpower @s ben_ten:nosedeenian",
			"execute @s[score_Timer=10,score_Timer_min=10] ~ ~ ~ /superpower @s ben_ten:nosedeenian"]
		},
		"death_state":{
			"ability": "lucraftcore:command_loop",
			"show_in_bar": false,
			"cooldown": 0,
			"title": {"text":"Death State"},			
			"icon": {"type": "texture",
				"texture": "ben_ten:textures/gui/omnitrix/recal_timeout.png"},
			"commands": ["execute @s[score_Health=0,score_Health_min=0,tag=os] ~ ~ ~ /superpower @s ben_ten:prototypeomnitrix",
			"execute @s[score_Health=0,score_Health_min=0,tag=af] ~ ~ ~ /superpower @s ben_ten:recalibratedomnitrix",
			"execute @s[score_Health=0,score_Health_min=0,tag=ua] ~ ~ ~ /superpower @s ben_ten:ultimatrix",
			"execute @s[score_Health=0,score_Health_min=0,tag=ov] ~ ~ ~ /superpower @s ben_ten:completedomnitrix"],
			"hidden": true
		},
		"master_base": {	
	        "ability": "lucraftcore:command",		
			"cooldown": 0,
            "show_in_bar": true,	
            "title": {"text":"Base Form"},
			"icon": {"type": "texture", "texture": "ben_ten:textures/gui/omnitrix/omnitrix.png"},
			"conditions": [{"type": "lucraftcore:scoreboard_tag", "tag": "Master"}],
            "bar_color": "green",				
			"commands": ["/superpower @s ben_ten:prototypeomnitrix", 
			"playsound minecraft:custom.transform master @a ~ ~ ~", 
			"particle fallingdust ~ ~ ~ 1 1 1 0 3500 force @a 0133"]
		},
		"base": {	
	        "ability": "lucraftcore:command",		
			"cooldown": 0,
			"required_level": 35,
            "show_in_bar": true,	
            "title": {"text":"Base Form"},
			"icon": {"type": "texture", "texture": "ben_ten:textures/gui/omnitrix/omnitrix.png"},
            "bar_color": "green",
			"conditions": [{"type": "lucraftcore:not", "conditions": [{"type": "lucraftcore:scoreboard_tag", "tag": "Master"}]}],				
			"commands": ["/superpower @s ben_ten:prototypeomnitrix", 
			"playsound minecraft:custom.transform master @a ~ ~ ~", 
			"particle fallingdust ~ ~ ~ 1 1 1 0 3500 force @a 0133"]
		}
	}
}
