{
	"name": {
		"text": "Opticoid"
	},

	"icon": {
		"type": "texture",
		"texture": "ben_ten:textures/gui/omnitrix/opticoid_activation_os.png"
	},

	"creative_tab": "ben10",
	
	"max_level": 40,
	
	"capsule_color": 3080117,
	
    "effects": [

        {
        	"type": "skin_change",
        	"texture": "ben_ten:textures/models/ben/timeout/opticoid_timeout.png"
       }
    ],
	
	"abilities": {
		"size": {
		    "hidden": true,
			"ability": "lucraftcore:command_loop",
			"show_in_bar": false,
			"title": {"text": "Size"},
			"icon": {"type": "texture", "texture": "ben_ten:textures/gui/omnitrix/omnitrix.png"},
			"bar_color": "light_gray",
			"commands": ["sizechange @s 1 lucraftcore:default"]
       },
		"radiation_protection": {
            "ability": "the-fifth-world:potion_immunity",
            "show_in_bar": false,
            "title": {"text":"Radiation Protection"},
            "icon": {"type": "internal"},
            "potion": "lucraftcore:radiation"
       },
		"health": {		
			"ability": "lucraftcore:health",			
            "show_in_bar": false,		
            "title": {"text":"Health"},					
			"amount": 5,
			"operation": 0,
			"uuid": "5c5cfbea-9f1b-42dd-b43c-d129733c4a75"		
		},
		"strength": {	
			"ability": "lucraftcore:strength",				
            "show_in_bar": false,		
            "title": {"text":"Strength"},							
			"amount": 15,
			"operation": 0,
			"uuid": "5c5cfbea-9f1b-42dd-b43c-d129733c4a75"			
		},
		"defense": {
			"ability": "lucraftcore:resistance",			
            "show_in_bar": false,		
            "title": {"text":"Resistance"},						
			"amount": 5,
			"operation": 0,
			"uuid": "5c5cfbea-9f1b-42dd-b43c-d129733c4a75"			
		},
		"eye_beam": {
			"ability": "heroesexpansion:photon_blast",
			"cooldown": 200,
			"show_in_bar": true,
			"title": {"text":"Eye Beam"},
			"icon": {"type": "texture", "texture": "ben_ten:textures/gui/omnitrix/eyebeam.png"},
			"icon": {"type": "internal"},
			"bar_color": "green",
			"color": [85, 255, 85]
		},
		"eye_beam_xp": {
            "ability": "lucraftcore:command_held",
            "cooldown": 0,
			"parent_ability": "eye_beam",
            "show_in_bar": false,
            "title": {"text":"Eye Beam XP"},
            "icon": {"type": "internal"},
            "bar_color": "light_gray",
            "conditions": [{
			    "type": "ability_enabled",
				"ability": "heroesexpansion:photon_blast"}],
		    "hidden": true,
		    "commands": ["/superpowerxp 10 @s"]
		},
		"360_vision": {
            "ability": "heroesexpansion:spider_sense",
            "show_in_bar": false,
            "title": {"translate":"heroesexpansion.abilities.spider_sense.name"},
            "icon": {"type": "internal"}
       },
		"flame_ray":{
            "ability": "lucraftcore:command",
			"cooldown": 100,
			"required_level": 35,
            "show_in_bar": true,
			"bar_color": "green",
            "title": {"text":"Flame Ray"},
            "icon": {"type": "texture", "texture": "ben_ten:textures/gui/omnitrix/flameray.png"},
            "commands": ["/cast ebwizardry:flame_ray @p 5", "/superpowerxp 30 @s"],
            "hidden": true
		},
		"frost_ray":{
            "ability": "lucraftcore:command",
			"cooldown": 100,
			"required_level": 37,
            "show_in_bar": true,
			"bar_color": "green",
            "title": {"text":"Frost Ray"},
            "icon": {"type": "texture", "texture": "ben_ten:textures/gui/omnitrix/frostray.png"},
            "commands": ["/cast ebwizardry:frost_ray @p 5", "/superpowerxp 30 @s"],
            "hidden": true
		},
		"lightning_ray":{
            "ability": "lucraftcore:command",
			"cooldown": 100,
			"required_level": 38,
            "show_in_bar": true,
			"bar_color": "green",
            "title": {"text":"Lightning Ray"},
            "icon": {"type": "texture", "texture": "ben_ten:textures/gui/omnitrix/lightningray.png"},
            "commands": ["/cast ebwizardry:lightning_ray @p 5", "/superpowerxp 30 @s"],
            "hidden": true
		},
		"purify_ray":{
            "ability": "lucraftcore:command",
			"cooldown": 100,
			"required_level": 39,
            "show_in_bar": true,
			"bar_color": "green",
            "title": {"text":"Purify Ray"},
            "icon": {"type": "texture", "texture": "ben_ten:textures/gui/omnitrix/purifyray.png"},
            "commands": ["/cast ebwizardry:ray_of_purification @p 5", "/superpowerxp 30 @s"],
            "hidden": true
		},
		"timer_red":{
			"ability": "lucraftcore:command_loop",
			"show_in_bar": false,
			"cooldown": 0,
			"title": {"text":"Timer"},			
			"icon": {"type": "texture",
				"texture": "ben_ten:textures/gui/omnitrix/redomnitrix.png"},
			"conditions": [{"type": "lucraftcore:not", 
			            "conditions": [{
						"type": "lucraftcore:scoreboard_tag", 
						"tag": "Master"}]}],
			"commands": ["superpowerxp 1 @s", 
			"scoreboard players remove @s Timer 1", 
			"execute @s[score_Timer=50,score_Timer_min=50] ~ ~ ~ /superpower @s ben_ten:opticoid", 
			"execute @s[score_Timer=30,score_Timer_min=30] ~ ~ ~ /superpower @s ben_ten:opticoid",
			"execute @s[score_Timer=10,score_Timer_min=10] ~ ~ ~ /superpower @s ben_ten:opticoid"]
		},
		"death_state":{
			"ability": "lucraftcore:command_loop",
			"show_in_bar": false,
			"cooldown": 0,
			"title": {"text":"Death State"},			
			"icon": {"type": "texture",
				"texture": "ben_ten:textures/gui/omnitrix/recal_timeout.png"},
			"commands": ["execute @s[score_Health=0,score_Health_min=0,tag=os] ~ ~ ~ /superpower @s ben_ten:prototypeomnitrix",
			"execute @s[score_Health=0,score_Health_min=0,tag=af] ~ ~ ~ /superpower @s ben_ten:recalibratedomnitrix",
			"execute @s[score_Health=0,score_Health_min=0,tag=ua] ~ ~ ~ /superpower @s ben_ten:ultimatrix",
			"execute @s[score_Health=0,score_Health_min=0,tag=ov] ~ ~ ~ /superpower @s ben_ten:completedomnitrix"],
			"hidden": true
		},
		"master_base": {	
	        "ability": "lucraftcore:command",		
			"cooldown": 0,
            "show_in_bar": true,	
            "title": {"text":"Base Form"},
			"icon": {"type": "texture", "texture": "ben_ten:textures/gui/omnitrix/omnitrix.png"},
			"conditions": [{"type": "lucraftcore:not",
					"conditions": [{"type": "lucraftcore:potion_weakness",
							"potion": "luck"}]}],
            "bar_color": "green",				
			"commands": ["/superpower @s ben_ten:prototypeomnitrix", 
			"playsound minecraft:custom.transform master @a ~ ~ ~", 
			"particle fallingdust ~ ~ ~ 1 1 1 0 3500 force @a 0133"]
		},
		"base": {	
	        "ability": "lucraftcore:command",		
			"cooldown": 0,
			"required_level": 35,
            "show_in_bar": true,	
            "title": {"text":"Base Form"},
			"icon": {"type": "texture", "texture": "ben_ten:textures/gui/omnitrix/omnitrix.png"},
            "bar_color": "green",
			"conditions": [{
			    "type": "lucraftcore:potion_weakness",
							"potion": "luck"}],				
			"commands": ["/superpower @s ben_ten:prototypeomnitrix", 
			"playsound minecraft:custom.transform master @a ~ ~ ~", 
			"particle fallingdust ~ ~ ~ 1 1 1 0 3500 force @a 0133"]
		}
	}
}