{
	"name": {
		"text": "Orishan"
	},

	"icon": {
		"type": "texture",
		"texture": "ben_ten:textures/gui/omnitrix/orishan_activation.png"
	},

	"creative_tab": "ben10",
	
	"max_level": 40,
	
	"capsule_color": 3080117,
	
    "effects": [
        {
            "type": "skin_change",
            "texture": "ben_ten:textures/models/ben/orishan.png",
		"conditions": [            	
				{
            		"type": "ability_enabled",
					"ability": "lucraftcore:knockback_resistance"
            	}
			]
       },
		{
            "type": "skin_overlay",
            "texture": "ben_ten:textures/overlays/glow/orishan_glow.png",
            "size": 0,
            "glow": true,
            "conditions": [
            	{
            		"type": "always"
            	},
				{
            		"type": "ability_enabled",
					"ability": "lucraftcore:knockback_resistance"
            	}
            ]
       },
		{
        "type": "skin_change",
        "texture": "ben_ten:textures/models/ben/ov_orishan.png",
            "conditions": [            	
				{
            		"type": "ability_enabled",
					"ability": "lucraftcore:jump_boost"
            	}
			]
       },
		{
            "type": "skin_overlay",
            "texture": "ben_ten:textures/overlays/glow/ov_orishan_glow.png",
            "size": 0,
            "glow": true,
            "conditions": [
            	{
            		"type": "always"
            	},
				{
            		"type": "ability_enabled",
					"ability": "lucraftcore:jump_boost"
            	}
            ]
       }
    ],
	
	"abilities": {
		"size": {
		    "hidden": true,
			"ability": "lucraftcore:command_loop",
			"show_in_bar": false,
			"title": {"text": "Size"},
			"icon": {"type": "texture", "texture": "ben_ten:textures/gui/omnitrix/omnitrix.png"},
			"bar_color": "light_gray",
			"commands": ["execute @s[score_Water=0,score_Water_min=0] ~ ~ ~ /scoreboard players tag @s add NoWater",
			             "execute @s[score_Water=1000,score_Water_min=1] ~ ~ ~ /scoreboard players tag @s remove NoWater",
						 "execute @s[score_Water=10000,score_Water_min=1001] ~ ~ ~ scoreboard players set @s Water 900", 
			             "execute @s[score_Water=0,score_Water_min=0] ~ ~ ~ /title @s actionbar [{\"text\":\"<\",\"color\":\"black\"},{\"text\":\"Water\",\"color\":\"blue\"},{\"text\":\">\",\"color\":\"black\"},{\"text\":\"<\",\"color\":\"black\"},{\"text\":\"⬜⬜⬜⬜⬜⬜⬜⬜⬜⬜\",\"color\":\"green\"},{\"text\":\">\",\"color\":\"black\"}]",
			             "execute @s[score_Water=99,score_Water_min=1] ~ ~ ~ /title @s actionbar [{\"text\":\"<\",\"color\":\"black\"},{\"text\":\"Water\",\"color\":\"blue\"},{\"text\":\">\",\"color\":\"black\"},{\"text\":\"<\",\"color\":\"black\"},{\"text\":\"⬛⬜⬜⬜⬜⬜⬜⬜⬜⬜\",\"color\":\"green\"},{\"text\":\">\",\"color\":\"black\"}]",
						 "execute @s[score_Water=200,score_Water_min=100] ~ ~ ~ /title @s actionbar [{\"text\":\"<\",\"color\":\"black\"},{\"text\":\"Water\",\"color\":\"blue\"},{\"text\":\">\",\"color\":\"black\"},{\"text\":\"<\",\"color\":\"black\"},{\"text\":\"⬛⬛⬜⬜⬜⬜⬜⬜⬜⬜\",\"color\":\"green\"},{\"text\":\">\",\"color\":\"black\"}]",
						 "execute @s[score_Water=300,score_Water_min=200] ~ ~ ~ /title @s actionbar [{\"text\":\"<\",\"color\":\"black\"},{\"text\":\"Water\",\"color\":\"blue\"},{\"text\":\">\",\"color\":\"black\"},{\"text\":\"<\",\"color\":\"black\"},{\"text\":\"⬛⬛⬛⬜⬜⬜⬜⬜⬜⬜\",\"color\":\"green\"},{\"text\":\">\",\"color\":\"black\"}]",
						 "execute @s[score_Water=400,score_Water_min=300] ~ ~ ~ /title @s actionbar [{\"text\":\"<\",\"color\":\"black\"},{\"text\":\"Water\",\"color\":\"blue\"},{\"text\":\">\",\"color\":\"black\"},{\"text\":\"<\",\"color\":\"black\"},{\"text\":\"⬛⬛⬛⬛⬜⬜⬜⬜⬜⬜\",\"color\":\"green\"},{\"text\":\">\",\"color\":\"black\"}]",
						 "execute @s[score_Water=500,score_Water_min=400] ~ ~ ~ /title @s actionbar [{\"text\":\"<\",\"color\":\"black\"},{\"text\":\"Water\",\"color\":\"blue\"},{\"text\":\">\",\"color\":\"black\"},{\"text\":\"<\",\"color\":\"black\"},{\"text\":\"⬛⬛⬛⬛⬛⬜⬜⬜⬜⬜\",\"color\":\"green\"},{\"text\":\">\",\"color\":\"black\"}]",
						 "execute @s[score_Water=600,score_Water_min=500] ~ ~ ~ /title @s actionbar [{\"text\":\"<\",\"color\":\"black\"},{\"text\":\"Water\",\"color\":\"blue\"},{\"text\":\">\",\"color\":\"black\"},{\"text\":\"<\",\"color\":\"black\"},{\"text\":\"⬛⬛⬛⬛⬛⬛⬜⬜⬜⬜\",\"color\":\"green\"},{\"text\":\">\",\"color\":\"black\"}]",
						 "execute @s[score_Water=700,score_Water_min=600] ~ ~ ~ /title @s actionbar [{\"text\":\"<\",\"color\":\"black\"},{\"text\":\"Water\",\"color\":\"blue\"},{\"text\":\">\",\"color\":\"black\"},{\"text\":\"<\",\"color\":\"black\"},{\"text\":\"⬛⬛⬛⬛⬛⬛⬛⬜⬜⬜\",\"color\":\"green\"},{\"text\":\">\",\"color\":\"black\"}]",
						 "execute @s[score_Water=800,score_Water_min=700] ~ ~ ~ /title @s actionbar [{\"text\":\"<\",\"color\":\"black\"},{\"text\":\"Water\",\"color\":\"blue\"},{\"text\":\">\",\"color\":\"black\"},{\"text\":\"<\",\"color\":\"black\"},{\"text\":\"⬛⬛⬛⬛⬛⬛⬛⬛⬜⬜\",\"color\":\"green\"},{\"text\":\">\",\"color\":\"black\"}]",
						 "execute @s[score_Water=900,score_Water_min=800] ~ ~ ~ /title @s actionbar [{\"text\":\"<\",\"color\":\"black\"},{\"text\":\"Water\",\"color\":\"blue\"},{{\"text\":\">\",\"color\":\"black\"},{\"text\":\"<\",\"color\":\"black\"},{\"text\":\"⬛⬛⬛⬛⬛⬛⬛⬛⬛⬜\",\"color\":\"green\"},{\"text\":\">\",\"color\":\"black\"}]",
						 "execute @s[score_Water=1000,score_Water_min=999] ~ ~ ~ /title @s actionbar [{\"text\":\"<\",\"color\":\"black\"},{\"text\":\"Water\",\"color\":\"blue\"},{\"text\":\">\",\"color\":\"black\"},{\"text\":\"<\",\"color\":\"black\"},{\"text\":\"⬛⬛⬛⬛⬛⬛⬛⬛⬛⬛\",\"color\":\"green\"},{\"text\":\">\",\"color\":\"black\"}]",
						 "sizechange @s 1 lucraftcore:default",
						 "execute @e[type=lucraftcore:energy_blast] ~ ~ ~ /particle splash ~ ~ ~ 0.1 0.1 0.1 0 1000 force"]
       },
	   	"gain": {
            "ability": "lucraftcore:command_on_gain",
            "show_in_bar": false,
            "title": {"translate":"lucraftcore.abilities.command_on_gain.name"},
            "icon": {"type": "internal"},
            "commands": ["scoreboard objectives add Water dummy","scoreboard objectives add Sneak stat.sneakTime"]
       },
		"lose": {
            "ability": "lucraftcore:command_on_lose",
            "show_in_bar": false,
            "title": {"translate":"lucraftcore.abilities.command_on_lose.name"},
            "icon": {"type": "internal"},
            "commands": ["scoreboard objectives remove Water dummy","scoreboard objectives remove Sneak stat.sneakTime"]
       },
	   "Water_abosrb": {	
	        "ability": "lucraftcore:command_loop",
			"cooldown": 0,
            "show_in_bar": false,	
            "title": {"text":"Absorbs Water"},
			"icon": {"type": "texture", "texture": "ben_ten:textures/gui/omnitrix/water_bucket.png"},
            "bar_color": "green",				
			"commands": ["execute @s[score_Sneak=1score_Sneak_min=1] ~ ~ ~ /scoreboard players add @s Water 5",
			             "scoreboard players set @s[score_Sneak_min=1] Sneak 0"]	
		},
	    "flight": {			
			"ability": "lucraftcore:flight",
			"conditions": [{"type": "lucraftcore:not", 
			        "conditions": [{
						"type": "lucraftcore:scoreboard_tag", 
						"tag": "NoWater"}]}],
			"icon": { "type": "internal" },
            "cooldown": 500,			
            "show_in_bar": true,
            "title": {"text":"Flight"},	
            "bar_color": "green",				
			"speed": 0.7,
            "sprint_speed": 1,
			"rotate_arms": true
		},
		"FlightPower":{
            "ability": "lucraftcore:command_loop",
			"conditions": [{"type": "lucraftcore:not", 
			        "conditions": [{
						"type": "lucraftcore:scoreboard_tag", 
						"tag": "NoWater"}]}],
			"parent_ability": "flight",
            "show_in_bar": false,
			"bar_color": "green",
            "title": {"text":"FlightPower"},
            "icon": {"type": "texture", "texture": "ben_ten:textures/gui/omnitrix/placeholder.png"},
            "commands": ["scoreboard players remove @s Water 1 ",
			             "execute @s[ry=22,rym=-22] ~ ~ ~ /particle splash ~0.4 ~0.3 ~ 0.1 0.1 0.1 0 300 force",
                         "execute @s[ry=22,rym=-22] ~ ~ ~ /particle splash ~-0.4 ~0.3 ~ 0.1 0.1 0.1 0 300 force",
                         "execute @s[ry=67,rym=23] ~ ~ ~ /particle splash ~0.3 ~0.3 ~0.3 0.1 0.1 0.1 0 300 force",
                         "execute @s[ry=67,rym=23] ~ ~ ~ /particle splash ~-0.3 ~0.3 ~-0.3 0.1 0.1 0.1 0 300 force",
                         "execute @s[ry=112,rym=68] ~ ~ ~ /particle splash ~ ~0.3 ~-0.4 0.1 0.1 0.1 0 300 force",
                         "execute @s[ry=112,rym=68] ~ ~ ~ /particle splash ~ ~0.3 ~0.4 0.1 0.1 0.1 0 300 force",
                         "execute @s[ry=157,rym=113] ~ ~ ~ /particle splash ~-0.3 ~0.3 ~0.3 0.1 0.1 0.1 0 300 force",
                         "execute @s[ry=157,rym=113] ~ ~ ~ /particle splash ~0.3 ~0.3 ~-0.3 0.1 0.1 0.1 0 300 force",
                         "execute @s[ry=-158,rym=158] ~ ~ ~ /particle splash ~0.4 ~0.3 ~ 0.1 0.1 0.1 0.1 0 300 force",
                         "execute @s[ry=-158,rym=158] ~ ~ ~ /particle splash ~-0.4 ~0.3 ~ 0.1 0.1 0.1 0 300 force",
                         "execute @s[ry=-113,rym=-157] ~ ~ ~ /particle splash ~-0.3 ~0.3 ~-0.3 0.1 0.1 0.1 0 300 force",
                         "execute @s[ry=-113,rym=-157] ~ ~ ~ /particle splash ~0.3 ~0.3 ~0.3 0.1 0.1 0.1 0 300 force",
                         "execute @s[ry=-68,rym=-112] ~ ~ ~ /particle splash ~ ~0.3 ~0.4 0.1 0.1 0.1 0 300 force",
                         "execute @s[ry=-68,rym=-112] ~ ~ ~ /particle splash ~ ~0.3 ~-0.4 0.1 0.1 0.1 0 300 force",
                         "execute @s[ry=-23,rym=-67] ~ ~ ~ /particle splash ~0.3 ~0.3 ~-0.3 0.1 0.1 0.1 0 300 force",
                         "execute @s[ry=-23,rym=-67] ~ ~ ~ /particle splash ~-0.3 ~0.3 ~0.3 0.1 0.1 0.1 0 300 force"],
			"hidden": true
		},
		"radiation_protection": {
            "ability": "the-fifth-world:potion_immunity",
            "show_in_bar": false,
            "title": {"text":"Radiation Protection"},
            "icon": {"type": "internal"},
            "potion": "lucraftcore:radiation"
       },
		"health": {		
			"ability": "lucraftcore:health",			
            "show_in_bar": false,		
            "title": {"text":"Health"},					
			"amount": 10,
			"operation": 0,
			"uuid": "5c5cfbea-9f1b-42dd-b43c-d129733c4a75"		
		},
		"knockback_resistance": {
            "ability": "lucraftcore:knockback_resistance",
            "show_in_bar": false,
            "title": {"translate":"lucraftcore.abilities.knockback_resistance.name"},
            "icon": {"type": "internal"},
            "bar_color": "light_gray",
			"conditions": [{
                        "type": "lucraftcore:or",
                            "conditions": [
                            {"type": "lucraftcore:scoreboard_tag",
                             "tag": "af"
                           },
                            {"type": "lucraftcore:scoreboard_tag",
                             "tag": "ua"
                           }]
                   }],
            "amount": 0.0,
            "operation": 0,
            "uuid": "0669d99d-b34d-40fc-a4d8-c7ee963cc842"
       },
		"version": {
            "ability": "lucraftcore:jump_boost",
            "show_in_bar": false,
            "title": {"translate":"lucraftcore.abilities.jump_boost.name"},
            "icon": {"type": "internal"},
            "bar_color": "light_gray",
            "amount": 0.0,
            "operation": 0, 
			"conditions": [{
			    "type": "lucraftcore:scoreboard_tag",
				"tag": "ov"}],
            "uuid": "0669d99d-b34d-40fc-a4d8-c7ee963cc842"
       },
		"strength": {	
			"ability": "lucraftcore:strength",				
            "show_in_bar": false,		
            "title": {"text":"Strength"},							
			"amount": 8,
			"operation": 0,
			"uuid": "5c5cfbea-9f1b-42dd-b43c-d129733c4a75"			
		},
		"defense": {
			"ability": "lucraftcore:resistance",			
            "show_in_bar": false,		
            "title": {"text":"Resistance"},						
			"amount": 20,
			"operation": 0,
			"uuid": "5c5cfbea-9f1b-42dd-b43c-d129733c4a75"			
		},
		"water_breathing": {
			"ability": "lucraftcore:command_loop",
            "show_in_bar": false,				
			"title": {"text":"Water Breathing"},
			"commands": ["/effect @s minecraft:water_breathing 1 0 true"],
			"icon": {"type": "internal"}
		},
		"night_vision": {
			"ability": "lucraftcore:command_loop",
            "show_in_bar": false,				
			"title": {"text":"Night Vision"},
			"commands": ["/effect @s minecraft:night_vision 1 0 true"],
			"icon": {"type": "internal"}
		},
		"WaterBeam": {
			"ability": "lucraftcore:energy_blast",
			"cooldown": 10,
			"show_in_bar": true,
			"color": [3, 61, 252],
			"damage": 5,
			"title": {"translate":"Water Pump"},
			"bar_color": "green",
			"icon": {"type": "texture", "texture": "ben_ten:textures/gui/omnitrix/water_shot.png"}
		},
		"bubble_shot":{
            "ability": "lucraftcore:command",
            "show_in_bar": true,
			"bar_color": "green",
            "cooldown": 0,
            "title": {"text":"Bubble Shot"},
            "icon": {"type": "texture", "texture": "ben_ten:textures/gui/omnitrix/bubbles.png"},
            "commands": ["/cast ebwizardry:bubble @p"],
            "hidden": true
		},
		"extinguish_fires": {	
	        "ability": "lucraftcore:command",		
			"cooldown": 0,
            "show_in_bar": true,	
            "title": {"text":"Extinguishing Wave"},
			"icon": {"type": "texture", "texture": "ben_ten:textures/gui/omnitrix/water_bucket.png"},
            "bar_color": "green",				
			"commands": ["/particle splash ~-3 ~ ~-3 3 3 3 0 7000", "/fill ~-3 ~ ~-3 ~3 ~ ~3 air 0 replace fire"]
		},
		"timer":{
			"ability": "lucraftcore:command_loop",
			"show_in_bar": false,
			"cooldown": 0,
			"title": {"text":"Timer"},			
			"icon": {"type": "texture",
				"texture": "ben_ten:textures/gui/omnitrix/recal_timeout.png"},
			"conditions": [{"type": "lucraftcore:not", 
			            "conditions": [{
						"type": "lucraftcore:scoreboard_tag", 
						"tag": "Master"}]}],
			"commands": ["scoreboard players remove @s Timer 1", 
			"execute @s[score_Timer=0,score_Timer_min=0] ~ ~ ~ /particle fallingdust ~ ~ ~ 1 1 1 0 3500 force @a 0133", 
			"execute @s[score_Timer=0,score_Timer_min=0,tag=ov] ~ ~ ~ /superpower @s ben_ten:completedomnitrix", 
			"execute @s[score_Timer=30,score_Timer_min=30,tag=ov] ~ ~ ~ /playsound minecraft:custom.ov_timer master @a ~ ~ ~", 
			"execute @s[score_Timer=1,score_Timer_min=1,tag=ov] ~ ~ ~ /playsound minecraft:custom.ov_human master @a ~ ~ ~",			
			"execute @s[score_Timer=0,score_Timer_min=0,tag=ua] ~ ~ ~ /superpower @s ben_ten:ultimatrix",  
			"execute @s[score_Timer=0,score_Timer_min=0,tag=ua] ~ ~ ~ /playsound minecraft:custom.ultimatrixhuman master @a ~ ~ ~",
			"execute @s[score_Timer=0,score_Timer_min=0,tag=ua] ~ ~ ~ /particle fallingdust ~ ~ ~ 1 1 1 0 3500 force @a 0133"],
			"hidden": true
		},
		"death_state":{
			"ability": "lucraftcore:command_loop",
			"show_in_bar": false,
			"cooldown": 0,
			"title": {"text":"Death State"},			
			"icon": {"type": "texture",
				"texture": "ben_ten:textures/gui/omnitrix/recal_timeout.png"},
			"commands": ["execute @s[score_Health=0,score_Health_min=0,tag=os] ~ ~ ~ /superpower @s ben_ten:prototypeomnitrix",
			"execute @s[score_Health=0,score_Health_min=0,tag=af] ~ ~ ~ /superpower @s ben_ten:recalibratedomnitrix",
			"execute @s[score_Health=0,score_Health_min=0,tag=ua] ~ ~ ~ /superpower @s ben_ten:ultimatrix",
			"execute @s[score_Health=0,score_Health_min=0,tag=ov] ~ ~ ~ /superpower @s ben_ten:completedomnitrix"],
			"hidden": true
		},
		"base": {	
	        "ability": "lucraftcore:command",		
			"cooldown": 0,
            "show_in_bar": true,	
            "title": {"text":"Base Form"},
			"icon": {"type": "texture", "texture": "ben_ten:textures/gui/omnitrix/recal_omnitrix.png"},
            "bar_color": "green",
			"conditions": [{"type": "lucraftcore:not", 
			            "conditions": [{
						"type": "lucraftcore:scoreboard_tag", 
						"tag": "ov"}]}],
			"commands": ["execute @s[tag=ua] ~ ~ ~ /superpower @s ben_ten:ultimatrix",
			"execute @s[tag=ua] ~ ~ ~ /playsound minecraft:custom.ultimatrixhuman master @a ~ ~ ~",
			"/particle fallingdust ~ ~ ~ 1 1 1 0 3500 force @a 0133"]
		},
		"base_ov": {	
	        "ability": "lucraftcore:command",		
			"cooldown": 0,
            "show_in_bar": true,	
            "title": {"text":"Base Form"},
			"icon": {"type": "texture", "texture": "ben_ten:textures/gui/omnitrix/ov_trix_master.png"},
            "bar_color": "green",
			"conditions": [{
			    "type": "lucraftcore:scoreboard_tag",
				"tag": "ov"}],				
			"commands": ["execute @s[tag=ov] ~ ~ ~ /superpower @s ben_ten:completedomnitrix", 
			"execute @s[tag=ov] ~ ~ ~ /playsound minecraft:custom.ov_human master @a ~ ~ ~",
			"/particle fallingdust ~ ~ ~ 1 1 1 0 3500 force @a 0133"]
		}
	}
}