{
	"name": {
		"text": "Orthopterran"
	},

	"icon": {
		"type": "texture",
		"texture": "ben_ten:textures/gui/completedomnitrix/orthopterran_activation.png"
	},

	"creative_tab": "ben10",
	
	"max_level": 40,
	
	"capsule_color": 3080117,
	
    "effects": [
        {
            "type": "skin_change",
            "texture": "ben_ten:textures/models/ben/orthopterran.png"
        },
		{
            "type": "skin_overlay",
            "texture": "ben_ten:textures/overlays/glow/orthopterran_glow.png",
            "size": 0,
            "glow": true,
            "conditions": [
            	{
            		"type": "always"
            	}
            ]
        }
    ],
	"abilities": {
		"size": {
		    "hidden": true,
			"ability": "lucraftcore:command_loop",
			"show_in_bar": false,
			"title": {"text": "Size"},
			"icon": { "type": "texture", "texture": "ben_ten:textures/gui/omnitrix/omnitrix.png" },
			"bar_color": "light_gray",
			"commands": ["scoreboard players set @s airborne 0","sizechange @s 1"]
        },
		"gain": {
            "ability": "lucraftcore:command_on_gain",
            "show_in_bar": false,
            "title": {"translate":"lucraftcore.abilities.command_on_gain.name"},
            "icon": { "type": "internal" },
            "commands": ["scoreboard objectives add Jump stat.jump jump"]
        },
		"lose": {
            "ability": "lucraftcore:command_on_lose",
            "show_in_bar": false,
            "title": {"translate":"lucraftcore.abilities.command_on_lose.name"},
            "icon": { "type": "internal" },
            "commands": ["scoreboard objectives remove Jump stat.jump jump"]
        },
		"jump": {
			"ability": "lucraftcore:jump_boost",
            "show_in_bar": false,		
            "title": {"text":"Jump Boost "},									
			"amount": 5,
			"operation": 0,
			"uuid": "5c5cfbea-9f1b-42dd-b43c-d129733c4a75"	
		},
		"toggle_High_Jump": {
            "ability": "lucraftcore:toggle_power",
            "cooldown": 0,
            "show_in_bar": true,
            "title": {"text":"Charge Jump"},
            "icon": { "type": "texture", "texture": "ben_ten:textures/gui/omnitrix/jump.png" },
            "bar_color": "green"
        },
		"High_jump": {
			"ability": "lucraftcore:jump_boost",
			"required_ability": "toggle_High_Jump",		
            "show_in_bar": false,		
            "title": {"text":"Jump Boost "},									
			"amount": 10,
			"operation": 0,
			"uuid": "5c5cfbea-9f1b-42dd-b43c-d129733c4a75"	
		},
		"High Jump Attack": {
		    "hidden": true,
			"required_ability": "toggle_High_Jump",	
			"ability": "lucraftcore:command_loop",
			"show_in_bar": false,
			"title": {"text": "Attacks"},
			"icon": { "type": "texture", "texture": "ben_ten:textures/gui/omnitrix/ov_trix_timeout.png" },
			"bar_color": "light_gray",
			"commands": ["execute @p[score_Jump=1,score_Jump_min=1] ~ ~ ~ /cast ebwizardry:charge @p",
			             "scoreboard players set @p Jump 0"]
        },
		"toggle_Very_High_jump": {
            "ability": "lucraftcore:toggle_power",
            "cooldown": 0,
            "show_in_bar": true,
            "title": {"text":"ShockBoost"},
            "icon": { "type": "texture", "texture": "ben_ten:textures/gui/omnitrix/jump.png" },
            "bar_color": "green"
        },
		"Very_High_jump": {
			"ability": "lucraftcore:jump_boost",
			"required_ability": "toggle_Very_High_jump",		
            "show_in_bar": false,		
            "title": {"text":"Jump Boost "},									
			"amount": 15,
			"operation": 0,
			"uuid": "5c5cfbea-9f1b-42dd-b43c-d129733c4a75"
		},
		"Very High Jump Attack": {
		    "hidden": true,
			"required_ability": "toggle_Very_High_jump",
			"ability": "lucraftcore:command_loop",
			"show_in_bar": false,
			"title": {"text": "Attacks"},
			"icon": { "type": "texture", "texture": "ben_ten:textures/gui/omnitrix/ov_trix_timeout.png" },
			"bar_color": "light_gray",
			"commands": ["execute @p[score_Jump=1,score_Jump_min=1] ~ ~ ~ cast ebwizardry:shockwave @p {blast:2}",
			             "scoreboard players set @p Jump 0"]
        },
		"toggle_Extreme_jump": {
            "ability": "lucraftcore:toggle_power",
            "cooldown": 0,
            "show_in_bar": true,
            "title": {"text":"Toggle Jump"},
            "icon": { "type": "texture", "texture": "ben_ten:textures/gui/omnitrix/jump.png" },
            "bar_color": "green"
        },
		"Extreme_jump": {
			"ability": "lucraftcore:jump_boost",
			"required_ability": "toggle_Extreme_jump",		
            "show_in_bar": false,		
            "title": {"text":"Jump Boost "},									
			"amount": 20,
			"operation": 0,
			"uuid": "5c5cfbea-9f1b-42dd-b43c-d129733c4a75"	
		},
		"Extream Jump Attack": {
		    "hidden": true,
			"required_ability": "toggle_Extreme_jump",	
			"ability": "lucraftcore:command_loop",
			"show_in_bar": false,
			"title": {"text": "Attacks"},
			"icon": { "type": "texture", "texture": "ben_ten:textures/gui/omnitrix/ov_trix_timeout.png" },
			"bar_color": "light_gray",
			"commands": ["execute @p[score_Jump=1,score_Jump_min=1] ~ ~ ~ /cast ebwizardry:shockwave @p",             
			             "execute @p[score_Jump=1,score_Jump_min=1] ~ ~ ~ /cast ebwizardry:charge @p {blast:2}", 
						 "execute @p[score_Jump=1,score_Jump_min=1] ~ ~ ~ /summon Creeper ~ ~-6 ~ {powered:4,Fuse:0}",
			             "scoreboard players set @p Jump 0"]
        },
		"radiation_protection": {
            "ability": "the-fifth-world:potion_immunity",
            "show_in_bar": false,
            "title": {"text":"Radiation Protection"},
            "icon": { "type": "internal" },
            "potion": "lucraftcore:radiation"
        },
		"health": {		
			"ability": "lucraftcore:health",			
            "show_in_bar": false,		
            "title": {"text":"Health"},					
			"amount": 8,
			"operation": 0,
			"uuid": "5c5cfbea-9f1b-42dd-b43c-d129733c4a75"		
		},
		"strength": {	
			"ability": "lucraftcore:strength",				
            "show_in_bar": false,		
            "title": {"text":"Strength"},							
			"amount": 2,
			"operation": 0,
			"uuid": "5c5cfbea-9f1b-42dd-b43c-d129733c4a75"			
		},
		"sprint": {
			"ability": "lucraftcore:sprint",			
            "show_in_bar": false,		
            "title": {"text":"Speed"},										
			"amount": 1.2,
			"operation": 0,
			"uuid": "5c5cfbea-9f1b-42dd-b43c-d129733c4a75"							
		},
		"fall_resistance": {
			"ability": "lucraftcore:fall_resistance",
			"show_in_bar": false,
			"title": {"text":"Fall Resistance"},
			"amount": 200,
			"operation": 0,
			"uuid": "5c5cfbea-9f1b-42dd-b43c-d129733c4a75"
		},
		"resistance": {
			"ability": "lucraftcore:resistance",			
            "show_in_bar": false,		
            "title": {"text":"Resistance"},						
			"amount": 17,
			"operation": 0,
			"uuid": "5c5cfbea-9f1b-42dd-b43c-d129733c4a75"			
		},
        "timer":{
			"ability": "lucraftcore:command_loop",
			"show_in_bar": false,
			"cooldown": 0,
			"title": {"text":"Timer"},			
			"icon": {"type": "texture",
				"texture": "ben_ten:textures/gui/omnitrix/ov_trix_timeout.png"},
			"conditions": [{"type": "lucraftcore:not", 
			            "conditions": [{
						"type": "lucraftcore:scoreboard_tag", 
						"tag": "Master"}]}],
			"commands": ["superpowerxp 1 @s", 
			"scoreboard players remove @s Timer 1", 
			"execute @s[score_Timer=0,score_Timer_min=0] ~ ~ ~ /superpower @s ben_ten:completedomnitrix", 
			"execute @s[score_Timer=0,score_Timer_min=0] ~ ~ ~ /particle fallingdust ~ ~ ~ 1 1 1 0 3500 force @a 0133", 
			"execute @s[score_Timer=30,score_Timer_min=30] ~ ~ ~ /playsound minecraft:custom.ov_timer master @a ~ ~ ~", 
			"execute @s[score_Timer=1,score_Timer_min=1] ~ ~ ~ /playsound minecraft:custom.ov_human master @a ~ ~ ~"],
			"hidden": true
		},
		"death_state":{
			"ability": "lucraftcore:command_loop",
			"show_in_bar": false,
			"cooldown": 0,
			"title": {"text":"Death State"},			
			"icon": {"type": "texture",
				"texture": "ben_ten:textures/gui/omnitrix/recal_timeout.png"},
			"commands": ["execute @s[score_Health=0,score_Health_min=0,tag=os] ~ ~ ~ /superpower @s ben_ten:prototypeomnitrix",
			"execute @s[score_Health=0,score_Health_min=0,tag=af] ~ ~ ~ /superpower @s ben_ten:recalibratedomnitrix",
			"execute @s[score_Health=0,score_Health_min=0,tag=ua] ~ ~ ~ /superpower @s ben_ten:ultimatrix",
			"execute @s[score_Health=0,score_Health_min=0,tag=ov] ~ ~ ~ /superpower @s ben_ten:completedomnitrix"],
			"hidden": true
		},		
		"base": {	
	        "ability": "lucraftcore:command",		
			"cooldown": 0,
            "show_in_bar": true,	
            "title": {"text":"Base Form"},
			"icon": { "type": "texture", "texture": "ben_ten:textures/gui/omnitrix/ov_trix_master.png" },
            "bar_color": "green",				
			"commands": ["/superpower @s ben_ten:completedomnitrix", 
			"playsound minecraft:custom.ov_human master @a ~ ~ ~", 
			"/particle fallingdust ~ ~ ~ 1 1 1 0 3500 force @a 0133"]
		}
	}
}