{
	"name": {
		"text": "Galvanic Mechamorph"
	},

	"icon": {
		"type": "texture",
		"texture": "ben_ten:textures/gui/completedomnitrix/galvanic_mechamorph_activation.png"
	},

	"creative_tab": "ben10",
	
	"max_level": 40,
	
	"capsule_color": 3080117,
	
    "effects": [
        {
            "type": "skin_change",
            "texture": "ben_ten:textures/models/ben/ov_galvanic_mechamorph.png"
			
        },
		{
            "type": "skin_overlay",
            "texture": "ben_ten:textures/overlays/glow/ov_galvanic_mechamorph_glow.png",
            "size": 0,
            "glow": true,
            "conditions": [
            	{
            		"type": "always"
            	}
            ]
        }
    ],
	
	"abilities": {
		"size": {
		    "hidden": true,
			"ability": "lucraftcore:command_loop",
			"show_in_bar": false,
			"title": {"text": "Size"},
			"icon": { "type": "texture", "texture": "ben_ten:textures/gui/omnitrix/omnitrix.png" },
			"bar_color": "light_gray",
			"commands": ["sizechange @s 1.2 lucraftcore:default"]
        },
		"radiation_protection": {
            "ability": "the-fifth-world:potion_immunity",
            "show_in_bar": false,
            "title": {"text":"Radiation Protection"},
            "icon": { "type": "internal" },
            "potion": "lucraftcore:radiation"
        },
        "tough_lungs": {
            "ability": "lucraftcore:tough_lungs",
            "show_in_bar": false,
            "title": {"translate":"lucraftcore.abilities.tough_lungs.name"},
            "icon": { "type": "internal" },
            "bar_color": "green"
        },
		"jump_boost": {
			"ability": "lucraftcore:jump_boost",
			"show_in_bar": false,
			"title": {"text":"Jump Boost"},
			"icon": { "type": "internal" },
			"bar_color": "green",
			"amount": 3,
			"operation": 0
		},
		"fall_resistance": {
			"ability": "lucraftcore:fall_resistance",
			"show_in_bar": false,
			"title": {"text":"Fall Resistance"},
			"amount": 8,
			"operation": 0
		},
		"energy_beam": {
			"ability": "heroesexpansion:photon_blast",
			"cooldown": 0,
			"show_in_bar": true,
			"title": {"text":"Energy Beam"},
			"icon": {"type": "texture", "texture": "ben_ten:textures/gui/omnitrix/galvanicmechamorph_laser.png"},
			"bar_color": "green",
			"color": [85, 255, 85]
		},		
		"morph": {
            "ability": "lucraftcore:command",
            "cooldown": 0,
            "show_in_bar": true,
            "title": {"text":"Morph"},
            "icon": {"type": "texture", "texture": "ben_ten:textures/gui/omnitrix/upgrade.png"},
            "bar_color": "green",
		    "commands": ["execute @e[type=villager_golem,r=3] ~ ~ ~ /superpower @p ben_ten:galvanic_mechamorph_golem",
			"execute @e[type=villager_golem,r=3] ~ ~ ~ /tp @e[type=villager_golem,r=3] ~ -100 ~",
			"execute @s ~ ~ ~ detect ~1 ~ ~ furnace 2 superpower @p ben_ten:galvanic_mechamorph_furnace", 
			"execute @s ~ ~ ~ detect ~-1 ~ ~ furnace 2 superpower @p ben_ten:galvanic_mechamorph_furnace", 
			"execute @s ~ ~ ~ detect ~1 ~ ~ furnace 3 superpower @p ben_ten:galvanic_mechamorph_furnace",			 
			"execute @s ~ ~ ~ detect ~-1 ~ ~ furnace 3 superpower @p ben_ten:galvanic_mechamorph_furnace", 
			"execute @s ~ ~ ~ detect ~1 ~ ~ furnace 4 superpower @p ben_ten:galvanic_mechamorph_furnace", 
			"execute @s ~ ~ ~ detect ~-1 ~ ~ furnace 4 superpower @p ben_ten:galvanic_mechamorph_furnace", 
			"execute @s ~ ~ ~ detect ~1 ~ ~ furnace 5 superpower @p ben_ten:galvanic_mechamorph_furnace", 
			"execute @s ~ ~ ~ detect ~-1 ~ ~ furnace 5 superpower @p ben_ten:galvanic_mechamorph_furnace", 
			"execute @s ~ ~ ~ detect ~ ~-1 ~ furnace 2 superpower @p ben_ten:galvanic_mechamorph_furnace",
			"execute @s ~ ~ ~ detect ~ ~-1 ~ furnace 3 superpower @p ben_ten:galvanic_mechamorph_furnace", 
			"execute @s ~ ~ ~ detect ~ ~-1 ~ furnace 4 superpower @p ben_ten:galvanic_mechamorph_furnace",
			"execute @s ~ ~ ~ detect ~ ~-1 ~ furnace 5 superpower @p ben_ten:galvanic_mechamorph_furnace",			
			"execute @s ~ ~ ~ detect ~ ~ ~1 furnace 2 superpower @p ben_ten:galvanic_mechamorph_furnace", 
			"execute @s ~ ~ ~ detect ~ ~ ~-1 furnace 2 superpower @p ben_ten:galvanic_mechamorph_furnace", 
			"execute @s ~ ~ ~ detect ~ ~ ~1 furnace 3 superpower @p ben_ten:galvanic_mechamorph_furnace",			 
			"execute @s ~ ~ ~ detect ~ ~ ~-1 furnace 3 superpower @p ben_ten:galvanic_mechamorph_furnace", 
			"execute @s ~ ~ ~ detect ~ ~ ~1 furnace 4 superpower @p ben_ten:galvanic_mechamorph_furnace", 
			"execute @s ~ ~ ~ detect ~ ~ ~-1 furnace 4 superpower @p ben_ten:galvanic_mechamorph_furnace", 
			"execute @s ~ ~ ~ detect ~ ~ ~1 furnace 5 superpower @p ben_ten:galvanic_mechamorph_furnace", 
			"execute @s ~ ~ ~ detect ~ ~ ~-1 furnace 5 superpower @p ben_ten:galvanic_mechamorph_furnace",			
			"execute @s ~ ~ ~ detect ~1 ~ ~ furnace 2 fill ~1 ~ ~ ~1 ~ ~ air 0 replace furnace 2",			
			"execute @s ~ ~ ~ detect ~-1 ~ ~ furnace 2 fill ~-1 ~ ~ ~-1 ~ ~ air 0 replace furnace 2",
			"execute @s ~ ~ ~ detect ~ ~-1 ~ furnace 2 fill ~ ~-1 ~ ~ ~-1 ~ air 0 replace furnace 2",			
			"execute @s ~ ~ ~ detect ~ ~ ~1 furnace 2 fill ~ ~ ~1 ~ ~ ~1 air 0 replace furnace 2",
			"execute @s ~ ~ ~ detect ~ ~ ~-1 furnace 2 fill ~ ~ ~-1 ~ ~ ~-1 air 0 replace furnace 2",			
			"execute @s ~ ~ ~ detect ~1 ~ ~ furnace 3 fill ~1 ~ ~ ~1 ~ ~ air 0 replace furnace 3",			
			"execute @s ~ ~ ~ detect ~-1 ~ ~ furnace 3 fill ~-1 ~ ~ ~-1 ~ ~ air 0 replace furnace 3",
			"execute @s ~ ~ ~ detect ~ ~-1 ~ furnace 3 fill ~ ~-1 ~ ~ ~-1 ~ air 0 replace furnace 3",			
			"execute @s ~ ~ ~ detect ~ ~ ~1 furnace 3 fill ~ ~ ~1 ~ ~ ~1 air 0 replace furnace 3",
			"execute @s ~ ~ ~ detect ~ ~ ~-1 furnace 3 fill ~ ~ ~-1 ~ ~ ~-1 air 0 replace furnace 3",			
			"execute @s ~ ~ ~ detect ~1 ~ ~ furnace 4 fill ~1 ~ ~ ~1 ~ ~ air 0 replace furnace 4",			
			"execute @s ~ ~ ~ detect ~-1 ~ ~ furnace 4 fill ~-1 ~ ~ ~-1 ~ ~ air 0 replace furnace 4",
			"execute @s ~ ~ ~ detect ~ ~-1 ~ furnace 4 fill ~ ~-1 ~ ~ ~-1 ~ air 0 replace furnace 4",			
			"execute @s ~ ~ ~ detect ~ ~ ~1 furnace 4 fill ~ ~ ~1 ~ ~ ~1 air 0 replace furnace 4",
			"execute @s ~ ~ ~ detect ~ ~ ~-1 furnace 4 fill ~ ~ ~-1 ~ ~ ~-1 air 0 replace furnace 4",			
			"execute @s ~ ~ ~ detect ~1 ~ ~ furnace 5 fill ~1 ~ ~ ~1 ~ ~ air 0 replace furnace 5",			
			"execute @s ~ ~ ~ detect ~-1 ~ ~ furnace 5 fill ~-1 ~ ~ ~-1 ~ ~ air 0 replace furnace 5",
			"execute @s ~ ~ ~ detect ~ ~-1 ~ furnace 5 fill ~ ~-1 ~ ~ ~-1 ~ air 0 replace furnace 5",			
			"execute @s ~ ~ ~ detect ~ ~ ~1 furnace 5 fill ~ ~ ~1 ~ ~ ~1 air 0 replace furnace 5", 
			"execute @s ~ ~ ~ detect ~ ~ ~-1 furnace 5 fill ~ ~ ~-1 ~ ~ ~-1 air 0 replace furnace 5",
			"execute @s ~ ~ ~ detect ~1 ~ ~ dispenser 0 superpower @p ben_ten:galvanic_mechamorph_dispenser", 
			"execute @s ~ ~ ~ detect ~-1 ~ ~ dispenser 0 superpower @p ben_ten:galvanic_mechamorph_dispenser",
			"execute @s ~ ~ ~ detect ~ ~-1 ~ dispenser 0 superpower @p ben_ten:galvanic_mechamorph_dispenser",
			"execute @s ~ ~ ~ detect ~ ~ ~1 dispenser 0 superpower @p ben_ten:galvanic_mechamorph_dispenser", 
			"execute @s ~ ~ ~ detect ~ ~ ~-1 dispenser 0 superpower @p ben_ten:galvanic_mechamorph_dispenser",			
            "execute @s ~ ~ ~ detect ~1 ~ ~ dispenser 1 superpower @p ben_ten:galvanic_mechamorph_dispenser", 
			"execute @s ~ ~ ~ detect ~-1 ~ ~ dispenser 1 superpower @p ben_ten:galvanic_mechamorph_dispenser",
			"execute @s ~ ~ ~ detect ~ ~-1 ~ dispenser 1 superpower @p ben_ten:galvanic_mechamorph_dispenser",
			"execute @s ~ ~ ~ detect ~ ~ ~1 dispenser 1 superpower @p ben_ten:galvanic_mechamorph_dispenser", 
			"execute @s ~ ~ ~ detect ~ ~ ~-1 dispenser 1 superpower @p ben_ten:galvanic_mechamorph_dispenser",			
			"execute @s ~ ~ ~ detect ~1 ~ ~ dispenser 2 superpower @p ben_ten:galvanic_mechamorph_dispenser", 
			"execute @s ~ ~ ~ detect ~-1 ~ ~ dispenser 2 superpower @p ben_ten:galvanic_mechamorph_dispenser", 
			"execute @s ~ ~ ~ detect ~1 ~ ~ dispenser 3 superpower @p ben_ten:galvanic_mechamorph_dispenser",			 
			"execute @s ~ ~ ~ detect ~-1 ~ ~ dispenser 3 superpower @p ben_ten:galvanic_mechamorph_dispenser", 
			"execute @s ~ ~ ~ detect ~1 ~ ~ dispenser 4 superpower @p ben_ten:galvanic_mechamorph_dispenser", 
			"execute @s ~ ~ ~ detect ~-1 ~ ~ dispenser 4 superpower @p ben_ten:galvanic_mechamorph_dispenser", 
			"execute @s ~ ~ ~ detect ~1 ~ ~ dispenser 5 superpower @p ben_ten:galvanic_mechamorph_dispenser", 
			"execute @s ~ ~ ~ detect ~-1 ~ ~ dispenser 5 superpower @p ben_ten:galvanic_mechamorph_dispenser",
			"execute @s ~ ~ ~ detect ~ ~-1 ~ dispenser 2 superpower @p ben_ten:galvanic_mechamorph_dispenser",
			"execute @s ~ ~ ~ detect ~ ~-1 ~ dispenser 3 superpower @p ben_ten:galvanic_mechamorph_dispenser",
			"execute @s ~ ~ ~ detect ~ ~-1 ~ dispenser 4 superpower @p ben_ten:galvanic_mechamorph_dispenser",
			"execute @s ~ ~ ~ detect ~ ~-1 ~ dispenser 5 superpower @p ben_ten:galvanic_mechamorph_dispenser",			
			"execute @s ~ ~ ~ detect ~ ~ ~1 dispenser 2 superpower @p ben_ten:galvanic_mechamorph_dispenser", 
			"execute @s ~ ~ ~ detect ~ ~ ~-1 dispenser 2 superpower @p ben_ten:galvanic_mechamorph_dispenser", 
			"execute @s ~ ~ ~ detect ~ ~ ~1 dispenser 3 superpower @p ben_ten:galvanic_mechamorph_dispenser",			 
			"execute @s ~ ~ ~ detect ~ ~ ~-1 dispenser 3 superpower @p ben_ten:galvanic_mechamorph_dispenser", 
			"execute @s ~ ~ ~ detect ~ ~ ~1 dispenser 4 superpower @p ben_ten:galvanic_mechamorph_dispenser", 
			"execute @s ~ ~ ~ detect ~ ~ ~-1 dispenser 4 superpower @p ben_ten:galvanic_mechamorph_dispenser", 
			"execute @s ~ ~ ~ detect ~ ~ ~1 dispenser 5 superpower @p ben_ten:galvanic_mechamorph_dispenser", 
			"execute @s ~ ~ ~ detect ~ ~ ~-1 dispenser 5 superpower @p ben_ten:galvanic_mechamorph_dispenser",			
			"execute @s ~ ~ ~ detect ~1 ~ ~ dispenser 0 fill ~1 ~ ~ ~1 ~ ~ air 0 replace dispenser 0",			
			"execute @s ~ ~ ~ detect ~-1 ~ ~ dispenser 0 fill ~-1 ~ ~ ~-1 ~ ~ air 0 replace dispenser 0",
			"execute @s ~ ~ ~ detect ~ ~-1 ~ dispenser 0 fill ~ ~-1 ~ ~ ~-1 ~ air 0 replace dispenser 0",			
			"execute @s ~ ~ ~ detect ~ ~ ~1 dispenser 0 fill ~ ~ ~1 ~ ~ ~1 air 0 replace dispenser 0",
			"execute @s ~ ~ ~ detect ~ ~ ~-1 dispenser 0 fill ~ ~ ~-1 ~ ~ ~-1 air 0 replace dispenser 0",			
			"execute @s ~ ~ ~ detect ~1 ~ ~ dispenser 1 fill ~1 ~ ~ ~1 ~ ~ air 0 replace dispenser 1",			
			"execute @s ~ ~ ~ detect ~-1 ~ ~ dispenser 1 fill ~-1 ~ ~ ~-1 ~ ~ air 0 replace dispenser 1",
			"execute @s ~ ~ ~ detect ~ ~-1 ~ dispenser 1 fill ~ ~-1 ~ ~ ~-1 ~ air 0 replace dispenser 1",			
			"execute @s ~ ~ ~ detect ~ ~ ~1 dispenser 1 fill ~ ~ ~1 ~ ~ ~1 air 0 replace dispenser 1",
			"execute @s ~ ~ ~ detect ~ ~ ~-1 dispenser 1 fill ~ ~ ~-1 ~ ~ ~-1 air 0 replace dispenser 1",			
			"execute @s ~ ~ ~ detect ~1 ~ ~ dispenser 2 fill ~1 ~ ~ ~1 ~ ~ air 0 replace dispenser 2",			
			"execute @s ~ ~ ~ detect ~-1 ~ ~ dispenser 2 fill ~-1 ~ ~ ~-1 ~ ~ air 0 replace dispenser 2",
			"execute @s ~ ~ ~ detect ~ ~-1 ~ dispenser 2 fill ~ ~-1 ~ ~ ~-1 ~ air 0 replace dispenser 2",			
			"execute @s ~ ~ ~ detect ~ ~ ~1 dispenser 2 fill ~ ~ ~1 ~ ~ ~1 air 0 replace dispenser 2",
			"execute @s ~ ~ ~ detect ~ ~ ~-1 dispenser 2 fill ~ ~ ~-1 ~ ~ ~-1 air 0 replace dispenser 2",			
			"execute @s ~ ~ ~ detect ~1 ~ ~ dispenser 3 fill ~1 ~ ~ ~1 ~ ~ air 0 replace dispenser 3",			
			"execute @s ~ ~ ~ detect ~-1 ~ ~ dispenser 3 fill ~-1 ~ ~ ~-1 ~ ~ air 0 replace dispenser 3",
			"execute @s ~ ~ ~ detect ~ ~-1 ~ dispenser 3 fill ~ ~-1 ~ ~ ~-1 ~ air 0 replace dispenser 3",			
			"execute @s ~ ~ ~ detect ~ ~ ~1 dispenser 3 fill ~ ~ ~1 ~ ~ ~1 air 0 replace dispenser 3",
			"execute @s ~ ~ ~ detect ~ ~ ~-1 dispenser 3 fill ~ ~ ~-1 ~ ~ ~-1 air 0 replace dispenser 3",			
			"execute @s ~ ~ ~ detect ~1 ~ ~ dispenser 4 fill ~1 ~ ~ ~1 ~ ~ air 0 replace dispenser 4",			
			"execute @s ~ ~ ~ detect ~-1 ~ ~ dispenser 4 fill ~-1 ~ ~ ~-1 ~ ~ air 0 replace dispenser 4",
			"execute @s ~ ~ ~ detect ~ ~-1 ~ dispenser 4 fill ~ ~-1 ~ ~ ~-1 ~ air 0 replace dispenser 4",			
			"execute @s ~ ~ ~ detect ~ ~ ~1 dispenser 4 fill ~ ~ ~1 ~ ~ ~1 air 0 replace dispenser 4",
			"execute @s ~ ~ ~ detect ~ ~ ~-1 dispenser 4 fill ~ ~ ~-1 ~ ~ ~-1 air 0 replace dispenser 4",			
			"execute @s ~ ~ ~ detect ~1 ~ ~ dispenser 5 fill ~1 ~ ~ ~1 ~ ~ air 0 replace dispenser 5",			
			"execute @s ~ ~ ~ detect ~-1 ~ ~ dispenser 5 fill ~-1 ~ ~ ~-1 ~ ~ air 0 replace dispenser 5",
			"execute @s ~ ~ ~ detect ~ ~-1 ~ dispenser 5 fill ~ ~-1 ~ ~ ~-1 ~ air 0 replace dispenser 5",			
			"execute @s ~ ~ ~ detect ~ ~ ~1 dispenser 5 fill ~ ~ ~1 ~ ~ ~1 air 0 replace dispenser 5", 
			"execute @s ~ ~ ~ detect ~ ~ ~-1 dispenser 5 fill ~ ~ ~-1 ~ ~ ~-1 air 0 replace dispenser 5",
			"execute @s ~ ~ ~ detect ~1 ~ ~ jukebox 0 superpower @p ben_ten:galvanic_mechamorph_jukebox", 
			"execute @s ~ ~ ~ detect ~-1 ~ ~ jukebox 0 superpower @p ben_ten:galvanic_mechamorph_jukebox",
			"execute @s ~ ~ ~ detect ~ ~-1 ~ jukebox 0 superpower @p ben_ten:galvanic_mechamorph_jukebox",
			"execute @s ~ ~ ~ detect ~ ~ ~1 jukebox 0 superpower @p ben_ten:galvanic_mechamorph_jukebox", 
			"execute @s ~ ~ ~ detect ~ ~ ~-1 jukebox 0 superpower @p ben_ten:galvanic_mechamorph_jukebox",			
            "execute @s ~ ~ ~ detect ~1 ~ ~ jukebox 1 superpower @p ben_ten:galvanic_mechamorph_jukebox", 
			"execute @s ~ ~ ~ detect ~-1 ~ ~ jukebox 1 superpower @p ben_ten:galvanic_mechamorph_jukebox",
			"execute @s ~ ~ ~ detect ~ ~-1 ~ jukebox 1 superpower @p ben_ten:galvanic_mechamorph_jukebox",
			"execute @s ~ ~ ~ detect ~ ~ ~1 jukebox 1 superpower @p ben_ten:galvanic_mechamorph_jukebox", 
			"execute @s ~ ~ ~ detect ~ ~ ~-1 jukebox 1 superpower @p ben_ten:galvanic_mechamorph_jukebox",			
			"execute @s ~ ~ ~ detect ~1 ~ ~ jukebox 0 fill ~1 ~ ~ ~1 ~ ~ air 0 replace jukebox 0",			
			"execute @s ~ ~ ~ detect ~-1 ~ ~ jukebox 0 fill ~-1 ~ ~ ~-1 ~ ~ air 0 replace jukebox 0",			
			"execute @s ~ ~ ~ detect ~ ~-1 ~ jukebox 0 fill ~ ~-1 ~ ~ ~-1 ~ air 0 replace jukebox 0",			
			"execute @s ~ ~ ~ detect ~ ~ ~1 jukebox 0 fill ~ ~ ~1 ~ ~ ~1 air 0 replace jukebox 0",
			"execute @s ~ ~ ~ detect ~ ~ ~-1 jukebox 0 fill ~ ~ ~-1 ~ ~ ~-1 air 0 replace jukebox 0",			
			"execute @s ~ ~ ~ detect ~1 ~ ~ jukebox 1 fill ~1 ~ ~ ~1 ~ ~ air 0 replace jukebox 1",			
			"execute @s ~ ~ ~ detect ~-1 ~ ~ jukebox 1 fill ~-1 ~ ~ ~-1 ~ ~ air 0 replace jukebox 1",		
			"execute @s ~ ~ ~ detect ~ ~-1 ~ jukebox 1 fill ~ ~-1 ~ ~ ~-1 ~ air 0 replace jukebox 1",			
			"execute @s ~ ~ ~ detect ~ ~ ~1 jukebox 1 fill ~ ~ ~1 ~ ~ ~1 air 0 replace jukebox 1",
			"execute @s ~ ~ ~ detect ~ ~ ~-1 jukebox 1 fill ~ ~ ~-1 ~ ~ ~-1 air 0 replace jukebox 1"]
		},
		"timer":{
			"ability": "lucraftcore:command_loop",
			"show_in_bar": false,
			"cooldown": 0,
			"title": {"text":"Timer"},			
			"icon": {"type": "texture",
				"texture": "ben_ten:textures/gui/omnitrix/ov_trix_timeout.png"},
			"conditions": [{"type": "lucraftcore:not", 
			            "conditions": [{
						"type": "lucraftcore:scoreboard_tag", 
						"tag": "Master"}]}],
			"commands": ["superpowerxp 1 @s", 
			"scoreboard players remove @s Timer 1", 
			"execute @s[score_Timer=0,score_Timer_min=0] ~ ~ ~ /superpower @s ben_ten:completedomnitrix", 
			"execute @s[score_Timer=0,score_Timer_min=0] ~ ~ ~ /particle fallingdust ~ ~ ~ 1 1 1 0 3500 force @a 0133", 
			"execute @s[score_Timer=30,score_Timer_min=30] ~ ~ ~ /playsound minecraft:custom.ov_timer master @a ~ ~ ~", 
			"execute @s[score_Timer=1,score_Timer_min=1] ~ ~ ~ /playsound minecraft:custom.ov_human master @a ~ ~ ~"]
		},
		"death_state":{
			"ability": "lucraftcore:command_loop",
			"show_in_bar": false,
			"cooldown": 0,
			"title": {"text":"Death State"},			
			"icon": {"type": "texture",
				"texture": "ben_ten:textures/gui/omnitrix/recal_timeout.png"},
			"commands": ["execute @s[score_Health=0,score_Health_min=0,tag=os] ~ ~ ~ /superpower @s ben_ten:prototypeomnitrix",
			"execute @s[score_Health=0,score_Health_min=0,tag=af] ~ ~ ~ /superpower @s ben_ten:recalibratedomnitrix",
			"execute @s[score_Health=0,score_Health_min=0,tag=ua] ~ ~ ~ /superpower @s ben_ten:ultimatrix",
			"execute @s[score_Health=0,score_Health_min=0,tag=ov] ~ ~ ~ /superpower @s ben_ten:completedomnitrix"],
			"hidden": true
		},
		"base": {	
	        "ability": "lucraftcore:command",		
			"cooldown": 0,
            "show_in_bar": true,	
            "title": {"text":"Base Form"},
			"icon": { "type": "texture", "texture": "ben_ten:textures/gui/omnitrix/ov_trix_master.png" },
            "bar_color": "green",				
			"commands": ["/superpower @s ben_ten:completedomnitrix", 
			"playsound minecraft:custom.ov_human master @a ~ ~ ~", 
			"particle fallingdust ~ ~ ~ 1 1 1 0 3500 force @a 0133" ]
		}
	}
}