{
	"name": {
		"text": "Perk Gourmand"
	},

	"icon": {
		"type": "texture",
		"texture": "ben_ten:textures/gui/omnitrix/gourmand_activation_os.png"
	},

	"creative_tab": "ben10",
	
	"max_level": 40,
	
	"capsule_color": 3080117,
	
    "effects": [
        {
            "type": "skin_change",
            "texture": "ben_ten:textures/models/ben/timeout/perk_gourmand_timeout.png"
       },
		{
            "type": "skin_change",
            "texture": "ben_ten:textures/models/ben/perk_gourmand_full.png",
		    "conditions": [            	
				{
            		"type": "ability_enabled",
					"ability": "heroesexpansion:precision"
            	}
			]
        },
		{
            "type": "skin_overlay",
            "texture": "ben_ten:textures/overlays/glow/perk_gourmand_full_glow.png",
            "size": 0,
            "glow": true,
            "conditions": [
            	{
            		"type": "always"
            	},
				{
            		"type": "ability_enabled",
					"ability": "heroesexpansion:precision"
            	}
            ]
        }
    ],
	
	"abilities": {
		"radiation_protection": {
            "ability": "the-fifth-world:potion_immunity",
            "show_in_bar": false,
            "title": {"text":"Radiation Protection"},
            "icon": { "type": "internal" },
            "potion": "lucraftcore:radiation"
        },
		"gain": {
            "ability": "lucraftcore:command_on_gain",
            "show_in_bar": false,
            "title": {"translate":"lucraftcore.abilities.command_on_gain.name"},
            "icon": { "type": "internal" },
            "commands": ["scoreboard objectives add Boom dummy"]
        },
		"lose": {
            "ability": "lucraftcore:command_on_lose",
            "show_in_bar": false,
            "title": {"translate":"lucraftcore.abilities.command_on_lose.name"},
            "icon": { "type": "internal" },
            "commands": ["scoreboard objectives remove Boom dummy"]
        },
        "tough_lungs": {
            "ability": "lucraftcore:tough_lungs",
            "show_in_bar": false,
            "title": {"translate":"lucraftcore.abilities.tough_lungs.name"},
            "icon": { "type": "internal" },
            "bar_color": "green"
        },
		"size": {
			"ability": "lucraftcore:command_loop",
			"show_in_bar": false,
			"title": {"text": "Small size"},
			"icon": { "type": "internal" },
			"bar_color": "light_gray",
			"commands": ["sizechange @s 0.7", 
			"execute @e[type=lucraftcore:energy_blast] ~ ~ ~ particle totem ~ ~ ~ 0.2 0.2 0.2 0 100 force",
			"stopsound @e player lucraftcore:energy_blast",
			"execute @s[score_Blocks_min=1] ~ ~ ~ scoreboard players tag @s add Blocks",
			"execute @s[score_Blocks=0,score_Blocks_min=0] ~ ~ ~ scoreboard players tag @s remove Blocks"]
		},
		"knockback_resistance": {
            "ability": "lucraftcore:knockback_resistance",
            "show_in_bar": false,
            "title": {"translate":"lucraftcore.abilities.knockback_resistance.name"},
            "icon": { "type": "internal" },
            "bar_color": "light_gray",
			"conditions": [{
                        "type": "lucraftcore:or",
                            "conditions": [
                            {"type": "lucraftcore:scoreboard_tag",
                             "tag": "af"
                            },
                            {"type": "lucraftcore:scoreboard_tag",
                             "tag": "ua"
                            }]
                    }],
            "amount": 0.0,
            "operation": 0,
            "uuid": "0669d99d-b34d-40fc-a4d8-c7ee963cc842"
        },
		"step_assist": {
            "ability": "lucraftcore:step_assist",
            "show_in_bar": false,
            "title": {"translate":"lucraftcore.abilities.step_assist.name"},
            "icon": { "type": "internal" },
            "bar_color": "light_gray",
            "amount": 0.0,
            "operation": 0,
			"conditions": [{
			    "type": "lucraftcore:scoreboard_tag",
				"tag": "ov"}],
            "uuid": "0669d99d-b34d-40fc-a4d8-c7ee963cc842"
        },
		"blocks_eaten": {
            "ability": "heroesexpansion:precision",
            "show_in_bar": false,
            "title": {"text":"Blocks Eaten"},
            "icon": {"type": "internal"},
			"conditions": [{
			    "type": "lucraftcore:scoreboard_tag",
				"tag": "Blocks"}],
            "bar_color": "green"
       },
		"strength": {	
			"ability": "lucraftcore:strength",				
            "show_in_bar": false,		
            "title": {"text":"Strength"},							
			"amount": 3,
			"operation": 0,
			"uuid": "5c5cfbea-9f1b-42dd-b43c-d129733c4a75"			
		},
		"defense": {
			"ability": "lucraftcore:resistance",			
            "show_in_bar": false,		
            "title": {"text":"Resistance"},						
			"amount": 10,
			"operation": 0,
			"uuid": "5c5cfbea-9f1b-42dd-b43c-d129733c4a75"			
		},
		"fall_resistance": {
			"ability": "lucraftcore:fall_resistance",
			"show_in_bar": false,
			"title": {"text":"Fall Resistance"},
			"amount": 8,
			"operation": 0,
			"uuid": "5c5cfbea-9f1b-42dd-b43c-d129733c4a75"
		},
		"eat block": {
			"ability": "heroesexpansion:grab_entity",
			"show_in_bar": true,
			"cooldown": 5,
			"title": {"text": "eat block"},
			"bar_color": "green",
			"icon": {"type": "texture", "texture": "ben_ten:textures/gui/omnitrix/eatblock.png"}
		},
		"eat_commands": {
			"ability": "lucraftcore:command_loop",
			"show_in_bar": false,
           	"parent_ability": "eat_block",
			"title": {"text": "Eat Blocks"},
			"icon": { "type": "internal" },
			"bar_color": "green",
			"commands": ["tp @e[type=heroesexpansion:grabbed_block,r=10] @s",
			"execute @e[type=heroesexpansion:grabbed_block,r=1] ~ ~ ~ scoreboard players add @p[r=1] Blocks 1",
			"effect @p minecraft:saturation 1",
			"kill @e[type=heroesexpansion:grabbed_block,r=1]",
			"superpowerxp 2 @s", 
			"/playsound minecraft:entity.shulker.ambient master @s ~ ~ ~"]
		},
		"Beam_Attack": {
			"ability": "lucraftcore:energy_blast",
			"cooldown": 10,
			"show_in_bar": true,
			"color": [0, 255, 0],
			"damage": 5,
			"title": {"translate":"Beam Attack"},
			"bar_color": "green",
			"icon": {"type": "texture", "texture": "ben_ten:textures/gui/omnitrix/gourmand_bellyblast.png"}
		},
		"UpChuck": {
			"ability": "lucraftcore:command",
			"parent_ability": "Beam_Attack",
			"show_in_bar": false,
			"title": {"text":"Upchuck Blocks"},
			"icon": {"type": "texture", "texture": "ben_ten:textures/gui/omnitrix/gourmand_bellyblast.png"},
			"bar_color": "green",
			"commands": [
			"execute @s[score_Blocks_min=1] ~ ~ ~ /scoreboard players remove @s Blocks 1",
			"execute @s[score_Blocks=0,score_Blocks_min=0] ~ ~ ~ /tellraw @s {\"text\":\"You need to eat something first!\"}",
			"execute @s[score_Blocks=0,score_Blocks_min=0] ~ ~ ~ kill @e[type=lucraftcore:energy_blast,r=3]"]
		},
		"Explosion_Attack": {
			"ability": "lucraftcore:energy_blast",
			"cooldown": 50,
			"show_in_bar": true,
			"color": [0, 255, 0],
			"damage": 5,
			"title": {"translate":"Explosion Attack"},
			"bar_color": "green",
			"icon": {"type": "texture", "texture": "ben_ten:textures/gui/omnitrix/gourmand_bellyblast.png"}
		},
		"Boom_Timer": {
			"ability": "lucraftcore:command_loop",
			"show_in_bar": false,
			"title": {"text": "Boom Timer"},
			"icon": { "type": "internal" },
			"bar_color": "green",
			"commands": ["execute @s[tag=Boom!!] ~ ~ ~ /scoreboard players add @s Boom 1",
			             "execute @e[tag=Boom!] ~ ~ ~ /summon Creeper ~ ~ ~ {Fuse:0,NoAI:1}",
						 "execute @s[score_Boom=5,score_Boom_min=5] ~ ~ ~ /scoreboard players tag @e[type=lucraftcore:energy_blast,r=25] add Boom!",
			             "execute @s[score_Boom=7,score_Boom_min=7] ~ ~ ~ /scoreboard players tag @s remove Boom!!",
	                     "execute @s[score_Boom=7,score_Boom_min=7] ~ ~ ~ /scoreboard players set @s Boom 1",
						 "execute @s[score_Blocks=200,score_Blocks_min=1] ~ ~ ~ /title @s actionbar [{\"text\":\"<\",\"color\":\"gray\"},{\"score\":{\"name\":\"@s\",\"objective\":\"Blocks\"},\"color\":\"black\"},{\"text\":\">\",\"color\":\"gray\"}]"]
        },
		"Rocket Attack": {
			"ability": "lucraftcore:command",
			"parent_ability": "Explosion_Attack",
			"show_in_bar": false,
			"title": {"text": "Explosion Attack"},
			"icon": {"type": "texture", "texture": "ben_ten:textures/gui/omnitrix/omnitrix.png"},
			"bar_color": "light_gray",
			"commands": ["/scoreboard players tag @s add Boom!!","scoreboard players set @s Boom 1"]
	 	},	
		"UpChuck_boom": {
			"ability": "lucraftcore:command",
			"parent_ability": "Explosion_Attack",
			"show_in_bar": false,
			"title": {"text":"Upchuck Blocks"},
			"icon": {"type": "texture", "texture": "ben_ten:textures/gui/omnitrix/gourmand_bellyblast.png"},
			"bar_color": "green",
			"commands": [
			"execute @s[score_Blocks_min=3] ~ ~ ~ /scoreboard players remove @s Blocks 3",
			"execute @s[score_Blocks=3,score_Blocks_min=0] ~ ~ ~ /tellraw @s {\"text\":\"You need to eat something first!\"}",
			"execute @s[score_Blocks=3,score_Blocks_min=0] ~ ~ ~ kill @e[type=lucraftcore:energy_blast,r=3]",
			"execute @s[score_Blocks=3,score_Blocks_min=0] ~ ~ ~ scoreboard players tag @s remove Boom!!"]
		},
		"timer_red":{
			"ability": "lucraftcore:command_loop",
			"show_in_bar": false,
			"cooldown": 0,
			"title": {"text":"Timer"},			
			"icon": {"type": "texture",
				"texture": "ben_ten:textures/gui/omnitrix/redomnitrix.png"},
			"conditions": [{"type": "lucraftcore:not", 
			            "conditions": [{
						"type": "lucraftcore:scoreboard_tag", 
						"tag": "Master"}]}],
			"commands": ["superpowerxp 1 @s", 
			"scoreboard players remove @s Timer 1", 
			"execute @s[score_Timer=50,score_Timer_min=50] ~ ~ ~ /superpower @s ben_ten:perk_gourmand", 
			"execute @s[score_Timer=30,score_Timer_min=30] ~ ~ ~ /superpower @s ben_ten:perk_gourmand",
			"execute @s[score_Timer=10,score_Timer_min=10] ~ ~ ~ /superpower @s ben_ten:perk_gourmand", 
			"execute @s[score_Timer=0,score_Timer_min=0] ~ ~ ~ /scoreboard players set @s Blocks 0"]
		},
		"death_state":{
			"ability": "lucraftcore:command_loop",
			"show_in_bar": false,
			"cooldown": 0,
			"title": {"text":"Death State"},			
			"icon": {"type": "texture",
				"texture": "ben_ten:textures/gui/omnitrix/recal_timeout.png"},
			"commands": ["execute @s[score_Health=0,score_Health_min=0,tag=os] ~ ~ ~ /superpower @s ben_ten:prototypeomnitrix",
			"execute @s[score_Health=0,score_Health_min=0,tag=af] ~ ~ ~ /superpower @s ben_ten:recalibratedomnitrix",
			"execute @s[score_Health=0,score_Health_min=0,tag=ua] ~ ~ ~ /superpower @s ben_ten:ultimatrix",
			"execute @s[score_Health=0,score_Health_min=0,tag=ov] ~ ~ ~ /superpower @s ben_ten:completedomnitrix"],
			"hidden": true
		},
		"master_base": {	
	        "ability": "lucraftcore:command",		
			"cooldown": 0,
            "show_in_bar": true,	
            "title": {"text":"Base Form"},
			"icon": {"type": "texture", "texture": "ben_ten:textures/gui/omnitrix/omnitrix.png"},
			"conditions": [{"type": "lucraftcore:scoreboard_tag", "tag": "Master"}],
            "bar_color": "green",				
			"commands": ["/superpower @s ben_ten:prototypeomnitrix", 
			"playsound minecraft:custom.transform master @a ~ ~ ~", 
			"particle fallingdust ~ ~ ~ 1 1 1 0 3500 force @a 0133"]
		},
		"base": {	
	        "ability": "lucraftcore:command",		
			"cooldown": 0,
			"required_level": 35,
            "show_in_bar": true,	
            "title": {"text":"Base Form"},
			"icon": {"type": "texture", "texture": "ben_ten:textures/gui/omnitrix/omnitrix.png"},
            "bar_color": "green",
			"conditions": [{"type": "lucraftcore:not", "conditions": [{"type": "lucraftcore:scoreboard_tag", "tag": "Master"}]}],				
			"commands": ["/superpower @s ben_ten:prototypeomnitrix", 
			"playsound minecraft:custom.transform master @a ~ ~ ~", 
			"particle fallingdust ~ ~ ~ 1 1 1 0 3500 force @a 0133", 
			"scoreboard players set @s Blocks 0"]
		}
	}
}