{
	"name": {
		"text": "Perk Gourmand"
	},

	"icon": {
		"type": "texture",
		"texture": "ben_ten:textures/gui/omnitrix/gourmand_activation.png"
	},

	"creative_tab": "ben10",
	
	"max_level": 40,
	
	"capsule_color": 3080117,
	
    "effects": [
        {
            "type": "skin_change",
            "texture": "ben_ten:textures/models/ben/perk_gourmand.png",
			"conditions": [            	
				{
            		"type": "ability_enabled",
					"ability": "lucraftcore:healing"
            	}
			]
        },
		{
            "type": "skin_change",
            "texture": "ben_ten:textures/models/ben/perk_gourmand_full.png",
		    "conditions": [            	
				{
            		"type": "ability_enabled",
					"ability": "heroesexpansion:precision"
            	},
				{
            		"type": "ability_enabled",
					"ability": "lucraftcore:healing"
            	}
			]
        },
		{
            "type": "skin_overlay",
            "texture": "ben_ten:textures/overlays/glow/perk_gourmand_full_glow.png",
            "size": 0,
            "glow": true,
            "conditions": [
            	{
            		"type": "ability_enabled",
					"ability": "heroesexpansion:precision"
            	},
				{
            		"type": "ability_enabled",
					"ability": "lucraftcore:healing"
            	}
            ]
        },
		{
        "type": "skin_change",
        "texture": "ben_ten:textures/models/ben/recalibrated/r_perk_gourmand.png",
            "conditions": [            	
				{
            		"type": "ability_enabled",
					"ability": "lucraftcore:knockback_resistance"
            	}
			]
        },
		{
            "type": "skin_overlay",
            "texture": "ben_ten:textures/overlays/glow/recalibrated/r_perk_gourmand_glow.png",
            "size": 0,
            "glow": true,
            "conditions": [
            	{
            		"type": "always"
            	},
				{
            		"type": "ability_enabled",
					"ability": "lucraftcore:knockback_resistance"
            	}
            ]
        },
		{
            "type": "skin_change",
            "texture": "ben_ten:textures/models/ben/recalibrated/r_perk_gourmand_full.png",
		"conditions": [            	
				{
            		"type": "ability_enabled",
					"ability": "heroesexpansion:precision"
            	},
				{
            		"type": "ability_enabled",
					"ability": "lucraftcore:knockback_resistance"
            	}
			]
        },
		{
            "type": "skin_overlay",
            "texture": "ben_ten:textures/overlays/glow/recalibrated/r_perk_gourmand_full_glow.png",
            "size": 0,
            "glow": true,
            "conditions": [
            	{
            		"type": "ability_enabled",
					"ability": "heroesexpansion:precision"
            	},
				{
            		"type": "ability_enabled",
					"ability": "lucraftcore:knockback_resistance"
            	}
            ]
        },
		{
        "type": "skin_change",
        "texture": "ben_ten:textures/models/ben/ov_perk_gourmand.png",
            "conditions": [            	
				{
            		"type": "ability_enabled",
					"ability": "lucraftcore:step_assist"
            	}
			]
        },
		{
            "type": "skin_overlay",
            "texture": "ben_ten:textures/overlays/glow/ov_perk_gourmand_glow.png",
            "size": 0,
            "glow": true,
            "conditions": [
            	{
            		"type": "always"
            	},
				{
            		"type": "ability_enabled",
					"ability": "lucraftcore:step_assist"
            	}
            ]
        },
		{
            "type": "skin_change",
            "texture": "ben_ten:textures/models/ben/ov_perk_gourmand_full.png",
		"conditions": [            	
				{
            		"type": "ability_enabled",
					"ability": "heroesexpansion:precision"
            	},
				{
            		"type": "ability_enabled",
					"ability": "lucraftcore:step_assist"
            	}
			]
        },
		{
            "type": "skin_overlay",
            "texture": "ben_ten:textures/overlays/glow/ov_perk_gourmand_full_glow.png",
            "size": 0,
            "glow": true,
            "conditions": [
            	{
            		"type": "ability_enabled",
					"ability": "heroesexpansion:precision"
            	},
				{
            		"type": "ability_enabled",
					"ability": "lucraftcore:step_assist"
            	}
            ]
        }
    ],
	
	"abilities": {
		"radiation_protection": {
            "ability": "the-fifth-world:potion_immunity",
            "show_in_bar": false,
            "title": {"text":"Radiation Protection"},
            "icon": { "type": "internal" },
            "potion": "lucraftcore:radiation"
        },
		"os": {
		    "ability": "lucraftcore:healing",
            "show_in_bar": false,
		    "title": {"text":"OS"},
		    "icon": {"type": "internal"},
			"conditions": [{
			    "type": "lucraftcore:scoreboard_tag",
				"tag": "os"}],
		    "frequency": 0,
		    "amount": 0
        },
		"eat": {
            "ability": "heroesexpansion:precision",
            "show_in_bar": false,
            "title": {"text":"eat"},
            "icon": {"type": "internal"},
			"conditions": [{
			    "type": "lucraftcore:scoreboard_tag",
				"tag": "Eat"}]
       },
		"gain": {
            "ability": "lucraftcore:command_on_gain",
            "show_in_bar": false,
            "title": {"translate":"lucraftcore.abilities.command_on_gain.name"},
            "icon": { "type": "internal" },
            "commands": ["scoreboard objectives add Boom dummy"]
        },
		"lose": {
            "ability": "lucraftcore:command_on_lose",
            "show_in_bar": false,
            "title": {"translate":"lucraftcore.abilities.command_on_lose.name"},
            "icon": { "type": "internal" },
            "commands": ["scoreboard objectives remove Boom dummy"]
        },
        "tough_lungs": {
            "ability": "lucraftcore:tough_lungs",
            "show_in_bar": false,
            "title": {"translate":"lucraftcore.abilities.tough_lungs.name"},
            "icon": { "type": "internal" },
            "bar_color": "green"
        },
		"size": {
			"ability": "lucraftcore:command_loop",
			"show_in_bar": false,
			"title": {"text": "Small size"},
			"icon": { "type": "internal" },
			"bar_color": "light_gray",
			"commands": ["sizechange @s 0.7 pymtech:pym_particles",
			             "execute @e[type=lucraftcore:energy_blast] ~ ~ ~ particle fallingdust ~ ~ ~ 0.2 0.2 0.2 0 100 force @p 18",
			"execute @s[score_Blocks=0,score_Blocks_min=0] ~ ~ ~ scoreboard players tag @s remove Eat"]
		},
		"knockback_resistance": {
            "ability": "lucraftcore:knockback_resistance",
            "show_in_bar": false,
            "title": {"translate":"lucraftcore.abilities.knockback_resistance.name"},
            "icon": { "type": "internal" },
            "bar_color": "light_gray",
			"conditions": [{
                        "type": "lucraftcore:or",
                            "conditions": [
                            {"type": "lucraftcore:scoreboard_tag",
                             "tag": "af"
                            },
                            {"type": "lucraftcore:scoreboard_tag",
                             "tag": "ua"
                            }]
                    }],
            "amount": 0.0,
            "operation": 0,
            "uuid": "0669d99d-b34d-40fc-a4d8-c7ee963cc842"
        },
		"step_assist": {
            "ability": "lucraftcore:step_assist",
            "show_in_bar": false,
            "title": {"translate":"lucraftcore.abilities.step_assist.name"},
            "icon": { "type": "internal" },
            "bar_color": "light_gray",
            "amount": 0.0,
            "operation": 0,
			"conditions": [{
			    "type": "lucraftcore:scoreboard_tag",
				"tag": "ov"}],
            "uuid": "0669d99d-b34d-40fc-a4d8-c7ee963cc842"
        },
		"strength": {	
			"ability": "lucraftcore:strength",				
            "show_in_bar": false,		
            "title": {"text":"Strength"},							
			"amount": 3,
			"operation": 0,
			"uuid": "5c5cfbea-9f1b-42dd-b43c-d129733c4a75"			
		},
		"defense": {
			"ability": "lucraftcore:resistance",			
            "show_in_bar": false,		
            "title": {"text":"Resistance"},						
			"amount": 10,
			"operation": 0,
			"uuid": "5c5cfbea-9f1b-42dd-b43c-d129733c4a75"			
		},
		"fall_resistance": {
			"ability": "lucraftcore:fall_resistance",
			"show_in_bar": false,
			"title": {"text":"Fall Resistance"},
			"amount": 8,
			"operation": 0,
			"uuid": "5c5cfbea-9f1b-42dd-b43c-d129733c4a75"
		},
		"eat_block": {
			"ability": "heroesexpansion:grab_entity",
			"show_in_bar": true,
			"cooldown": 10,
			"title": {"text": "Eat Block"},
			"bar_color": "green",
			"icon": {"type": "texture", "texture": "ben_ten:textures/gui/omnitrix/eatblock.png"}
		},
		"eat_commands": {
			"ability": "lucraftcore:command_loop",
			"show_in_bar": false,
           	"parent_ability": "eat_block",
			"title": {"text": "Eat Blocks"},
			"icon": { "type": "internal" },
			"bar_color": "green",
			"commands": ["tp @e[type=heroesexpansion:grabbed_block,r=10] @s",
			"execute @e[type=heroesexpansion:grabbed_block,r=1] ~ ~ ~ scoreboard players add @p[r=1] Blocks 1",
			"execute @s[score_Blocks_min=1] ~ ~ ~ scoreboard players tag @s add Eat",
			"effect @p minecraft:saturation 1",
			"kill @e[type=heroesexpansion:grabbed_block,r=1]",
			"superpowerxp 2 @s",
			"/playsound minecraft:entity.shulker.ambient master @s ~ ~ ~"]
		},
		"blast": {
			"ability": "lucraftcore:energy_blast",
			"cooldown": 10,
			"show_in_bar": true,
			"color": [0, 255, 0],
			"damage": 5,
			"title": {"translate":"Basic Upchuck"},
			"bar_color": "green",
			"icon": {"type": "texture", "texture": "ben_ten:textures/gui/omnitrix/gourmand_bellyblast.png"}
		},
		"upchuck": {
			"ability": "lucraftcore:command",
			"parent_ability": "blast",
			"show_in_bar": false,
			"title": {"text":"Upchuck Blocks"},
			"icon": {"type": "texture", "texture": "ben_ten:textures/gui/omnitrix/gourmand_bellyblast.png"},
			"bar_color": "green",
			"commands": [
			"execute @s[score_Blocks_min=1] ~ ~ ~ /scoreboard players remove @s Blocks 1",
			"execute @s[score_Blocks=0,score_Blocks_min=0] ~ ~ ~ /tellraw @s {\"text\":\"You need to eat something first!\"}",
			"execute @s[score_Blocks=0,score_Blocks_min=0] ~ ~ ~ kill @e[type=lucraftcore:energy_blast,r=3]"]
		},
		"explosion_attack": {
			"ability": "lucraftcore:energy_blast",
			"cooldown": 50,
			"show_in_bar": true,
			"color": [0, 255, 0],
			"damage": 5,
			"title": {"translate":"UpChuck Explosion"},
			"bar_color": "green",
			"icon": {"type": "texture", "texture": "ben_ten:textures/gui/omnitrix/gourmand_bellyblast.png"}
		},
		"boom_timer": {
			"ability": "lucraftcore:command_loop",
			"show_in_bar": false,
			"title": {"text": "Boom Timer"},
			"icon": { "type": "internal" },
			"bar_color": "green",
			"commands": ["execute @s[tag=Boom!!] ~ ~ ~ /scoreboard players add @s Boom 1",
			             "execute @e[tag=Boom!] ~ ~ ~ /summon Creeper ~ ~ ~ {Fuse:0,NoAI:1}",
						 "execute @s[score_Boom=5,score_Boom_min=5] ~ ~ ~ /scoreboard players tag @e[type=lucraftcore:energy_blast,r=25] add Boom!",
			             "execute @s[score_Boom=9,score_Boom_min=9] ~ ~ ~ /scoreboard players tag @s remove Boom!!",
	                     "execute @s[score_Boom=9,score_Boom_min=9] ~ ~ ~ /scoreboard players set @s Boom 1",
						 "execute @s[score_Blocks=2000,score_Blocks_min=0] ~ ~ ~ /title @s actionbar [{\"text\":\"<\",\"color\":\"black\"},{\"text\":\"Upchuck\",\"color\":\"green\"},{\"text\":\">\",\"color\":\"black\"},{\"text\":\"<\",\"color\":\"black\"},{\"score\":{\"name\":\"@s\",\"objective\":\"Blocks\"},\"color\":\"yellow\"},{\"text\":\">\",\"color\":\"black\"}]"]
        },
		"rocket_attack": {
			"ability": "lucraftcore:command",
			"parent_ability": "explosion_attack",
			"show_in_bar": false,
			"title": {"text": "Explosion Attack"},
			"icon": {"type": "texture", "texture": "ben_ten:textures/gui/omnitrix/omnitrix.png"},
			"bar_color": "light_gray",
			"commands": ["/scoreboard players tag @s add Boom!!","scoreboard players set @s Boom 1"]
	 	},	
		"upchuck_boom": {
			"ability": "lucraftcore:command",
			"parent_ability": "explosion_attack",
			"show_in_bar": false,
			"title": {"text":"Upchuck Blocks"},
			"icon": {"type": "texture", "texture": "ben_ten:textures/gui/omnitrix/gourmand_bellyblast.png"},
			"bar_color": "green",
			"commands": [
			"execute @s[score_Blocks_min=3] ~ ~ ~ /scoreboard players remove @s Blocks 3",
			"execute @s[score_Blocks=3,score_Blocks_min=0] ~ ~ ~ /tellraw @s {\"text\":\"You need to eat something first!\"}",
			"execute @s[score_Blocks=3,score_Blocks_min=0] ~ ~ ~ kill @e[type=lucraftcore:energy_blast,r=3]",
			"execute @s[score_Blocks=3,score_Blocks_min=0] ~ ~ ~ scoreboard players tag @s remove Boom!!"]
		},
		"timer":{
			"ability": "lucraftcore:command_loop",
			"show_in_bar": false,
			"cooldown": 0,
			"title": {"text":"Timer"},			
			"icon": {"type": "texture",
				"texture": "ben_ten:textures/gui/omnitrix/redomnitrix.png"},
			"conditions": [{"type": "lucraftcore:not", 
			            "conditions": [{
						"type": "lucraftcore:scoreboard_tag", 
						"tag": "Master"}]}],
			"commands": ["superpowerxp 1 @s", 
			"scoreboard players remove @s Timer 1", 
			"execute @s[score_Timer=0,score_Timer_min=0,tag=os] ~ ~ ~ /superpower @s ben_ten:prototypeomnitrix", 
			"execute @s[score_Timer=0,score_Timer_min=0,tag=os] ~ ~ ~ /particle reddust ~ ~ ~ 1 1 1 0 7000", 
			"execute @s[score_Timer=60,score_Timer_min=60,tag=os] ~ ~ ~ /playsound minecraft:custom.timeout master @a ~ ~ ~", 
			"execute @s[score_Timer=60,score_Timer_min=60,tag=os] ~ ~ ~ /superpower @s ben_ten:perk_gourmand_t", 
			"execute @s[score_Timer=40,score_Timer_min=40,tag=os] ~ ~ ~ /superpower @s ben_ten:perk_gourmand_t", 
			"execute @s[score_Timer=20,score_Timer_min=20,tag=os] ~ ~ ~ /superpower @s ben_ten:perk_gourmand_t",   
			"execute @s[score_Timer=1,score_Timer_min=1,tag=os] ~ ~ ~ /playsound minecraft:custom.transform master @a ~ ~ ~", 
			"execute @s[score_Timer=0,score_Timer_min=0,tag=af] ~ ~ ~ /superpower @s ben_ten:recalibratedomnitrix", 
			"execute @s[score_Timer=0,score_Timer_min=0,tag=af] ~ ~ ~ /particle fallingdust ~ ~ ~ 1 1 1 0 3500 force @a 0133", 
			"execute @s[score_Timer=1,score_Timer_min=1,tag=af] ~ ~ ~ /playsound minecraft:custom.recalibratedhuman master @a ~ ~ ~", 
			"execute @s[score_Timer=0,score_Timer_min=0,tag=ov] ~ ~ ~ /superpower @s ben_ten:completedomnitrix", 
			"execute @s[score_Timer=30,score_Timer_min=30,tag=ov] ~ ~ ~ /playsound minecraft:custom.ov_timer master @a ~ ~ ~", 
			"execute @s[score_Timer=1,score_Timer_min=1,tag=ov] ~ ~ ~ /playsound minecraft:custom.ov_human master @a ~ ~ ~",			
			"execute @s[score_Timer=0,score_Timer_min=0,tag=ua] ~ ~ ~ /superpower @s ben_ten:ultimatrix", 
			"execute @s[score_Timer=0,score_Timer_min=0,tag=ua] ~ ~ ~ /playsound minecraft:custom.ultimatrixhuman master @a ~ ~ ~", 
			"execute @s[score_Timer=0,score_Timer_min=0,tag=ua] ~ ~ ~ /particle fallingdust ~ ~ ~ 1 1 1 0 3500 force @a 0133"],
			"hidden": true
		},
		"death_state":{
			"ability": "lucraftcore:command_loop",
			"show_in_bar": false,
			"cooldown": 0,
			"title": {"text":"Death State"},			
			"icon": {"type": "texture",
				"texture": "ben_ten:textures/gui/omnitrix/recal_timeout.png"},
			"commands": ["execute @s[score_Health=0,score_Health_min=0,tag=os] ~ ~ ~ /superpower @s ben_ten:prototypeomnitrix",
			"execute @s[score_Health=0,score_Health_min=0,tag=af] ~ ~ ~ /superpower @s ben_ten:recalibratedomnitrix",
			"execute @s[score_Health=0,score_Health_min=0,tag=ua] ~ ~ ~ /superpower @s ben_ten:ultimatrix",
			"execute @s[score_Health=0,score_Health_min=0,tag=ov] ~ ~ ~ /superpower @s ben_ten:completedomnitrix"],
			"hidden": true
		},
		"master_base": {	
	        "ability": "lucraftcore:command",		
			"cooldown": 0,
            "show_in_bar": true,	
            "title": {"text":"Base Form"},
			"icon": { "type": "texture", "texture": "ben_ten:textures/gui/omnitrix/omnitrix.png" },
			"conditions": [{"type": "lucraftcore:scoreboard_tag", 
			                "tag": "Master"},
							{"type": "lucraftcore:scoreboard_tag", 
			                "tag": "os"}],
            "bar_color": "green",				
			"commands": ["execute @s[tag=os] ~ ~ ~ /superpower @s ben_ten:prototypeomnitrix", 
			"execute @s[tag=os] ~ ~ ~ /playsound minecraft:custom.transform master @a ~ ~ ~", 
			"execute @s[tag=os] ~ ~ ~ /particle fallingdust ~ ~ ~ 1 1 1 0 3500 force @a 0133"]
		},
		"base_os": {	
	        "ability": "lucraftcore:command",
			"required_level": 30,		
			"cooldown": 0,
            "show_in_bar": true,	
            "title": {"text":"Base Form"},
			"icon": { "type": "texture", "texture": "ben_ten:textures/gui/omnitrix/omnitrix.png" },
			"conditions": [{"type": "lucraftcore:scoreboard_tag", 
			                "tag": "os"},
							{"type": "lucraftcore:not", 
			                    "conditions": [{
						        "type": "lucraftcore:scoreboard_tag", 
						        "tag": "Master"}]}],
            "bar_color": "green",				
			"commands": ["execute @s[tag=os] ~ ~ ~ /superpower @s ben_ten:prototypeomnitrix", 
			"execute @s[tag=os] ~ ~ ~ /playsound minecraft:custom.transform master @a ~ ~ ~", 
			"execute @s[tag=os] ~ ~ ~ /particle fallingdust ~ ~ ~ 1 1 1 0 3500 force @a 0133"]
		},
		"base_af": {	
	        "ability": "lucraftcore:command",		
			"cooldown": 0,
            "show_in_bar": true,	
            "title": {"text":"Base Form"},
			"icon": { "type": "texture", "texture": "ben_ten:textures/gui/omnitrix/recal_omnitrix.png" },
            "bar_color": "green",
			"conditions": [{
                        "type": "lucraftcore:or",
                            "conditions": [
                            {"type": "lucraftcore:scoreboard_tag",
                             "tag": "af"
                            },
                            {"type": "lucraftcore:scoreboard_tag",
                             "tag": "ua"
                            }]
                    }],
			"commands": ["execute @s[tag=af] ~ ~ ~ /superpower @s[tag=af] ben_ten:recalibratedomnitrix", 
			"execute @s[tag=af] ~ ~ ~ /playsound minecraft:custom.recalibratedhuman master @a ~ ~ ~",
			"execute @s[tag=ua] ~ ~ ~ /superpower @s ben_ten:ultimatrix",
			"execute @s[tag=ua] ~ ~ ~ /playsound minecraft:custom.ultimatrixhuman master @a ~ ~ ~",
			"execute @s[tag=os] ~ ~ ~ /superpower @s ben_ten:prototypeomnitrix", 
			"execute @s[tag=os] ~ ~ ~ /playsound minecraft:custom.transform master @a ~ ~ ~",
			"/particle fallingdust ~ ~ ~ 1 1 1 0 3500 force @a 0133"]
		},
		"base_ov": {	
	        "ability": "lucraftcore:command",		
			"cooldown": 0,
            "show_in_bar": true,	
            "title": {"text":"Base Form"},
			"icon": { "type": "texture", "texture": "ben_ten:textures/gui/omnitrix/ov_trix_master.png" },
            "bar_color": "green",
			"conditions": [{
			    "type": "lucraftcore:scoreboard_tag",
				"tag": "ov"}],				
			"commands": ["execute @s[tag=ov] ~ ~ ~ /superpower @s ben_ten:completedomnitrix", 
			"execute @s[tag=ov] ~ ~ ~ /playsound minecraft:custom.ov_human master @a ~ ~ ~",
			"/particle fallingdust ~ ~ ~ 1 1 1 0 3500 force @a 0133"]
		}
	}
}