{
	"name": {
		"text": "Petrosapien"
	},

	"icon": {
		"type": "texture",
		"texture": "ben_ten:textures/gui/omnitrix/petrosapien_activation_os.png"
	},

	"creative_tab": "ben10",
	
	"max_level": 40,
	
	"capsule_color": 3080117,
	
    "effects": [
        {
            "type": "skin_change",
            "texture": "ben_ten:textures/models/ben/timeout/petrosapien_timeout.png"
       }
    ],
	
	"abilities": {
		"radiation_protection": {
            "ability": "the-fifth-world:potion_immunity",
            "show_in_bar": false,
            "title": {"text":"Radiation Protection"},
            "icon": {"type": "internal"},
            "potion": "lucraftcore:radiation"
       },
        "tough_lungs": {
            "ability": "lucraftcore:tough_lungs",
            "show_in_bar": false,
            "title": {"translate":"lucraftcore.abilities.tough_lungs.name"},
            "icon": {"type": "internal"},
            "bar_color": "green"
       },
		"size": {
			"ability": "lucraftcore:command_loop",
			"show_in_bar": false,
			"title": {"text": "Big size"},
			"icon": {"type": "internal"},
			"bar_color": "light_gray",
			"commands": ["sizechange @s 1.3 lucraftcore:default"]
		},
		"health": {		
			"ability": "lucraftcore:health",			
            "show_in_bar": false,		
            "title": {"text":"Health"},					
			"amount": 10,
			"operation": 0,
			"uuid": "5c5cfbea-9f1b-42dd-b43c-d129733c4a75"		
		},
		"strength": {	
			"ability": "lucraftcore:strength",				
            "show_in_bar": false,		
            "title": {"text":"Strength"},							
			"amount": 20,
			"operation": 0,
			"uuid": "5c5cfbea-9f1b-42dd-b43c-d129733c4a75"			
		},
		"defense": {
			"ability": "lucraftcore:resistance",			
            "show_in_bar": false,		
            "title": {"text":"Resistance"},						
			"amount": 20,
			"operation": 0,
			"uuid": "5c5cfbea-9f1b-42dd-b43c-d129733c4a75"			
		},		
		"diamond_shield":{
            "ability": "lucraftcore:command",
            "cooldown": 400,
            "show_in_bar": true,
			"bar_color": "green",
            "cooldown": 0,
            "title": {"text":"Diamond Shield"},
            "icon": {"type": "texture", "texture": "ben_ten:textures/gui/omnitrix/diamond_shield.png"},
            "commands": ["/cast ebwizardry:frost_barrier @p"],
            "hidden": true
		},
		"diamond_shield_xp": {
            "ability": "lucraftcore:command",
            "cooldown": 0,
			"parent_ability": "diamond_shield",
            "show_in_bar": false,
            "title": {"text":"Diamond Shield XP"},
            "icon": {"type": "internal"},
            "bar_color": "light_gray",
		    "commands": ["/superpowerxp 10 @s"],
		    "hidden": true
		},
		"cocoon": {	
	        "ability": "lucraftcore:command",
			"required_level": 20,
            "cooldown": 400,
            "show_in_bar": true,	
            "title": {"text":"Diamond Cocoon"},
			"icon": {"type": "texture", "texture": "ben_ten:textures/gui/omnitrix/diamond_dome.png"},
            "bar_color": "green",				
			"commands": ["/fill ~-2 ~-1 ~-2 ~2 ~4 ~2 prismarine 1 hollow", 
			"playsound minecraft:custom.cocoon master @a[r=10] ~ ~ ~"]
		},
		"cocoon_xp": {
            "ability": "lucraftcore:command",
            "cooldown": 0,
			"parent_ability": "cocoon",
            "show_in_bar": false,
            "title": {"text":"Cocoon XP"},
            "icon": {"type": "internal"},
            "bar_color": "light_gray",
		    "commands": ["/superpowerxp 30 @s"],
		    "hidden": true
		},
		"diamond_shot":{
            "ability": "lucraftcore:command",
            "show_in_bar": true,
			"bar_color": "green",
            "cooldown": 0,
            "title": {"text":"Diamond Shot"},
            "icon": {"type": "texture", "texture": "ben_ten:textures/gui/omnitrix/diamond_shot.png"},
            "commands": ["/cast ebwizardry:ice_shard @p"],
            "hidden": true
		},
		"diamond_shot_xp": {
            "ability": "lucraftcore:command",
            "cooldown": 0,
			"parent_ability": "diamond_shot",
            "show_in_bar": false,
            "title": {"text":"Diamond Shot XP"},
            "icon": {"type": "internal"},
            "bar_color": "light_gray",
		    "commands": ["/superpowerxp 5 @s"],
		    "hidden": true
		},
		"diamond_spikes":{
            "ability": "lucraftcore:command",
			"required_level": 25,
            "cooldown": 200,
            "show_in_bar": true,
			"bar_color": "green",
            "title": {"text":"Diamond Spikes"},
            "icon": {"type": "texture", "texture": "ben_ten:textures/gui/omnitrix/diamond_spikes.png"},
            "commands": ["/cast ebwizardry:ice_spikes @p"],
            "hidden": true
		},
		"diamond_spikes_xp": {
            "ability": "lucraftcore:command",
            "cooldown": 0,
			"parent_ability": "diamond_spikes",
            "show_in_bar": false,
            "title": {"text":"Diamond Spikes XP"},
            "icon": {"type": "internal"},
            "bar_color": "light_gray",
		    "commands": ["/superpowerxp 30 @s"],
		    "hidden": true
		},
		"crystal_rain":{
            "ability": "lucraftcore:command",
			"required_level": 30,
            "cooldown": 400,
            "show_in_bar": true,
			"bar_color": "green",            
            "title": {"text":"Crystal Rain"},
            "icon": {"type": "texture", "texture": "ben_ten:textures/gui/omnitrix/diamond_rain.png"},
            "commands": ["/cast ebwizardry:hailstorm @p"],
            "hidden": true
		},
		"crystal_rain_xp": {
            "ability": "lucraftcore:command",
            "cooldown": 0,
			"parent_ability": "crystal_rain",
            "show_in_bar": false,
            "title": {"text":"Crystal Rain XP"},
            "icon": {"type": "internal"},
            "bar_color": "light_gray",
		    "commands": ["/superpowerxp 30 @s"],
		    "hidden": true
		},
		"timer_red":{
			"ability": "lucraftcore:command_loop",
			"show_in_bar": false,
			"cooldown": 0,
			"title": {"text":"Timer"},			
			"icon": {"type": "texture",
				"texture": "ben_ten:textures/gui/omnitrix/redomnitrix.png"},
			"conditions": [{"type": "lucraftcore:not", 
			            "conditions": [{
						"type": "lucraftcore:scoreboard_tag", 
						"tag": "Master"}]}],
			"commands": ["superpowerxp 1 @s", 
			"scoreboard players remove @s Timer 1", 
			"execute @s[score_Timer=50,score_Timer_min=50] ~ ~ ~ /superpower @s ben_ten:petrosapien", 
			"execute @s[score_Timer=30,score_Timer_min=30] ~ ~ ~ /superpower @s ben_ten:petrosapien",
			"execute @s[score_Timer=10,score_Timer_min=10] ~ ~ ~ /superpower @s ben_ten:petrosapien"]
		},
		"death_state":{
			"ability": "lucraftcore:command_loop",
			"show_in_bar": false,
			"cooldown": 0,
			"title": {"text":"Death State"},			
			"icon": {"type": "texture",
				"texture": "ben_ten:textures/gui/omnitrix/recal_timeout.png"},
			"commands": ["execute @s[score_Health=0,score_Health_min=0,tag=os] ~ ~ ~ /superpower @s ben_ten:prototypeomnitrix",
			"execute @s[score_Health=0,score_Health_min=0,tag=af] ~ ~ ~ /superpower @s ben_ten:recalibratedomnitrix",
			"execute @s[score_Health=0,score_Health_min=0,tag=ua] ~ ~ ~ /superpower @s ben_ten:ultimatrix",
			"execute @s[score_Health=0,score_Health_min=0,tag=ov] ~ ~ ~ /superpower @s ben_ten:completedomnitrix"],
			"hidden": true
		},
		"master_base": {	
	        "ability": "lucraftcore:command",		
			"cooldown": 0,
            "show_in_bar": true,	
            "title": {"text":"Base Form"},
			"icon": {"type": "texture", "texture": "ben_ten:textures/gui/omnitrix/omnitrix.png"},
			"conditions": [{"type": "lucraftcore:scoreboard_tag", "tag": "Master"}],
            "bar_color": "green",				
			"commands": ["/superpower @s ben_ten:prototypeomnitrix", 
			"playsound minecraft:custom.transform master @a ~ ~ ~", 
			"particle fallingdust ~ ~ ~ 1 1 1 0 3500 force @a 0133"]
		},
		"base": {	
	        "ability": "lucraftcore:command",		
			"cooldown": 0,
			"required_level": 35,
            "show_in_bar": true,	
            "title": {"text":"Base Form"},
			"icon": {"type": "texture", "texture": "ben_ten:textures/gui/omnitrix/omnitrix.png"},
            "bar_color": "green",
			"conditions": [{"type": "lucraftcore:not", "conditions": [{"type": "lucraftcore:scoreboard_tag", "tag": "Master"}]}],				
			"commands": ["/superpower @s ben_ten:prototypeomnitrix", 
			"playsound minecraft:custom.transform master @a ~ ~ ~", 
			"particle fallingdust ~ ~ ~ 1 1 1 0 3500 force @a 0133", 
			"execute @s ~ ~ ~ /fill ~-15 ~-15 ~-15 ~15 ~15 ~15 air 0 replace prismarine 1"]
		}
	}
}