{
	"name": {
		"text": "Petrosapien"
	},

	"icon": {
		"type": "texture",
		"texture": "ben_ten:textures/gui/omnitrix/petrosapien_activation.png"
	},

	"creative_tab": "ben10",
	
	"max_level": 40,
	
	"capsule_color": 3080117,
	
    "effects": [
        {
            "type": "skin_change",
            "texture": "ben_ten:textures/models/ben/petrosapien.png"
        },
		{
        "type": "skin_change",
        "texture": "ben_ten:textures/models/ben/recalibrated/r_petrosapien.png",
            "conditions": [            	
				{
            		"type": "ability_enabled",
					"ability": "lucraftcore:knockback_resistance"
            	}
			]
        },
		{
            "type": "skin_overlay",
            "texture": "ben_ten:textures/overlays/glow/recalibrated/r_petrosapien_glow.png",
            "size": 0,
            "glow": true,
            "conditions": [
            	{
            		"type": "always"
            	},
				{
            		"type": "ability_enabled",
					"ability": "lucraftcore:knockback_resistance"
            	}
            ]
        },
		{
        "type": "skin_change",
        "texture": "ben_ten:textures/models/ben/ov_petrosapien.png",
            "conditions": [            	
				{
            		"type": "ability_enabled",
					"ability": "lucraftcore:step_assist"
            	}
			]
        },
		{
            "type": "skin_overlay",
            "texture": "ben_ten:textures/overlays/glow/ov_petrosapien_glow.png",
            "size": 0,
            "glow": true,
            "conditions": [
            	{
            		"type": "always"
            	},
				{
            		"type": "ability_enabled",
					"ability": "lucraftcore:step_assist"
            	}
            ]
        }
    ],
	
	"abilities": {
		"radiation_protection": {
            "ability": "the-fifth-world:potion_immunity",
            "show_in_bar": false,
            "title": {"text":"Radiation Protection"},
            "icon": { "type": "internal" },
            "potion": "lucraftcore:radiation"
        },
		"gain": {
            "ability": "lucraftcore:command_on_gain",
            "show_in_bar": false,
            "title": {"translate":"lucraftcore.abilities.command_on_gain.name"},
            "icon": { "type": "internal" },
            "commands": ["scoreboard objectives add Sneak stat.sneakTime"]
        },
		"lose": {
            "ability": "lucraftcore:command_on_lose",
            "show_in_bar": false,
            "title": {"translate":"lucraftcore.abilities.command_on_lose.name"},
            "icon": { "type": "internal" },
            "commands": ["scoreboard objectives remove Sneak stat.sneakTime"]
        },		
		"sneak": {
		    "hidden": true,
			"ability": "lucraftcore:command_loop",
			"show_in_bar": false,
			"title": {"text": "Sneak"},
			"icon": { "type": "texture", "texture": "ben_ten:textures/gui/omnitrix/ov_trix_timeout.png" },
			"bar_color": "light_gray",
			"commands": ["scoreboard players tag @s[score_Sneak=1,score_Sneak_min=1] add Sneaking",
            "scoreboard players tag @s[score_Sneak=0,score_Sneak_min=0] remove Sneaking",
			"execute @s[score_Sneak_min=1] ~ ~ ~ /fill ~-6 ~-6 ~-6 ~6 ~6 ~6 air 0 replace prismarine 1",
			"scoreboard players set @s[score_Sneak_min=1] Sneak 0"]
        },
        "tough_lungs": {
            "ability": "lucraftcore:tough_lungs",
            "show_in_bar": false,
            "title": {"translate":"lucraftcore.abilities.tough_lungs.name"},
            "icon": { "type": "internal" },
            "bar_color": "green"
        },
		"size": {
			"ability": "lucraftcore:command_loop",
			"show_in_bar": false,
			"title": {"text": "Big size"},
			"icon": { "type": "internal" },
			"bar_color": "light_gray",
			"commands": ["sizechange @s 1.3"]
		},
		"step_assist": {
            "ability": "lucraftcore:step_assist",
            "show_in_bar": false,
            "title": {"translate":"lucraftcore.abilities.step_assist.name"},
            "icon": { "type": "internal" },
            "bar_color": "light_gray",
            "amount": 0.0,
            "operation": 0,
			"conditions": [{
			    "type": "lucraftcore:scoreboard_tag",
				"tag": "ov"}],
            "uuid": "0669d99d-b34d-40fc-a4d8-c7ee963cc842"
        },
		"knockback_resistance": {
            "ability": "lucraftcore:knockback_resistance",
            "show_in_bar": false,
            "title": {"translate":"lucraftcore.abilities.knockback_resistance.name"},
            "icon": { "type": "internal" },
            "bar_color": "light_gray",
			"conditions": [{
                        "type": "lucraftcore:or",
                            "conditions": [
                            {"type": "lucraftcore:scoreboard_tag",
                             "tag": "af"
                            },
                            {"type": "lucraftcore:scoreboard_tag",
                             "tag": "ua"
                            }]
                    }],
            "amount": 0.0,
            "operation": 0,
            "uuid": "0669d99d-b34d-40fc-a4d8-c7ee963cc842"
        },
		"health": {		
			"ability": "lucraftcore:health",			
            "show_in_bar": false,		
            "title": {"text":"Health"},					
			"amount": 10,
			"operation": 0,
			"uuid": "5c5cfbea-9f1b-42dd-b43c-d129733c4a75"		
		},
		"strength": {	
			"ability": "lucraftcore:strength",				
            "show_in_bar": false,		
            "title": {"text":"Strength"},							
			"amount": 12,
			"operation": 0,
			"uuid": "5c5cfbea-9f1b-42dd-b43c-d129733c4a75"			
		},
		"defense": {
			"ability": "lucraftcore:resistance",			
            "show_in_bar": false,		
            "title": {"text":"Resistance"},						
			"amount": 20,
			"operation": 0,
			"uuid": "5c5cfbea-9f1b-42dd-b43c-d129733c4a75"			
		},		
		"diamond_shield":{
            "ability": "lucraftcore:command",
            "cooldown": 20,
            "show_in_bar": true,
			"bar_color": "green",
            "title": {"text":"Diamond Shield"},
            "icon": {"type": "texture", "texture": "ben_ten:textures/gui/omnitrix/diamond_shield.png"},
            "commands": ["execute @s[ry=-68,rym=-112] ~ ~ ~ /summon armor_stand ~3 ~ ~ {CustomName:\"Wall1\",Small:1,Invisible:1,NoGravity:1}",
                         "execute @e[name=Wall1] ~ ~ ~ /fill ~ ~ ~-2 ~ ~2 ~2 prismarine 1 replace air 0",
						 "execute @e[name=Wall1] ~ ~ ~ /fill ~ ~ ~-2 ~ ~2 ~2 prismarine 1 replace tallgrass 1",
						 "execute @e[name=Wall1] ~ ~ ~ /fill ~ ~ ~-2 ~ ~2 ~2 prismarine 1 replace double_plant 2",
                         "execute @s[ry=112,rym=68] ~ ~ ~ /summon armor_stand ~-3 ~ ~ {CustomName:\"Wall2\",Small:1,Invisible:1,NoGravity:1}",
                         "execute @e[name=Wall2] ~ ~ ~ /fill ~ ~ ~-2 ~ ~2 ~2 prismarine 1 replace air 0",
						 "execute @e[name=Wall2] ~ ~ ~ /fill ~ ~ ~-2 ~ ~2 ~2 prismarine 1 replace tallgrass 1",
						 "execute @e[name=Wall2] ~ ~ ~ /fill ~ ~ ~-2 ~ ~2 ~2 prismarine 1 replace double_plant 2",
                         "execute @s[ry=22,rym=-22] ~ ~ ~ /summon armor_stand ~ ~ ~3 {CustomName:\"Wall3\",Small:1,Invisible:1,NoGravity:1}",
                         "execute @e[name=Wall3] ~ ~ ~ /fill ~-2 ~ ~ ~2 ~2 ~ prismarine 1 replace air 0",
						 "execute @e[name=Wall3] ~ ~ ~ /fill ~-2 ~ ~ ~2 ~2 ~ prismarine 1 replace tallgrass 1",
						 "execute @e[name=Wall3] ~ ~ ~ /fill ~-2 ~ ~ ~2 ~2 ~ prismarine 1 replace double_plant 2",
						 "execute @s[ry=-158,rym=158] ~ ~ ~ /summon armor_stand ~ ~ ~-3 {CustomName:\"Wall4\",Small:1,Invisible:1,NoGravity:1}",
                         "execute @e[name=Wall4] ~ ~ ~ /fill ~-2 ~ ~ ~2 ~2 ~ prismarine 1 replace air 0",
						 "execute @e[name=Wall4] ~ ~ ~ /fill ~-2 ~ ~ ~2 ~2 ~ prismarine 1 replace tallgrass 1",
						 "execute @e[name=Wall4] ~ ~ ~ /fill ~-2 ~ ~ ~2 ~2 ~ prismarine 1 replace double_plant 2",
						 "execute @e[type=armor_stand,r=10] ~ ~ ~ /particle blockcrack ~ ~ ~ 2 1.2 2 50 1000 force @a 4264",
						 "execute @s ~ ~ ~ kill @e[type=armor_stand,r=10]"],
            "hidden": true
		},
		"cocoon": {	
	        "ability": "lucraftcore:command",
			"required_level": 20,
            "cooldown": 400,
            "show_in_bar": true,	
            "title": {"text":"Diamond Cocoon"},
			"icon": { "type": "texture", "texture": "ben_ten:textures/gui/omnitrix/diamond_dome.png" },
            "bar_color": "green",				
			"commands": ["/fill ~-2 ~-1 ~-2 ~2 ~4 ~2 prismarine 1 hollow", 
			"playsound minecraft:custom.cocoon master @a[r=10] ~ ~ ~", 
			"/superpowerxp 30 @s"]
		},
		"diamond_shot":{
            "ability": "lucraftcore:command",
            "show_in_bar": true,
			"bar_color": "green",
            "cooldown": 0,
            "title": {"text":"Diamond Shot"},
            "icon": {"type": "texture", "texture": "ben_ten:textures/gui/omnitrix/diamond_shot.png"},
            "commands": ["/cast ebwizardry:ice_shard @p", "/superpowerxp 5 @s"],
            "hidden": true
		},
		"diamond_spikes":{
            "ability": "lucraftcore:command",
			"required_level": 25,
            "cooldown": 200,
            "show_in_bar": true,
			"bar_color": "green",
            "title": {"text":"Diamond Spikes"},
            "icon": {"type": "texture", "texture": "ben_ten:textures/gui/omnitrix/diamond_spikes.png"},
            "commands": ["/cast ebwizardry:ice_spikes @p", "/superpowerxp 30 @s"],
            "hidden": true
		},
		"crystal_rain":{
            "ability": "lucraftcore:command",
			"required_level": 30,
            "cooldown": 400,
            "show_in_bar": true,
			"bar_color": "green",            
            "title": {"text":"Crystal Rain"},
            "icon": {"type": "texture", "texture": "ben_ten:textures/gui/omnitrix/diamond_rain.png"},
            "commands": ["/cast ebwizardry:hailstorm @p", "/superpowerxp 30 @s"],
            "hidden": true
		},
		"timer":{
			"ability": "lucraftcore:command_loop",
			"show_in_bar": false,
			"cooldown": 0,
			"title": {"text":"Timer"},			
			"icon": {"type": "texture",
				"texture": "ben_ten:textures/gui/omnitrix/redomnitrix.png"},
			"conditions": [{"type": "lucraftcore:not", 
			            "conditions": [{
						"type": "lucraftcore:scoreboard_tag", 
						"tag": "Master"}]}],
			"commands": ["superpowerxp 1 @s", 
			"scoreboard players remove @s Timer 1", 
			"execute @s[score_Timer=0,score_Timer_min=0,tag=os] ~ ~ ~ /superpower @s ben_ten:prototypeomnitrix", 
			"execute @s[score_Timer=0,score_Timer_min=0,tag=os] ~ ~ ~ /particle reddust ~ ~ ~ 1 1 1 0 7000", 
			"execute @s[score_Timer=60,score_Timer_min=60,tag=os] ~ ~ ~ /playsound minecraft:custom.timeout master @a ~ ~ ~", 
			"execute @s[score_Timer=60,score_Timer_min=60,tag=os] ~ ~ ~ /superpower @s ben_ten:petrosapien_t", 
			"execute @s[score_Timer=40,score_Timer_min=40,tag=os] ~ ~ ~ /superpower @s ben_ten:petrosapien_t", 
			"execute @s[score_Timer=20,score_Timer_min=20,tag=os] ~ ~ ~ /superpower @s ben_ten:petrosapien_t",
			"execute @s[score_Timer=0,score_Timer_min=0,tag=os] ~ ~ ~ /fill ~-15 ~-15 ~-15 ~15 ~15 ~15 air 0 replace prismarine 1",   
			"execute @s[score_Timer=1,score_Timer_min=1,tag=os] ~ ~ ~ /playsound minecraft:custom.transform master @a ~ ~ ~", 
			"execute @s[score_Timer=0,score_Timer_min=0,tag=af] ~ ~ ~ /superpower @s ben_ten:recalibratedomnitrix", 
			"execute @s[score_Timer=0,score_Timer_min=0,tag=af] ~ ~ ~ /particle fallingdust ~ ~ ~ 1 1 1 0 3500 force @a 0133", 
			"execute @s[score_Timer=1,score_Timer_min=1,tag=af] ~ ~ ~ /playsound minecraft:custom.recalibratedhuman master @a ~ ~ ~",
			"execute @s[score_Timer=0,score_Timer_min=0,tag=af] ~ ~ ~ /fill ~-15 ~-15 ~-15 ~15 ~15 ~15 air 0 replace prismarine 1", 
			"execute @s[score_Timer=0,score_Timer_min=0,tag=ov] ~ ~ ~ /superpower @s ben_ten:completedomnitrix", 
			"execute @s[score_Timer=30,score_Timer_min=30,tag=ov] ~ ~ ~ /playsound minecraft:custom.ov_timer master @a ~ ~ ~", 
			"execute @s[score_Timer=1,score_Timer_min=1,tag=ov] ~ ~ ~ /playsound minecraft:custom.ov_human master @a ~ ~ ~",
			"execute @s[score_Timer=0,score_Timer_min=0,tag=ov] ~ ~ ~ /fill ~-15 ~-15 ~-15 ~15 ~15 ~15 air 0 replace prismarine 1",			
			"execute @s[score_Timer=0,score_Timer_min=0,tag=ua] ~ ~ ~ /superpower @s ben_ten:ultimatrix",  
			"execute @s[score_Timer=0,score_Timer_min=0,tag=ua] ~ ~ ~ /playsound minecraft:custom.ultimatrixhuman master @a ~ ~ ~",
			"execute @s[score_Timer=0,score_Timer_min=0,tag=ua] ~ ~ ~ /particle fallingdust ~ ~ ~ 1 1 1 0 3500 force @a 0133",
			"execute @s[score_Timer=0,score_Timer_min=0,tag=ua] ~ ~ ~ /fill ~-15 ~-15 ~-15 ~15 ~15 ~15 air 0 replace prismarine 1"],
			"hidden": true
		},
		"switch":{
			"ability": "lucraftcore:command",
			"show_in_bar": true,
			"cooldown": 0,
			"title": {"text":"Switch"},			
			"icon": {"type": "texture",
				"texture": "ben_ten:textures/gui/omnitrix/recal_activation.png"},
			"conditions": [{
                        "type": "lucraftcore:or",
                            "conditions": [
                            {"type": "lucraftcore:scoreboard_tag",
                             "tag": "af"
                           },
                            {"type": "lucraftcore:scoreboard_tag",
                             "tag": "ua"
                           }]
                   }],
			"commands": ["/superpower @s[score_Timer_min=1200,tag=af] ben_ten:petrosapien_switch",
			"/superpower @s[score_Timer_min=1200,tag=ua] ben_ten:U_petrosapien_switch",
			"execute @s[score_Timer=1199,score_Timer_min=0] ~ ~ ~ /tellraw @s {\"text\":\"Insufficient Power\",\"color\":\"green\"}"],
			"bar_color": "green",
			"hidden": true
		},
		"death_state":{
			"ability": "lucraftcore:command_loop",
			"show_in_bar": false,
			"cooldown": 0,
			"title": {"text":"Death State"},			
			"icon": {"type": "texture",
				"texture": "ben_ten:textures/gui/omnitrix/recal_timeout.png"},
			"commands": ["execute @s[score_Health=0,score_Health_min=0,tag=os] ~ ~ ~ /superpower @s ben_ten:prototypeomnitrix",
			"execute @s[score_Health=0,score_Health_min=0,tag=af] ~ ~ ~ /superpower @s ben_ten:recalibratedomnitrix",
			"execute @s[score_Health=0,score_Health_min=0,tag=ua] ~ ~ ~ /superpower @s ben_ten:ultimatrix",
			"execute @s[score_Health=0,score_Health_min=0,tag=ov] ~ ~ ~ /superpower @s ben_ten:completedomnitrix"],
			"hidden": true
		},
		"master_base": {	
	        "ability": "lucraftcore:command",		
			"cooldown": 0,
            "show_in_bar": true,	
            "title": {"text":"Base Form"},
			"icon": { "type": "texture", "texture": "ben_ten:textures/gui/omnitrix/omnitrix.png" },
			"conditions": [{"type": "lucraftcore:scoreboard_tag", 
			                "tag": "Master"},
							{"type": "lucraftcore:scoreboard_tag", 
			                "tag": "os"}],
            "bar_color": "green",				
			"commands": ["execute @s[tag=os] ~ ~ ~ /superpower @s ben_ten:prototypeomnitrix", 
			"execute @s[tag=os] ~ ~ ~ /playsound minecraft:custom.transform master @a ~ ~ ~", 
			"execute @s[tag=os] ~ ~ ~ /particle fallingdust ~ ~ ~ 1 1 1 0 3500 force @a 0133",
			"execute @s[tag=os] ~ ~ ~ /fill ~-15 ~-15 ~-15 ~15 ~15 ~15 air 0 replace prismarine 1"]
		},
		"base_os": {	
	        "ability": "lucraftcore:command",
			"required_level": 30,		
			"cooldown": 0,
            "show_in_bar": true,	
            "title": {"text":"Base Form"},
			"icon": { "type": "texture", "texture": "ben_ten:textures/gui/omnitrix/omnitrix.png" },
			"conditions": [{"type": "lucraftcore:scoreboard_tag", 
			                "tag": "os"},
							{"type": "lucraftcore:not", 
			                    "conditions": [{
						        "type": "lucraftcore:scoreboard_tag", 
						        "tag": "Master"}]}],
            "bar_color": "green",				
			"commands": ["execute @s[tag=os] ~ ~ ~ /superpower @s ben_ten:prototypeomnitrix", 
			"execute @s[tag=os] ~ ~ ~ /playsound minecraft:custom.transform master @a ~ ~ ~", 
			"execute @s[tag=os] ~ ~ ~ /particle fallingdust ~ ~ ~ 1 1 1 0 3500 force @a 0133"]
		},
		"base_af": {	
	        "ability": "lucraftcore:command",		
			"cooldown": 0,
            "show_in_bar": true,	
            "title": {"text":"Base Form"},
			"icon": { "type": "texture", "texture": "ben_ten:textures/gui/omnitrix/recal_omnitrix.png" },
            "bar_color": "green",
			"conditions": [{
                        "type": "lucraftcore:or",
                            "conditions": [
                            {"type": "lucraftcore:scoreboard_tag",
                             "tag": "af"
                            },
                            {"type": "lucraftcore:scoreboard_tag",
                             "tag": "ua"
                            }]
                    }],
			"commands": ["execute @s[tag=af] ~ ~ ~ /superpower @s[tag=af] ben_ten:recalibratedomnitrix", 
			"execute @s[tag=af] ~ ~ ~ /playsound minecraft:custom.recalibratedhuman master @a ~ ~ ~",
			"execute @s[tag=ua] ~ ~ ~ /superpower @s ben_ten:ultimatrix",
			"execute @s[tag=ua] ~ ~ ~ /playsound minecraft:custom.ultimatrixhuman master @a ~ ~ ~",
			"execute @s[tag=os] ~ ~ ~ /superpower @s ben_ten:prototypeomnitrix", 
			"execute @s[tag=os] ~ ~ ~ /playsound minecraft:custom.transform master @a ~ ~ ~",
			"particle fallingdust ~ ~ ~ 1 1 1 0 3500 force @a 0133",
			"fill ~-15 ~-15 ~-15 ~15 ~15 ~15 air 0 replace prismarine 1"]
		},
		"base_ov": {	
	        "ability": "lucraftcore:command",		
			"cooldown": 0,
            "show_in_bar": true,	
            "title": {"text":"Base Form"},
			"icon": { "type": "texture", "texture": "ben_ten:textures/gui/omnitrix/ov_trix_master.png" },
            "bar_color": "green",
			"conditions": [{
			    "type": "lucraftcore:scoreboard_tag",
				"tag": "ov"}],				
			"commands": ["execute @s[tag=ov] ~ ~ ~ /superpower @s ben_ten:completedomnitrix", 
			"execute @s[tag=ov] ~ ~ ~ /playsound minecraft:custom.ov_human master @a ~ ~ ~",
			"/particle fallingdust ~ ~ ~ 1 1 1 0 3500 force @a 0133",
			"fill ~-15 ~-15 ~-15 ~15 ~15 ~15 air 0 replace prismarine 1"]
		}
	}
}