{
	"name": {
		"text": "Piscciss Volan"
	},

	"icon": {
		"type": "texture",
		"texture": "ben_ten:textures/gui/omnitrix/piscciss_volan_activation_os.png"
	},

	"creative_tab": "ben10",
	
	"max_level": 40,
	
	"capsule_color": 3080117,
	
    "effects": [
        {
            "type": "skin_change",
            "texture": "ben_ten:textures/models/ben/timeout/piscciss_volan_timeout.png"
       },
		{
            "type": "skin_overlay",
            "texture": "ben_ten:textures/overlays/glow/piscciss_volan_glow.png",
            "size": 0,
            "glow": true,
            "conditions": [
            	{
            		"type": "always"
            	}
            ]
       }
    ],
	
	"abilities": {
		"radiation_protection": {
            "ability": "the-fifth-world:potion_immunity",
            "show_in_bar": false,
            "title": {"text":"Radiation Protection"},
            "icon": {"type": "internal"},
            "potion": "lucraftcore:radiation"
       },
		"size": {
			"ability": "lucraftcore:command_loop",
			"show_in_bar": false,
			"title": {"text": "Large size"},
			"icon": {"type": "internal"},
			"bar_color": "light_gray",
			"commands": ["sizechange @s 1.1 lucraftcore:default"]
		},
		"strength": {	
			"ability": "lucraftcore:strength",				
            "show_in_bar": false,		
            "title": {"text":"Strength"},							
			"amount": 11,
			"operation": 0,
			"uuid": "5c5cfbea-9f1b-42dd-b43c-d129733c4a75"			
		},
		"defense": {
			"ability": "lucraftcore:resistance",			
            "show_in_bar": false,		
            "title": {"text":"Resistance"},						
			"amount": 8,
			"operation": 0,
			"uuid": "5c5cfbea-9f1b-42dd-b43c-d129733c4a75"			
		},
		"fall_resistance": {
			"ability": "lucraftcore:fall_resistance",
			"show_in_bar": false,
			"title": {"text":"Fall Resistance"},
			"amount": 8,
			"operation": 0,
			"uuid": "5c5cfbea-9f1b-42dd-b43c-d129733c4a75"
		},		
		"aquatic_lifeform": {
			"ability": "lucraftcore:command_loop",
            "show_in_bar": false,				
			"title": {"text":"Aquatic Lifeform"},
			"icon": {"type": "texture",
				"texture": "ben_ten:textures/gui/omnitrix/swim.png"},
			"commands": [ 
			"effect @s minecraft:night_vision 10 0 true", 
			"effect @s minecraft:water_breathing 10 0 true",
			"execute @s ~ ~ ~ detect ~ ~1 ~ air 0 scoreboard players add @s Breath 1",
			"execute @s[score_Breath_min=600] ~ ~ ~ detect ~ ~1 ~ air 0 effect @s minecraft:wither 1 1 false", 
			"execute @s ~ ~ ~ detect ~ ~1 ~ water 0 scoreboard players set @s Breath 0",
			"execute @s[tag=!Water] ~ ~ ~ detect ~ ~1 ~ water 0 scoreboard players tag @s add Water", 
			"execute @s ~ ~ ~ detect ~ ~1 ~ water 0 effect @s minecraft:haste 1 1 false", 
			"execute @s ~ ~ ~ detect ~ ~1 ~ water 0 effect @s minecraft:speed 1 2 false", 
			"execute @s[tag=Water] ~ ~ ~ detect ~ ~1 ~ air 0 scoreboard players tag @s remove Water"],
			"icon": {"type": "internal"}
		},
		"swim": {			
			"ability": "lucraftcore:flight",
			"icon": {"type": "texture",
				"texture": "ben_ten:textures/gui/omnitrix/swim.png"},
            "cooldown": 0,			
            "show_in_bar": true,
            "title": {"text":"Swim"},	
            "bar_color": "green",
			"conditions": [
			    {"type": "lucraftcore:scoreboard_tag", 
			    "tag": "Water"}
						],				
			"speed": 1,
            "sprint_speed": 1.5,
			"rotate_arms": false
		},
		"swim_xp": {
            "ability": "lucraftcore:command_toggle",
            "cooldown": 0,
			"parent_ability": "swim",
            "show_in_bar": false,
            "title": {"text":"Swim XP"},
			"icon": {"type": "texture",
				"texture": "ben_ten:textures/gui/omnitrix/swim.png"},
            "bar_color": "light_gray",
            "conditions": [{
			    "type": "ability_enabled",
				"ability": "lucraftcore:flight"}],
		    "commands": ["/superpowerxp 1 @s"],
		    "hidden": true
		},
		"timer_red":{
			"ability": "lucraftcore:command_loop",
			"show_in_bar": false,
			"cooldown": 0,
			"title": {"text":"Timer"},			
			"icon": {"type": "texture",
				"texture": "ben_ten:textures/gui/omnitrix/redomnitrix.png"},
			"conditions": [{"type": "lucraftcore:not", 
			            "conditions": [{
						"type": "lucraftcore:scoreboard_tag", 
						"tag": "Master"}]}],
			"commands": ["superpowerxp 1 @s", 
			"scoreboard players remove @s Timer 1", 
			"execute @s[score_Timer=50,score_Timer_min=50] ~ ~ ~ /superpower @s ben_ten:piscciss_volan", 
			"execute @s[score_Timer=30,score_Timer_min=30] ~ ~ ~ /superpower @s ben_ten:piscciss_volan",
			"execute @s[score_Timer=10,score_Timer_min=10] ~ ~ ~ /superpower @s ben_ten:piscciss_volan"]
		},
		"master_base": {	
	        "ability": "lucraftcore:command",		
			"cooldown": 0,
            "show_in_bar": true,	
            "title": {"text":"Base Form"},
			"icon": {"type": "texture", "texture": "ben_ten:textures/gui/omnitrix/omnitrix.png"},
			"conditions": [{"type": "lucraftcore:scoreboard_tag", "tag": "Master"}],
            "bar_color": "green",				
			"commands": ["/superpower @s ben_ten:prototypeomnitrix", 
			"playsound minecraft:custom.transform master @a ~ ~ ~", 
			"particle fallingdust ~ ~ ~ 1 1 1 0 3500 force @a 0133"]
		},
		"death_state":{
			"ability": "lucraftcore:command_loop",
			"show_in_bar": false,
			"cooldown": 0,
			"title": {"text":"Death State"},			
			"icon": {"type": "texture",
				"texture": "ben_ten:textures/gui/omnitrix/recal_timeout.png"},
			"commands": ["execute @s[score_Health=0,score_Health_min=0,tag=os] ~ ~ ~ /superpower @s ben_ten:prototypeomnitrix",
			"execute @s[score_Health=0,score_Health_min=0,tag=af] ~ ~ ~ /superpower @s ben_ten:recalibratedomnitrix",
			"execute @s[score_Health=0,score_Health_min=0,tag=ua] ~ ~ ~ /superpower @s ben_ten:ultimatrix",
			"execute @s[score_Health=0,score_Health_min=0,tag=ov] ~ ~ ~ /superpower @s ben_ten:completedomnitrix"],
			"hidden": true
		},
		"base": {	
	        "ability": "lucraftcore:command",		
			"cooldown": 0,
			"required_level": 35,
            "show_in_bar": true,	
            "title": {"text":"Base Form"},
			"icon": {"type": "texture", "texture": "ben_ten:textures/gui/omnitrix/omnitrix.png"},
            "bar_color": "green",
			"conditions": [{"type": "lucraftcore:not", "conditions": [{"type": "lucraftcore:scoreboard_tag", "tag": "Master"}]}],				
			"commands": ["/superpower @s ben_ten:prototypeomnitrix", 
			"playsound minecraft:custom.transform master @a ~ ~ ~", 
			"particle fallingdust ~ ~ ~ 1 1 1 0 3500 force @a 0133", 
			"scoreboard players set @s Breath 0"]
		}
	}
}