{
	"name": {
		"text": "Polar Manzardill"
	},

	"icon": {
		"type": "texture",
		"texture": "ben_ten:textures/gui/omnitrix/polar_manzardill_activation_os.png"
	},

	"creative_tab": "ben10",
	
	"max_level": 40,
	
	"capsule_color": 3080117,
	
    "effects": [
        {
            "type": "skin_change",
            "texture": "ben_ten:textures/models/ben/timeout/polar_manzardill_timeout.png"
       }
    ],
	
	"abilities": {
		"size": {
		    "hidden": true,
			"ability": "lucraftcore:command_loop",
			"show_in_bar": false,
			"title": {"text": "Size"},
			"icon": {"type": "texture", "texture": "ben_ten:textures/gui/omnitrix/omnitrix.png"},
			"bar_color": "light_gray",
			"commands": ["sizechange @s 1 lucraftcore:default"]
       },
		"radiation_protection": {
            "ability": "the-fifth-world:potion_immunity",
            "show_in_bar": false,
            "title": {"text":"Radiation Protection"},
            "icon": {"type": "internal"},
            "potion": "lucraftcore:radiation"
       },
		"health": {		
			"ability": "lucraftcore:health",			
            "show_in_bar": false,		
            "title": {"text":"Health"},					
			"amount": 10,
			"operation": 0,
			"uuid": "5c5cfbea-9f1b-42dd-b43c-d129733c4a75"		
		},
		"strength": {	
			"ability": "lucraftcore:strength",				
            "show_in_bar": false,		
            "title": {"text":"Strength"},							
			"amount": 5,
			"operation": 0,
			"uuid": "5c5cfbea-9f1b-42dd-b43c-d129733c4a75"			
		},
		"defense": {
			"ability": "lucraftcore:resistance",			
            "show_in_bar": false,		
            "title": {"text":"Resistance"},						
			"amount": 5,
			"operation": 0,
			"uuid": "5c5cfbea-9f1b-42dd-b43c-d129733c4a75"			
		},
		"freeze":{
			"ability": "lucraftcore:command",
            "cooldown": 0,
			"title": {"text": "Freezing Shot"},	
            "bar_color": "green",			
			"icon": {"type": "texture", "texture": "ben_ten:textures/gui/omnitrix/iceball.png"},
            "bar_color": "green", 
			"commands": ["cast ebwizardry:freeze @s", "/superpowerxp 5 @s"]			
		},
		"freeze_aura":{
			"ability": "lucraftcore:command",
            "cooldown": 400,
			"title": {"text": "Freezing Aura"},
			"required_level": 15,	
            "bar_color": "green",			
			"icon": {"type": "texture",	"texture": "ben_ten:textures/gui/omnitrix/freezing_aura.png"},
            "bar_color": "green", 
			"commands": ["execute @p ~ ~ ~ /execute @e[type=!item,rm=1,r=6] ~ ~ ~ /particle snowshovel ~ ~ ~ 1 1 1 0.1 5",
			"execute @s ~ ~ ~ /execute @e[rm=1,r=6] ~ ~ ~ effect @s heroesexpansion:frozen 5 5", 
			"/superpowerxp 5 @s"]			
		},
		"frost_wall":{
            "ability": "lucraftcore:command",
            "show_in_bar": true,
			"bar_color": "green",
            "cooldown": 150,
            "title": {"text":"Frost Wall"},
            "icon": {"type": "texture", "texture": "ben_ten:textures/gui/omnitrix/frostwall.png"},
            "commands": ["/cast ebwizardry:wall_of_frost @p 5", "/superpowerxp 10 @s"],
            "hidden": true
	   },
		"ice_charge":{
			"ability": "lucraftcore:command",
            "cooldown": 40,
			"title": {"text": "Ice Ball"},	
            "bar_color": "green",			
			"icon": {"type": "texture", "texture": "ben_ten:textures/gui/omnitrix/iceball.png"},
            "bar_color": "green", 
			"commands": ["cast ebwizardry:ice_charge @s", "/superpowerxp 5 @s"]			
		},
		"freezebreath":{
			"ability": "lucraftcore:command",
            "cooldown": 100,
			"title": {"text": "Freezebreath"},	
            "bar_color": "green",			
			"icon": {"type": "texture", "texture": "ben_ten:textures/gui/omnitrix/freezebreath.png"},
            "bar_color": "green", 
			"commands": ["cast ebwizardry:frost_ray @p 5", "/superpowerxp 20 @s"]			
		},
		"timer_red":{
			"ability": "lucraftcore:command_loop",
			"show_in_bar": false,
			"cooldown": 0,
			"title": {"text":"Timer"},			
			"icon": {"type": "texture",
				"texture": "ben_ten:textures/gui/omnitrix/redomnitrix.png"},
			"conditions": [{"type": "lucraftcore:not", 
			            "conditions": [{
						"type": "lucraftcore:scoreboard_tag", 
						"tag": "Master"}]}],
			"commands": ["superpowerxp 1 @s", 
			"scoreboard players remove @s Timer 1", 
			"execute @s[score_Timer=50,score_Timer_min=50] ~ ~ ~ /superpower @s ben_ten:polar_manzardill", 
			"execute @s[score_Timer=30,score_Timer_min=30] ~ ~ ~ /superpower @s ben_ten:polar_manzardill",
			"execute @s[score_Timer=10,score_Timer_min=10] ~ ~ ~ /superpower @s ben_ten:polar_manzardill"]
		},
		"death_state":{
			"ability": "lucraftcore:command_loop",
			"show_in_bar": false,
			"cooldown": 0,
			"title": {"text":"Death State"},			
			"icon": {"type": "texture",
				"texture": "ben_ten:textures/gui/omnitrix/recal_timeout.png"},
			"commands": ["execute @s[score_Health=0,score_Health_min=0,tag=os] ~ ~ ~ /superpower @s ben_ten:prototypeomnitrix",
			"execute @s[score_Health=0,score_Health_min=0,tag=af] ~ ~ ~ /superpower @s ben_ten:recalibratedomnitrix",
			"execute @s[score_Health=0,score_Health_min=0,tag=ua] ~ ~ ~ /superpower @s ben_ten:ultimatrix",
			"execute @s[score_Health=0,score_Health_min=0,tag=ov] ~ ~ ~ /superpower @s ben_ten:completedomnitrix"],
			"hidden": true
		},
		"master_base": {	
	        "ability": "lucraftcore:command",		
			"cooldown": 0,
            "show_in_bar": true,	
            "title": {"text":"Base Form"},
			"icon": {"type": "texture", "texture": "ben_ten:textures/gui/omnitrix/omnitrix.png"},
			"conditions": [{"type": "lucraftcore:scoreboard_tag", "tag": "Master"}],
            "bar_color": "green",				
			"commands": ["/superpower @s ben_ten:prototypeomnitrix", 
			"playsound minecraft:custom.transform master @a ~ ~ ~", 
			"particle fallingdust ~ ~ ~ 1 1 1 0 3500 force @a 0133"]
		},
		"base": {	
	        "ability": "lucraftcore:command",		
			"cooldown": 0,
			"required_level": 35,
            "show_in_bar": true,	
            "title": {"text":"Base Form"},
			"icon": {"type": "texture", "texture": "ben_ten:textures/gui/omnitrix/omnitrix.png"},
            "bar_color": "green",
			"conditions": [{"type": "lucraftcore:not", "conditions": [{"type": "lucraftcore:scoreboard_tag", "tag": "Master"}]}],				
			"commands": ["/superpower @s ben_ten:prototypeomnitrix", "playsound minecraft:custom.transform master @a ~ ~ ~", "particle fallingdust ~ ~ ~ 1 1 1 0 3500 force @a 0133"]
		}
	}
}