{
	"name": {
		"text": "Polymorph"
	},

	"icon": {
		"type": "texture",
		"texture": "ben_ten:textures/gui/omnitrix/polymorph_activation.png"
	},

	"creative_tab": "ben10",
	
	"max_level": 40,
	
	"capsule_color": 3080117,
	
    "effects": [

        {
        "type": "skin_change",
        "texture": "ben_ten:textures/models/ben/polymorph.png",
		"conditions": [            	
				{
            		"type": "ability_enabled",
					"ability": "lucraftcore:knockback_resistance"
            	}
			]
        },
		{
            "type": "skin_overlay",
            "texture": "ben_ten:textures/overlays/glow/polymorph_glow.png",
            "size": 0,
            "glow": true,
            "conditions": [
            	{
            		"type": "always"
            	},
				{
            		"type": "ability_enabled",
					"ability": "lucraftcore:knockback_resistance"
            	}
            ]
        },
	    {
        "type": "skin_change",
        "texture": "ben_ten:textures/models/ben/ov_polymorph.png",
            "conditions": [            	
				{
            		"type": "ability_enabled",
					"ability": "lucraftcore:step_assist"
            	}
			]
        },
		{
            "type": "skin_overlay",
            "texture": "ben_ten:textures/overlays/glow/ov_polymorph_glow.png",
            "size": 0,
            "glow": true,
            "conditions": [
            	{
            		"type": "always"
            	},
				{
            		"type": "ability_enabled",
					"ability": "lucraftcore:step_assist"
            	}
            ]
        }
    ],
	
	"abilities": {
		"toggle_slime_form": {
            "ability": "lucraftcore:toggle_power",
            "cooldown": 0,
            "show_in_bar": true,
            "title": {"text":"toggle_Slime"},
            "icon": {"type": "texture", "texture": "ben_ten:textures/gui/omnitrix/slime_form.png"},
            "bar_color": "green"
       },
		"size": {
		    "hidden": true,
			"ability": "lucraftcore:command_loop",
			"show_in_bar": false,
			"title": {"text": "Size"},
			"icon": {"type": "texture", "texture": "ben_ten:textures/gui/omnitrix/omnitrix.png"},
			"bar_color": "light_gray",
		    "conditions": [{
			    "type": "lucraftcore:not", 
			        "conditions": [{
						"type": "lucraftcore:ability_enabled", 
						"ability": "lucraftcore:size_change"}]}],
			"commands": ["sizechange @s 1"]
       },
	   "gainuaf": {
            "ability": "lucraftcore:command_on_gain",
            "show_in_bar": false,
            "title": {"translate":"lucraftcore.abilities.command_on_gain.name"},
            "icon": { "type": "internal" },
			"conditions": [{
                        "type": "lucraftcore:or",
                            "conditions": [
                            {"type": "lucraftcore:scoreboard_tag",
                             "tag": "af"
                           },
                            {"type": "lucraftcore:scoreboard_tag",
                             "tag": "ua"
                           }]
                   }],			
	        "commands": ["scoreboard objectives add GoopGrv dummy",
			             "execute @s ~ ~ ~ /summon armor_stand ~ ~2 ~ {CustomName:\"Grav_Disk\",Small:1,Invisible:1,NoGravity:1}",
						 "scoreboard players set @s GoopGrv 1",
	                     "replaceitem entity @e[name=Grav_Disk] slot.armor.head ben_ten:grav_disk_chest"]
        },
		"gainov": {
            "ability": "lucraftcore:command_on_gain",
            "show_in_bar": false,
            "title": {"translate":"lucraftcore.abilities.command_on_gain.name"},
            "icon": { "type": "internal" },
			"conditions": [{
			    "type": "lucraftcore:scoreboard_tag",
				"tag": "ov"}],
	        "commands": ["scoreboard objectives add GoopGrv dummy",
			             "execute @s ~ ~ ~ /summon armor_stand ~ ~2 ~ {CustomName:\"Grav_Disk\",Small:1,Invisible:1,NoGravity:1}",
						 "scoreboard players set @s GoopGrv 1",
	                     "replaceitem entity @e[name=Grav_Disk] slot.armor.head ben_ten:grav_disk_ov_chest"]
        },
		"lose": {
            "ability": "lucraftcore:command_on_lose",
            "show_in_bar": false,
            "title": {"translate":"lucraftcore.abilities.command_on_lose.name"},
            "icon": { "type": "internal" },
            "commands": ["scoreboard objectives remove GoopGrv dummy"]
        },
		"slime_Grv":{
			"ability": "lucraftcore:command_loop",
			"show_in_bar": false,
			"title": {"text":"Zero Grav Disk"},			
			"icon": {"type": "texture",
				"texture": "ben_ten:textures/gui/omnitrix/slime_form.png"},
			"commands": ["execute @s[score_GoopGrv=1,score_GoopGrv_min=1] ~ ~ ~ tp @e[name=Grav_Disk,r=5] @s",
                         "execute @s[score_GoopGrv=1,score_GoopGrv_min=1] ~ ~ ~ tp @e[name=Grav_Disk,r=2] ~ ~1.7 ~",
                         "execute @s[score_GoopGrv=2,score_GoopGrv_min=2] ~ ~ ~ tp @e[name=Grav_Disk,r=5] @s",
						 "execute @s[score_GoopGrv=2,score_GoopGrv_min=2] ~ ~ ~ tp @e[name=Grav_Disk,r=2] ~ ~0.7 ~",
						 "execute @s[score_GoopGrv=2,score_GoopGrv_min=2] ~ ~ ~ /scoreboard players set @s GoopGrv 1"],
			"hidden": true
       },
		"slime_trail":{
			"ability": "lucraftcore:command_loop",
			"show_in_bar": false,
			"required_ability": "toggle_slime_form",
			"cooldown": 0,
			"title": {"text":"Slime Trail"},			
			"icon": {"type": "texture",
				"texture": "ben_ten:textures/gui/omnitrix/slime_form.png"},
			"commands": ["particle blockcrack ~ ~-0.3 ~ 0.2 0.1 0.2 1 150 force @a 0165",
			             "execute @s[score_GoopGrv=1,score_GoopGrv_min=1] ~ ~ ~ /scoreboard players set @s GoopGrv 2",
						 "effect @s minecraft:invisibility 1",
						 "sizechange @s 0.2",
						 "effect @s minecraft:jump_boost 1", 
						 "superpowerxp 5 @s"],
			"hidden": true
       },
		"slime_flight": {			
			"ability": "lucraftcore:flight",			
            "icon": {"type": "texture", "texture": "ben_ten:textures/gui/omnitrix/slime_form.png"},
			"required_ability": "toggle_slime_form",
            "cooldown": 300,			
            "show_in_bar": true,
            "title": {"text":"Slime Flying"},	
            "bar_color": "green",				
			"speed": 1,
            "sprint_speed": 1.5,
			"rotate_arms": false
		},
		"slime_ball":{
            "ability": "lucraftcore:command",
            "cooldown": 20,
            "show_in_bar": true,
			"bar_color": "green",
            "title": {"text":"Slime Ball"},
            "icon": {"type": "texture", "texture": "ben_ten:textures/gui/omnitrix/slimeball.png"},
            "commands": ["/cast ebwizardry:slime @p", "/superpowerxp 10 @s"],
            "hidden": true
		},
		"poison_puddle": {
            "ability": "lucraftcore:command_held",
			"required_ability": "toggle_slime_form",
            "cooldown": 50,
            "show_in_bar": true,
            "title": {"text":"Poison Puddle"},
			"icon": {"type": "texture", "texture": "ben_ten:textures/gui/omnitrix/slimeball.png"},
            "bar_color": "green",
            "commands": ["superpowerxp 1 @s"]
		},
		"slime_poison_commands": {
            "ability": "lucraftcore:command_loop",
			"parent_ability": "poison_puddle",
            "cooldown": 50,
            "show_in_bar": false,
            "title": {"text":"Poison Puddle"},
			"icon": {"type": "texture","texture": "allies:textures/gui/mana_platform.png"},
            "bar_color": "green",
		    "commands": ["execute @s ~ ~ ~ particle blockcrack ~ ~-0.1 ~ 2 0.3 2 1 500 force @a 165",
			             "execute @s ~ ~ ~ effect @e[type=zombie,r=3] minecraft:instant_health 1 1 true",
			             "execute @s ~ ~ ~ effect @e[type=zombie_horse,r=3] minecraft:instant_health 1 1 true",
						 "execute @s ~ ~ ~ effect @e[type=zombie_villager,r=3] minecraft:instant_health 1 1 true",
						 "execute @s ~ ~ ~ effect @e[type=skeleton,r=3] minecraft:instant_health 1 1 true",
						 "execute @s ~ ~ ~ effect @e[type=skeleton_horse,r=3] minecraft:instant_health 1 1 true",
						 "execute @s ~ ~ ~ effect @e[type=husk,r=3] minecraft:instant_health 1 1 true",
						 "execute @s ~ ~ ~ effect @e[type= zombie_pigman,r=3] minecraft:instant_health 1 1 true",
						 "execute @s ~ ~ ~ effect @e[type=wither_skeleton,r=3] minecraft:instant_health 1 1 true",
						 "execute @s ~ ~ ~ effect @e[type=wither,r=3] minecraft:instant_health 1 1 true",
						 "execute @s ~ ~ ~ effect @e[r=] minecraft:instant_damage 1 0 true"],
			"hidden": true
		},
		"poison_immunity": {
            "ability": "the-fifth-world:potion_immunity",
            "show_in_bar": false,
            "title": {"translate":"the-fifth-world.abilities.potion_immunity.name"},
            "icon": { "type": "internal" },
            "bar_color": "light_gray",
            "potion": "minecraft:poison"
        },
		"healing": {
            "ability": "lucraftcore:healing",
            "show_in_bar": false,
            "title": {"translate":"lucraftcore.abilities.healing.name"},
            "icon": {"type": "internal"},
            "bar_color": "light_gray",
            "frequency": 20,
            "amount": 1
       },	
       "radiation_protection": {
            "ability": "the-fifth-world:potion_immunity",
            "show_in_bar": false,
            "title": {"text":"Radiation Protection"},
            "icon": {"type": "internal"},
            "potion": "lucraftcore:radiation"
       },
		"health": {		
			"ability": "lucraftcore:health",			
            "show_in_bar": false,		
            "title": {"text":"Health"},					
			"amount": 5,
			"operation": 0,
			"uuid": "5c5cfbea-9f1b-42dd-b43c-d129733c4a75"		
		},
		"knockback_resistance": {
            "ability": "lucraftcore:knockback_resistance",
            "show_in_bar": false,
            "title": {"translate":"lucraftcore.abilities.knockback_resistance.name"},
            "icon": {"type": "internal"},
            "bar_color": "light_gray",
			"conditions": [{
                        "type": "lucraftcore:or",
                            "conditions": [
                            {"type": "lucraftcore:scoreboard_tag",
                             "tag": "af"
                           },
                            {"type": "lucraftcore:scoreboard_tag",
                             "tag": "ua"
                           }]
                   }],
            "amount": 0.0,
            "operation": 0,
            "uuid": "0669d99d-b34d-40fc-a4d8-c7ee963cc842"
       },	   
		"poison_punch": {
			"ability": "lucraftcore:potion_punch",
			"cooldown": 0,
			"show_in_bar": true,
			"title": {"text":"Slime Punch"},
            "icon": {"type": "texture", "texture": "ben_ten:textures/gui/omnitrix/slime_punch.png"},
			"bar_color": "green",
			"potion": "minecraft:poison",
			"amplifier": 2,
			"duration": 200
		},
		"punch_xp": {
            "ability": "lucraftcore:command_toggle",
            "cooldown": 0,
			"parent_ability": "poison_punch",
            "show_in_bar": false,
            "title": {"text":"Slime Punch XP"},
            "icon": {"type": "texture", "texture": "ben_ten:textures/gui/omnitrix/slime_punch.png"},
            "bar_color": "light_gray",
            "conditions": [{
			    "type": "ability_enabled",
				"ability": "lucraftcore:potion_punch"}],
		    "commands": ["/superpowerxp 5 @s"],
		    "hidden": true
		},
    	"step_assist": {
            "ability": "lucraftcore:step_assist",
            "show_in_bar": false,
            "title": {"translate":"lucraftcore.abilities.step_assist.name"},
            "icon": {"type": "internal"},
            "bar_color": "light_gray",
            "amount": 0.0,
            "operation": 0,
			"conditions": [{
			    "type": "lucraftcore:scoreboard_tag",
				"tag": "ov"}],
            "uuid": "0669d99d-b34d-40fc-a4d8-c7ee963cc842"
		},
		"fall_resistance": {
			"ability": "lucraftcore:fall_resistance",
			"show_in_bar": false,
			"title": {"text":"Fall Resistance"},
			"amount": 2000,
			"operation": 0,
			"uuid": "5c5cfbea-9f1b-42dd-b43c-d129733c4a75"
		},
		"switch": {	
	        "ability": "lucraftcore:command",		
			"cooldown": 0,
            "show_in_bar": true,	
            "title": {"text":"Switch"},
			"icon": { "type": "texture", "texture": "ben_ten:textures/gui/omnitrix/recal_activation.png" },
            "bar_color": "green",
		    "conditions": [{
			    "type": "lucraftcore:not", 
			        "conditions": [{
						"type": "lucraftcore:scoreboard_tag", 
						"tag": "ov"}]}],				
			"command": ["/superpower @s[score_Timer_min=1200,tag=af] ben_ten:polymorph_switch",
			"/superpower @s[score_Timer_min=1200,tag=ua] ben_ten:U_polymorph_switch",
			"execute @s[score_Timer=1199,score_Timer_min=0] ~ ~ ~ /tellraw @s {\"text\":\"Insufficient Power\",\"color\":\"green\"}"]
		},
		"timer":{
			"ability": "lucraftcore:command_loop",
			"show_in_bar": false,
			"cooldown": 0,
			"title": {"text":"Timer"},			
			"icon": {"type": "texture",
				"texture": "ben_ten:textures/gui/omnitrix/recal_timeout.png"},
			"conditions": [{"type": "lucraftcore:not", 
			            "conditions": [{
						"type": "lucraftcore:scoreboard_tag", 
						"tag": "Master"}]}],
			"commands": ["scoreboard players remove @s Timer 1", 
			"execute @s[score_Timer=0,score_Timer_min=0,tag=af] ~ ~ ~ /superpower @s ben_ten:recalibratedomnitrix", 
			"execute @s[score_Timer=0,score_Timer_min=0] ~ ~ ~ /particle fallingdust ~ ~ ~ 1 1 1 0 3500 force @a 0133", 
			"execute @s[score_Timer=0,score_Timer_min=0] ~ ~ ~ /kill @e[name=Grav_Disk,r=5]",
			"execute @s[score_Timer=1,score_Timer_min=1,tag=af] ~ ~ ~ /playsound minecraft:custom.recalibratedhuman master @a ~ ~ ~", 
			"execute @s[score_Timer=0,score_Timer_min=0,tag=ov] ~ ~ ~ /superpower @s ben_ten:completedomnitrix", 
			"execute @s[score_Timer=30,score_Timer_min=30,tag=ov] ~ ~ ~ /playsound minecraft:custom.ov_timer master @a ~ ~ ~", 
			"execute @s[score_Timer=1,score_Timer_min=1,tag=ov] ~ ~ ~ /playsound minecraft:custom.ov_human master @a ~ ~ ~",			
			"execute @s[score_Timer=0,score_Timer_min=0,tag=ua] ~ ~ ~ /superpower @s ben_ten:ultimatrix", 
			"execute @s[score_Timer=0,score_Timer_min=0,tag=ua] ~ ~ ~ /playsound minecraft:custom.ultimatrixhuman master @a ~ ~ ~",
			"execute @s[score_Timer=0,score_Timer_min=0,tag=ua] ~ ~ ~ /particle fallingdust ~ ~ ~ 1 1 1 0 3500 force @a 0133"],
			"hidden": true
		},
		"death_state":{
			"ability": "lucraftcore:command_loop",
			"show_in_bar": false,
			"cooldown": 0,
			"title": {"text":"Death State"},			
			"icon": {"type": "texture",
				"texture": "ben_ten:textures/gui/omnitrix/recal_timeout.png"},
			"commands": ["execute @s[score_Health=0,score_Health_min=0,tag=os] ~ ~ ~ /superpower @s ben_ten:prototypeomnitrix",
			"execute @s[score_Health=0,score_Health_min=0,tag=af] ~ ~ ~ /superpower @s ben_ten:recalibratedomnitrix",
			"execute @s[score_Health=0,score_Health_min=0,tag=af] ~ ~ ~ /kill @e[name=Grav_Disk,r=5]",
			"execute @s[score_Health=0,score_Health_min=0,tag=ua] ~ ~ ~ /superpower @s ben_ten:ultimatrix",
			"execute @s[score_Health=0,score_Health_min=0,tag=ua] ~ ~ ~ /kill @e[name=Grav_Disk,r=5]",
			"execute @s[score_Health=0,score_Health_min=0,tag=ov] ~ ~ ~ /kill @e[name=Grav_Disk,r=5]",
			"execute @s[score_Health=0,score_Health_min=0,tag=ov] ~ ~ ~ /superpower @s ben_ten:completedomnitrix"],
			"hidden": true
		},
		"base": {	
	        "ability": "lucraftcore:command",		
			"cooldown": 0,
            "show_in_bar": true,	
            "title": {"text":"Base Form"},
			"icon": {"type": "texture", "texture": "ben_ten:textures/gui/omnitrix/recal_omnitrix.png"},
            "bar_color": "green",
			"conditions": [{"type": "lucraftcore:not", 
			            "conditions": [{
						"type": "lucraftcore:scoreboard_tag", 
						"tag": "ov"}]}],
			"commands": ["execute @s[tag=af] ~ ~ ~ /superpower @s[tag=af] ben_ten:recalibratedomnitrix", 
			"execute @s[tag=af] ~ ~ ~ /playsound minecraft:custom.recalibratedhuman master @a ~ ~ ~",
			"execute @s[tag=ua] ~ ~ ~ /superpower @s ben_ten:ultimatrix",
			"execute @s[tag=ua] ~ ~ ~ /playsound minecraft:custom.ultimatrixhuman master @a ~ ~ ~",
			"/kill @e[name=Grav_Disk,r=5]",
			"/particle fallingdust ~ ~ ~ 1 1 1 0 3500 force @a 0133"]
		},
		"base_ov": {	
	        "ability": "lucraftcore:command",		
			"cooldown": 0,
            "show_in_bar": true,	
            "title": {"text":"Base Form"},
			"icon": {"type": "texture", "texture": "ben_ten:textures/gui/omnitrix/ov_trix_master.png"},
            "bar_color": "green",
			"conditions": [{
			    "type": "lucraftcore:scoreboard_tag",
				"tag": "ov"}],				
			"commands": ["execute @s[tag=ov] ~ ~ ~ /superpower @s ben_ten:completedomnitrix", 
			"execute @s[tag=ov] ~ ~ ~ /playsound minecraft:custom.ov_human master @a ~ ~ ~",
			"/kill @e[name=Grav_Disk,r=5]",
			"/particle fallingdust ~ ~ ~ 1 1 1 0 3500 force @a 0133"]
		}
	}
}