{
	"name" : {
		"text": "Prototype Omnitrix"
	},

	"icon": {
		"type": "texture",
		"texture": "ben_ten:textures/gui/omnitrix/whiteomnitrix.png"
	},
	
	"creative_tab": "ben 10",
	
	"max_level": 40,
	
	"capsule_color" : 65280,
	
	"effects": [
        {
            "type": "skin_overlay",
            "texture": "ben_ten:textures/overlays/omnitrix/prototype_omnitrix.png",
            "size": 0,
            "glow": false,
            "conditions": [
            	{
            		"type": "always"
            	}
            ]
        },
		{
            "type": "skin_overlay",
            "texture": "ben_ten:textures/overlays/glow/omnitrix/prototype_omnitrix_glow.png",
            "size": 0,
            "glow": true,
            "conditions": [
            	{
            		"type": "always"
            	}
            ]
        }	
    ],

	"abilities": {
		"command_on_gain": {
            "ability": "lucraftcore:command_on_gain",
            "show_in_bar": false,
            "title": {"translate":"lucraftcore.abilities.command_on_gain.name"},
            "icon": { "type": "internal" },
            "commands": ["scoreboard objectives add Failsafe dummy",
						 "scoreboard players set @s Failsafe 0"]
        },
		"timeout": {
			"hidden": true,
			"ability": "lucraftcore:command_loop",
			"show_in_bar": false,
			"title": {"text": "Recharge Mode"},
			"icon": {"type": "texture",
				"texture": "ben_ten:textures/gui/omnitrix/redomnitrix.png"},
			"commands": ["scoreboard players add @s Random 1", 
			"scoreboard players set @s[score_Random_min=201] Random 0", 
			"sizechange @s 1 lucraftcore:default", 
			"execute @s[score_Timer=5999,score_Timer_min=0] ~ ~ ~ /superpower @s ben_ten:prototypeomnitrix_timeout",
            "scoreboard players tag @s[score_Sneak=1,score_Sneak_min=1] add Sneaking",
            "scoreboard players tag @s[score_Sneak=0,score_Sneak_min=0] remove Sneaking",
			"scoreboard players set @s[score_Sneak_min=1] Sneak 0", 
			"execute @e[type=wolf,r=5] ~ ~ ~ /superpower @p[tag=!Loboan] ben_ten:prototype_scan",
			"execute @e[type=wolf,r=5] ~ ~ ~ /playsound minecraft:custom.destruct master @a[tag=!Loboan] ~ ~ ~",
			"execute @e[type=husk,r=5] ~ ~ ~ /superpower @p[tag=!Khufan] ben_ten:prototype_scan",
			"execute @e[type=husk,r=5] ~ ~ ~ /playsound minecraft:custom.destruct master @a[tag=!Khufan] ~ ~ ~",
			"execute @e[type=zombie_villager,r=5] ~ ~ ~ /superpower @p[tag=!Transylian] ben_ten:prototype_scan",
			"execute @e[type=zombie_villager,r=5] ~ ~ ~ /playsound minecraft:custom.destruct master @a[tag=!Transylian] ~ ~ ~",
			"execute @s ~ ~ ~ detect ~10 ~ ~ lucraftcore:ore_uranium 0 playsound minecraft:custom.radiation master @a ~ ~ ~",
			"execute @s ~ ~ ~ detect ~-10 ~ ~ lucraftcore:ore_uranium 0 playsound minecraft:custom.radiation master @a ~ ~ ~",
			"execute @s ~ ~ ~ detect ~ ~10 ~ lucraftcore:ore_uranium 0 playsound minecraft:custom.radiation master @a ~ ~ ~",
			"execute @s ~ ~ ~ detect ~ ~-10 ~ lucraftcore:ore_uranium 0 playsound minecraft:custom.radiation master @a ~ ~ ~",
			"execute @s ~ ~ ~ detect ~ ~ ~10 lucraftcore:ore_uranium 0 playsound minecraft:custom.radiation master @a ~ ~ ~",
			"execute @s ~ ~ ~ detect ~ ~ ~-10 lucraftcore:ore_uranium 0 playsound minecraft:custom.radiation master @a ~ ~ ~",
			"execute @s[score_Health=20,score_Health_min=5] ~ ~ ~ /scoreboard players tag @s remove Explode"]
		},
		"failsafe": {
			"hidden": true,
			"ability": "lucraftcore:command_loop",
			"show_in_bar": false,
			"title": {"text": "Omnitrix Failsafe"},
			"conditions": [{"type": "lucraftcore:not", 
			        "conditions": [{
						"type": "lucraftcore:scoreboard_tag", 
						"tag": "Explode"}]}],
			"icon": {"type": "texture",
				"texture": "ben_ten:textures/gui/omnitrix/blank_activation.png"},
			"commands": ["execute @s[score_Health=4,score_Health_min=1] ~ ~ ~ /superpower @s ben_ten:omnitrix_failsafe",
			             "execute @s[score_Health=4,score_Health_min=1] ~ ~ ~ /playsound minecraft:custom.failsafe master @a ~ ~ ~",
						 "superpowerxp -40L @s[tag=af]",
			             "superpowerxp -40L @s[tag=ua]",
						 "superpowerxp -40L @s[tag=ov]"]
		},		
		"select_alien": {	
	        "ability": "lucraftcore:command",		
			"cooldown": 0,
            "show_in_bar": true,	
            "title": {"text":"Alien Selection"},
			"icon": { "type": "texture", "texture": "ben_ten:textures/gui/omnitrix/blank_activation.png" },
            "bar_color": "green",
			"conditions": [{"type": "lucraftcore:not", 
			        "conditions": [{
						"type": "lucraftcore:scoreboard_tag", 
						"tag": "Sneaking"}]}],				
			"commands": ["execute @s[tag=!Master] ~ ~ ~ /superpower @s ben_ten:prototypeomnitrix_selection", 
			"execute @s[tag=Master] ~ ~ ~ /superpower @s[tag=Master] ben_ten:prototypeomnitrix_master_selection",
			"scoreboard players set @s[score_Random_min=0] Random 0",
			"playsound minecraft:custom.omnitrixactivate master @a ~ ~ ~",
			"scoreboard players tag @s[tag=af] remove af",
			"scoreboard players tag @s[tag=ua] remove ua",
			"scoreboard players tag @s[tag=ov] remove ov"]
		},
		"random": {	
	        "ability": "lucraftcore:command",            
			"show_in_bar": true,	
            "title": {"text":"Random Alien"},
			"icon": { "type": "texture", "texture": "ben_ten:textures/gui/omnitrix/blank_activation.png" },
            "bar_color": "green",
			"conditions": [{
						"type": "lucraftcore:scoreboard_tag", 
						"tag": "Sneaking"}],				
			"commands": ["execute @s[score_Random=20,score_Random_min=0] ~ ~ ~ /superpower @s ben_ten:pyronite",
				"execute @s[score_Random=40,score_Random_min=21] ~ ~ ~ /superpower @s ben_ten:petrosapien",
				"execute @s[score_Random=60,score_Random_min=41] ~ ~ ~ /superpower @s ben_ten:ectonurite",
				"execute @s[score_Random=80,score_Random_min=61] ~ ~ ~ /superpower @s ben_ten:tetramand",				
				"execute @s[score_Random=100,score_Random_min=81] ~ ~ ~ /superpower @s ben_ten:lepidopterran", 
				"execute @s[score_Random=120,score_Random_min=101] ~ ~ ~ /superpower @s ben_ten:kineceleran",
				"execute @s[score_Random=140,score_Random_min=121] ~ ~ ~ /superpower @s ben_ten:vulpimancer",
				"execute @s[score_Random=160,score_Random_min=141] ~ ~ ~ /superpower @s ben_ten:galvan",
				"execute @s[score_Random=180,score_Random_min=161] ~ ~ ~ /superpower @s ben_ten:piscciss_volan",
				"execute @s[score_Random=200,score_Random_min=181] ~ ~ ~ /superpower @s ben_ten:galvanic_mechamorph", 
				"particle fallingdust ~ ~ ~ 1 1 1 0 3500 force @a 0133",
				"playsound minecraft:custom.transform master @a ~ ~ ~",
			"scoreboard players tag @s[tag=af] remove af",
			"scoreboard players tag @s[tag=ua] remove ua",
			"scoreboard players tag @s[tag=ov] remove ov"]
		},
		"sub_select": {
			"ability": "lucraftcore:command",
			"cooldown": 0,
			"show_in_bar": true,
			"title": {"text": "Sub-Menu"},
			"icon": {"type": "texture",
				"texture": "ben_ten:textures/gui/omnitrix/omnitrix.png"},
			"bar_color": "green",
			"commands": ["superpower @s ben_ten:prototype_sub",			
			"title @s actionbar [{\"text\":\"<\",\"color\":\"black\"},{\"text\":\"Code\",\"color\":\"green\"},{\"text\":\">\",\"color\":\"black\"},{\"text\":\"<\",\"color\":\"black\"},{\"score\":{\"name\":\"@s\",\"objective\":\"Code\"},\"color\":\"green\"},{\"text\":\">\",\"color\":\"black\"}]",
			"playsound minecraft:custom.switch master @a ~ ~ ~",
			"scoreboard players tag @s[tag=af] remove af",
			"scoreboard players tag @s[tag=ua] remove ua",
			"scoreboard players tag @s[tag=ov] remove ov"]
		}
	}
}