{
	"name" : {
		"text": "Prototype Omnitrix"
	},

	"icon": {
		"type": "texture",
		"texture": "ben_ten:textures/gui/omnitrix/whiteomnitrix.png"
	},
	
	"creative_tab": "ben 10",
	
	"max_level": 40,
	
	"capsule_color" : 65280,
	
	"effects": [
        {
            "type": "skin_overlay",
            "texture": "ben_ten:textures/overlays/omnitrix/prototype_omnitrix.png",
            "size": 0,
            "glow": false,
            "conditions": [
            	{
            		"type": "always"
				}
			]
	    },
		{
            "type": "skin_overlay",
            "texture": "ben_ten:textures/overlays/glow/omnitrix/prototype_omnitrix_timeout.png",
            "size": 0,
            "glow": true,
            "conditions": [
            	{
            		"type": "always"
            	}
            ]
        }		
    ],

	"abilities": {	
		"timer_reset": {
		    "hidden": true,
			"ability": "lucraftcore:command_loop",
			"show_in_bar": false,
			"title": {"text": "Timer Reset"},
			"icon": { "type": "texture", "texture": "ben_ten:textures/gui/omnitrix/redomnitrix.png" },
			"bar_color": "light_gray",
			"commands": ["scoreboard players add @s[score_Timer_min=0] Timer 1", 
			"execute @s[score_Timer_min=6000] ~ ~ ~ /superpower @p ben_ten:prototypeomnitrix", 
			"execute @s[score_Timer_min=6000] ~ ~ ~ /playsound minecraft:custom.omnitrixactivate master @a ~ ~ ~", 
			"scoreboard players add @s Random 1", 
			"scoreboard players set @s[score_Random_min=10000] Random 0", 
			"sizechange @s 1 lucraftcore:default",
			"execute @s ~ ~ ~ detect ~10 ~ ~ lucraftcore:ore_uranium 0 playsound minecraft:custom.radiation master @a ~ ~ ~",
			"execute @s ~ ~ ~ detect ~-10 ~ ~ lucraftcore:ore_uranium 0 playsound minecraft:custom.radiation master @a ~ ~ ~",
			"execute @s ~ ~ ~ detect ~ ~10 ~ lucraftcore:ore_uranium 0 playsound minecraft:custom.radiation master @a ~ ~ ~",
			"execute @s ~ ~ ~ detect ~ ~-10 ~ lucraftcore:ore_uranium 0 playsound minecraft:custom.radiation master @a ~ ~ ~",
			"execute @s ~ ~ ~ detect ~ ~ ~10 lucraftcore:ore_uranium 0 playsound minecraft:custom.radiation master @a ~ ~ ~",
			"execute @s ~ ~ ~ detect ~ ~ ~-10 lucraftcore:ore_uranium 0 playsound minecraft:custom.radiation master @a ~ ~ ~"]
        },
		"failsafe": {
			"hidden": true,
			"ability": "lucraftcore:command_loop",
			"show_in_bar": false,
			"title": {"text": "Omnitrix Failsafe"},
			"conditions": [{"type": "lucraftcore:not", 
			        "conditions": [{
						"type": "lucraftcore:scoreboard_tag", 
						"tag": "Explode"}]}],
			"icon": {"type": "texture",
				"texture": "ben_ten:textures/gui/omnitrix/blank_activation.png"},
			"commands": ["execute @s[score_Health=4,score_Health_min=1] ~ ~ ~ /superpower @s ben_ten:omnitrix_failsafe",
			             "execute @s[score_Health=4,score_Health_min=1] ~ ~ ~ /playsound minecraft:custom.failsafe master @a ~ ~ ~"]
		},
		"dial": {
		    "hidden": true,
			"ability": "lucraftcore:command",
			"show_in_bar": true,
			"title": {"text": "Use Dial"},
			"icon": { "type": "texture", "texture": "ben_ten:textures/gui/omnitrix/redomnitrix.png" },
			"bar_color": "red",
			"commands": ["execute @s[score_Timer=5999,score_Timer_min=0] ~ ~ ~ /playsound minecraft:custom.fiddle master @a ~ ~ ~"]
        }
	}
}
