{
	"name" : {
		"text": "Prototype Omnitrix"
	},

	"icon": {
		"type": "texture",
		"texture": "ben_ten:textures/gui/omnitrix/yellowomnitrix.png"
	},
	
	"creative_tab": "ben 10",
	
	"max_level": 40,
	
	"capsule_color" : 65280,
	
	"effects": [
        {
            "type": "skin_overlay",
            "texture": "ben_ten:textures/overlays/omnitrix/prototype_scan.png",
            "size": 0,
            "glow": false,
            "conditions": [
            	{
            		"type": "always"
            	}
            ]
        },
		{
            "type": "skin_overlay",
            "texture": "ben_ten:textures/overlays/glow/omnitrix/prototype_scan_glow.png",
            "size": 0,
            "glow": true,
            "conditions": [
            	{
            		"type": "always"
            	}
            ]
        }	
    ],

	"abilities": {
		"scanning": {
			"hidden": true,
			"ability": "lucraftcore:command_loop",
			"show_in_bar": false,
			"title": {"text": "Scanning"},
			"icon": {"type": "texture",
				"texture": "ben_ten:textures/gui/omnitrix/yellowomnitrix.png"},
			"commands": ["scoreboard players add @s Scan 1", 
			"sizechange @s 1 lucraftcore:default",  
			"execute @e[type=wolf,r=5] ~ ~ ~ /scoreboard players tag @p[tag=!Loboan] add Loboan",  
			"execute @e[type=husk,r=5] ~ ~ ~ /scoreboard players tag @p[tag=!Khufan] add Khufan",			  
			"execute @e[type=zombie_villager,r=5] ~ ~ ~ /scoreboard players tag @p[tag=!Transylian] add Transylian",
			"execute @s[score_Scan=30,score_Scan_min=30] ~ ~ ~ /playsound minecraft:custom.omnitrixactivate master @a ~ ~ ~",
			"execute @s[score_Scan=30,score_Scan_min=30] ~ ~ ~ /superpower @s ben_ten:prototypeomnitrix",
			"execute @s[score_Scan=30,score_Scan_min=30] ~ ~ ~ /scoreboard players set @s Scan 0"]
		}
	}
}
