{
	"name" : {
		"text": "Prototype Omnitrix"
	},

	"icon": {
		"type": "texture",
		"texture": "ben_ten:textures/gui/omnitrix/whiteomnitrix.png"
	},
	
	"creative_tab": "ben10",
	
	"max_level": 40,
	
	"capsule_color" : 65280,
	
	"effects": [
        {
            "type": "skin_overlay",
            "texture": "ben_ten:textures/overlays/omnitrix/prototype_omnitrix.png",
            "size": 0,
            "glow": false,
            "conditions": [
            	{
            		"type": "always"
            	}
            ]
        },
		{
            "type": "skin_overlay",
            "texture": "ben_ten:textures/overlays/glow/omnitrix/prototype_omnitrix_glow.png",
            "size": 0,
            "glow": true,
            "conditions": [
            	{
            		"type": "always"
            	}
            ]
        }	
    ],

	"abilities": {
		"timeout": {
			"hidden": true,
			"ability": "lucraftcore:command_loop",
			"show_in_bar": false,
			"title": {"text": "Recharge Mode"},
			"icon": {"type": "texture",
				"texture": "ben_ten:textures/gui/omnitrix/redomnitrix.png"},
			"commands": ["scoreboard players add @s Random 1", 
			"scoreboard players set @s[score_Random_min=101] Random 0", 
			"sizechange @s 1 lucraftcore:default", 
			"execute @s[score_Timer=5999,score_Timer_min=0] ~ ~ ~ /superpower @s ben_ten:prototypeomnitrix_timeout",
            "scoreboard players tag @s[score_Sneak=1,score_Sneak_min=1] add Sneaking",
            "scoreboard players tag @s[score_Sneak=0,score_Sneak_min=0] remove Sneaking",
			"scoreboard players set @s[score_Sneak_min=1] Sneak 0"]
		},
		"title": {
			"hidden": true,
			"ability": "lucraftcore:command_loop",
			"show_in_bar": false,
			"title": {"text": "Code Display"},
			"icon": {"type": "texture",
				"texture": "ben_ten:textures/gui/omnitrix/redomnitrix.png"},
			"commands": ["scoreboard players add @s Title 1",
			"execute @s[score_Title_min=5] ~ ~ ~ /scoreboard players set @s Title 1",
			"execute @s[score_Title=4,score_Title_min=3] ~ ~ ~ /title @s actionbar [{\"text\":\"<\",\"color\":\"black\"},{\"text\":\"Code\",\"color\":\"green\"},{\"text\":\">\",\"color\":\"black\"},{\"text\":\"<\",\"color\":\"black\"},{\"score\":{\"name\":\"@s\",\"objective\":\"Code1\"},\"color\":\"green\"},{\"text\":\"-\",\"color\":\"black\"},{\"score\":{\"name\":\"@s\",\"objective\":\"Code2\"},\"color\":\"green\"},{\"text\":\"-\",\"color\":\"black\"},{\"score\":{\"name\":\"@s\",\"objective\":\"Code3\"},\"color\":\"green\"},{\"text\":\"-\",\"color\":\"black\"},{\"score\":{\"name\":\"@s\",\"objective\":\"Code4\"},\"color\":\"green\"},{\"text\":\">\",\"color\":\"black\"}]"]
		},
		"full_turn": {
			"ability": "lucraftcore:command",
			"cooldown": 10,
			"show_in_bar": true,
			"title": {"text": "Full Turn"},
			"icon": {"type": "texture",
				"texture": "ben_ten:textures/gui/omnitrix/proto_full_turn.png"},
			"bar_color": "green",
			"commands": ["scoreboard players add @s[tag=!Sneaking] Code1 1", 
			"scoreboard players remove @s[score_Code1_min=1,tag=Sneaking] Code1 1",			 
			"scoreboard players set @s[score_Code1=0,score_Code1_min=0,tag=Sneaking] Code1 9",
			"scoreboard players set @s[score_Code1=10,score_Code1_min=10] Code1 0",
			"playsound minecraft:custom.fiddle master @a ~ ~ ~"]
		},
		"half_turn": {
			"ability": "lucraftcore:command",
			"cooldown": 10,
			"show_in_bar": true,
			"title": {"text": "Half Turn"},
			"icon": {"type": "texture",
				"texture": "ben_ten:textures/gui/omnitrix/proto_half_turn.png"},
			"bar_color": "green",
			"commands": ["scoreboard players add @s[tag=!Sneaking] Code2 1", 
			"scoreboard players remove @s[score_Code2_min=1,tag=Sneaking] Code2 1",			 
			"scoreboard players set @s[score_Code2=0,score_Code2_min=0,tag=Sneaking] Code2 9", 
			"scoreboard players set @s[score_Code2=10,score_Code2_min=10] Code2 0", 
			"playsound minecraft:custom.fiddle master @a ~ ~ ~"]
		},
		"quarter_turn": {
			"ability": "lucraftcore:command",
			"cooldown": 10,
			"show_in_bar": true,
			"title": {"text": "Quarter Turn"},
			"icon": {"type": "texture",
				"texture": "ben_ten:textures/gui/omnitrix/proto_quarter_turn.png"},
			"bar_color": "green",
			"commands": ["scoreboard players add @s[tag=!Sneaking] Code3 1", 
			"scoreboard players remove @s[score_Code3_min=1,tag=Sneaking] Code3 1",			 
			"scoreboard players set @s[score_Code3=0,score_Code3_min=0,tag=Sneaking] Code3 9", 
			"scoreboard players set @s[score_Code3=10,score_Code3_min=10] Code3 0", 
			"playsound minecraft:custom.fiddle master @a ~ ~ ~"]
		},
		"eighth_turn": {
			"ability": "lucraftcore:command",
			"cooldown": 10,
			"show_in_bar": true,
			"title": {"text": "Eigth Turn"},
			"icon": {"type": "texture",
				"texture": "ben_ten:textures/gui/omnitrix/proto_eighth_turn.png"},
			"bar_color": "green",
			"commands": ["scoreboard players add @s[tag=!Sneaking] Code4 1", 
			"scoreboard players remove @s[score_Code4_min=1,tag=Sneaking] Code4 1",			 
			"scoreboard players set @s[score_Code4=0,score_Code4_min=0,tag=Sneaking] Code4 9", 
			"scoreboard players set @s[score_Code4=10,score_Code4_min=10] Code4 0", 
			"playsound minecraft:custom.fiddle master @a ~ ~ ~"]
		},
		"enter_code": {
			"hidden": true,
			"ability": "lucraftcore:command",
			"cooldown": 60,
			"show_in_bar": true,
			"title": {"text": "Enter Code"},
			"icon": {"type": "texture",
				"texture": "ben_ten:textures/gui/omnitrix/whiteomnitrix.png"},
			"bar_color": "green",
			"commands": ["execute @s[score_Code1=6,score_Code1_min=6,score_Code2=7,score_Code2_min=7,score_Code3=2,score_Code3_min=2,score_Code4=0,score_Code4_min=0] ~ ~ ~ /playsound minecraft:custom.destruct master @a ~ ~ ~", 
			"execute @s[score_Code1=6,score_Code1_min=6,score_Code2=7,score_Code2_min=7,score_Code3=2,score_Code3_min=2,score_Code4=0,score_Code4_min=0,tag=!Master] ~ ~ ~ /superpower @s ben_ten:prototypeomnitrix",
			"execute @s[score_Code1=6,score_Code1_min=6,score_Code2=7,score_Code2_min=7,score_Code3=2,score_Code3_min=2,score_Code4=0,score_Code4_min=0,tag=!Master] ~ ~ ~ /scoreboard players tag @s add Master", 
			"execute @s[score_Code1=6,score_Code1_min=6,score_Code2=7,score_Code2_min=7,score_Code3=2,score_Code3_min=2,score_Code4=1,score_Code4_min=1,tag=Master] ~ ~ ~ /playsound minecraft:custom.destruct master @a ~ ~ ~",  
			"execute @s[score_Code1=6,score_Code1_min=6,score_Code2=7,score_Code2_min=7,score_Code3=2,score_Code3_min=2,score_Code4=1,score_Code4_min=1] ~ ~ ~ /scoreboard players tag @s remove Master",
			"execute @s[score_Code1=6,score_Code1_min=6,score_Code2=7,score_Code2_min=7,score_Code3=2,score_Code3_min=2,score_Code4=0,score_Code4_min=0] ~ ~ ~ /scoreboard players set @s Code1 0",
			"execute @s[score_Code1=6,score_Code1_min=6,score_Code2=7,score_Code2_min=7,score_Code3=2,score_Code3_min=2,score_Code4=0,score_Code4_min=0] ~ ~ ~ /scoreboard players set @s Code2 0",
			"execute @s[score_Code1=6,score_Code1_min=6,score_Code2=7,score_Code2_min=7,score_Code3=2,score_Code3_min=2,score_Code4=0,score_Code4_min=0] ~ ~ ~ /scoreboard players set @s Code3 0",
			"execute @s[score_Code1=6,score_Code1_min=6,score_Code2=7,score_Code2_min=7,score_Code3=2,score_Code3_min=2,score_Code4=0,score_Code4_min=0] ~ ~ ~ /scoreboard players set @s Code4 0",			
			"execute @s[score_Code1=8,score_Code1_min=8,score_Code2=4,score_Code2_min=4,score_Code3=2,score_Code3_min=2,score_Code4=8,score_Code4_min=8] ~ ~ ~ /scoreboard objectives add Destruct dummy",
			"execute @s[score_Code1=8,score_Code1_min=8,score_Code2=4,score_Code2_min=4,score_Code3=2,score_Code3_min=2,score_Code4=8,score_Code4_min=8] ~ ~ ~ /scoreboard players set @s Destruct 0",
			"execute @s[score_Code1=8,score_Code1_min=8,score_Code2=4,score_Code2_min=4,score_Code3=2,score_Code3_min=2,score_Code4=8,score_Code4_min=8] ~ ~ ~ /superpower @s ben_ten:prototype_destruct", 
			"execute @s[score_Code1=8,score_Code1_min=8,score_Code2=4,score_Code2_min=4,score_Code3=2,score_Code3_min=2,score_Code4=8,score_Code4_min=8] ~ ~ ~ /scoreboard players set @s Code1 0", 
			"execute @s[score_Code1=8,score_Code1_min=8,score_Code2=4,score_Code2_min=4,score_Code3=2,score_Code3_min=2,score_Code4=8,score_Code4_min=8] ~ ~ ~ /scoreboard players set @s Code2 0", 
			"execute @s[score_Code1=8,score_Code1_min=8,score_Code2=4,score_Code2_min=4,score_Code3=2,score_Code3_min=2,score_Code4=8,score_Code4_min=8] ~ ~ ~ /scoreboard players set @s Code3 0", 
			"execute @s[score_Code1=8,score_Code1_min=8,score_Code2=4,score_Code2_min=4,score_Code3=2,score_Code3_min=2,score_Code4=8,score_Code4_min=8] ~ ~ ~ /scoreboard players set @s Code4 0",
			"execute @s[score_Code1=2,score_Code1_min=2,score_Code2=6,score_Code2_min=6,score_Code3=4,score_Code3_min=4,score_Code4=5,score_Code4_min=5,tag=!Gourmand] ~ ~ ~ /playsound minecraft:custom.destruct master @a ~ ~ ~",			
			"execute @s[score_Code1=2,score_Code1_min=2,score_Code2=6,score_Code2_min=6,score_Code3=4,score_Code3_min=4,score_Code4=5,score_Code4_min=5,tag=!Gourmand] ~ ~ ~ /scoreboard players tag @s add Gourmand", 
			"execute @s[score_Code1=2,score_Code1_min=2,score_Code2=6,score_Code2_min=6,score_Code3=4,score_Code3_min=4,score_Code4=5,score_Code4_min=5] ~ ~ ~ /scoreboard players set @s Code1 0", 
			"execute @s[score_Code1=2,score_Code1_min=2,score_Code2=6,score_Code2_min=6,score_Code3=4,score_Code3_min=4,score_Code4=5,score_Code4_min=5] ~ ~ ~ /scoreboard players set @s Code2 0", 
			"execute @s[score_Code1=2,score_Code1_min=2,score_Code2=6,score_Code2_min=6,score_Code3=4,score_Code3_min=4,score_Code4=5,score_Code4_min=5] ~ ~ ~ /scoreboard players set @s Code3 0", 
			"execute @s[score_Code1=2,score_Code1_min=2,score_Code2=6,score_Code2_min=6,score_Code3=4,score_Code3_min=4,score_Code4=5,score_Code4_min=5] ~ ~ ~ /scoreboard players set @s Code4 0",
			"execute @s[score_Code1=3,score_Code1_min=3,score_Code2=9,score_Code2_min=9,score_Code3=8,score_Code3_min=8,score_Code4=5,score_Code4_min=5,tag=!Conductoid] ~ ~ ~ /playsound minecraft:custom.destruct master @a ~ ~ ~",            			
			"execute @s[score_Code1=3,score_Code1_min=3,score_Code2=9,score_Code2_min=9,score_Code3=8,score_Code3_min=8,score_Code4=5,score_Code4_min=5,tag=!Conductoid] ~ ~ ~ /scoreboard players tag @s add Conductoid", 
			"execute @s[score_Code1=3,score_Code1_min=3,score_Code2=9,score_Code2_min=9,score_Code3=8,score_Code3_min=8,score_Code4=5,score_Code4_min=5] ~ ~ ~ /scoreboard players set @s Code1 0", 
			"execute @s[score_Code1=3,score_Code1_min=3,score_Code2=9,score_Code2_min=9,score_Code3=8,score_Code3_min=8,score_Code4=5,score_Code4_min=5] ~ ~ ~ /scoreboard players set @s Code2 0", 
			"execute @s[score_Code1=3,score_Code1_min=3,score_Code2=9,score_Code2_min=9,score_Code3=8,score_Code3_min=8,score_Code4=5,score_Code4_min=5] ~ ~ ~ /scoreboard players set @s Code3 0", 
			"execute @s[score_Code1=3,score_Code1_min=3,score_Code2=9,score_Code2_min=9,score_Code3=8,score_Code3_min=8,score_Code4=5,score_Code4_min=5] ~ ~ ~ /scoreboard players set @s Code4 0",			
			"scoreboard players set @s Code1 0", 
			"scoreboard players set @s Code2 0", 
			"scoreboard players set @s Code3 0", 
			"scoreboard players set @s Code4 0"]
		},
		"recalibrate": {
			"ability": "lucraftcore:command",
			"cooldown": 0,
			"required_level": 40,
			"show_in_bar": true,
			"title": {"text": "Recalibrate Omnitrix"},
			"icon": {"type": "texture",
				"texture": "ben_ten:textures/gui/omnitrix/blueomnitrix.png"},
			"bar_color": "green",
			"commands": ["/superpowerxp -40L @s",
			"scoreboard players tag @s remove Master",
			"scoreboard players tag @s remove os",
			"scoreboard players tag @s add af", 
			"scoreboard objectives setdisplay list Timer", 
			"scoreboard objectives add Health health",
			"/superpower @s ben_ten:recalibrating_omnitrix"]
		},
		"decouple_omnitrix": {	
	        "ability": "lucraftcore:command",		
			"cooldown": 0,
			"required_level": 38,             
			"show_in_bar": true,	
            "title": {"text":"Decouple Omnitrix"},
			"icon": { "type": "texture", "texture": "ben_ten:textures/gui/omnitrix/decouple_omnitrix.png" },
            "bar_color": "green",				
			"commands": ["/tellraw @s {\"text\":\"Omnitrix Command Code: 000 - Release Coupling - 0\"}", 
			"scoreboard players tag @s remove Master", 
			"title @s clear",
			"superpower @s remove", 
			"give @s ben_ten:omnitrix_chest"]
		},
		"deactivate_master_control": {
			"hidden": true,
			"ability": "lucraftcore:command",
			"show_in_bar": true,
			"title": {"text": "Deactivate Master Control"},
			"bar_color": "green",
			"icon": {"type": "texture",
				"texture": "ben_ten:textures/gui/omnitrix/omnitrix.png"},
			"conditions": [{"type": "lucraftcore:scoreboard_tag",
			                "tag": "Master"}],			
			"commands": ["superpower @s ben_ten:prototypeomnitrix", 
			"title @s clear",
			"playsound minecraft:custom.omnitrixactivate master @a ~ ~ ~",
			"scoreboard players tag @s remove Master"]
		},
		"main": {
			"ability": "lucraftcore:command",
			"cooldown": 0,
			"show_in_bar": true,
			"title": {"text": "Main Menu"},
			"icon": {"type": "texture",
				"texture": "ben_ten:textures/gui/omnitrix/omnitrix.png"},
			"bar_color": "green",
			"commands": ["superpower @s ben_ten:prototypeomnitrix", 
			"playsound minecraft:custom.switch master @a ~ ~ ~",
			"title @s clear"]
		}
	}
}
