{
	"name" : {
		"text": "Prototype Omnitrix"
	},

	"icon": {
		"type": "texture",
		"texture": "ben_ten:textures/gui/omnitrix/omnitrix_destruct.png"
	},
	
	"creative_tab": "ben 10",
	
	"max_level": 40,
	
	"capsule_color" : 65280,
	
	"effects": [
        {
            "type": "skin_overlay",
            "texture": "ben_ten:textures/overlays/omnitrix/prototype_destruct.png",
            "size": 0,
            "glow": false,
            "conditions": [
            	{
            		"type": "always"
            	}
            ]
        },
		{
            "type": "skin_overlay",
            "texture": "ben_ten:textures/overlays/glow/omnitrix/prototype_destruct_glow.png",
            "size": 0,
            "glow": true,
            "conditions": [
            	{
            		"type": "always"
            	}
            ]
        }	
    ],

	"abilities": {
		"level_1": {	
	        "ability": "lucraftcore:command",		
			"cooldown": 0,
            "show_in_bar": true,	
            "title": {"text":"Level 1"},
			"icon": { "type": "texture", "texture": "ben_ten:textures/gui/omnitrix/destruct_1.png" },
            "bar_color": "green",				
			"commands": ["superpower @s ben_ten:prototype_destruct", 
			"scoreboard players tag @s add lvl1",
			"playsound minecraft:custom.destruct master @a ~ ~ ~",
			"tellraw @e[r=20] {\"text\":\"Omnitrix will self destruct in 30 seconds\",\"color\":\"orange\"}"]
		},
		"level_2": {	
	        "ability": "lucraftcore:command",		
			"cooldown": 0,
            "show_in_bar": true,	
            "title": {"text":"Level 2"},
			"icon": { "type": "texture", "texture": "ben_ten:textures/gui/omnitrix/destruct_2.png" },
            "bar_color": "green",				
			"commands": ["superpower @s ben_ten:prototype_destruct", 
			"scoreboard players tag @s add lvl2",
			"playsound minecraft:custom.destruct master @a ~ ~ ~",
			"tellraw @e[r=20] {\"text\":\"Omnitrix will self destruct in 30 seconds\",\"color\":\"orange\"}"]
		},
		"level_3": {	
	        "ability": "lucraftcore:command",		
			"cooldown": 0,
            "show_in_bar": true,	
            "title": {"text":"Level 3"},
			"icon": { "type": "texture", "texture": "ben_ten:textures/gui/omnitrix/destruct_3.png" },
            "bar_color": "green",				
			"commands": ["superpower @s ben_ten:prototype_destruct", 
			"scoreboard players tag @s add lvl3",
			"playsound minecraft:custom.destruct master @a ~ ~ ~",
			"tellraw @e[r=20] {\"text\":\"Omnitrix will self destruct in 30 seconds\",\"color\":\"orange\"}"]
		},
		"cancel": {	
	        "ability": "lucraftcore:command",
            "show_in_bar": true,	
            "title": {"text":"Cancel Self Destruct"},
			"icon": { "type": "texture", "texture": "ben_ten:textures/gui/omnitrix/omnitrix.png" },
            "bar_color": "green",				
			"commands": ["scoreboard players set @s Destruct 0",
			"scoreboard objectives remove Destruct",
			"tellraw @s {\"text\":\"Omnitrix self destruct cancelled\"}",
			"superpower @s ben_ten:prototypeomnitrix"]
		}
	}
}
