{
	"name" : {
		"text": "Prototype Omnitrix"
	},

	"icon": {
		"type": "texture",
		"texture": "ben_ten:textures/gui/omnitrix/whiteomnitrix.png"
	},
	
	"creative_tab": "ben 10",
	
	"max_level": 40,
	
	"effects": [
        {
            "type": "skin_overlay",
            "texture": "ben_ten:textures/overlays/omnitrix/prototype_omnitrix_active.png",
            "size": 0,
            "glow": false,
            "conditions": [
            	{
            		"type": "always"
				}
			]
	    },
		{
            "type": "skin_overlay",
            "texture": "ben_ten:textures/overlays/glow/omnitrix/prototype_omnitrix_active_glow.png",
            "size": 0,
            "glow": true,
            "conditions": [
            	{
            		"type": "always"
            	}
            ]
        }		
    ],

	"abilities": {
		"timeout": {
			"hidden": true,
			"ability": "lucraftcore:command_loop",
			"show_in_bar": false,
			"title": {"text": "Recharge Mode"},
			"icon": {"type": "texture",
				"texture": "ben_ten:textures/gui/omnitrix/redomnitrix.png"},
			"commands": ["sizechange @s 1 lucraftcore:default"]
		},
		"pyronite": {
			"ability": "lucraftcore:command",
			"show_in_bar": true,
			"title": {"text": "Pyronite"},
			"icon": {"type": "texture",
				"texture": "ben_ten:textures/gui/omnitrix/pyronite_activation_os.png"},
			"bar_color": "green",
			"commands": ["playsound minecraft:custom.transform master @a ~ ~ ~",
				"particle fallingdust ~ ~ ~ 1 1 1 0 3500 force @a 0133",
				"superpower @s ben_ten:pyronite"]
		},
		"petrosapien": {
			"ability": "lucraftcore:command",
			"show_in_bar": true,
			"title": {"text": "Petrosapien"},
			"icon": {"type": "texture",
				"texture": "ben_ten:textures/gui/omnitrix/petrosapien_activation_os.png"},
			"bar_color": "green",
			"commands": ["playsound minecraft:custom.transform master @a ~ ~ ~",
				"particle fallingdust ~ ~ ~ 1 1 1 0 3500 force @a 0133",
				"superpower @s ben_ten:petrosapien"]
		},
		"ectonurite": {
			"ability": "lucraftcore:command",
			"show_in_bar": true,
			"title": {"text": "Ectonurite"},
			"icon": {
				"type": "texture",
				"texture": "ben_ten:textures/gui/omnitrix/ectonurite_activation_os.png"},
			"bar_color": "green",
			"commands": ["playsound minecraft:custom.transform master @a ~ ~ ~",
		    "particle fallingdust ~ ~ ~ 1 1 1 0 3500 force @a 0133",
			"superpower @s ben_ten:ectonurite", 
			"effect @s minecraft:night_vision 1000000 1 true"]
		},
		"tetramand": {
			"ability": "lucraftcore:command",
			"show_in_bar": true,
			"title": {"text": "Tetramand"},
			"icon": {"type": "texture",
				"texture": "ben_ten:textures/gui/omnitrix/tetramand_activation_os.png"},
			"bar_color": "green",
			"commands": ["playsound minecraft:custom.transform master @a ~ ~ ~",
				"particle fallingdust ~ ~ ~ 1 1 1 0 3500 force @a 0133",
				"superpower @s ben_ten:tetramand"]
		},
		"lepidopterran": {
			"ability": "lucraftcore:command",
			"show_in_bar": true,
			"title": {"text": "Lepidopterran"},
			"icon": {"type": "texture",
				"texture": "ben_ten:textures/gui/omnitrix/lepidopterran_activation_os.png"},
			"bar_color": "green",
			"commands": ["playsound minecraft:custom.transform master @a ~ ~ ~",
				"particle fallingdust ~ ~ ~ 1 1 1 0 3500 force @a 0133",
				"superpower @s ben_ten:lepidopterran"]
		},
		"kineceleran": {
			"ability": "lucraftcore:command",
			"show_in_bar": true,
			"title": {"text": "Kineceleran"},
			"icon": {"type": "texture",
				"texture": "ben_ten:textures/gui/omnitrix/kineceleran_activation_os.png"},
			"bar_color": "green",
			"commands": ["playsound minecraft:custom.transform master @a ~ ~ ~",
				"particle fallingdust ~ ~ ~ 1 1 1 0 3500 force @a 0133",
				"superpower @s ben_ten:kineceleran"]
		},
		"vulpimancer": {
			"ability": "lucraftcore:command",
			"show_in_bar": true,
			"title": {"text": "Vulpimancer"},
			"icon": {"type": "texture",
				"texture": "ben_ten:textures/gui/omnitrix/vulpimancer_activation_os.png"},
			"bar_color": "green",
			"commands": ["playsound minecraft:custom.transform master @a ~ ~ ~",
				"particle fallingdust ~ ~ ~ 1 1 1 0 3500 force @a 0133",
				"superpower @s ben_ten:vulpimancer"]
		},
		"galvan": {
			"ability": "lucraftcore:command",
			"show_in_bar": true,
			"title": {"text": "Galvan"},
			"icon": {"type": "texture",
				"texture": "ben_ten:textures/gui/omnitrix/galvan_activation_os.png"},
			"bar_color": "green",
			"commands": ["playsound minecraft:custom.transform master @a ~ ~ ~",
				"particle fallingdust ~ ~ ~ 1 1 1 0 3500 force @a 0133",
				"superpower @s ben_ten:galvan"]
		},
		"piscciss_volan": {
			"ability": "lucraftcore:command",
			"show_in_bar": true,
			"title": {"text": "Piscciss Volan"},
			"icon": {"type": "texture",
				"texture": "ben_ten:textures/gui/omnitrix/piscciss_volan_activation_os.png"},
			"bar_color": "green",
			"commands": ["playsound minecraft:custom.transform master @a ~ ~ ~",
				"particle fallingdust ~ ~ ~ 1 1 1 0 3500 force @a 0133",
				"superpower @s ben_ten:piscciss_volan"]
		},
		"galvanic_mechamorph": {
			"ability": "lucraftcore:command",
			"show_in_bar": true,
			"title": {"text": "Galvanic Mechamorph"},
			"icon": {"type": "texture",
				"texture": "ben_ten:textures/gui/omnitrix/galvanic_mechamorph_activation_os.png"},
			"bar_color": "green",
			"commands": ["playsound minecraft:custom.transform master @a ~ ~ ~",
				"particle fallingdust ~ ~ ~ 1 1 1 0 3500 force @a 0133",
				"superpower @s ben_ten:galvanic_mechamorph"]
		},
		"arburian_pelarota": {
			"ability": "lucraftcore:command",
			"show_in_bar": true,
			"title": {"text": "Arburian Pelarota"},
			"icon": {"type": "texture",
				"texture": "ben_ten:textures/gui/omnitrix/arburian_pelarota_activation_os.png"},
			"bar_color": "green",
			"commands": ["playsound minecraft:custom.transform master @a ~ ~ ~",
				"particle fallingdust ~ ~ ~ 1 1 1 0 3500 force @a 0133",
				"superpower @s ben_ten:arburian_pelarota"]
		},
		"splixson": {
			"ability": "lucraftcore:command",
			"show_in_bar": true,
			"title": {"text": "Splixson"},
			"icon": {"type": "texture",
				"texture": "ben_ten:textures/gui/omnitrix/splixson_activation_os.png"},
			"bar_color": "green",
			"commands": ["playsound minecraft:custom.transform master @a ~ ~ ~",
				"particle fallingdust ~ ~ ~ 1 1 1 0 3500 force @a 0133",
				"superpower @s ben_ten:splixson"]
		},
		"florauna": {
			"ability": "lucraftcore:command",
			"show_in_bar": true,
			"title": {"text": "Florauna"},
			"icon": {"type": "texture",
				"texture": "ben_ten:textures/gui/omnitrix/florauna_activation_os.png"},
			"bar_color": "green",
			"commands": ["playsound minecraft:custom.transform master @a ~ ~ ~",
				"particle fallingdust ~ ~ ~ 1 1 1 0 3500 force @a 0133",
				"superpower @s ben_ten:florauna"]
		},
		"perk_gourmand": {
			"ability": "lucraftcore:command",
			"show_in_bar": true,
			"title": {"text": "Perk Gourmand"},
			"icon": {"type": "texture",
				"texture": "ben_ten:textures/gui/omnitrix/gourmand_activation_os.png"},
			"bar_color": "green",
			"commands": ["playsound minecraft:custom.transform master @a ~ ~ ~",
				"particle fallingdust ~ ~ ~ 1 1 1 0 3500 force @a 0133",
				"superpower @s ben_ten:perk_gourmand"]
		},
		"polar_manzardill": {
			"ability": "lucraftcore:command",
			"show_in_bar": true,
			"title": {"text": "Polar Manzardill"},
			"icon": {"type": "texture",
				"texture": "ben_ten:textures/gui/omnitrix/polar_manzardill_activation_os.png"},
			"bar_color": "green",
			"commands": ["playsound minecraft:custom.transform master @a ~ ~ ~",
				"particle fallingdust ~ ~ ~ 1 1 1 0 3500 force @a 0133",
				"superpower @s ben_ten:polar_manzardill"]
		},
		"sphoeroid": {
			"ability": "lucraftcore:command",
			"show_in_bar": true,
			"title": {"text":"Sphoeroid"},
			"icon": { "type": "texture", "texture": "ben_ten:textures/gui/omnitrix/sphoeroid_activation_os.png"},
			"bar_color": "green",
			"commands": ["playsound minecraft:custom.transform master @a ~ ~ ~", 
			    "particle fallingdust ~ ~ ~ 1 1 1 0 3500 force @a 0133",
				"superpower @s ben_ten:sphoeroid"]
		},
		"opticoid": {
			"ability": "lucraftcore:command",
			"show_in_bar": true,
			"title": {"text": "Opticoid"},
			"icon": {"type": "texture",
				"texture": "ben_ten:textures/gui/omnitrix/opticoid_activation_os.png"},
			"bar_color": "green",
			"commands": ["playsound minecraft:custom.transform master @a ~ ~ ~",
				"particle fallingdust ~ ~ ~ 1 1 1 0 3500 force @a 0133",
				"superpower @s ben_ten:opticoid"]
		},
		"nosedeenian": {
			"ability": "lucraftcore:command",
			"show_in_bar": true,
			"title": {"text": "Nosedeenian"},
			"icon": {"type": "texture",
				"texture": "ben_ten:textures/gui/omnitrix/nosedeenian_activation_os.png"},
			"bar_color": "green",
			"commands": ["playsound minecraft:custom.transform master @a ~ ~ ~",
				"particle fallingdust ~ ~ ~ 1 1 1 0 3500 force @a 0133",
				"superpower @s ben_ten:nosedeenian"]
		},
		"loboan": {
			"ability": "lucraftcore:command",
			"show_in_bar": true,
			"title": {"text": "Loboan"},
			"icon": {"type": "texture",
				"texture": "ben_ten:textures/gui/omnitrix/loboan_activation_os.png"},
			"bar_color": "green",
			"commands": ["superpower @s ben_ten:loboan",
				"playsound minecraft:custom.transform master @a ~ ~ ~",
				"particle fallingdust ~ ~ ~ 1 1 1 0 3500 force @a 0133", 
				"effect @s ebwizardry:sixth_sense 1000000 1 true"]
		},
		"transylian": {
			"ability": "lucraftcore:command",
			"show_in_bar": true,
			"title": {"text": "Transylian"},
			"icon": {"type": "texture",
				"texture": "ben_ten:textures/gui/omnitrix/transylian_activation_os.png"},
			"bar_color": "green",
			"commands": ["superpower @s ben_ten:transylian",
				"playsound minecraft:custom.transform master @a ~ ~ ~",
				"particle fallingdust ~ ~ ~ 1 1 1 0 3500 force @a 0133"]
		},
		"thep_khufan": {
			"ability": "lucraftcore:command",
			"show_in_bar": true,
			"title": {"text": "Thep Khufan"},
			"icon": {"type": "texture",
				"texture": "ben_ten:textures/gui/omnitrix/thep_khufan_activation_os.png"},
			"bar_color": "green",
			"commands": ["superpower @s ben_ten:thep_khufan",
				"playsound minecraft:custom.transform master @a ~ ~ ~",
				"particle fallingdust ~ ~ ~ 1 1 1 0 3500 force @a 0133"]
		},
		"to'kustar": {
			"ability": "lucraftcore:command",
			"show_in_bar": true,
			"title": {"text": "To'kustar"},
			"icon": {"type": "texture",
				"texture": "ben_ten:textures/gui/omnitrix/tokustar_activation_os.png"},
			"bar_color": "green",
			"commands": ["superpower @s ben_ten:tokustar",
				"playsound minecraft:custom.transform master @a ~ ~ ~",
				"particle fallingdust ~ ~ ~ 1 1 1 0 3500 force @a 0133"]
		},
		"conductoid": {
			"ability": "lucraftcore:command",
			"show_in_bar": true,
			"title": {"text": "Conductoid"},
			"icon": {"type": "texture",
				"texture": "ben_ten:textures/gui/omnitrix/conductoid_activation_os.png"},
			"bar_color": "green",
			"conditions": [{"type": "lucraftcore:scoreboard_tag",
			                "tag": "Conductoid"}],
			"commands": ["superpower @s ben_ten:conductoid",
				"playsound minecraft:custom.transform master @a ~ ~ ~",
				"particle fallingdust ~ ~ ~ 1 1 1 0 3500 force @a 0133"]
		}		
	}
}