{
	"name" : {
		"text": "Prototype Omnitrix"
	},
	"icon": {
		"type": "texture",
		"texture": "ben_ten:textures/gui/omnitrix/whiteomnitrix.png"
	},	
	"creative_tab": "ben 10",	
	"max_level": 40,	
	"effects": [
        {
            "type": "skin_overlay",
            "texture": "ben_ten:textures/overlays/omnitrix/prototype_omnitrix_active.png",
            "size": 0,
            "glow": false,
            "conditions": [{"type": "always"}]
	    },
		{
            "type": "skin_overlay",
            "texture": "ben_ten:textures/overlays/glow/omnitrix/prototype_omnitrix_active_glow.png",
            "size": 0,
            "glow": true,
            "conditions": [{"type": "always"}]
        }		
    ],

	"abilities": {
		"timeout": {
			"hidden": true,
			"ability": "lucraftcore:command_loop",
			"title": {"text": "Recharge Mode"},
			"icon": {"type": "texture",
				"texture": "ben_ten:textures/gui/omnitrix/redomnitrix.png"},
			"commands": ["scoreboard players add @s Random 1", 
			"scoreboard players set @s[score_Random_min=81] Random 0", 
			"sizechange @s 1 lucraftcore:default", 
			"execute @s[score_Timer=5999,score_Timer_min=0] ~ ~ ~ /superpower @p ben_ten:prototypeomnitrix_timeout"]
		},
		"levelling_35": {
			"hidden": true,
			"ability": "lucraftcore:command_loop",
			"required_level": 35,
			"title": {"text": "Experienced User"},
			"icon": {"type": "texture",
				"texture": "ben_ten:textures/gui/omnitrix/omnitrix.png"},
			"commands": ["superpower @s ben_ten:prototypeomnitrix_35"]
		},
		"pyronite_20": {
			"ability": "lucraftcore:command",
			"show_in_bar": true,
			"title": {"text": "Pyronite"},
			"icon": {"type": "texture",
				"texture": "ben_ten:textures/gui/omnitrix/pyronite_activation_os.png"},
			"bar_color": "green",
			"commands": ["playsound minecraft:custom.transform master @a ~ ~ ~",
				"particle fallingdust ~ ~ ~ 1 1 1 0 3500 force @a 0133",
				"execute @s[score_Random=20,score_Random_min=0] ~ ~ ~ /superpower @s ben_ten:pyronite",
				"execute @s[score_Random=40,score_Random_min=21] ~ ~ ~ /superpower @s ben_ten:ectonurite",
				"execute @s[score_Random=60,score_Random_min=41] ~ ~ ~ /superpower @s ben_ten:lepidopterran",
				"execute @s[score_Random=80,score_Random_min=61] ~ ~ ~ /superpower @s ben_ten:kineceleran"]
		},
		"petrosapien_20": {
			"ability": "lucraftcore:command",
			"show_in_bar": true,
			"title": {"text": "Petrosapien"},
			"icon": {"type": "texture",
				"texture": "ben_ten:textures/gui/omnitrix/petrosapien_activation_os.png"},
			"bar_color": "green",
			"commands": ["playsound minecraft:custom.transform master @a ~ ~ ~",
				"particle fallingdust ~ ~ ~ 1 1 1 0 3500 force @a 0133",
				"execute @s[score_Random=20,score_Random_min=0] ~ ~ ~ /superpower @s ben_ten:petrosapien",
				"execute @s[score_Random=40,score_Random_min=21] ~ ~ ~ /superpower @s ben_ten:galvanic_mechamorph",
				"execute @s[score_Random=60,score_Random_min=41] ~ ~ ~ /superpower @s ben_ten:vulpimancer",
				"execute @s[score_Random=80,score_Random_min=61] ~ ~ ~ /superpower @s ben_ten:galvan"]
		},
		"ectonurite_20": {
			"ability": "lucraftcore:command",
			"show_in_bar": true,
			"title": {"text": "Ectonurite"},
			"icon": {
				"type": "texture",
				"texture": "ben_ten:textures/gui/omnitrix/ectonurite_activation_os.png"},
			"bar_color": "green",
			"commands": ["playsound minecraft:custom.transform master @a ~ ~ ~",
				"particle fallingdust ~ ~ ~ 1 1 1 0 3500 force @a 0133",
				"execute @s[score_Random=20,score_Random_min=0] ~ ~ ~ /superpower @s ben_ten:ectonurite",
				"execute @s[score_Random=40,score_Random_min=21] ~ ~ ~ /superpower @s ben_ten:vulpimancer",
				"execute @s[score_Random=60,score_Random_min=41] ~ ~ ~ /superpower @s ben_ten:pyronite",
				"execute @s[score_Random=80,score_Random_min=61] ~ ~ ~ /superpower @s ben_ten:piscciss_volan"]
		},
		"tetramand_20": {
			"ability": "lucraftcore:command",
			"show_in_bar": true,
			"title": {"text": "Tetramand"},
			"icon": {"type": "texture",
				"texture": "ben_ten:textures/gui/omnitrix/tetramand_activation_os.png"},
			"bar_color": "green",
			"commands": ["playsound minecraft:custom.transform master @a ~ ~ ~",
				"particle fallingdust ~ ~ ~ 1 1 1 0 3500 force @a 0133",
				"execute @s[score_Random=20,score_Random_min=0] ~ ~ ~ /superpower @s ben_ten:tetramand",
				"execute @s[score_Random=40,score_Random_min=21] ~ ~ ~ /superpower @s ben_ten:pyronite",
				"execute @s[score_Random=60,score_Random_min=41] ~ ~ ~ /superpower @s ben_ten:ectonurite",
				"execute @s[score_Random=80,score_Random_min=61] ~ ~ ~ /superpower @s ben_ten:tetramand"]
		},
		"lepidopterran_20": {
			"ability": "lucraftcore:command",
			"show_in_bar": true,
			"title": {"text": "Lepidopterran"},
			"icon": {"type": "texture",
				"texture": "ben_ten:textures/gui/omnitrix/lepidopterran_activation_os.png"},
			"bar_color": "green",
			"commands": ["playsound minecraft:custom.transform master @a ~ ~ ~",
				"particle fallingdust ~ ~ ~ 1 1 1 0 3500 force @a 0133",
				"execute @s[score_Random=20,score_Random_min=0] ~ ~ ~ /superpower @s ben_ten:lepidopterran",
				"execute @s[score_Random=40,score_Random_min=21] ~ ~ ~ /superpower @s ben_ten:galvan",
				"execute @s[score_Random=60,score_Random_min=41] ~ ~ ~ /superpower @s ben_ten:ectonurite",
				"execute @s[score_Random=80,score_Random_min=61] ~ ~ ~ /superpower @s ben_ten:tetramand"]
		},
		"kineceleran_20": {
			"ability": "lucraftcore:command",
			"show_in_bar": true,
			"title": {"text": "Kineceleran"},
			"icon": {"type": "texture",
				"texture": "ben_ten:textures/gui/omnitrix/kineceleran_activation_os.png"},
			"bar_color": "green",
			"commands": ["playsound minecraft:custom.transform master @a ~ ~ ~",
				"particle fallingdust ~ ~ ~ 1 1 1 0 3500 force @a 0133",
				"execute @s[score_Random=20,score_Random_min=0] ~ ~ ~ /superpower @s ben_ten:kineceleran",
				"execute @s[score_Random=40,score_Random_min=21] ~ ~ ~ /superpower @s ben_ten:pyronite",
				"execute @s[score_Random=60,score_Random_min=41] ~ ~ ~ /superpower @s ben_ten:vulpimancer",
				"execute @s[score_Random=80,score_Random_min=61] ~ ~ ~ /superpower @s ben_ten:piscciss_volan"]
		},
		"vulpimancer_20": {
			"ability": "lucraftcore:command",
			"show_in_bar": true,
			"title": {"text": "Vulpimancer"},
			"icon": {"type": "texture",
				"texture": "ben_ten:textures/gui/omnitrix/vulpimancer_activation_os.png"},
			"bar_color": "green",
			"commands": ["playsound minecraft:custom.transform master @a ~ ~ ~",
				"particle fallingdust ~ ~ ~ 1 1 1 0 3500 force @a 0133",
				"execute @s[score_Random=20,score_Random_min=0] ~ ~ ~ /superpower @s ben_ten:vulpimancer",
				"execute @s[score_Random=40,score_Random_min=21] ~ ~ ~ /superpower @s ben_ten:pyronite",
				"execute @s[score_Random=60,score_Random_min=41] ~ ~ ~ /superpower @s ben_ten:ectonurite",
				"execute @s[score_Random=80,score_Random_min=61] ~ ~ ~ /superpower @s ben_ten:tetramand"]
		},
		"galvan_20": {
			"ability": "lucraftcore:command",
			"show_in_bar": true,
			"title": {"text": "Galvan"},
			"icon": {"type": "texture",
				"texture": "ben_ten:textures/gui/omnitrix/galvan_activation_os.png"},
			"bar_color": "green",
			"commands": ["playsound minecraft:custom.transform master @a ~ ~ ~",
				"particle fallingdust ~ ~ ~ 1 1 1 0 3500 force @a 0133",
				"execute @s[score_Random=20,score_Random_min=0] ~ ~ ~ /superpower @s ben_ten:galvan",
				"execute @s[score_Random=40,score_Random_min=21] ~ ~ ~ /superpower @s ben_ten:vulpimancer",
				"execute @s[score_Random=60,score_Random_min=41] ~ ~ ~ /superpower @s ben_ten:galvanic_mechamorph",
				"execute @s[score_Random=80,score_Random_min=61] ~ ~ ~ /superpower @s ben_ten:ectonurite"]
		},
		"piscciss_volan_20": {
			"ability": "lucraftcore:command",
			"show_in_bar": true,
			"title": {"text": "Piscciss Volan"},
			"icon": {"type": "texture",
				"texture": "ben_ten:textures/gui/omnitrix/piscciss_volan_activation_os.png"},
			"bar_color": "green",
			"commands": ["playsound minecraft:custom.transform master @a ~ ~ ~",
				"particle fallingdust ~ ~ ~ 1 1 1 0 3500 force @a 0133",
				"execute @s[score_Random=20,score_Random_min=0] ~ ~ ~ /superpower @s ben_ten:piscciss_volan",
				"execute @s[score_Random=40,score_Random_min=21] ~ ~ ~ /superpower @s ben_ten:pyronite",
				"execute @s[score_Random=60,score_Random_min=41] ~ ~ ~ /superpower @s ben_ten:galvan",
				"execute @s[score_Random=80,score_Random_min=61] ~ ~ ~ /superpower @s ben_ten:ectonurite"]
		},
		"galvanic_mechamorph_20": {
			"ability": "lucraftcore:command",
			"show_in_bar": true,
			"title": {"text": "Galvanic Mechamorph"},
			"icon": {"type": "texture",
				"texture": "ben_ten:textures/gui/omnitrix/galvanic_mechamorph_activation_os.png"},
			"bar_color": "green",
			"commands": ["playsound minecraft:custom.transform master @a ~ ~ ~",
				"particle fallingdust ~ ~ ~ 1 1 1 0 3500 force @a 0133",
				"execute @s[score_Random=20,score_Random_min=0] ~ ~ ~ /superpower @s ben_ten:galvanic_mechamorph",
				"execute @s[score_Random=40,score_Random_min=21] ~ ~ ~ /superpower @s ben_ten:vulpimancer",
				"execute @s[score_Random=60,score_Random_min=41] ~ ~ ~ /superpower @s ben_ten:galvan",
				"execute @s[score_Random=80,score_Random_min=61] ~ ~ ~ /superpower @s ben_ten:petrosapien"]
		},
		"arburian_pelarota_20": {
			"ability": "lucraftcore:command",
			"required_level": 15,
			"show_in_bar": true,
			"title": {"text": "Arburian Pelarota"},
			"icon": {"type": "texture",
				"texture": "ben_ten:textures/gui/omnitrix/arburian_pelarota_activation_os.png"},
			"bar_color": "green",
			"commands": ["playsound minecraft:custom.transform master @a ~ ~ ~",
				"particle fallingdust ~ ~ ~ 1 1 1 0 3500 force @a 0133",
				"execute @s[score_Random=20,score_Random_min=0] ~ ~ ~ /superpower @s ben_ten:arburian_pelarota",
				"execute @s[score_Random=40,score_Random_min=21] ~ ~ ~ /superpower @s ben_ten:kineceleran",
				"execute @s[score_Random=60,score_Random_min=41] ~ ~ ~ /superpower @s ben_ten:vulpimancer",
				"execute @s[score_Random=80,score_Random_min=61] ~ ~ ~ /superpower @s ben_ten:petrosapien"]
		},
		"splixson_20": {
			"ability": "lucraftcore:command",
			"required_level": 20,
			"show_in_bar": true,
			"title": {"text": "Splixson"},
			"icon": {"type": "texture",
				"texture": "ben_ten:textures/gui/omnitrix/splixson_activation_os.png"},
			"bar_color": "green",
			"commands": ["playsound minecraft:custom.transform master @a ~ ~ ~",
				"particle fallingdust ~ ~ ~ 1 1 1 0 3500 force @a 0133",
				"execute @s[score_Random=20,score_Random_min=0] ~ ~ ~ /superpower @s ben_ten:splixson",
				"execute @s[score_Random=40,score_Random_min=21] ~ ~ ~ /superpower @s ben_ten:arburian_pelarota",
				"execute @s[score_Random=60,score_Random_min=41] ~ ~ ~ /superpower @s ben_ten:lepidopterran",
				"execute @s[score_Random=80,score_Random_min=61] ~ ~ ~ /superpower @s ben_ten:galvanic_mechamorph"]
		},
		"florauna_20": {
			"ability": "lucraftcore:command",
			"required_level": 24,
			"show_in_bar": true,
			"title": {"text": "Florauna"},
			"icon": {"type": "texture",
				"texture": "ben_ten:textures/gui/omnitrix/florauna_activation_os.png"},
			"bar_color": "green",
			"commands": ["playsound minecraft:custom.transform master @a ~ ~ ~",
				"particle fallingdust ~ ~ ~ 1 1 1 0 3500 force @a 0133",
				"execute @s[score_Random=50,score_Random_min=0] ~ ~ ~ /superpower @s ben_ten:florauna",
				"execute @s[score_Random=80,score_Random_min=51] ~ ~ ~ /superpower @s ben_ten:polar_manzardill"]
		},
		"perk_gourmand_20": {
			"ability": "lucraftcore:command",
			"show_in_bar": true,
			"title": {"text": "Perk Gourmand"},
			"icon": {"type": "texture",
				"texture": "ben_ten:textures/gui/omnitrix/gourmand_activation_os.png"},
			"bar_color": "green",
			"conditions": [{"type": "lucraftcore:scoreboard_tag",
			                "tag": "Gourmand"}],
			"commands": ["playsound minecraft:custom.transform master @a ~ ~ ~",
				"particle fallingdust ~ ~ ~ 1 1 1 0 3500 force @a 0133",
				"execute @s[score_Random=50,score_Random_min=0] ~ ~ ~ /superpower @s ben_ten:perk_gourmand",
				"execute @s[score_Random=80,score_Random_min=51] ~ ~ ~ /superpower @s ben_ten:petrosapien"]
		},
		"polar_manzardill_20": {
			"ability": "lucraftcore:command",
			"required_level": 30,
			"show_in_bar": true,
			"title": {"text": "Polar Manzardill"},
			"icon": {"type": "texture",
				"texture": "ben_ten:textures/gui/omnitrix/polar_manzardill_activation_os.png"},
			"bar_color": "green",
			"commands": ["playsound minecraft:custom.transform master @a ~ ~ ~",
				"particle fallingdust ~ ~ ~ 1 1 1 0 3500 force @a 0133",
				"execute @s[score_Random=50,score_Random_min=0] ~ ~ ~ /superpower @s ben_ten:polar_manzardill",
				"execute @s[score_Random=80,score_Random_min=51] ~ ~ ~ /superpower @s ben_ten:ectonurite"]
		},
		"sphoeroid_20": {
			"ability": "lucraftcore:command",
			"required_level": 30,
			"show_in_bar": true,
			"title": {"text":"Sphoeroid"},
			"icon": { "type": "texture", "texture": "ben_ten:textures/gui/omnitrix/sphoeroid_activation_os.png"},
			"bar_color": "green",
			"commands": ["playsound minecraft:custom.transform master @a ~ ~ ~", 
			    "particle fallingdust ~ ~ ~ 1 1 1 0 3500 force @a 0133",
				"execute @s[score_Random=50,score_Random_min=0] ~ ~ ~ /superpower @s ben_ten:sphoeroid",
				"execute @s[score_Random=80,score_Random_min=51] ~ ~ ~ /superpower @s ben_ten:perk_gourmand"]
		},
		"opticoid_20": {
			"ability": "lucraftcore:command",
			"required_level": 31,
			"show_in_bar": true,
			"title": {"text": "Opticoid"},
			"icon": {"type": "texture",
				"texture": "ben_ten:textures/gui/omnitrix/opticoid_activation_os.png"},
			"bar_color": "green",
			"commands": ["playsound minecraft:custom.transform master @a ~ ~ ~",
				"particle fallingdust ~ ~ ~ 1 1 1 0 3500 force @a 0133",
				"execute @s[score_Random=50,score_Random_min=0] ~ ~ ~ /superpower @s ben_ten:opticoid",
				"execute @s[score_Random=80,score_Random_min=51] ~ ~ ~ /superpower @s ben_ten:vulpimancer"]
		},
		"nosedeenian_20": {
			"ability": "lucraftcore:command",
			"required_level": 33,
			"show_in_bar": true,
			"title": {"text": "Nosedeenian"},
			"icon": {"type": "texture",
				"texture": "ben_ten:textures/gui/omnitrix/nosedeenian_activation_os.png"},
			"bar_color": "green",
			"commands": ["playsound minecraft:custom.transform master @a ~ ~ ~",
				"particle fallingdust ~ ~ ~ 1 1 1 0 3500 force @a 0133",
				"execute @s[score_Random=50,score_Random_min=0] ~ ~ ~ /superpower @s ben_ten:nosedeenian",
				"execute @s[score_Random=80,score_Random_min=51] ~ ~ ~ /superpower @s ben_ten:piscciss_volan"]
		},
		"loboan_20": {
			"ability": "lucraftcore:command",
			"show_in_bar": true,
			"title": {"text": "Loboan"},
			"icon": {"type": "texture",
				"texture": "ben_ten:textures/gui/omnitrix/loboan_activation_os.png"},
			"bar_color": "green",
			"conditions": [{"type": "lucraftcore:scoreboard_tag",
			                "tag": "Loboan"}],
			"commands": ["superpower @s ben_ten:loboan",
				"playsound minecraft:custom.transform master @a ~ ~ ~",
				"particle fallingdust ~ ~ ~ 1 1 1 0 3500 force @a 0133", 
				"effect @s ebwizardry:sixth_sense 1000000 1 true"]
		},
		"transylian_20": {
			"ability": "lucraftcore:command",
			"show_in_bar": true,
			"title": {"text": "Transylian"},
			"icon": {"type": "texture",
				"texture": "ben_ten:textures/gui/omnitrix/transylian_activation_os.png"},
			"bar_color": "green",
			"conditions": [{"type": "lucraftcore:scoreboard_tag",
			                "tag": "Transylian"}],
			"commands": ["superpower @s ben_ten:transylian",
				"playsound minecraft:custom.transform master @a ~ ~ ~",
				"particle fallingdust ~ ~ ~ 1 1 1 0 3500 force @a 0133"]
		},
		"thep_khufan_20": {
			"ability": "lucraftcore:command",
			"show_in_bar": true,
			"title": {"text": "Thep Khufan"},
			"icon": {"type": "texture",
				"texture": "ben_ten:textures/gui/omnitrix/thep_khufan_activation_os.png"},
			"bar_color": "green",
			"conditions": [{"type": "lucraftcore:scoreboard_tag",
			                "tag": "Khufan"}],
			"commands": ["superpower @s ben_ten:thep_khufan",
				"playsound minecraft:custom.transform master @a ~ ~ ~",
				"particle fallingdust ~ ~ ~ 1 1 1 0 3500 force @a 0133"]
		},
		"to'kustar_20": {
			"ability": "lucraftcore:command",
			"required_level": 40,
			"show_in_bar": true,
			"title": {"text": "To'kustar"},
			"icon": {"type": "texture",
				"texture": "ben_ten:textures/gui/omnitrix/tokustar_activation_os.png"},
			"bar_color": "green",
			"commands": ["superpower @s ben_ten:tokustar",
				"playsound minecraft:custom.transform master @a ~ ~ ~",
				"particle fallingdust ~ ~ ~ 1 1 1 0 3500 force @a 0133"]
		},
		"conductoid": {
			"ability": "lucraftcore:command",
			"show_in_bar": true,
			"title": {"text": "Conductoid"},
			"icon": {"type": "texture",
				"texture": "ben_ten:textures/gui/omnitrix/conductoid_activation_os.png"},
			"bar_color": "green",
			"conditions": [{"type": "lucraftcore:scoreboard_tag",
			                "tag": "Conductoid"}],
			"commands": ["superpower @s ben_ten:conductoid",
				"playsound minecraft:custom.transform master @a ~ ~ ~",
				"particle fallingdust ~ ~ ~ 1 1 1 0 3500 force @a 0133"]
		}		
	}
}