{
	"name": {
		"text": "Prypatosian-B (Suit)"
	},

	"icon": {
		"type": "texture",
		"texture": "ben_ten:textures/gui/omnitrix/prypiatosian_b_activation.png"
	},

	"creative_tab": "ben10",
	
	"max_level": 40,
	
	"capsule_color": 3080117,
	
    "effects": [
        {
        "type": "skin_change",
        "texture": "ben_ten:textures/models/ben/prypiatosianb_suit.png",
		"conditions": [            	
				{
            		"type": "ability_enabled",
					"ability": "lucraftcore:knockback_resistance"
            	}
			]
       },
		{
            "type": "skin_overlay",
            "texture": "ben_ten:textures/overlays/glow/prypiatosianb_suit_glow.png",
            "size": 0,
            "glow": true,
            "conditions": [
            	{
            		"type": "always"
        		},
				{
            		"type": "ability_enabled",
					"ability": "lucraftcore:knockback_resistance"
            	}
        	]
       },
		{
        "type": "skin_change",
        "texture": "ben_ten:textures/models/ben/ov_prypiatosianb_suit.png",
            "conditions": [            	
				{
            		"type": "ability_enabled",
					"ability": "lucraftcore:jump_boost"
            	}
			]
       },
		{
            "type": "skin_overlay",
            "texture": "ben_ten:textures/overlays/glow/ov_prypiatosianb_suit_glow.png",
            "size": 0,
            "glow": true,
            "conditions": [
            	{
            		"type": "always"
            	},
				{
            		"type": "ability_enabled",
					"ability": "lucraftcore:jump_boost"
            	}
            ]
       },
        {
            "type": "skin_overlay",
            "texture": "ben_ten:textures/overlays/glow/prypiatosianb_hands.png",
            "size": 0,
            "glow": true,
            "conditions": [
            	{
            		"type": "ability_enabled",
            		"ability": "lucraftcore:fire_punch"
            	}
            ]
       }
    ],
	
	"abilities": {
		"radiation_protection": {
            "ability": "the-fifth-world:potion_immunity",
            "show_in_bar": false,
            "title": {"text":"Radiation Protection"},
            "icon": {"type": "internal"},
            "potion": "lucraftcore:radiation"
       },
	   "size": {	
	        "ability": "lucraftcore:command_loop",		
			"cooldown": 0,
            "show_in_bar": false,	
            "title": {"text":"Size"},
			"icon": {"type": "texture", "texture": "ben_ten:textures/gui/omnitrix/recal_omnitrix.png"},
	        "commands": ["sizechange @s 1.3 lucraftcore:default"]
		},
		"escape_suit": {
			"ability": "lucraftcore:command",	
			"show_in_bar": true,
			"title": {"text": "Escape Suit"},
			"icon": {"type": "texture", "texture": "ben_ten:textures/gui/omnitrix/escapesuit.png"},
			"bar_color": "green",
			"commands": ["execute @p[ry=22,rym=-22] ~ ~ ~ summon armor_stand ~ ~-0.3 ~ {CustomName:\"Suit\",Invisible:1b,Invulnerable:1b,NoBasePlate:1b,ShowArms:1b,Pose:{Body:[15f,0f,0f],Head:[285f,26f,0f],LeftLeg:[271f,349f,0f],RightLeg:[276f,35f,6f],LeftArm:[0f,0f,329f],RightArm:[0f,0f,20f]}}",
			             "execute @p[ry=67,rym=23] ~ ~ ~ summon armor_stand ~ ~-0.3 ~ {CustomName:\"Suit\",Invisible:1b,Rotation:[58f],Invulnerable:1b,NoBasePlate:1b,ShowArms:1b,Pose:{Body:[15f,0f,0f],Head:[285f,26f,0f],LeftLeg:[271f,349f,0f],RightLeg:[276f,35f,6f],LeftArm:[0f,0f,329f],RightArm:[0f,0f,20f]}}",
						 "execute @p[ry=112,rym=68] ~ ~ ~ summon armor_stand ~ ~-0.3 ~ {CustomName:\"Suit\",Invisible:1b,Rotation:[95f],Invulnerable:1b,NoBasePlate:1b,ShowArms:1b,Pose:{Body:[15f,0f,0f],Head:[285f,26f,0f],LeftLeg:[271f,349f,0f],RightLeg:[276f,35f,6f],LeftArm:[0f,0f,329f],RightArm:[0f,0f,20f]}}",
						 "execute @p[ry=157,rym=113] ~ ~ ~ summon armor_stand ~ ~-0.3 ~ {CustomName:\"Suit\",Invisible:1b,Rotation:[128f],Invulnerable:1b,NoBasePlate:1b,ShowArms:1b,Pose:{Body:[15f,0f,0f],Head:[285f,26f,0f],LeftLeg:[271f,349f,0f],RightLeg:[276f,35f,6f],LeftArm:[0f,0f,329f],RightArm:[0f,0f,20f]}}",
						 "execute @p[ry=-158,rym=158] ~ ~ ~ summon armor_stand ~ ~-0.3 ~ {CustomName:\"Suit\",Invisible:1b,Rotation:[178f],Invulnerable:1b,NoBasePlate:1b,ShowArms:1b,Pose:{Body:[15f,0f,0f],Head:[285f,26f,0f],LeftLeg:[271f,349f,0f],RightLeg:[276f,35f,6f],LeftArm:[0f,0f,329f],RightArm:[0f,0f,20f]}}",
						 "execute @p[ry=-113,rym=-157] ~ ~ ~ summon armor_stand ~ ~-0.3 ~ {CustomName:\"Suit\",Invisible:1b,Rotation:[231f],Invulnerable:1b,NoBasePlate:1b,ShowArms:1b,Pose:{Body:[15f,0f,0f],Head:[285f,26f,0f],LeftLeg:[271f,349f,0f],RightLeg:[276f,35f,6f],LeftArm:[0f,0f,329f],RightArm:[0f,0f,20f]}}",
						 "execute @p[ry=-68,rym=-112] ~ ~ ~ summon armor_stand ~ ~-0.3 ~ {CustomName:\"Suit\",Invisible:1b,Rotation:[281f],Invulnerable:1b,NoBasePlate:1b,ShowArms:1b,Pose:{Body:[15f,0f,0f],Head:[285f,26f,0f],LeftLeg:[271f,349f,0f],RightLeg:[276f,35f,6f],LeftArm:[0f,0f,329f],RightArm:[0f,0f,20f]}}",
						 "execute @p[ry=-23,rym=-67] ~ ~ ~  summon armor_stand ~ ~-0.3 ~ {CustomName:\"Suit\",Invisible:1b,Rotation:[320f],Invulnerable:1b,NoBasePlate:1b,ShowArms:1b,Pose:{Body:[15f,0f,0f],Head:[285f,26f,0f],LeftLeg:[271f,349f,0f],RightLeg:[276f,35f,6f],LeftArm:[0f,0f,329f],RightArm:[0f,0f,20f]}}",
						 "replaceitem entity @e[name=Suit] slot.armor.chest ben_ten:open_suit_chest",
                         "execute @e[name=Suit,r=2] ~ ~ ~ playsound minecraft:block.anvil.destroy ambient @s ~ ~ ~",
						 "superpower @s ben_ten:prypiatosian_b",
						 "scoreboard players tag @s add Suit_Off"]			 
		},				 
		"knockback_resistance": {
            "ability": "lucraftcore:knockback_resistance",
            "show_in_bar": false,
            "title": {"translate":"lucraftcore.abilities.knockback_resistance.name"},
            "icon": {"type": "internal"},
            "bar_color": "light_gray",
			"conditions": [{
                        "type": "lucraftcore:or",
                            "conditions": [
                            {"type": "lucraftcore:scoreboard_tag",
                             "tag": "af"
                           },
                            {"type": "lucraftcore:scoreboard_tag",
                             "tag": "ua"
                           }]
                   }],
            "amount": 0.0,
            "operation": 0,
            "uuid": "0669d99d-b34d-40fc-a4d8-c7ee963cc842"
       },
		"version": {
            "ability": "lucraftcore:jump_boost",
            "show_in_bar": false,
            "title": {"translate":"lucraftcore.abilities.jump_boost.name"},
            "icon": {"type": "internal"},
            "bar_color": "light_gray",
            "amount": 0.0,
            "operation": 0, 
			"conditions": [{
			    "type": "lucraftcore:scoreboard_tag",
				"tag": "ov"}],
            "uuid": "0669d99d-b34d-40fc-a4d8-c7ee963cc842"
       },
		"health": {		
			"ability": "lucraftcore:health",			
            "show_in_bar": false,		
            "title": {"text":"Health"},					
			"amount": 10,
			"operation": 0,
			"uuid": "5c5cfbea-9f1b-42dd-b43c-d129733c4a75"		
		},
		"strength": {	
			"ability": "lucraftcore:strength",				
            "show_in_bar": false,		
            "title": {"text":"Strength"},							
			"amount": 12,
			"operation": 0,
			"uuid": "5c5cfbea-9f1b-42dd-b43c-d129733c4a75"			
		},
		"defense": {
			"ability": "lucraftcore:resistance",			
            "show_in_bar": false,		
            "title": {"text":"Resistance"},						
			"amount": 20,
			"operation": 0,
			"uuid": "5c5cfbea-9f1b-42dd-b43c-d129733c4a75"			
		},
		"fall_resistance": {
			"ability": "lucraftcore:fall_resistance",
			"show_in_bar": false,
			"title": {"text":"Fall Resistance"},
			"amount": 2000,
			"operation": 0,
			"uuid": "5c5cfbea-9f1b-42dd-b43c-d129733c4a75"
		},
		"fire_resistance": {
			"ability": "lucraftcore:fire_resistance",			
            "show_in_bar": false,		
            "title": {"text":"Fire Resistance"},						
			"operation": 0,
			"uuid": "5c5cfbea-9f1b-42dd-b43c-d129733c4a75"			
		},
		"laser_eyes":{
            "ability": "heroesexpansion:heat_vision",
            "icon": {"type": "texture", "texture": "ben_ten:textures/gui/omnitrix/radioactive_beam.png"},
            "show_in_bar": true,
			"bar_color": "green",
            "cooldown": 0,
            "color": [255, 130, 0],
            "title": {"text":"Radioactive Beam"}
		},
		"fire_punch": {
            "ability": "lucraftcore:fire_punch",
            "cooldown": 0,
            "show_in_bar": true,
            "title": {"text":"Radioactive Punch"},
            "icon": {"type": "texture", "texture": "ben_ten:textures/gui/omnitrix/radioactive_punch.png"},
            "bar_color": "green",
            "duration": 100
		},		
		"timer":{
			"ability": "lucraftcore:command_loop",
			"show_in_bar": false,
			"cooldown": 0,
			"title": {"text":"Timer"},			
			"icon": {"type": "texture",
				"texture": "ben_ten:textures/gui/omnitrix/recal_timeout.png"},
			"conditions": [{"type": "lucraftcore:not", 
			            "conditions": [{
						"type": "lucraftcore:scoreboard_tag", 
						"tag": "Master"}]}],
			"commands": ["superpowerxp 1 @s", 
			"scoreboard players remove @s Timer 1", 
			"execute @s[score_Timer=0,score_Timer_min=0] ~ ~ ~ /particle fallingdust ~ ~ ~ 1 1 1 0 3500 force @a 0133", 
			"execute @s[score_Timer=0,score_Timer_min=0,tag=ov] ~ ~ ~ /superpower @s ben_ten:completedomnitrix", 
			"execute @s[score_Timer=30,score_Timer_min=30,tag=ov] ~ ~ ~ /playsound minecraft:custom.ov_timer master @a ~ ~ ~", 
			"execute @s[score_Timer=1,score_Timer_min=1,tag=ov] ~ ~ ~ /playsound minecraft:custom.ov_human master @a ~ ~ ~",			
			"execute @s[score_Timer=0,score_Timer_min=0,tag=ua] ~ ~ ~ /superpower @s ben_ten:ultimatrix",  
			"execute @s[score_Timer=0,score_Timer_min=0,tag=ua] ~ ~ ~ /playsound minecraft:custom.ultimatrixhuman master @a ~ ~ ~",
			"execute @s[score_Timer=0,score_Timer_min=0,tag=ua] ~ ~ ~ /particle fallingdust ~ ~ ~ 1 1 1 0 3500 force @a 0133"],
			"hidden": true
		},
		"death_state":{
			"ability": "lucraftcore:command_loop",
			"show_in_bar": false,
			"cooldown": 0,
			"title": {"text":"Death State"},			
			"icon": {"type": "texture",
				"texture": "ben_ten:textures/gui/omnitrix/recal_timeout.png"},
			"commands": ["execute @s[score_Health=0,score_Health_min=0,tag=os] ~ ~ ~ /superpower @s ben_ten:prototypeomnitrix",
			"execute @s[score_Health=0,score_Health_min=0,tag=af] ~ ~ ~ /superpower @s ben_ten:recalibratedomnitrix",
			"execute @s[score_Health=0,score_Health_min=0,tag=ua] ~ ~ ~ /superpower @s ben_ten:ultimatrix",
			"execute @s[score_Health=0,score_Health_min=0,tag=ov] ~ ~ ~ /superpower @s ben_ten:completedomnitrix"],
			"hidden": true
		},
		"base": {	
	        "ability": "lucraftcore:command",		
			"cooldown": 0,
            "show_in_bar": true,	
            "title": {"text":"Base Form"},
			"icon": {"type": "texture", "texture": "ben_ten:textures/gui/omnitrix/recal_omnitrix.png"},
            "bar_color": "green",
			"conditions": [{"type": "lucraftcore:not", 
			            "conditions": [{
						"type": "lucraftcore:scoreboard_tag", 
						"tag": "ov"}]}],
			"commands": ["execute @s[tag=ua] ~ ~ ~ /superpower @s ben_ten:ultimatrix",
			"execute @s[tag=ua] ~ ~ ~ /playsound minecraft:custom.ultimatrixhuman master @a ~ ~ ~",
			"/particle fallingdust ~ ~ ~ 1 1 1 0 3500 force @a 0133"]
		},
		"base_ov": {	
	        "ability": "lucraftcore:command",		
			"cooldown": 0,
            "show_in_bar": true,	
            "title": {"text":"Base Form"},
			"icon": {"type": "texture", "texture": "ben_ten:textures/gui/omnitrix/ov_trix_master.png"},
            "bar_color": "green",
			"conditions": [{
			    "type": "lucraftcore:scoreboard_tag",
				"tag": "ov"}],				
			"commands": ["execute @s[tag=ov] ~ ~ ~ /superpower @s ben_ten:completedomnitrix", 
			"execute @s[tag=ov] ~ ~ ~ /playsound minecraft:custom.ov_human master @a ~ ~ ~",
			"/particle fallingdust ~ ~ ~ 1 1 1 0 3500 force @a 0133"]
		}
	}
}
