{
	"name": {
		"text": "Prypiatosian A"
	},

	"icon": {
		"type": "texture",
		"texture": "ben_ten:textures/gui/completedomnitrix/prypiatosian_a_activation.png"
	},

	"max_level": 40,
	
	"capsule_color": 3080117,
	
    "effects": [

        {
        "type": "skin_change",
        "texture": "ben_ten:textures/models/ben/prypiatosian_a.png"
        },		
		{
            "type": "skin_overlay",
            "texture": "ben_ten:textures/overlays/glow/prypiatosian_a_glow.png",
            "size": 0,
            "glow": true            
        }
    ],
	
	"abilities": {			
		"big_size": {
			"ability": "lucraftcore:command_loop",
			"show_in_bar": false,
			"title": {"text": "Big Size"},
			"icon": { "type": "internal" },
			"bar_color": "light_gray",
			"commands": ["sizechange @s 1.6 lucraftcore:default"]
		},
		"health": {		
			"ability": "lucraftcore:health",			
            "show_in_bar": false,		
            "title": {"text":"Health"},					
			"amount": 20,
			"operation": 0,
			"uuid": "5c5cfbea-9f1b-42dd-b43c-d129733c4a75"		
		},
		"strength": {	
			"ability": "lucraftcore:strength",				
            "show_in_bar": false,		
            "title": {"text":"Strength"},							
			"amount": 20,
			"operation": 0,
			"uuid": "5c5cfbea-9f1b-42dd-b43c-d129733c4a75"			
		},		
		"defense": {
			"ability": "lucraftcore:resistance",			
            "show_in_bar": false,		
            "title": {"text":"Resistance"},						
			"amount": 45,
			"operation": 0,
			"uuid": "5c5cfbea-9f1b-42dd-b43c-d129733c4a75"			
		},		
		"radiation_immunity":{
			"ability": "the-fifth-world:potion_immunity",
			"show_in_bar": false,
			"potion": "lucraftcore:radiation",
			"title": {"text":"Radiation Immunity"},
			"icon": {"type": "texture",
				"texture": "ben_ten:textures/gui/omnitrix/radioactive_icon.png"}
		},
		"radiation_beam": {
            "ability": "heroesexpansion:heat_vision",
            "cooldown": 150,
            "show_in_bar": true,
            "title": {"text":"Radiation Beam"},
            "icon": { "type": "internal" },
            "bar_color": "green",
            "color": [85, 255, 85]
        },		
		"flight": {			
			"ability": "lucraftcore:flight",			
			"icon": { "type": "internal" },
            "cooldown": 0,			
            "show_in_bar": true,
            "title": {"text":"Flight"},	
            "bar_color": "green",
			"speed": 1.0,
            "sprint_speed": 4,
			"rotate_arms": true
		},		
		"radiation_blast": {
            "ability": "heroesexpansion:photon_blast",            
			"cooldown": 0,
            "show_in_bar": true,
			"title": {"text":"Radiation Blast"},
			"icon": { "type": "internal" },
            "bar_color": "green",			
			"color": [85, 255, 85]
	        },
		"fusion_cuisine":{
            "ability": "lucraftcore:command",
            "show_in_bar": true,
			"bar_color": "green",
            "cooldown": 800,
            "title": {"text":"Fusion Cuisine"},
            "icon": {"type": "texture", "texture": "ben_ten:textures/gui/omnitrix/radioactive_icon.png"},
            "commands": ["/cast ebwizardry:radiant_totem @p"],
            "hidden": true				
	        },
		"mini_sun":{
            "ability": "lucraftcore:command",
            "show_in_bar": true,
			"bar_color": "green",
            "cooldown": 200,
            "title": {"text":"Miniature Sun"},
            "icon": {"type": "texture", "texture": "ben_ten:textures/gui/omnitrix/mini_sun.png"},
            "commands": ["/cast ebwizardry:light @p"],
            "hidden": true				
	        },
		"flash_bang":{
            "ability": "lucraftcore:command",
            "show_in_bar": true,
			"bar_color": "green",
            "cooldown": 300,
            "title": {"text":"Flash Bang"},
            "icon": {"type": "texture", "texture": "ben_ten:textures/gui/omnitrix/placeholder.png"},
            "commands": ["/cast ebwizardry:blinding_flash @p"],
            "hidden": true				
	        },
		"shockwave":{
            "ability": "lucraftcore:command",
            "show_in_bar": true,
			"bar_color": "green",
            "cooldown": 200,
            "title": {"text":"Shockwave"},
            "icon": {"type": "texture", "texture": "ben_ten:textures/gui/omnitrix/dust.png"},
            "commands": ["/cast ebwizardry:shockwave @p"],
            "hidden": true				
	        },
		"energy_bomb":{
            "ability": "lucraftcore:command",
            "show_in_bar": true,
			"bar_color": "green",
            "cooldown": 200,
            "title": {"text":"Energy Bomb"},
            "icon": {"type": "texture", "texture": "ben_ten:textures/gui/omnitrix/placeholder.png"},
            "commands": ["/cast ebwizardry:force_orb @p"],
            "hidden": true				
	        },
		"energy_shot":{
            "ability": "lucraftcore:command",
            "show_in_bar": true,
			"bar_color": "green",
            "cooldown": 100,
            "title": {"text":"Energy shot"},
            "icon": {"type": "texture", "texture": "ben_ten:textures/gui/omnitrix/gas_poison.png"},
            "commands": ["/cast ebwizardry:force_arrow @p"],
            "hidden": true				
		},
		"nuclear_winner": {
			"ability": "lucraftcore:set_punch",
			"icon": { "type": "internal" },
			"cooldown": 1000,
			"damage": 55,
            "reach_distance": 5.0,
            "arm": 0,			
            "show_in_bar": true,
            "title": {"text":"Nuclear Winner"},
            "bar_color": "green"
		},
		"atomic_bang": {
			"ability": "the-fifth-world:explode",
            "cooldown": 1000,			
            "parent_ability": "nuclear_winner",
            "show_in_bar": false,
            "title": {"text":"Atomic Bang"},
            "icon": { "type": "internal" },
            "bar_color": "green",			
			"strength": 10.0,
            "conditions": [
			{"type": "lucraftcore:ability_enabled",
            "ability": "set_punch"}]
        },
		"timer":{
			"ability": "lucraftcore:command_loop",
			"show_in_bar": false,
			"cooldown": 0,
			"title": {"text":"Timer"},			
			"icon": {"type": "texture",
				"texture": "ben_ten:textures/gui/omnitrix/ov_trix_timeout.png"},
			"conditions": [{"type": "lucraftcore:not", 
			            "conditions": [{
						"type": "lucraftcore:scoreboard_tag", 
						"tag": "Master"}]}],
			"commands": ["superpowerxp 1 @s", 
			"scoreboard players remove @s Timer 1", 
			"execute @s[score_Timer=0,score_Timer_min=0] ~ ~ ~ /superpower @s ben_ten:completedomnitrix", 
			"execute @s[score_Timer=0,score_Timer_min=0] ~ ~ ~ /particle fallingdust ~ ~ ~ 1 1 1 0 3500 force @a 0133", 
			"execute @s[score_Timer=30,score_Timer_min=30] ~ ~ ~ /playsound minecraft:custom.ov_timer master @a ~ ~ ~", 
			"execute @s[score_Timer=1,score_Timer_min=1] ~ ~ ~ /playsound minecraft:custom.ov_human master @a ~ ~ ~"],
			"hidden": true
		},
		"death_state":{
			"ability": "lucraftcore:command_loop",
			"show_in_bar": false,
			"cooldown": 0,
			"title": {"text":"Death State"},			
			"icon": {"type": "texture",
				"texture": "ben_ten:textures/gui/omnitrix/recal_timeout.png"},
			"commands": ["execute @s[score_Health=0,score_Health_min=0,tag=os] ~ ~ ~ /superpower @s ben_ten:prototypeomnitrix",
			"execute @s[score_Health=0,score_Health_min=0,tag=af] ~ ~ ~ /superpower @s ben_ten:recalibratedomnitrix",
			"execute @s[score_Health=0,score_Health_min=0,tag=ua] ~ ~ ~ /superpower @s ben_ten:ultimatrix",
			"execute @s[score_Health=0,score_Health_min=0,tag=ov] ~ ~ ~ /superpower @s ben_ten:completedomnitrix"],
			"hidden": true
		},
		"base": {	
	        "ability": "lucraftcore:command",		
			"cooldown": 0,
            "show_in_bar": true,	
            "title": {"text":"Base Form"},
			"icon": { "type": "texture", "texture": "ben_ten:textures/gui/omnitrix/ov_trix_master.png" },
            "bar_color": "green",				
			"commands": ["/superpower @s ben_ten:completedomnitrix", 
			"playsound minecraft:custom.ov_human master @a ~ ~ ~", 
			"particle fallingdust ~ ~ ~ 1 1 1 0 3500 force @a 0133"]
		}
	}	
}