{
	"name": {
		"text": "Pyronite"
	},

	"icon": {
		"type": "texture",
		"texture": "ben_ten:textures/gui/omnitrix/pyronite_activation_os.png"
	},

	"creative_tab": "ben10",
	
	"max_level": 40,
	
	"capsule_color": 3080117,
	
    "effects": [
        {
            "type": "glowing_hand",
            "color": [1, 0.3, 0.0],
            "size": 1.3,
            "conditions": [
                {
                    "type": "ability_enabled",
                    "ability": "lucraftcore:flight"
               },
                {
                    "type": "always"
               }
            ]
       },

        {
        "type": "skin_change",
        "texture": "ben_ten:textures/models/ben/timeout/pyronite_timeout.png"
       },
		{
            "type": "skin_overlay",
            "texture": "ben_ten:textures/overlays/glow/pyronite_glow.png",
            "size": 0,
            "glow": true,
            "conditions": [
            	{
            		"type": "always"
            	}
            ]
       }
    ],
	
	"abilities": {
		"size": {
		    "hidden": true,
			"ability": "lucraftcore:command_loop",
			"show_in_bar": false,
			"title": {"text": "Size"},
			"icon": {"type": "texture", "texture": "ben_ten:textures/gui/omnitrix/omnitrix.png"},
			"bar_color": "light_gray",
			"commands": ["sizechange @s 1 lucraftcore:default"]
       },
		"radiation_protection": {
            "ability": "the-fifth-world:potion_immunity",
            "show_in_bar": false,
            "title": {"text":"Radiation Protection"},
            "icon": {"type": "internal"},
            "potion": "lucraftcore:radiation"
       },
		"health": {		
			"ability": "lucraftcore:health",			
            "show_in_bar": false,		
            "title": {"text":"Health"},					
			"amount": 5,
			"operation": 0,
			"uuid": "5c5cfbea-9f1b-42dd-b43c-d129733c4a75"		
		},
		"step_assist": {
            "ability": "lucraftcore:step_assist",
            "show_in_bar": false,
            "title": {"translate":"lucraftcore.abilities.step_assist.name"},
            "icon": {"type": "internal"},
            "bar_color": "light_gray",
            "amount": 0.0,
            "operation": 0,
			"conditions": [{
			    "type": "lucraftcore:scoreboard_tag",
				"tag": "ov"}],
            "uuid": "0669d99d-b34d-40fc-a4d8-c7ee963cc842"
       },
		"knockback_resistance": {
            "ability": "lucraftcore:knockback_resistance",
            "show_in_bar": false,
            "title": {"translate":"lucraftcore.abilities.knockback_resistance.name"},
            "icon": {"type": "internal"},
            "bar_color": "light_gray",
			"conditions": [{
			    "type": "lucraftcore:scoreboard_tag",
				"tag": "ua"}],
            "amount": 0.0,
            "operation": 0,
            "uuid": "0669d99d-b34d-40fc-a4d8-c7ee963cc842"
       },
		"strength": {	
			"ability": "lucraftcore:strength",				
            "show_in_bar": false,		
            "title": {"text":"Strength"},							
			"amount": 10,
			"operation": 0,
			"uuid": "5c5cfbea-9f1b-42dd-b43c-d129733c4a75"			
		},
		"defense": {
			"ability": "lucraftcore:resistance",			
            "show_in_bar": false,		
            "title": {"text":"Resistance"},						
			"amount": 5,
			"operation": 0,
			"uuid": "5c5cfbea-9f1b-42dd-b43c-d129733c4a75"			
		},
		"fall_resistance": {
			"ability": "lucraftcore:fall_resistance",
			"show_in_bar": false,
			"title": {"text":"Fall Resistance"},
			"amount": 200,
			"operation": 0,
			"uuid": "5c5cfbea-9f1b-42dd-b43c-d129733c4a75"
		},
		"fire_resistance": {
			"ability": "lucraftcore:fire_resistance",			
            "show_in_bar": false,		
            "title": {"text":"Fire Resistance"},						
			"operation": 0,
			"uuid": "5c5cfbea-9f1b-42dd-b43c-d129733c4a75"			
		},
		"fireball":{
            "ability": "lucraftcore:command",
            "show_in_bar": true,
			"bar_color": "green",
            "cooldown": 80,
            "title": {"text":"Throw Fireball"},
            "icon": {"type": "texture", "texture": "ben_ten:textures/gui/omnitrix/fireball.png"},
            "commands": ["/cast ebwizardry:greater_fireball @p", "/superpowerxp 50 @s"],
            "hidden": true	
		},
		"flare_shot":{
            "ability": "lucraftcore:command",
            "show_in_bar": true,
			"bar_color": "green",
            "cooldown": 0,
            "title": {"text":"Flare Shot"},
            "icon": {"type": "texture", "texture": "ben_ten:textures/gui/omnitrix/flare_shot.png"},
            "commands": ["/cast ebwizardry:firebolt @p"],
            "hidden": true
		},
		"flight": {			
			"ability": "lucraftcore:flight",
			"required_level": 30,
			"icon": {"type": "internal"},
            "cooldown": 0,			
            "show_in_bar": true,
            "title": {"text":"Flight"},	
            "bar_color": "green",				
			"speed": 1.0,
            "sprint_speed": 4,
			"rotate_arms": false
		},
		"flight_particles":{
			"ability": "lucraftcore:command_loop",
			"parent_ability": "flight",
			"show_in_bar": false,
			"cooldown": 0,
			"title": {"text":"Flight Particles"},			
			"icon": {"type": "texture",
				"texture": "ben_ten:textures/gui/omnitrix/redomnitrix.png"},
			"commands": ["execute @s[ry=22,rym=-22] ~ ~ ~ /particle flame ~0.4 ~0.4 ~ 0.05 0.05 0.05 0.001 100 force",
                         "execute @s[ry=22,rym=-22] ~ ~ ~ /particle flame ~-0.4 ~0.4 ~ 0.05 0.05 0.05 0.001 100 force",
                         "execute @s[ry=67,rym=23] ~ ~ ~ /particle flame ~0.3 ~0.4 ~0.3 0.05 0.05 0.05 0.001 100 force",
                         "execute @s[ry=67,rym=23] ~ ~ ~ /particle flame ~-0.3 ~0.4 ~-0.3 0.05 0.05 0.05 0.001 100 force",
                         "execute @s[ry=112,rym=68] ~ ~ ~ /particle flame ~ ~0.4 ~-0.4 0.05 0.05 0.05 0.001 100 force",
                         "execute @s[ry=112,rym=68] ~ ~ ~ /particle flame ~ ~0.4 ~0.4 0.05 0.05 0.05 0.001 100 force",
                         "execute @s[ry=157,rym=113] ~ ~ ~ /particle flame ~-0.3 ~0.4 ~0.3 0.05 0.05 0.05 0.001 100 force",
                         "execute @s[ry=157,rym=113] ~ ~ ~ /particle flame ~0.3 ~0.4 ~-0.3 0.05 0.05 0.05 0.001 100 force",
                         "execute @s[ry=-158,rym=158] ~ ~ ~ /particle flame ~0.4 ~0.4 ~ 0.05 0.05 0.05 0.001 100 force",
                         "execute @s[ry=-158,rym=158] ~ ~ ~ /particle flame ~-0.4 ~0.4 ~ 0.05 0.05 0.05 0.001 100 force",
                         "execute @s[ry=-113,rym=-157] ~ ~ ~ /particle flame ~-0.3 ~0.4 ~-0.3 0.05 0.05 0.05 0.001 100 force",
                         "execute @s[ry=-113,rym=-157] ~ ~ ~ /particle flame ~0.3 ~0.4 ~0.3 0.05 0.05 0.05 0.001 100 force",
                         "execute @s[ry=-68,rym=-112] ~ ~ ~ /particle flame ~ ~0.4 ~0.4 0.05 0.05 0.05 0.001 100 force",
                         "execute @s[ry=-68,rym=-112] ~ ~ ~ /particle flame ~ ~0.4 ~-0.4 0.05 0.05 0.05 0.001 100 force",
                         "execute @s[ry=-23,rym=-67] ~ ~ ~ /particle flame ~0.3 ~0.4 ~-0.3 0.05 0.05 0.05 0.001 100 force",
                         "execute @s[ry=-23,rym=-67] ~ ~ ~ /particle flame ~-0.3 ~0.4 ~0.3 0.05 0.05 0.05 0.001 100 force"],
            "conditions": [{
			    "type": "ability_enabled",
				"ability": "lucraftcore:flight"}],
			"hidden": true
		},
		"flight_xp": {
            "ability": "lucraftcore:command_toggle",
            "cooldown": 0,
			"parent_ability": "flight",
            "show_in_bar": false,
            "title": {"text":"Flight XP"},
            "icon": {"type": "internal"},
            "bar_color": "light_gray",
            "conditions": [{
			    "type": "ability_enabled",
				"ability": "lucraftcore:flight"}],
		    "commands": ["/superpowerxp 1 @s"],
		    "hidden": true
		},
		"fire_punch": {
            "ability": "lucraftcore:fire_punch",
            "cooldown": 0,
            "show_in_bar": true,
            "title": {"translate":"lucraftcore.abilities.fire_punch.name"},
            "icon": {"type": "texture", "texture": "ben_ten:textures/gui/omnitrix/pyronite_punch.png"},
            "bar_color": "green",
            "duration": 50
       },
		"fire_punch_xp": {
            "ability": "lucraftcore:command_toggle",
            "cooldown": 0,
			"parent_ability": "fire_punch",
            "show_in_bar": false,
            "title": {"text":"Fire Punch XP"},
            "icon": {"type": "internal"},
            "bar_color": "light_gray",
            "conditions": [{
			    "type": "ability_enabled",
				"ability": "lucraftcore:fire_punch"}],
		    "commands": ["/superpowerxp 5 @s"],
		    "hidden": true
		},
		"volcanic_breath":{
            "ability": "lucraftcore:command",
			"required_level": 35,
            "show_in_bar": true,
			"bar_color": "green",
            "cooldown": 400,
            "title": {"text":"Volcanic Breath"},
            "icon": {"type": "texture", "texture": "ben_ten:textures/gui/omnitrix/volcanic_breath.png"},
            "commands": ["/cast ebwizardry:fire_breath @p 5", "superpowerxp @s 50"],
            "hidden": true
		},
		"fire_blast":{
            "ability": "lucraftcore:command",
            "show_in_bar": true,
			"bar_color": "green",
            "cooldown": 200,
            "title": {"text":"Fire Blast"},
            "icon": {"type": "texture", "texture": "ben_ten:textures/gui/omnitrix/fire_blast.png"},
            "commands": ["/cast ebwizardry:flame_ray @p 5", "superpowerxp @s 25"],
            "hidden": true
		},
		"extinguish_fires": {	
	        "ability": "lucraftcore:command",		
			"cooldown": 0,
            "show_in_bar": true,	
            "title": {"text":"Absorb Flames"},
			"icon": {"type": "texture", "texture": "ben_ten:textures/gui/omnitrix/pancakes.png"},
            "bar_color": "green",				
			"commands": ["/particle lava ~-3 ~ ~-3 3 3 3 0 7000", "/fill ~-3 ~ ~-3 ~3 ~ ~3 air 0 replace fire"]
		},
		"supernova":{
            "ability": "lucraftcore:command",
			"required_level": 30,
            "show_in_bar": true,
			"bar_color": "green",
            "cooldown": 600,
            "title": {"text":"Supernova"},
            "icon": {"type": "texture", "texture": "ben_ten:textures/gui/omnitrix/supernova.png"},
            "commands": ["/cast ebwizardry:firestorm @p", "superpowerxp @s 100"],
            "hidden": true
		},
		"hot_body": {
			"ability": "lucraftcore:command_loop",
            "show_in_bar": false,				
			"title": {"text":"Hot Stuff"},
			"commands": ["/effect @s ebwizardry:fireskin 1 1 true", 
			"execute @s ~ ~ ~ detect ~ ~ ~ water 0 superpower @s ben_ten:pyronite_extinguished"],
			"icon": {"type": "internal"}
	   },
		"freezing_immunity":{
			"ability": "the-fifth-world:potion_immunity",
			"show_in_bar": false,
			"potion": "heroesexpansion:frozen",
			"title": {"text":"Freezing Immunity"},
			"icon": {"type": "texture",
				"texture": "minecraft:blaze_powder"}
		},
		"water_breathing":{
			"ability": "lucraftcore:water_breathing"
		},
		"timer_red":{
			"ability": "lucraftcore:command_loop",
			"show_in_bar": false,
			"cooldown": 0,
			"title": {"text":"Timer"},			
			"icon": {"type": "texture",
				"texture": "ben_ten:textures/gui/omnitrix/redomnitrix.png"},
			"conditions": [{"type": "lucraftcore:not", 
			            "conditions": [{
						"type": "lucraftcore:scoreboard_tag", 
						"tag": "Master"}]}],
			"commands": ["superpowerxp 1 @s", 
			"scoreboard players remove @s Timer 1", 
			"execute @s[score_Timer=50,score_Timer_min=50] ~ ~ ~ /superpower @s ben_ten:pyronite", 
			"execute @s[score_Timer=30,score_Timer_min=30] ~ ~ ~ /superpower @s ben_ten:pyronite",
			"execute @s[score_Timer=10,score_Timer_min=10] ~ ~ ~ /superpower @s ben_ten:pyronite"]
		},
		"death_state":{
			"ability": "lucraftcore:command_loop",
			"show_in_bar": false,
			"cooldown": 0,
			"title": {"text":"Death State"},			
			"icon": {"type": "texture",
				"texture": "ben_ten:textures/gui/omnitrix/recal_timeout.png"},
			"commands": ["execute @s[score_Health=0,score_Health_min=0,tag=os] ~ ~ ~ /superpower @s ben_ten:prototypeomnitrix",
			"execute @s[score_Health=0,score_Health_min=0,tag=af] ~ ~ ~ /superpower @s ben_ten:recalibratedomnitrix",
			"execute @s[score_Health=0,score_Health_min=0,tag=ua] ~ ~ ~ /superpower @s ben_ten:ultimatrix",
			"execute @s[score_Health=0,score_Health_min=0,tag=ov] ~ ~ ~ /superpower @s ben_ten:completedomnitrix"],
			"hidden": true
		},
		"master_base": {	
	        "ability": "lucraftcore:command",		
			"cooldown": 0,
            "show_in_bar": true,	
            "title": {"text":"Base Form"},
			"icon": {"type": "texture", "texture": "ben_ten:textures/gui/omnitrix/omnitrix.png"},
			"conditions": [{"type": "lucraftcore:scoreboard_tag", "tag": "Master"}],
            "bar_color": "green",				
			"commands": ["/superpower @s ben_ten:prototypeomnitrix", 
			"playsound minecraft:custom.transform master @a ~ ~ ~", 
			"particle fallingdust ~ ~ ~ 1 1 1 0 3500 force @a 0133"]
		},
		"base": {	
	        "ability": "lucraftcore:command",		
			"cooldown": 0,
			"required_level": 35,
            "show_in_bar": true,	
            "title": {"text":"Base Form"},
			"icon": {"type": "texture", "texture": "ben_ten:textures/gui/omnitrix/omnitrix.png"},
            "bar_color": "green",
			"conditions": [{"type": "lucraftcore:not", "conditions": [{"type": "lucraftcore:scoreboard_tag", "tag": "Master"}]}],				
			"commands": ["/superpower @s ben_ten:prototypeomnitrix", "playsound minecraft:custom.transform master @a ~ ~ ~", "particle fallingdust ~ ~ ~ 1 1 1 0 3500 force @a 0133"]
		}
	}
}