{
	"name" : {
		"text": "Recalibrated Omnitrix"
	},

	"icon": {
		"type": "texture",
		"texture": "ben_ten:textures/gui/omnitrix/recal_omnitrix.png"
	},
	
	"creative_tab": "ben10",
	
	"max_level": 40,
	
	"capsule_color" : 65280,
	
	"effects": [
        {
            "type": "skin_overlay",
            "texture": "ben_ten:textures/overlays/omnitrix/recalibrated_omnitrix.png",
            "size": 0,
            "glow": false,
            "conditions": [
            	{
            		"type": "always"
            	}
            ]
        }
    ],

	"abilities": {
		"size": {
		    "hidden": true,
			"ability": "lucraftcore:command_loop",
			"show_in_bar": false,
			"title": {"text": "Size"},
			"icon": { "type": "texture", "texture": "ben_ten:textures/gui/omnitrix/recal_omnitrix.png" },
			"bar_color": "light_gray",
			"commands": ["sizechange @s 1 lucraftcore:default", 
			"execute @s[score_Timer=5999,score_Timer_min=0] ~ ~ ~ /scoreboard players add @s Timer 1",
            "scoreboard players tag @s[score_Sneak=1,score_Sneak_min=1] add Sneaking",
            "scoreboard players tag @s[score_Sneak=0,score_Sneak_min=0] remove Sneaking",
			"scoreboard players set @s[score_Sneak_min=1] Sneak 0"]
        },
		"title": {
			"hidden": true,
			"ability": "lucraftcore:command_loop",
			"show_in_bar": false,
			"title": {"text": "Code Display"},
			"icon": {"type": "texture",
				"texture": "ben_ten:textures/gui/omnitrix/redomnitrix.png"},
			"commands": ["scoreboard players add @s Title 1",
			"execute @s[score_Title_min=5] ~ ~ ~ /scoreboard players set @s Title 1",
			"execute @s[score_Title=4,score_Title_min=3] ~ ~ ~ /title @s actionbar [{\"text\":\"<\",\"color\":\"black\"},{\"text\":\"Code\",\"color\":\"green\"},{\"text\":\">\",\"color\":\"black\"},{\"text\":\"<\",\"color\":\"black\"},{\"score\":{\"name\":\"@s\",\"objective\":\"Code1\"},\"color\":\"green\"},{\"text\":\"-\",\"color\":\"black\"},{\"score\":{\"name\":\"@s\",\"objective\":\"Code2\"},\"color\":\"green\"},{\"text\":\"-\",\"color\":\"black\"},{\"score\":{\"name\":\"@s\",\"objective\":\"Code3\"},\"color\":\"green\"},{\"text\":\"-\",\"color\":\"black\"},{\"score\":{\"name\":\"@s\",\"objective\":\"Code4\"},\"color\":\"green\"},{\"text\":\">\",\"color\":\"black\"}]"]
		},
		"full_turn": {
			"ability": "lucraftcore:command",
			"cooldown": 10,
			"show_in_bar": true,
			"title": {"text": "Full Turn"},
			"icon": {"type": "texture",
				"texture": "ben_ten:textures/gui/omnitrix/recal_full_turn.png"},
			"bar_color": "green",
			"commands": ["scoreboard players add @s[tag=!Sneaking] Code1 1", 
			"scoreboard players remove @s[score_Code1_min=1,tag=Sneaking] Code1 1",			 
			"scoreboard players set @s[score_Code1=0,score_Code1_min=0,tag=Sneaking] Code1 9",
			"scoreboard players set @s[score_Code1=10,score_Code1_min=10] Code1 0",
			"playsound minecraft:custom.fiddle master @a ~ ~ ~"]
		},
		"half_turn": {
			"ability": "lucraftcore:command",
			"cooldown": 10,
			"show_in_bar": true,
			"title": {"text": "Half Turn"},
			"icon": {"type": "texture",
				"texture": "ben_ten:textures/gui/omnitrix/recal_half_turn.png"},
			"bar_color": "green",
			"commands": ["scoreboard players add @s[tag=!Sneaking] Code2 1", 
			"scoreboard players remove @s[score_Code2_min=1,tag=Sneaking] Code2 1",			 
			"scoreboard players set @s[score_Code2=0,score_Code2_min=0,tag=Sneaking] Code2 9", 
			"scoreboard players set @s[score_Code2=10,score_Code2_min=10] Code2 0", 
			"playsound minecraft:custom.fiddle master @a ~ ~ ~"]
		},
		"quarter_turn": {
			"ability": "lucraftcore:command",
			"cooldown": 10,
			"show_in_bar": true,
			"title": {"text": "Quarter Turn"},
			"icon": {"type": "texture",
				"texture": "ben_ten:textures/gui/omnitrix/recal_quarter_turn.png"},
			"bar_color": "green",
			"commands": ["scoreboard players add @s[tag=!Sneaking] Code3 1", 
			"scoreboard players remove @s[score_Code3_min=1,tag=Sneaking] Code3 1",			 
			"scoreboard players set @s[score_Code3=0,score_Code3_min=0,tag=Sneaking] Code3 9", 
			"scoreboard players set @s[score_Code3=10,score_Code3_min=10] Code3 0", 
			"playsound minecraft:custom.fiddle master @a ~ ~ ~"]
		},
		"eighth_turn": {
			"ability": "lucraftcore:command",
			"cooldown": 10,
			"show_in_bar": true,
			"title": {"text": "Eigth Turn"},
			"icon": {"type": "texture",
				"texture": "ben_ten:textures/gui/omnitrix/recal_eighth_turn.png"},
			"bar_color": "green",
			"commands": ["scoreboard players add @s[tag=!Sneaking] Code4 1", 
			"scoreboard players remove @s[score_Code4_min=1,tag=Sneaking] Code4 1",			 
			"scoreboard players set @s[score_Code4=0,score_Code4_min=0,tag=Sneaking] Code4 9", 
			"scoreboard players set @s[score_Code4=10,score_Code4_min=10] Code4 0", 
			"playsound minecraft:custom.fiddle master @a ~ ~ ~"]
		},
		"enter_code": {
			"hidden": true,
			"ability": "lucraftcore:command",
			"cooldown": 60,
			"show_in_bar": true,
			"title": {"text": "Enter Code"},
			"icon": {"type": "texture",
				"texture": "ben_ten:textures/gui/omnitrix/recal_white.png"},
			"bar_color": "green",
			"commands": ["execute @s[score_Code1=4,score_Code1_min=4,score_Code2=0,score_Code2_min=0,score_Code3=2,score_Code3_min=2,score_Code4=8,score_Code4_min=8] ~ ~ ~ /playsound minecraft:custom.destruct master @a ~ ~ ~", 
			"execute @s[score_Code1=4,score_Code1_min=4,score_Code2=0,score_Code2_min=0,score_Code3=2,score_Code3_min=2,score_Code4=8,score_Code4_min=8,tag=!Master] ~ ~ ~ /superpower @s ben_ten:recalibratedomnitrix",
			"execute @s[score_Code1=4,score_Code1_min=4,score_Code2=0,score_Code2_min=0,score_Code3=2,score_Code3_min=2,score_Code4=8,score_Code4_min=8,tag=!Master] ~ ~ ~ /scoreboard players tag @s add Master",
            "execute @s[score_Code1=4,score_Code1_min=4,score_Code2=0,score_Code2_min=0,score_Code3=2,score_Code3_min=2,score_Code4=9,score_Code4_min=9] ~ ~ ~ /playsound minecraft:custom.destruct master @a ~ ~ ~", 
			"execute @s[score_Code1=4,score_Code1_min=4,score_Code2=0,score_Code2_min=0,score_Code3=2,score_Code3_min=2,score_Code4=9,score_Code4_min=9] ~ ~ ~ /superpower @s ben_ten:recalibratedomnitrix",			
			"execute @s[score_Code1=4,score_Code1_min=4,score_Code2=0,score_Code2_min=0,score_Code3=2,score_Code3_min=2,score_Code4=9,score_Code4_min=9] ~ ~ ~ /scoreboard players tag @s remove Master",			
			"execute @s[score_Code1=8,score_Code1_min=8,score_Code2=4,score_Code2_min=4,score_Code3=2,score_Code3_min=2,score_Code4=8,score_Code4_min=8] ~ ~ ~ /scoreboard objectives add Destruct dummy",
			"execute @s[score_Code1=8,score_Code1_min=8,score_Code2=4,score_Code2_min=4,score_Code3=2,score_Code3_min=2,score_Code4=8,score_Code4_min=8] ~ ~ ~ /scoreboard players set @s Destruct 0",
			"execute @s[score_Code1=4,score_Code1_min=4,score_Code2=0,score_Code2_min=0,score_Code3=2,score_Code3_min=2,score_Code4=9,score_Code4_min=9] ~ ~ ~ /playsound minecraft:custom.recal_destruct master @a ~ ~ ~",
			"execute @s[score_Code1=8,score_Code1_min=8,score_Code2=4,score_Code2_min=4,score_Code3=2,score_Code3_min=2,score_Code4=8,score_Code4_min=8] ~ ~ ~ /superpower @s ben_ten:recalibrated_destruct",		
			"execute @s[score_Code1=9,score_Code1_min=9,score_Code2=2,score_Code2_min=2,score_Code3=5,score_Code3_min=5,score_Code4=7,score_Code4_min=7] ~ ~ ~ /superpower @s albedo:al_omnitrix",
			"execute @s[score_Code1=9,score_Code1_min=9,score_Code2=2,score_Code2_min=2,score_Code3=5,score_Code3_min=5,score_Code4=7,score_Code4_min=7] ~ ~ ~ /playsound minecraft:custom.destruct master @a ~ ~ ~",		
			"scoreboard players set @s Code1 0", 
			"scoreboard players set @s Code2 0", 
			"scoreboard players set @s Code3 0", 
			"scoreboard players set @s Code4 0"]
		},
		"dna_repair": {
		    "hidden": true,
			"ability": "lucraftcore:command",
			"show_in_bar": true,
			"title": {"text": "DNA Repair"},
			"icon": { "type": "texture", "texture": "ben_ten:textures/gui/omnitrix/recal_repair.png" },
			"bar_color": "green",
			"commands": ["scoreboard players remove @s[score_Timer_min=1200,tag=!Master] Timer 1200", 
			             "execute @s[score_Timer=1199,score_Timer_min=1,tag=!Master] ~ ~ ~ /tellraw @s {\"text\":\"Insufficient power, recharge required\",\"color\":\"red\"}",
						 "execute @e[type=zombie_villager,r=5] ~ ~ ~ summon villager ~ ~ ~",
                         "execute @e[type=zombie_villager,r=5] ~ ~ ~ /tp @s ~ -1 ~",
                         "execute @e[type=villager] ~ ~ ~  /particle totem ~ ~1.8 ~ 0.4 0.1 0.4 0 500 force",
                         "playsound entity.zombie_villager.cure master @a ~ ~ ~ 10 1"]
        },
		"decouple_omnitrix": {	
	        "ability": "lucraftcore:command",
			"required_level": 38, 
			"show_in_bar": true,	
            "title": {"text":"Decouple Omnitrix"},
			"icon": { "type": "texture", "texture": "ben_ten:textures/gui/omnitrix/recal_decouple.png" },
            "bar_color": "green",				
			"commands": ["execute @s[score_Timer=6000,score_Timer_min=6000,tag=!Master] ~ ~ ~ /tellraw @s {\"text\":\"Omnitrix Command Code: 000 - Release Coupling - 0\"}",
			"execute @s[score_Timer=6000,score_Timer_min=6000,tag=!Master] ~ ~ ~ /superpower @s remove",
			"execute @s[score_Timer=6000,score_Timer_min=6000,tag=!Master] ~ ~ ~ /give @s ben_ten:recalibrated_omnitrix_chest", 
			"execute @s[score_Timer=6000,score_Timer_min=6000,tag=!Master] ~ ~ ~ /title @s clear", 
			"execute @s[score_Timer=5999,score_Timer_min=0,tag=!Master] ~ ~ ~ /tellraw @s {\"text\":\"Omnitrix power supply drained. Recharge required\"}", 
			"execute @s[tag=Master] ~ ~ ~ /tellraw @s {\"text\":\"Omnitrix Command Code: 000 - Release Coupling - 0\"}",
			"execute @s[tag=Master] ~ ~ ~ /superpower @s remove",
			"execute @s[tag=Master] ~ ~ ~ /give @s ben_ten:recalibrated_omnitrix_chest",
			"execute @s[tag=Master] ~ ~ ~ /scoreboard players tag @s remove Master"]
		},
		"main": {
			"ability": "lucraftcore:command",
			"cooldown": 0,
			"show_in_bar": true,
			"title": {"text": "Main Menu"},
			"icon": {"type": "texture",
				"texture": "ben_ten:textures/gui/omnitrix/recal_omnitrix.png"},
			"bar_color": "green",
			"commands": ["superpower @s ben_ten:recalibratedomnitrix", 
			"playsound minecraft:custom.switch master @a ~ ~ ~",
			"title @s clear"]
		}
	}
}
