{
	"name" : {
		"text": "Recalibrated Omnitrix"
	},

	"icon": {
		"type": "texture",
		"texture": "ben_ten:textures/gui/omnitrix/recal_omnitrix.png"
	},
	
	"creative_tab": "ben10",
	
	"max_level": 40,
	
	"capsule_color" : 65280,
	
	"effects": [
        {
            "type": "skin_overlay",
            "texture": "ben_ten:textures/overlays/omnitrix/recalibrated_omnitrix_active.png",
            "size": 0,
            "glow": false,
            "conditions": [
            	{
            		"type": "always"
				}
			]
	    },
		{
            "type": "skin_overlay",
            "texture": "ben_ten:textures/overlays/glow/omnitrix/recalibrated_omnitrix_active_glow.png",
            "size": 0,
            "glow": true,
            "conditions": [
            	{
            		"type": "always"
            	}
            ]
        }
    ],

	"abilities": {
		"normal_size": {
			"ability": "lucraftcore:command_loop",
			"show_in_bar": false,
			"title": {"text": "Normal Size"},
			"icon": { "type": "internal" },
			"bar_color": "light_gray",
			"commands": ["sizechange @s 1 lucraftcore:default"]
        },			
		"necrofriggian": {	
	        "ability": "lucraftcore:command",		
			"cooldown": 0,
            "show_in_bar": true,	
            "title": {"text":"Necrofriggian"},
			"icon": { "type": "texture", "texture": "ben_ten:textures/gui/omnitrix/necrofriggian_activation.png" },
            "bar_color": "green",				
			"commands": ["superpower @s ben_ten:necrofriggian", 
			"playsound minecraft:custom.recaltransform master @a ~ ~ ~", 
			"particle fallingdust ~ ~ ~ 1 1 1 0 3500 force @a 0133"] 
		},
		"crystalsapien": {
			"ability": "lucraftcore:command",
			"cooldown": 0,
			"show_in_bar": true,
			"title": {"text":"Crystalsapien"},
			"icon": { "type": "texture", "texture": "ben_ten:textures/gui/omnitrix/crystalsapien_activation.png" },
			"bar_color": "green",
			"commands": ["superpower @s ben_ten:crystalsapien",
			"solarenergy add 40 @s",
			"playsound minecraft:custom.recaltransform master @a ~ ~ ~", 
			"particle fallingdust ~ ~ ~ 1 1 1 0 3500 force @a 0133"] 
		},
		"methanosian": {	
	        "ability": "lucraftcore:command",		
			"cooldown": 0,
            "show_in_bar": true,	
            "title": {"text":"Methanosian"},
			"icon": { "type": "texture", "texture": "ben_ten:textures/gui/omnitrix/methanosian_activation.png" },
            "bar_color": "green",				
			"commands": ["superpower @s ben_ten:methanosian", 
			"playsound minecraft:custom.recaltransform master @a ~ ~ ~", 
			"particle fallingdust ~ ~ ~ 1 1 1 0 3500 force @a 0133"] 
		},
		"sonorosian": {	
	        "ability": "lucraftcore:command",		
			"cooldown": 0,
            "show_in_bar": true,	
            "title": {"text":"Sonorosian"},
			"icon": { "type": "texture", "texture": "ben_ten:textures/gui/omnitrix/sonorosian_activation.png" },
            "bar_color": "green",				
			"commands": ["superpower @s ben_ten:sonorosian", 
			"playsound minecraft:custom.recaltransform master @a ~ ~ ~", 
			"particle fallingdust ~ ~ ~ 1 1 1 0 3500 force @a 0133"] 
		},
		"vaxasaurian": {
			"ability": "lucraftcore:command",
			"cooldown": 0,
			"show_in_bar": true,
			"title": {"text":"Vaxasaurian"},
			"icon": { "type": "texture", "texture": "ben_ten:textures/gui/omnitrix/vaxasaurian_activation.png" },
			"bar_color": "green",
			"commands": ["superpower @s ben_ten:vaxasaurian", 
			"playsound minecraft:custom.recaltransform master @a ~ ~ ~", 
			"particle fallingdust ~ ~ ~ 1 1 1 0 3500 force @a 0133", 
			"sizechange @s 3 lucraftcore:default"] 
		},
		"aerophibian": {	
	        "ability": "lucraftcore:command",		
			"cooldown": 0,
            "show_in_bar": true,	
            "title": {"text":"Aerophibian"},
			"icon": { "type": "texture", "texture": "ben_ten:textures/gui/omnitrix/aerophibian_activation.png" },
            "bar_color": "green",				
			"commands": ["superpower @s ben_ten:aerophibian", 
			"playsound minecraft:custom.recaltransform master @a ~ ~ ~", 
			"particle fallingdust ~ ~ ~ 1 1 1 0 3500 force @a 0133"] 
		},
		"cerebrocrustacean": {	
	        "ability": "lucraftcore:command",		
			"cooldown": 0,
            "show_in_bar": true,	
            "title": {"text":"Cerebrocrustacean"},
			"icon": { "type": "texture", "texture": "ben_ten:textures/gui/omnitrix/cerebrocrustacean_activation.png" },
            "bar_color": "green",				
			"commands": ["superpower @s ben_ten:cerebrocrustacean", 
			"playsound minecraft:custom.recaltransform master @a ~ ~ ~", 
			"particle fallingdust ~ ~ ~ 1 1 1 0 3500 force @a 0133"] 
		},
		"arachnichimp": {
			"ability": "lucraftcore:command",
			"cooldown": 0,
			"show_in_bar": true,
			"title": {"text":"Arachnichimp"},
			"icon": { "type": "texture", "texture": "ben_ten:textures/gui/omnitrix/arachnichimp_activation.png" },
			"bar_color": "green",
			"commands": ["superpower @s ben_ten:arachnichimp", 
			"playsound minecraft:custom.recaltransform master @a ~ ~ ~",
			"particle fallingdust ~ ~ ~ 1 1 1 0 3500 force @a 0133"] 
		},
		"polymorph": {	
	        "ability": "lucraftcore:command",		
			"cooldown": 0,
            "show_in_bar": true,	
            "title": {"text":"Polymorph"},
			"icon": { "type": "texture", "texture": "ben_ten:textures/gui/omnitrix/polymorph_activation.png" },
            "bar_color": "green",				
			"commands": ["superpower @s ben_ten:polymorph", 
			"playsound minecraft:custom.recaltransform master @a ~ ~ ~", 
			"particle fallingdust ~ ~ ~ 1 1 1 0 3500 force @a 0133"] 
		},
		"celestialsapien": {	
	        "ability": "lucraftcore:command",            		
			"cooldown": 0,
			"show_in_bar": true,	
            "title": {"text":"Celestialsapien"},
			"icon": { "type": "texture", "texture": "ben_ten:textures/gui/omnitrix/celestialsapien_activation.png" },
            "bar_color": "green",				
			"commands": ["scoreboard objectives add Choice dummy",
			"scoreboard players add @s Choice 0", 
			"scoreboard objectives add Ask dummy",
			"scoreboard players add @s Ask 0",
			"superpower @s ben_ten:celestialsapien_new", 
			"playsound minecraft:custom.recaltransform master @a ~ ~ ~", 
			"particle fallingdust ~ ~ ~ 1 1 1 0 3500 force @a 0133"] 
		},
		"arburian_pelarota": {	
	        "ability": "lucraftcore:command",			
			"cooldown": 0,
            "required_level": 15,
			"show_in_bar": true,	
            "title": {"text":"Arburian Pelarota"},
			"icon": { "type": "texture", "texture": "ben_ten:textures/gui/omnitrix/r_arburian_pelarota_activation.png" },
            "bar_color": "green",				
			"commands": ["superpower @s ben_ten:arburian_pelarota", 
			"playsound minecraft:custom.recaltransform master @a ~ ~ ~", 
			"particle fallingdust ~ ~ ~ 1 1 1 0 3500 force @a 0133"] 
		},
		"murk_gourmand": {	
	        "ability": "lucraftcore:command",			
			"cooldown": 0,
            "required_level": 16,
			"show_in_bar": true,	
            "title": {"text":"Murk Gourmand"},
			"icon": { "type": "texture", "texture": "ben_ten:textures/gui/omnitrix/r_gourmand_activation.png" },
            "bar_color": "green",				
			"commands": ["superpower @s ben_ten:murk_gourmand", 
			"playsound minecraft:custom.recaltransform master @a ~ ~ ~", 
			"particle fallingdust ~ ~ ~ 1 1 1 0 3500 force @a 0133"] 
		},
		"tokustar": {	
	        "ability": "lucraftcore:command",			
			"cooldown": 0,
            "required_level": 17,
			"show_in_bar": true,	
            "title": {"text":"To'kustar"},
			"icon": { "type": "texture", "texture": "ben_ten:textures/gui/omnitrix/r_tokustar_activation.png" },
            "bar_color": "green",				
			"commands": ["superpower @s ben_ten:tokustar", 
			"playsound minecraft:custom.recaltransform master @a ~ ~ ~", 
			"particle fallingdust ~ ~ ~ 1 1 1 0 3500 force @a 0133"] 
		},
		"biosovortian": {	
	        "ability": "lucraftcore:command",		
			"cooldown": 0,
            "required_level": 22,
			"show_in_bar": true,	
            "title": {"text":"Biosovortian"},
			"icon": { "type": "texture", "texture": "ben_ten:textures/gui/omnitrix/biosovortian_activation.png" },
            "bar_color": "green",				
			"commands": ["superpower @s ben_ten:biosovortian", 
			"playsound minecraft:custom.recaltransform master @a ~ ~ ~", 
			"particle fallingdust ~ ~ ~ 1 1 1 0 3500 force @a 0133"] 
		},
		"petrosapien": {	
	        "ability": "lucraftcore:command",			
			"cooldown": 0,
            "required_level": 25,
			"show_in_bar": true,	
            "title": {"text":"Petrosapien"},
			"icon": { "type": "texture", "texture": "ben_ten:textures/gui/omnitrix/r_petrosapien_activation.png" },
            "bar_color": "green",				
			"commands": ["superpower @s ben_ten:petrosapien", 
			"playsound minecraft:custom.recaltransform master @a ~ ~ ~", 
			"particle fallingdust ~ ~ ~ 1 1 1 0 3500 force @a 0133"] 
		},
		"chip_hybrid": {	
	        "ability": "lucraftcore:command",			
			"cooldown": 0,
            "required_level": 28,
			"show_in_bar": true,	
            "title": {"text":"Human/Chip Hybrid"},
			"icon": { "type": "texture", "texture": "ben_ten:textures/gui/omnitrix/nanomech_activation.png" },
            "bar_color": "green",				
			"commands": ["superpower @s ben_ten:nanomech", 
			"playsound minecraft:custom.recaltransform master @a ~ ~ ~", 
			"particle fallingdust ~ ~ ~ 1 1 1 0 3500 force @a 0133"] 
		},
		"ectonurite": {	
	        "ability": "lucraftcore:command",			
			"cooldown": 0,
            "required_level": 31,
			"show_in_bar": true,	
            "title": {"text":"Ectonurite"},
			"icon": { "type": "texture", "texture": "ben_ten:textures/gui/omnitrix/r_ectonurite_activation.png" },
            "bar_color": "green",				
			"commands": ["superpower @s ben_ten:ectonurite_true", 
			"playsound minecraft:custom.recaltransform master @a ~ ~ ~", 
			"particle fallingdust ~ ~ ~ 1 1 1 0 3500 force @a 0133"] 
		},
		"appoplexian": {	
	        "ability": "lucraftcore:command",			
			"cooldown": 0,
            "required_level": 37,
			"show_in_bar": true,	
            "title": {"text":"Appoplexian"},
			"icon": { "type": "texture", "texture": "ben_ten:textures/gui/omnitrix/appoplexian_activation.png" },
            "bar_color": "green",				
			"commands": ["superpower @s ben_ten:appoplexian", 
			"playsound minecraft:custom.recaltransform master @a ~ ~ ~", 
			"particle fallingdust ~ ~ ~ 1 1 1 0 3500 force @a 0133"] 
		},
		"deselect": {	
	        "ability": "lucraftcore:command",		
			"cooldown": 0,
            "show_in_bar": true,	
            "title": {"text":"Deselect"},
			"icon": { "type": "texture", "texture": "ben_ten:textures/gui/omnitrix/recal_omnitrix.png" },
            "bar_color": "green",				
			"commands": ["/superpower @s ben_ten:recalibratedomnitrix"]
        }
	}
}	
