{
	"name" : {
		"text": "Recalibrated Omnitrix"
	},

	"icon": {
		"type": "texture",
		"texture": "ben_ten:textures/gui/omnitrix/omnitrix.png"
	},
	
	"creative_tab": "ben10",
	
	"max_level": 40,
	
	"capsule_color" : 65280,
	
	"effects": [
        {
            "type": "skin_overlay",
            "texture": "ben_ten:textures/overlays/omnitrix/recalibrating_omnitrix.png",
            "size": 0,
            "glow": false,
            "conditions": [
            	{
            		"type": "always"
				}
			]
	    },
		{
            "type": "skin_overlay",
            "texture": "ben_ten:textures/overlays/glow/omnitrix/recalibrating_omnitrix_glow.png",
            "size": 0,
            "glow": true,
            "conditions": [
            	{
            		"type": "always"
            	}
            ]
        }
    ],

	"abilities": {
		"timer":{
			"ability": "lucraftcore:command_loop",
			"show_in_bar": false,
			"title": {"text":"Recalibration"},			
			"icon": {"type": "texture",
				"texture": "ben_ten:textures/gui/omnitrix/omnitrix.png"},
			"commands": ["scoreboard players remove @s Timer 1", 
			"execute @s[score_Timer=0,score_Timer_min=0] ~ ~ ~ /superpower @s ben_ten:recalibratedomnitrix", 
			"execute @s[score_Timer=0,score_Timer_min=0] ~ ~ ~ /playsound minecraft:custom.recalibratedactivate master @a ~ ~ ~",			 
			"execute @s[score_Timer=0,score_Timer_min=0] ~ ~ ~ /scoreboard players set @s Timer 6000", 
			"execute @s[score_Timer=0,score_Timer_min=0] ~ ~ ~ /scoreboard objectives add Master dummy",
			"execute @s[score_Timer=0,score_Timer_min=0] ~ ~ ~ /scoreboard players add @s Master 0", 
			"execute @s[score_Timer=0,score_Timer_min=0] ~ ~ ~ /scoreboard objectives setdisplay list Timer",
			"execute @s[score_Timer=0,score_Timer_min=0] ~ ~ ~ /scoreboard objectives add Dimension dummy", 
			"execute @s[score_Timer=0,score_Timer_min=0] ~ ~ ~ /scoreboard players set @s Dimension 0",
			"execute @s[score_Timer=0,score_Timer_min=0] ~ ~ ~ /scoreboard objectives add Blocks dummy",
			"execute @s[score_Timer=0,score_Timer_min=0] ~ ~ ~ /scoreboard players add @s Blocks 0", 
			"execute @s[score_Timer=0,score_Timer_min=0] ~ ~ ~ /scoreboard objectives add Choice dummy",
			"execute @s[score_Timer=0,score_Timer_min=0] ~ ~ ~ /scoreboard players add @s Choice 0", 
			"execute @s[score_Timer=0,score_Timer_min=0] ~ ~ ~ /scoreboard objectives add Ask dummy",
			"execute @s[score_Timer=0,score_Timer_min=0] ~ ~ ~ /scoreboard players add @s Ask 0",
			"execute @s[score_Timer=0,score_Timer_min=0] ~ ~ ~ /scoreboard players tag @s add af",
			"execute @s[score_Timer=0,score_Timer_min=0] ~ ~ ~ /scoreboard players tag @s remove os"],
			"hidden": true
		}
	}
}
