{
	"name": {
		"text": "Sonorosian"
	},

	"icon": {
		"type": "texture",
		"texture": "ben_ten:textures/gui/omnitrix/sonorosian_activation.png"
	},

	"creative_tab": "ben10",
	
	"max_level": 40,
	
	"capsule_color": 3080117,
	
    "effects": [
        {
        "type": "skin_change",
        "texture": "ben_ten:textures/models/ben/sonorosian.png",
		"conditions": [            	
				{
            		"type": "ability_enabled",
					"ability": "lucraftcore:knockback_resistance"
            	}
			]
       },
        {
        	"type": "skin_change",
        	"texture": "ben_ten:textures/models/ben/sonorosian_scream.png",
        	"conditions": [
        		{
        			"type": "ability_enabled",
        			"ability": "the-fifth-world:screech"
        		},
				{
            		"type": "ability_enabled",
					"ability": "lucraftcore:knockback_resistance"
            	}
        	]
       },
		{
            "type": "skin_overlay",
            "texture": "ben_ten:textures/overlays/glow/sonorosian_glow.png",
            "size": 0,
            "glow": true,
            "conditions": [
            	{
            		"type": "ability_enabled",
					"ability": "lucraftcore:knockback_resistance"
            	}
            ]
       },
		{
            "type": "skin_overlay",
            "texture": "ben_ten:textures/overlays/glow/sonorosian_glow_scream.png",
            "size": 0,
            "glow": true,
            "conditions": [
            	{
        			"type": "ability_enabled",
        			"ability": "the-fifth-world:screech"
        		}
            ]
       },
		{
        "type": "skin_change",
        "texture": "ben_ten:textures/models/ben/ov_sonorosian.png",
            "conditions": [            	
				{
            		"type": "ability_enabled",
					"ability": "lucraftcore:step_assist"
            	}
			]
       },
        {
        	"type": "skin_change",
        	"texture": "ben_ten:textures/models/ben/ov_sonorosian_scream.png",
        	"conditions": [
        		{
        			"type": "ability_enabled",
        			"ability": "the-fifth-world:screech"
        		},
				{
            		"type": "ability_enabled",
					"ability": "lucraftcore:step_assist"
            	}
        	]
       },
		{
            "type": "skin_overlay",
            "texture": "ben_ten:textures/overlays/glow/ov_sonorosian_glow.png",
            "size": 0,
            "glow": true,
            "conditions": [
            	{
            		"type": "ability_enabled",
					"ability": "lucraftcore:step_assist"
            	}
            ]
       },
		{
            "type": "skin_overlay",
            "texture": "ben_ten:textures/overlays/glow/ov_sonorosian_scream_glow.png",
            "size": 0,
            "glow": true,
            "conditions": [
            	{
        			"type": "ability_enabled",
        			"ability": "the-fifth-world:screech"
        		},
				{
            		"type": "ability_enabled",
					"ability": "lucraftcore:step_assist"
            	}
            ]
       }
		
    ],
	
	"abilities": {
		"radiation_protection": {
            "ability": "the-fifth-world:potion_immunity",
            "show_in_bar": false,
            "title": {"text":"Radiation Protection"},
            "icon": {"type": "internal"},
            "potion": "lucraftcore:radiation"
       },
		"knockback_resistance": {
            "ability": "lucraftcore:knockback_resistance",
            "show_in_bar": false,
            "title": {"translate":"lucraftcore.abilities.knockback_resistance.name"},
            "icon": {"type": "internal"},
            "bar_color": "light_gray",
			"conditions": [{
                        "type": "lucraftcore:or",
                            "conditions": [
                            {"type": "lucraftcore:scoreboard_tag",
                             "tag": "af"
                           },
                            {"type": "lucraftcore:scoreboard_tag",
                             "tag": "ua"
                           }]
                   }],
            "amount": 0.0,
            "operation": 0,
            "uuid": "0669d99d-b34d-40fc-a4d8-c7ee963cc842"
       },
		"step_assist": {
            "ability": "lucraftcore:step_assist",
            "show_in_bar": false,
            "title": {"translate":"lucraftcore.abilities.step_assist.name"},
            "icon": {"type": "internal"},
            "bar_color": "light_gray",
            "amount": 0.0,
            "operation": 0,
			"conditions": [{
			    "type": "lucraftcore:scoreboard_tag",
				"tag": "ov"}],
            "uuid": "0669d99d-b34d-40fc-a4d8-c7ee963cc842"
       },
		"sonic_cry": {
			"ability": "the-fifth-world:screech",
			"cooldown": 50,
            "show_in_bar": true,
            "bar_color": "green",			
            "title": {"text":"Sonic Cry"},		
			"icon": {"type": "texture", "texture": "ben_ten:textures/gui/omnitrix/sonic_cry.png"},
            "damage": 20.0
		},
		"sonic_cry_xp": {
            "ability": "lucraftcore:command",
            "cooldown": 0,
			"parent_ability": "sonic_cry",
            "show_in_bar": false,
            "title": {"text":"Sonic Cry XP"},		
			"icon": {"type": "texture", "texture": "ben_ten:textures/gui/omnitrix/sonic_cry.png"},
            "bar_color": "light_gray",
            "conditions": [{
			    "type": "ability_enabled",
				"ability": "the-fifth-world:screech"}],
		    "commands": ["/superpowerxp 10 @s", "playsound minecraft:custom.sonorosian master @a[r=10] ~ ~ ~"],
		    "hidden": true
		},
		"echolocation": {
            "ability": "heroesexpansion:x_ray",
            "cooldown": 10,
            "show_in_bar": true,
            "title": {"text":"Echolocation"},
            "icon": {"type": "internal"},
            "bar_color": "green"
       },
		"clone":{
            "ability": "lucraftcore:command",
            "show_in_bar": true,
			"bar_color": "green",
            "cooldown": 0,
            "title": {"text":"Clone"},
            "icon": {"type": "texture", "texture": "ben_ten:textures/gui/omnitrix/sonorosian_clone.png"},
            "commands": ["/cast ebwizardry:decoy @p"],
            "hidden": true
	   },
		"size": {
			"ability": "lucraftcore:command_loop",
			"show_in_bar": false,
			"title": {"text": "Small size"},
			"icon": {"type": "internal"},
			"bar_color": "green",
			"commands": ["sizechange @s 0.7 lucraftcore:default"]
		},
		"ultimate": {	
	        "ability": "lucraftcore:command",		
			"cooldown": 0,
            "show_in_bar": true,	
            "title": {"text":"Ultimate Sonorosian"},
			"icon": {"type": "texture", "texture": "ben_ten:textures/gui/omnitrix/ultimatrix.png"},
            "bar_color": "green",
			"conditions": [{"type": "lucraftcore:scoreboard_tag", 
			                "tag": "ua"}],				
			"commands": ["/superpower @s ben_ten:ultimate_sonorosian",
			"sizechange @s 1.3 lucraftcore:default",
			"playsound minecraft:custom.ultimate master @a ~ ~ ~", 
			"/particle fallingdust ~ ~ ~ 1 1 1 0 3500 force @a 0133"]
		},
		"switch": {	
	        "ability": "lucraftcore:command",		
			"cooldown": 0,
            "show_in_bar": true,	
            "title": {"text":"Switch"},
			"icon": {"type": "texture", "texture": "ben_ten:textures/gui/omnitrix/recal_activation.png"},
		    "conditions": [{
			    "type": "lucraftcore:not", 
			        "conditions": [{
						"type": "lucraftcore:scoreboard_tag", 
						"tag": "ov"}]}],
            "bar_color": "green",				
			"command": ["/superpower @s[score_Timer_min=1200,tag=af] ben_ten:sonorosian_switch",
			"/superpower @s[score_Timer_min=1200,tag=ua] ben_ten:U_sonorosian_switch",
			"execute @s[score_Timer=1199,score_Timer_min=0] ~ ~ ~ /tellraw @s {\"text\":\"Insufficient Power\",\"color\":\"green\"}"]
		},
		"timer":{
			"ability": "lucraftcore:command_loop",
			"show_in_bar": false,
			"cooldown": 0,
			"title": {"text":"Timer"},			
			"icon": {"type": "texture",
				"texture": "ben_ten:textures/gui/omnitrix/recal_timeout.png"},
			"conditions": [{"type": "lucraftcore:not", 
			            "conditions": [{
						"type": "lucraftcore:scoreboard_tag", 
						"tag": "Master"}]}],
			"commands": ["superpowerxp 1 @s", 
			"scoreboard players remove @s Timer 1", 
			"execute @s[score_Timer=0,score_Timer_min=0,tag=af] ~ ~ ~ /superpower @s ben_ten:recalibratedomnitrix", 
			"execute @s[score_Timer=0,score_Timer_min=0] ~ ~ ~ /particle fallingdust ~ ~ ~ 1 1 1 0 3500 force @a 0133", 
			"execute @s[score_Timer=1,score_Timer_min=1,tag=af] ~ ~ ~ /playsound minecraft:custom.recalibratedhuman master @a ~ ~ ~", 
			"execute @s[score_Timer=0,score_Timer_min=0,tag=ov] ~ ~ ~ /superpower @s ben_ten:completedomnitrix", 
			"execute @s[score_Timer=30,score_Timer_min=30,tag=ov] ~ ~ ~ /playsound minecraft:custom.ov_timer master @a ~ ~ ~", 
			"execute @s[score_Timer=1,score_Timer_min=1,tag=ov] ~ ~ ~ /playsound minecraft:custom.ov_human master @a ~ ~ ~",			
			"execute @s[score_Timer=0,score_Timer_min=0,tag=ua] ~ ~ ~ /superpower @s ben_ten:ultimatrix",  
			"execute @s[score_Timer=0,score_Timer_min=0,tag=ua] ~ ~ ~ /playsound minecraft:custom.ultimatrixhuman master @a ~ ~ ~",
			"execute @s[score_Timer=0,score_Timer_min=0,tag=ua] ~ ~ ~ /particle fallingdust ~ ~ ~ 1 1 1 0 3500 force @a 0133"],
			"hidden": true
		},
		"death_state":{
			"ability": "lucraftcore:command_loop",
			"show_in_bar": false,
			"cooldown": 0,
			"title": {"text":"Death State"},			
			"icon": {"type": "texture",
				"texture": "ben_ten:textures/gui/omnitrix/recal_timeout.png"},
			"commands": ["execute @s[score_Health=0,score_Health_min=0,tag=os] ~ ~ ~ /superpower @s ben_ten:prototypeomnitrix",
			"execute @s[score_Health=0,score_Health_min=0,tag=af] ~ ~ ~ /superpower @s ben_ten:recalibratedomnitrix",
			"execute @s[score_Health=0,score_Health_min=0,tag=ua] ~ ~ ~ /superpower @s ben_ten:ultimatrix",
			"execute @s[score_Health=0,score_Health_min=0,tag=ov] ~ ~ ~ /superpower @s ben_ten:completedomnitrix"],
			"hidden": true
		},
		"base": {	
	        "ability": "lucraftcore:command",		
			"cooldown": 0,
            "show_in_bar": true,	
            "title": {"text":"Base Form"},
			"icon": {"type": "texture", "texture": "ben_ten:textures/gui/omnitrix/recal_omnitrix.png"},
            "bar_color": "green",
			"conditions": [{"type": "lucraftcore:not", 
			            "conditions": [{
						"type": "lucraftcore:scoreboard_tag", 
						"tag": "ov"}]}],
			"commands": ["execute @s[tag=af] ~ ~ ~ /superpower @s[tag=af] ben_ten:recalibratedomnitrix", 
			"execute @s[tag=af] ~ ~ ~ /playsound minecraft:custom.recalibratedhuman master @a ~ ~ ~",
			"execute @s[tag=ua] ~ ~ ~ /superpower @s ben_ten:ultimatrix",
			"execute @s[tag=ua] ~ ~ ~ /playsound minecraft:custom.ultimatrixhuman master @a ~ ~ ~",
			"/particle fallingdust ~ ~ ~ 1 1 1 0 3500 force @a 0133"]
		},
		"base_ov": {	
	        "ability": "lucraftcore:command",		
			"cooldown": 0,
            "show_in_bar": true,	
            "title": {"text":"Base Form"},
			"icon": {"type": "texture", "texture": "ben_ten:textures/gui/omnitrix/ov_trix_master.png"},
            "bar_color": "green",
			"conditions": [{
			    "type": "lucraftcore:scoreboard_tag",
				"tag": "ov"}],				
			"commands": ["execute @s[tag=ov] ~ ~ ~ /superpower @s ben_ten:completedomnitrix", 
			"execute @s[tag=ov] ~ ~ ~ /playsound minecraft:custom.ov_human master @a ~ ~ ~",
			"/particle fallingdust ~ ~ ~ 1 1 1 0 3500 force @a 0133"]
		}
	}
}