{
	"name": {
		"text": "Telesapien"
	},

	"icon": {
		"type": "texture",
		"texture": "ben_ten:textures/gui/completedomnitrix/telesapien_activation.png"
	},

	"creative_tab": "ben10",
	
	"max_level": 40,
	
	"capsule_color": 3080117,
	
    "effects": [

        {
        "type": "skin_change",
        "texture": "ben_ten:textures/models/ben/telesapien.png"
        },
		{
            "type": "skin_overlay",
            "texture": "ben_ten:textures/overlays/glow/telesapien_glow.png",
            "size": 0,
            "glow": true,
            "conditions": [
            	{
            		"type": "always"
            	}
            ]
        }
    ],
	
	"abilities": {
		"radiation_protection": {
            "ability": "the-fifth-world:potion_immunity",
            "show_in_bar": false,
            "title": {"text":"Radiation Protection"},
            "icon": { "type": "internal" },
            "potion": "lucraftcore:radiation"
        },		
		"gigantification_2": {
			"ability": "lucraftcore:command_loop",
			"show_in_bar": false,
			"title": {"text": "Gigantification"},
			"icon": { "type": "internal" },
			"bar_color": "green",
			"commands": ["sizechange @s 1.6 lucraftcore:default", "custommodel select Enderman"]
		},		
        "fall_resistance": {
			"ability": "lucraftcore:fall_resistance",
			"show_in_bar": false,
			"title": {"text":"Fall Resistance"},
			"amount": 200,
			"operation": 0,
			"uuid": "5c5cfbea-9f1b-42dd-b43c-d129733c4a75"
		},		
        "resistance": {
			"ability": "lucraftcore:resistance",
			"show_in_bar": false,
			"title": {"text":"Resistance"},
			"amount": 20,
			"operation": 0,
			"uuid": "5c5cfbea-9f1b-42dd-b43c-d129733c4a75"
		},
		"strength": {	
			"ability": "lucraftcore:strength",				
            "show_in_bar": false,		
            "title": {"text":"Strength"},							
			"amount": 10,
			"operation": 0,
			"uuid": "5c5cfbea-9f1b-42dd-b43c-d129733c4a75"			
		},		        
        "teleport": {
            "ability": "lucraftcore:teleport",
            "cooldown": 0,
            "show_in_bar": true,
            "title": {"text":"Teleport"},
            "icon": { "type": "internal" },
            "bar_color": "green",
            "distance": 100.0
		},
		"ender_body":{
			"ability": "lucraftcore:command_loop",
			"show_in_bar": false,
			"cooldown": 0,
			"title": {"text":"Ender Body"},			
			"icon": {"type": "texture", "texture": "ben_ten:textures/gui/omnitrix/whiteomnitrix.png"},
			"commands": ["particle portal ~ ~ ~ 0.1 1.5 0.1 0.1 3 force",
				"execute @s ~ ~ ~ detect ~ ~ ~ water 0 effect @s minecraft:wither 1 1 false"],
			"hidden": true
		},
		"timer":{
			"ability": "lucraftcore:command_loop",
			"show_in_bar": false,
			"cooldown": 0,
			"title": {"text":"Timer"},			
			"icon": {"type": "texture",
				"texture": "ben_ten:textures/gui/omnitrix/ov_trix_timeout.png"},
			"conditions": [{"type": "lucraftcore:not", 
			            "conditions": [{
						"type": "lucraftcore:scoreboard_tag", 
						"tag": "Master"}]}],
			"commands": ["superpowerxp 1 @s", 
			"scoreboard players remove @s Timer 1", 
			"execute @s[score_Timer=0,score_Timer_min=0] ~ ~ ~ /scoreboard teams leave Ender @s",  
			"execute @s[score_Timer=0,score_Timer_min=0] ~ ~ ~ /superpower @s ben_ten:completedomnitrix", 
			"execute @s[score_Timer=0,score_Timer_min=0] ~ ~ ~ /particle fallingdust ~ ~ ~ 1 1 1 0 3500 force @a 0133", 
			"execute @s[score_Timer=30,score_Timer_min=30] ~ ~ ~ /playsound minecraft:custom.ov_timer master @a ~ ~ ~", 
			"execute @s[score_Timer=1,score_Timer_min=1] ~ ~ ~ /playsound minecraft:custom.ov_human master @a ~ ~ ~"],
			"hidden": true
		},
		"death_state":{
			"ability": "lucraftcore:command_loop",
			"show_in_bar": false,
			"cooldown": 0,
			"title": {"text":"Death State"},			
			"icon": {"type": "texture",
				"texture": "ben_ten:textures/gui/omnitrix/recal_timeout.png"},
			"commands": ["execute @s[score_Health=0,score_Health_min=0,tag=os] ~ ~ ~ /superpower @s ben_ten:prototypeomnitrix",
			"execute @s[score_Health=0,score_Health_min=0,tag=af] ~ ~ ~ /superpower @s ben_ten:recalibratedomnitrix",
			"execute @s[score_Health=0,score_Health_min=0,tag=ua] ~ ~ ~ /superpower @s ben_ten:ultimatrix",
			"execute @s[score_Health=0,score_Health_min=0,tag=ov] ~ ~ ~ /superpower @s ben_ten:completedomnitrix"],
			"hidden": true
		},
		"base": {	
	        "ability": "lucraftcore:command",		
			"cooldown": 0,
            "show_in_bar": true,	
            "title": {"text":"Base Form"},
			"icon": { "type": "texture", "texture": "ben_ten:textures/gui/omnitrix/ov_trix_master.png" },
            "bar_color": "green",				
			"commands": ["/superpower @s ben_ten:completedomnitrix", 
			"playsound minecraft:custom.ov_human master @a ~ ~ ~", 
			"/particle happyVillager ~ ~ ~ 1 1 1 0 7000", 
			"scoreboard teams leave Ender @s"]
		}
	}	
}
