{
	"name": {
		"text": "Tetramand"
	},

	"icon": {
		"type": "texture",
		"texture": "ben_ten:textures/gui/omnitrix/tetramand_activation_os.png"
	},

	"creative_tab": "ben10",
	
	"max_level": 40,
	
	"capsule_color": 3080117,
	
    "effects": [
        {
            "type": "skin_change",
            "texture": "ben_ten:textures/models/ben/timeout/tetramand_timeout.png"
       }
    ],
	
	"abilities": {
		"toggle_jump": {
            "ability": "lucraftcore:toggle_power",
			"required_level": 10,
            "cooldown": 0,
            "show_in_bar": true,
            "title": {"text":"Toggle Jump"},
            "icon": {"type": "texture", "texture": "ben_ten:textures/gui/omnitrix/jump.png"},
            "bar_color": "green"
       },
		"radiation_protection": {
            "ability": "the-fifth-world:potion_immunity",
            "show_in_bar": false,
            "title": {"text":"Radiation Protection"},
            "icon": {"type": "internal"},
            "potion": "lucraftcore:radiation"
       },
		"big_size": {
			"ability": "lucraftcore:command_loop",
			"show_in_bar": false,
			"title": {"text": "Big Size"},
			"icon": {"type": "internal"},
			"bar_color": "light_gray",
			"commands": ["sizechange @s 2 lucraftcore:default"]
       },
		"health": {		
			"ability": "lucraftcore:health",			
            "show_in_bar": false,		
            "title": {"text":"Health"},					
			"amount": 10,
			"operation": 0,
			"uuid": "5c5cfbea-9f1b-42dd-b43c-d129733c4a75"		
		},
		"strength": {	
			"ability": "lucraftcore:strength",				
            "show_in_bar": false,		
            "title": {"text":"Strength"},							
			"amount": 25,
			"operation": 0,
			"uuid": "5c5cfbea-9f1b-42dd-b43c-d129733c4a75"			
		},
		"defense": {
			"ability": "lucraftcore:resistance",			
            "show_in_bar": false,		
            "title": {"text":"Resistance"},						
			"amount": 14,
			"operation": 0,
			"uuid": "5c5cfbea-9f1b-42dd-b43c-d129733c4a75"			
		},
		"fall_resistance": {
			"ability": "lucraftcore:fall_resistance",
			"show_in_bar": false,
			"title": {"text":"Fall Resistance"},
			"amount": 200,
			"operation": 0,
			"uuid": "5c5cfbea-9f1b-42dd-b43c-d129733c4a75"
		},
		"jump_boost": {
            "ability": "lucraftcore:jump_boost",
            "show_in_bar": false,
			"required_ability": "toggle_jump",
            "title": {"translate":"lucraftcore.abilities.jump_boost.name"},
            "icon": {"type": "internal"},
            "bar_color": "light_gray",
            "amount": 12.0,
            "operation": 0,
            "uuid": "0669d99d-b34d-40fc-a4d8-c7ee963cc842"
       },
		"wall_crawling": {
            "ability": "heroesexpansion:wall_crawling",
            "cooldown": 0,
            "show_in_bar": true,
            "title": {"translate":"heroesexpansion.abilities.wall_crawling.name"},
            "icon": {"type": "internal"},
            "bar_color": "green"
       },
		"wall_crawling_xp": {
            "ability": "lucraftcore:command_loop",
            "cooldown": 0,
			"parent_ability": "wall_crawling",
            "show_in_bar": false,
            "title": {"text":"Wall Crawling XP"},
            "icon": {"type": "internal"},
            "bar_color": "light_gray",
            "conditions": [{
			    "type": "ability_enabled",
				"ability": "heroesexpansion:wall_crawling"}],
		    "commands": ["/superpowerxp 50 @s"],
		    "hidden": true
		},
		"tetramand_punch": {
			"ability": "lucraftcore:set_punch",
			"required_level": 5,
			"icon": {"type": "texture", "texture": "ben_ten:textures/gui/omnitrix/tetramandbig_punch.png"},
			"cooldown": 75,
			"damage": 45,
            "reach_distance": 6.0,
            "arm": 0,			
            "show_in_bar": true,
            "title": {"text":"Big Punch"},
            "bar_color": "green"
		},
		"tetramand_punch_xp": {
            "ability": "lucraftcore:command",
            "cooldown": 0,
			"parent_ability": "tetramand_punch",
            "show_in_bar": false,
            "title": {"text":"Big Punch XP"},
            "icon": {"type": "internal"},
            "bar_color": "light_gray",
            "conditions": [{
			    "type": "ability_enabled",
				"ability": "lucraftcore:set_punch"}],
		    "commands": ["/superpowerxp 50 @s"],
		    "hidden": true
		},
		"shockwave":{
            "ability": "lucraftcore:command",
			"required_level": 10,
            "cooldown": 200,
            "show_in_bar": true,
			"bar_color": "green",
            "title": {"text":"Shockwave"},
            "icon": {"type": "texture", "texture": "ben_ten:textures/gui/omnitrix/tetramandgroundslam.png"},
            "commands": ["/cast ebwizardry:shockwave @p"],
            "hidden": true
		},
		"shockwave_xp": {
            "ability": "lucraftcore:command",
            "cooldown": 0,
			"parent_ability": "shockwave",
            "show_in_bar": false,
            "title": {"text":"Shockwave XP"},
            "icon": {"type": "internal"},
            "bar_color": "light_gray",
		    "commands": ["/superpowerxp 50 @s"],
		    "hidden": true
	   },
		"earthquake": {	
	        "ability": "lucraftcore:command",
			"required_level": 35,		
			"cooldown": 500,
            "show_in_bar": true,	
            "title": {"text":"Earthquake"},
			"icon": {"type": "texture", "texture": "ben_ten:textures/gui/omnitrix/earthquake.png"},
            "bar_color": "green",				
			"commands": ["/cast ebwizardry:earthquake @p"]
		},
		"earthquake_xp": {
            "ability": "lucraftcore:command",
            "cooldown": 0,
			"parent_ability": "earthquake",
            "show_in_bar": false,
            "title": {"text":"Earthquake XP"},
            "icon": {"type": "internal"},
            "bar_color": "light_gray",            
		    "commands": ["/superpowerxp 50 @s"],
		    "hidden": true
	   },
		"timer_red":{
			"ability": "lucraftcore:command_loop",
			"show_in_bar": false,
			"cooldown": 0,
			"title": {"text":"Timer"},			
			"icon": {"type": "texture",
				"texture": "ben_ten:textures/gui/omnitrix/redomnitrix.png"},
			"conditions": [{"type": "lucraftcore:not", 
			            "conditions": [{
						"type": "lucraftcore:scoreboard_tag", 
						"tag": "Master"}]}],
			"commands": ["superpowerxp 1 @s", 
			"scoreboard players remove @s Timer 1", 
			"execute @s[score_Timer=50,score_Timer_min=50] ~ ~ ~ /superpower @s ben_ten:tetramand", 
			"execute @s[score_Timer=30,score_Timer_min=30] ~ ~ ~ /superpower @s ben_ten:tetramand",
			"execute @s[score_Timer=10,score_Timer_min=10] ~ ~ ~ /superpower @s ben_ten:tetramand"]
		},
		"death_state":{
			"ability": "lucraftcore:command_loop",
			"show_in_bar": false,
			"cooldown": 0,
			"title": {"text":"Death State"},			
			"icon": {"type": "texture",
				"texture": "ben_ten:textures/gui/omnitrix/recal_timeout.png"},
			"commands": ["execute @s[score_Health=0,score_Health_min=0,tag=os] ~ ~ ~ /superpower @s ben_ten:prototypeomnitrix",
			"execute @s[score_Health=0,score_Health_min=0,tag=af] ~ ~ ~ /superpower @s ben_ten:recalibratedomnitrix",
			"execute @s[score_Health=0,score_Health_min=0,tag=ua] ~ ~ ~ /superpower @s ben_ten:ultimatrix",
			"execute @s[score_Health=0,score_Health_min=0,tag=ov] ~ ~ ~ /superpower @s ben_ten:completedomnitrix"],
			"hidden": true
		},
		"master_base": {	
	        "ability": "lucraftcore:command",		
			"cooldown": 0,
            "show_in_bar": true,	
            "title": {"text":"Base Form"},
			"icon": {"type": "texture", "texture": "ben_ten:textures/gui/omnitrix/omnitrix.png"},
			"conditions": [{"type": "lucraftcore:scoreboard_tag", "tag": "Master"}],
            "bar_color": "green",				
			"commands": ["/superpower @s ben_ten:prototypeomnitrix", 
			"playsound minecraft:custom.transform master @a ~ ~ ~", 
			"particle fallingdust ~ ~ ~ 1 1 1 0 3500 force @a 0133"]
		},
		"base": {	
	        "ability": "lucraftcore:command",		
			"cooldown": 0,
			"required_level": 35,
            "show_in_bar": true,	
            "title": {"text":"Base Form"},
			"icon": {"type": "texture", "texture": "ben_ten:textures/gui/omnitrix/omnitrix.png"},
            "bar_color": "green",
			"conditions": [{"type": "lucraftcore:not", "conditions": [{"type": "lucraftcore:scoreboard_tag", "tag": "Master"}]}],				
			"commands": ["/superpower @s ben_ten:prototypeomnitrix", "playsound minecraft:custom.transform master @a ~ ~ ~", "particle fallingdust ~ ~ ~ 1 1 1 0 3500 force @a 0133"]
		}
	}
}