{
	"name": {
		"text": "Thep Khufan"
	},

	"icon": {
		"type": "texture",
		"texture": "ben_ten:textures/gui/omnitrix/thep_khufan_activation_os.png"
		
	},

	"creative_tab": "ben10",
	
	"max_level": 40,
	
	"capsule_color": 3080117,
	
    "effects": [
        {
            "type": "skin_change",
            "texture": "ben_ten:textures/models/ben/thep_khufan.png",
			"conditions": [
        		{
            		"type": "ability_enabled",
					"ability": "heroesexpansion:precision"
            	}
			]
       },
		{
            "type": "skin_overlay",
            "texture": "ben_ten:textures/overlays/glow/thep_khufan_glow.png",
            "size": 0,
            "glow": true,
            "conditions": [
            	{
            		"type": "always"
            	},
				{
            		"type": "ability_enabled",
					"ability": "heroesexpansion:precision"
            	}
            ]
       },
		{
        "type": "skin_change",
        "texture": "ben_ten:textures/models/ben/recalibrated/r_thep_khufan.png",
            "conditions": [            	
				{
            		"type": "ability_enabled",
					"ability": "lucraftcore:knockback_resistance"
            	}
			]
       },
		{
            "type": "skin_overlay",
            "texture": "ben_ten:textures/overlays/glow/recalibrated/r_thep_khufan_glow.png",
            "size": 0,
            "glow": true,
            "conditions": [
            	{
            		"type": "always"
            	},
				{
            		"type": "ability_enabled",
					"ability": "lucraftcore:knockback_resistance"
            	}
            ]
       },
		{
        "type": "skin_change",
        "texture": "ben_ten:textures/models/ben/recalibrated/r_thep_khufan.png",
            "conditions": [            	
				{
            		"type": "ability_enabled",
					"ability": "lucraftcore:step_assist"
            	}
			]
       },
		{
            "type": "skin_overlay",
            "texture": "ben_ten:textures/overlays/glow/recalibrated/r_thep_khufan_glow.png",
            "size": 0,
            "glow": true,
            "conditions": [
            	{
            		"type": "always"
            	},
				{
            		"type": "ability_enabled",
					"ability": "lucraftcore:step_assist"
            	}
            ]
       }
    ],
	
	"abilities": {
		"Bandage_form": {
            "ability": "lucraftcore:toggle_power",
            "cooldown": 500,
            "show_in_bar": true,
            "title": {"text":"toggle_Bandage"},
            "icon": {"type": "texture", "texture": "ben_ten:textures/gui/omnitrix/placeholder.png"},
            "bar_color": "green"
       },
		"size": {
		    "hidden": true,
			"ability": "lucraftcore:command_loop",
			"show_in_bar": false,
			"title": {"text": "Size"},
			"icon": {"type": "texture", "texture": "ben_ten:textures/gui/omnitrix/omnitrix.png"},
			"bar_color": "light_gray",
			"commands": ["sizechange @s 1.3",
			             "execute @e[name=BIND] ~ ~ ~ /effect @e[r=1] ebwizardry:paralysis 1"]
       },
	   	"gain": {
            "ability": "lucraftcore:command_on_gain",
            "show_in_bar": false,
            "title": {"translate":"lucraftcore.abilities.command_on_gain.name"},
            "icon": {"type": "internal"},
            "commands": ["scoreboard objectives add BrakeB dummy"]
       },
		"lose": {
            "ability": "lucraftcore:command_on_lose",
            "show_in_bar": false,
            "title": {"translate":"lucraftcore.abilities.command_on_lose.name"},
            "icon": {"type": "internal"},
            "commands": ["scoreboard objectives remove BrakeB dummy"]
	    },
		"radiation_protection": {
            "ability": "the-fifth-world:potion_immunity",
            "show_in_bar": false,
            "title": {"text":"Radiation Protection"},
            "icon": {"type": "internal"},
            "potion": "lucraftcore:radiation"
       },
        "tough_lungs": {
            "ability": "lucraftcore:tough_lungs",
            "show_in_bar": false,
            "title": {"translate":"lucraftcore.abilities.tough_lungs.name"},
            "icon": {"type": "internal"},
            "bar_color": "green"
       },
		"health": {		
			"ability": "lucraftcore:health",			
            "show_in_bar": false,		
            "title": {"text":"Health"},					
			"amount": 10,
			"operation": 0,
			"uuid": "5c5cfbea-9f1b-42dd-b43c-d129733c4a75"		
		},
		"step_assist": {
            "ability": "lucraftcore:step_assist",
            "show_in_bar": false,
            "title": {"translate":"lucraftcore.abilities.step_assist.name"},
            "icon": {"type": "internal"},
            "bar_color": "light_gray",
            "amount": 0.0,
            "operation": 0,
			"conditions": [{
			    "type": "lucraftcore:scoreboard_tag",
				"tag": "ov"}],
            "uuid": "0669d99d-b34d-40fc-a4d8-c7ee963cc842"
       },
		"knockback_resistance": {
            "ability": "lucraftcore:knockback_resistance",
            "show_in_bar": false,
            "title": {"translate":"lucraftcore.abilities.knockback_resistance.name"},
            "icon": {"type": "internal"},
            "bar_color": "light_gray",
			"conditions": [{
			    "type": "lucraftcore:scoreboard_tag",
				"tag": "ua"}],
            "amount": 0.0,
            "operation": 0,
            "uuid": "0669d99d-b34d-40fc-a4d8-c7ee963cc842"
       },
		"os": {
            "ability": "heroesexpansion:precision",
            "show_in_bar": false,
            "title": {"text":"OS"},
            "icon": {"type": "internal"},
			"conditions": [{
			    "type": "lucraftcore:scoreboard_tag",
				"tag": "os"}],
            "bar_color": "green"
       },
		"strength": {	
			"ability": "lucraftcore:strength",				
            "show_in_bar": false,		
            "title": {"text":"Strength"},							
			"amount": 14,
			"operation": 0,
			"uuid": "5c5cfbea-9f1b-42dd-b43c-d129733c4a75"			
		},
		"defense": {
			"ability": "lucraftcore:resistance",			
            "show_in_bar": false,		
            "title": {"text":"Resistance"},						
			"amount": 20,
			"operation": 0,
			"uuid": "5c5cfbea-9f1b-42dd-b43c-d129733c4a75"			
		},
		"long_range_punch": {
			"ability": "lucraftcore:set_punch",
			"cooldown": 0,
			"show_in_bar": true,
			"title": {"translate":"lucraftcore.abilities.set_punch.name"},
			"icon": {"type": "texture",
				"texture": "ben_ten:textures/gui/omnitrix/thep_khufan_punch.png"},
			"bar_color": "green",
			"arm": 0,
			"reach_distance": 20.0,
			"damage": 2.0
		},
		"long_range_punch_xp": {
            "ability": "lucraftcore:command",
            "cooldown": 0,
			"parent_ability": "long_range_punch",
            "show_in_bar": false,
            "title": {"text":"Long Range Punch XP"},
            "icon": {"type": "internal"},
            "bar_color": "light_gray",
            "conditions": [{
			    "type": "ability_enabled",
				"ability": "lucraftcore:set_punch"}],
		    "commands": ["/superpowerxp 50 @s"],
		    "hidden": true
		},
		"bind_punch": {
			"ability": "lucraftcore:set_punch",
			"cooldown": 200,
			"show_in_bar": true,
			"title": {"text":"Bind"},
			"icon": {"type": "texture",
				"texture": "ben_ten:textures/gui/omnitrix/webbing.png"},
			"bar_color": "green",
			"arm": 0,
			"reach_distance": 1.0,
			"damage": 0.0
		},
		"Bind_Attack": {
            "ability": "lucraftcore:command",
			"parent_ability": "bind_punch",
            "show_in_bar": false,
            "title": {"text":"Bind Attack"},
			"icon": {"type": "texture","texture":  "ben_ten:textures/gui/omnitrix/webbing.png"},
            "bar_color": "Green",
            "commands": ["execute @e[rm=2,r=8] ~ ~ ~ summon armor_stand ~ ~ ~ {CustomName:\"BIND\",Small:1,Invisible:1,NoGravity:1}",
						 "execute @e[name=BIND] ~ ~ ~ /replaceitem entity @e[name=BIND] slot.armor.head ben_ten:bindings_chest",
						 "scoreboard players tag @s add Brake","scoreboard players set @s BrakeB 1",
                         "superpowerxp 100 @s"]	
		},
		"Count": {
			"ability": "lucraftcore:command_loop",
			"show_in_bar": false,
			"title": {"text": "Count"},
			"icon": { "type": "internal" },
			"bar_color": "green",
			"conditions": [{
						"type": "lucraftcore:scoreboard_tag", 
						"tag": "Brake"}],
	        "commands": ["execute @s[tag=Brake] ~ ~ ~ /scoreboard players add @s BrakeB 1",
			             "execute @p[score_BrakeB=200,score_BrakeB_min=200] ~ ~ ~ kill @e[name=BIND,r=100]",
			             "execute @p[score_BrakeB=201,score_BrakeB_min=201] ~ ~ ~ /scoreboard players tag @s remove Brake"]					 
		},
		"Bandage_trail":{
			"ability": "lucraftcore:command_loop",
			"show_in_bar": false,
			"required_ability": "Bandage_form",
			"cooldown": 0,
			"title": {"text":"Bandage Form"},			
			"icon": {"type": "texture",
				"texture": "ben_ten:textures/gui/omnitrix/slime_form.png"},
			"commands": ["particle fallingdust ~ ~0 ~ 0.4 0.1 0.4 0 50 force @p",
			             "particle fallingdust ~ ~0 ~ 0.4 0.1 0.4 0 50 force @p 5",
						 "particle totem ~ ~0 ~ 0.2 0.1 0.2 0 10 force @a 0165",
						 "effect @s minecraft:invisibility 1",
						 "sizechange @s 0.2",
						 "effect @s minecraft:jump_boost 1", 
						 "superpowerxp 5 @s"],
			"hidden": true
        },
		"Move_Blocks": {
			"ability": "heroesexpansion:grab_entity",
			"show_in_bar": true,
			"title": {"text": "Move Block"},
			"bar_color": "green",
			"icon": {"type": "texture", "texture": "ben_ten:textures/gui/omnitrix/placeholder.png"}
		},
		"fall_resistance": {
			"ability": "lucraftcore:fall_resistance",
			"required_ability": "Bandage_form",
			"show_in_bar": false,
			"title": {"text":"Fall Resistance"},
			"amount": 2000,
			"operation": 0,
			"uuid": "5c5cfbea-9f1b-42dd-b43c-d129733c4a75"
		},
		"timer":{
			"ability": "lucraftcore:command_loop",
			"show_in_bar": false,
			"cooldown": 0,
			"title": {"text":"Timer"},			
			"icon": {"type": "texture",
				"texture": "ben_ten:textures/gui/omnitrix/redomnitrix.png"},
			"conditions": [{"type": "lucraftcore:not", 
			            "conditions": [{
						"type": "lucraftcore:scoreboard_tag", 
						"tag": "Master"}]}],
			"commands": ["scoreboard players remove @s Timer 1", 
			"execute @s[score_Timer=0,score_Timer_min=0] ~ ~ ~ kill @e[name=BIND,r=100]",
			"execute @s[score_Timer=0,score_Timer_min=0,tag=os] ~ ~ ~ /superpower @s ben_ten:prototypeomnitrix", 
			"execute @s[score_Timer=0,score_Timer_min=0,tag=os] ~ ~ ~ /particle reddust ~ ~ ~ 1 1 1 0 7000", 
			"execute @s[score_Timer=60,score_Timer_min=60,tag=os] ~ ~ ~ /playsound minecraft:custom.timeout master @a ~ ~ ~", 
			"execute @s[score_Timer=60,score_Timer_min=60,tag=os] ~ ~ ~ /superpower @s ben_ten:thep_khufan_t", 
			"execute @s[score_Timer=40,score_Timer_min=40,tag=os] ~ ~ ~ /superpower @s ben_ten:thep_khufan_t", 
			"execute @s[score_Timer=20,score_Timer_min=20,tag=os] ~ ~ ~ /superpower @s ben_ten:thep_khufan_t",  
			"execute @s[score_Timer=1,score_Timer_min=1,tag=os] ~ ~ ~ /playsound minecraft:custom.transform master @a ~ ~ ~", 
			"execute @s[score_Timer=0,score_Timer_min=0,tag=af] ~ ~ ~ /superpower @s ben_ten:recalibratedomnitrix", 
			"execute @s[score_Timer=0,score_Timer_min=0,tag=af] ~ ~ ~ /particle fallingdust ~ ~ ~ 1 1 1 0 3500 force @a 0133", 
			"execute @s[score_Timer=1,score_Timer_min=1,tag=af] ~ ~ ~ /playsound minecraft:custom.recalibratedhuman master @a ~ ~ ~", 
			"execute @s[score_Timer=0,score_Timer_min=0,tag=ov] ~ ~ ~ /superpower @s ben_ten:completedomnitrix", 
			"execute @s[score_Timer=30,score_Timer_min=30,tag=ov] ~ ~ ~ /playsound minecraft:custom.ov_timer master @a ~ ~ ~", 
			"execute @s[score_Timer=1,score_Timer_min=1,tag=ov] ~ ~ ~ /playsound minecraft:custom.ov_human master @a ~ ~ ~",			
			"execute @s[score_Timer=0,score_Timer_min=0,tag=ua] ~ ~ ~ /superpower @s ben_ten:ultimatrix", 
			"execute @s[score_Timer=0,score_Timer_min=0,tag=ua] ~ ~ ~ /playsound minecraft:custom.ultimatrixhuman master @a ~ ~ ~", 
			"execute @s[score_Timer=0,score_Timer_min=0,tag=ua] ~ ~ ~ /particle fallingdust ~ ~ ~ 1 1 1 0 3500 force @a 0133"],
			"hidden": true
		},
		"death_state":{
			"ability": "lucraftcore:command_loop",
			"show_in_bar": false,
			"cooldown": 0,
			"title": {"text":"Death State"},			
			"icon": {"type": "texture",
				"texture": "ben_ten:textures/gui/omnitrix/recal_timeout.png"},
			"commands": ["execute @s[score_Health=0,score_Health_min=0,tag=os] ~ ~ ~ /superpower @s ben_ten:prototypeomnitrix",
			"execute @s[score_Health=0,score_Health_min=0,tag=af] ~ ~ ~ /superpower @s ben_ten:recalibratedomnitrix",
			"execute @s[score_Health=0,score_Health_min=0,tag=ua] ~ ~ ~ /superpower @s ben_ten:ultimatrix",
			"execute @s[score_Health=0,score_Health_min=0,tag=ov] ~ ~ ~ /superpower @s ben_ten:completedomnitrix"],
			"hidden": true
		},
		"master_base": {	
	        "ability": "lucraftcore:command",		
			"cooldown": 0,
            "show_in_bar": true,	
            "title": {"text":"Base Form"},
			"icon": {"type": "texture", "texture": "ben_ten:textures/gui/omnitrix/omnitrix.png"},
			"conditions": [{"type": "lucraftcore:scoreboard_tag", 
			                "tag": "Master"},
							{"type": "lucraftcore:scoreboard_tag", 
			                "tag": "os"}],
            "bar_color": "green",				
			"commands": ["execute @s[tag=os] ~ ~ ~ /superpower @s ben_ten:prototypeomnitrix",
            "kill @e[name=BIND,r=100]",			
			"execute @s[tag=os] ~ ~ ~ /playsound minecraft:custom.transform master @a ~ ~ ~", 
			"execute @s[tag=os] ~ ~ ~ /particle fallingdust ~ ~ ~ 1 1 1 0 3500 force @a 0133"]
		},
		"base_os": {	
	        "ability": "lucraftcore:command",
			"required_level": 30,		
			"cooldown": 0,
            "show_in_bar": true,	
            "title": {"text":"Base Form"},
			"icon": {"type": "texture", "texture": "ben_ten:textures/gui/omnitrix/omnitrix.png"},
			"conditions": [{"type": "lucraftcore:scoreboard_tag", 
			                "tag": "os"},
							{"type": "lucraftcore:not", 
			                    "conditions": [{
						        "type": "lucraftcore:scoreboard_tag", 
						        "tag": "Master"}]}],
            "bar_color": "green",				
			"commands": ["execute @s[tag=os] ~ ~ ~ /superpower @s ben_ten:prototypeomnitrix", 
			"kill @e[name=BIND,r=100]",
			"execute @s[tag=os] ~ ~ ~ /playsound minecraft:custom.transform master @a ~ ~ ~", 
			"execute @s[tag=os] ~ ~ ~ /particle fallingdust ~ ~ ~ 1 1 1 0 3500 force @a 0133"]
		},
		"base_af": {	
	        "ability": "lucraftcore:command",		
			"cooldown": 0,
            "show_in_bar": true,	
            "title": {"text":"Base Form"},
			"icon": {"type": "texture", "texture": "ben_ten:textures/gui/omnitrix/recal_omnitrix.png"},
            "bar_color": "green",
			"conditions": [{
                        "type": "lucraftcore:or",
                            "conditions": [
                            {"type": "lucraftcore:scoreboard_tag",
                             "tag": "af"
                           },
                            {"type": "lucraftcore:scoreboard_tag",
                             "tag": "ua"
                           }]
                   }],
			"commands": ["execute @s[tag=af] ~ ~ ~ /superpower @s[tag=af] ben_ten:recalibratedomnitrix", 
			"kill @e[name=BIND,r=100]",
			"execute @s[tag=af] ~ ~ ~ /playsound minecraft:custom.recalibratedhuman master @a ~ ~ ~",
			"execute @s[tag=ua] ~ ~ ~ /superpower @s ben_ten:ultimatrix",
			"execute @s[tag=ua] ~ ~ ~ /playsound minecraft:custom.ultimatrixhuman master @a ~ ~ ~",
			"execute @s[tag=os] ~ ~ ~ /superpower @s ben_ten:prototypeomnitrix", 
			"execute @s[tag=os] ~ ~ ~ /playsound minecraft:custom.transform master @a ~ ~ ~",
			"/particle fallingdust ~ ~ ~ 1 1 1 0 3500 force @a 0133"]
		},
		"base_ov": {	
	        "ability": "lucraftcore:command",		
			"cooldown": 0,
            "show_in_bar": true,	
            "title": {"text":"Base Form"},
			"icon": {"type": "texture", "texture": "ben_ten:textures/gui/omnitrix/ov_trix_master.png"},
            "bar_color": "green",
			"conditions": [{
			    "type": "lucraftcore:scoreboard_tag",
				"tag": "ov"}],				
			"commands": ["execute @s[tag=ov] ~ ~ ~ /superpower @s ben_ten:completedomnitrix", 
			"kill @e[name=BIND,r=100]",
			"execute @s[tag=ov] ~ ~ ~ /playsound minecraft:custom.ov_human master @a ~ ~ ~",
			"/particle fallingdust ~ ~ ~ 1 1 1 0 3500 force @a 0133"]
		}
	}
}