{
	"name": {
		"text": "Transylian"
	},

	"icon": {
		"type": "texture",
		"texture": "ben_ten:textures/gui/omnitrix/transylian_activation_os.png"
	},

	"creative_tab": "ben10",
	
	"max_level": 40,
	
	"capsule_color": 3080117,
	
    "effects": [
        {
            "type": "skin_change",
            "texture": "ben_ten:textures/models/ben/transylian.png"
        },
		{
        	"type": "trail",
        	"trail_type": "electricity",
        	"color": [0, 1, 0],
        	"use_suit_trail": false,
        	"conditions": [
        		{
        			"type": "always"        			
        		}
        	]
        },
		{
        "type": "skin_change",
        "texture": "ben_ten:textures/models/ben/recalibrated/r_transylian.png",
            "conditions": [            	
				{
            		"type": "ability_enabled",
					"ability": "lucraftcore:knockback_resistance"
            	}
			]
        },
		{
            "type": "skin_overlay",
            "texture": "ben_ten:textures/overlays/glow/recalibrated/r_transylian_glow.png",
            "size": 0,
            "glow": true,
            "conditions": [
            	{
            		"type": "always"
            	},
				{
            		"type": "ability_enabled",
					"ability": "lucraftcore:knockback_resistance"
            	}
            ]
        },
		{
        "type": "skin_change",
        "texture": "ben_ten:textures/models/ben/recalibrated/r_transylian.png",
            "conditions": [            	
				{
            		"type": "ability_enabled",
					"ability": "lucraftcore:step_assist"
            	}
			]
        },
		{
            "type": "skin_overlay",
            "texture": "ben_ten:textures/overlays/glow/recalibrated/r_transylian_glow.png",
            "size": 0,
            "glow": true,
            "conditions": [
            	{
            		"type": "always"
            	},
				{
            		"type": "ability_enabled",
					"ability": "lucraftcore:step_assist"
            	}
            ]
        }
    ],
	
	"abilities": {
		"size": {
		    "hidden": true,
			"ability": "lucraftcore:command_loop",
			"show_in_bar": false,
			"title": {"text": "Size"},
			"icon": { "type": "texture", "texture": "ben_ten:textures/gui/omnitrix/omnitrix.png" },
			"bar_color": "light_gray",
			"commands": ["sizechange @s 1.5 lucraftcore:default"]
        },
		"radiation_protection": {
            "ability": "the-fifth-world:potion_immunity",
            "show_in_bar": false,
            "title": {"text":"Radiation Protection"},
            "icon": { "type": "internal" },
            "potion": "lucraftcore:radiation"
        },
        "tough_lungs": {
            "ability": "lucraftcore:tough_lungs",
            "show_in_bar": false,
            "title": {"translate":"lucraftcore.abilities.tough_lungs.name"},
            "icon": { "type": "internal" },
            "bar_color": "green"
        },
		"health": {		
			"ability": "lucraftcore:health",			
            "show_in_bar": false,		
            "title": {"text":"Health"},					
			"amount": 10,
			"operation": 0,
			"uuid": "5c5cfbea-9f1b-42dd-b43c-d129733c4a75"		
		},
		"step_assist": {
            "ability": "lucraftcore:step_assist",
            "show_in_bar": false,
            "title": {"translate":"lucraftcore.abilities.step_assist.name"},
            "icon": { "type": "internal" },
            "bar_color": "light_gray",
            "amount": 0.0,
            "operation": 0,
			"conditions": [{
			    "type": "lucraftcore:scoreboard_tag",
				"tag": "ov"}],
            "uuid": "0669d99d-b34d-40fc-a4d8-c7ee963cc842"
        },
		"knockback_resistance": {
            "ability": "lucraftcore:knockback_resistance",
            "show_in_bar": false,
            "title": {"translate":"lucraftcore.abilities.knockback_resistance.name"},
            "icon": { "type": "internal" },
            "bar_color": "light_gray",
			"conditions": [{
			    "type": "lucraftcore:scoreboard_tag",
				"tag": "ua"}],
            "amount": 0.0,
            "operation": 0,
            "uuid": "0669d99d-b34d-40fc-a4d8-c7ee963cc842"
        },
		"strength": {	
			"ability": "lucraftcore:strength",				
            "show_in_bar": false,		
            "title": {"text":"Strength"},							
			"amount": 17,
			"operation": 0,
			"uuid": "5c5cfbea-9f1b-42dd-b43c-d129733c4a75"			
		},
		"defense": {
			"ability": "lucraftcore:resistance",			
            "show_in_bar": false,		
            "title": {"text":"Resistance"},						
			"amount": 20,
			"operation": 0,
			"uuid": "5c5cfbea-9f1b-42dd-b43c-d129733c4a75"			
		},
		"lightning_throw": {
			"ability": "heroesexpansion:lightning_attack",
			"cooldown": 0,
			"show_in_bar": true,
			"title": {"translate":"heroesexpansion.abilities.lightning_attack.name"},
			"icon": { "type": "internal" },
			"bar_color": "green",
			"damage": 5.0
		},
		"lightning_throw_xp": {
            "ability": "lucraftcore:command",
            "cooldown": 0,
			"parent_ability": "lightning_throw",
            "show_in_bar": false,
            "title": {"text":"Lightning Attack XP"},
            "icon": { "type": "internal" },
            "bar_color": "light_gray",
            "conditions": [{
			    "type": "ability_enabled",
				"ability": "heroesexpansion:lightning_attack"}],
		    "commands": ["/superpowerxp 50 @s"],
		    "hidden": true
		},
		"lightning_summon": {
			"ability": "heroesexpansion:lightning_strike",
			"cooldown": 0,
			"show_in_bar": true,
			"title": {"translate":"heroesexpansion.abilities.lightning_strike.name"},
			"icon": { "type": "internal" },
			"bar_color": "green"
		},
		"lightning_summon_xp": {
            "ability": "lucraftcore:command",
            "cooldown": 0,
			"parent_ability": "lightning_summon",
            "show_in_bar": false,
            "title": {"text":"Lightning Strike XP"},
            "icon": { "type": "internal" },
            "bar_color": "light_gray",
            "conditions": [{
			    "type": "ability_enabled",
				"ability": "heroesexpansion:lightning_strike"}],
		    "commands": ["/superpowerxp 50 @s"],
		    "hidden": true
		},
		"chain_lightning":{
            "ability": "lucraftcore:command",
            "show_in_bar": true,
			"bar_color": "green",
            "cooldown": 120,
            "title": {"text":"Chain Lightning"},
            "icon": {"type": "texture", "texture": "ben_ten:textures/gui/omnitrix/chainshock.png"},
            "commands": ["/cast ebwizardry:chain_lightning @p", "superpowerxp 10 @s"],
            "hidden": true
	    },
		"timer":{
			"ability": "lucraftcore:command_loop",
			"show_in_bar": false,
			"cooldown": 0,
			"title": {"text":"Timer"},			
			"icon": {"type": "texture",
				"texture": "ben_ten:textures/gui/omnitrix/redomnitrix.png"},
			"conditions": [{"type": "lucraftcore:not", 
			            "conditions": [{
						"type": "lucraftcore:scoreboard_tag", 
						"tag": "Master"}]}],
			"commands": ["superpowerxp 1 @s", 
			"scoreboard players remove @s Timer 1", 
			"execute @s[score_Timer=0,score_Timer_min=0,tag=os] ~ ~ ~ /superpower @s ben_ten:prototypeomnitrix", 
			"execute @s[score_Timer=0,score_Timer_min=0,tag=os] ~ ~ ~ /particle reddust ~ ~ ~ 1 1 1 0 7000", 
			"execute @s[score_Timer=60,score_Timer_min=60,tag=os] ~ ~ ~ /playsound minecraft:custom.timeout master @a ~ ~ ~", 
			"execute @s[score_Timer=60,score_Timer_min=60,tag=os] ~ ~ ~ /superpower @s ben_ten:transylian_t", 
			"execute @s[score_Timer=40,score_Timer_min=40,tag=os] ~ ~ ~ /superpower @s ben_ten:transylian_t", 
			"execute @s[score_Timer=20,score_Timer_min=20,tag=os] ~ ~ ~ /superpower @s ben_ten:transylian_t",   
			"execute @s[score_Timer=1,score_Timer_min=1,tag=os] ~ ~ ~ /playsound minecraft:custom.transform master @a ~ ~ ~", 
			"execute @s[score_Timer=0,score_Timer_min=0,tag=af] ~ ~ ~ /superpower @s ben_ten:recalibratedomnitrix", 
			"execute @s[score_Timer=0,score_Timer_min=0,tag=af] ~ ~ ~ /particle fallingdust ~ ~ ~ 1 1 1 0 3500 force @a 0133", 
			"execute @s[score_Timer=1,score_Timer_min=1,tag=af] ~ ~ ~ /playsound minecraft:custom.recalibratedhuman master @a ~ ~ ~", 
			"execute @s[score_Timer=0,score_Timer_min=0,tag=ov] ~ ~ ~ /superpower @s ben_ten:completedomnitrix", 
			"execute @s[score_Timer=30,score_Timer_min=30,tag=ov] ~ ~ ~ /playsound minecraft:custom.ov_timer master @a ~ ~ ~", 
			"execute @s[score_Timer=1,score_Timer_min=1,tag=ov] ~ ~ ~ /playsound minecraft:custom.ov_human master @a ~ ~ ~",			
			"execute @s[score_Timer=0,score_Timer_min=0,tag=ua] ~ ~ ~ /superpower @s ben_ten:ultimatrix",  
			"execute @s[score_Timer=0,score_Timer_min=0,tag=ua] ~ ~ ~ /playsound minecraft:custom.ultimatrixhuman master @a ~ ~ ~",
			"execute @s[score_Timer=0,score_Timer_min=0,tag=ua] ~ ~ ~ /particle fallingdust ~ ~ ~ 1 1 1 0 3500 force @a 0133"],
			"hidden": true
		},
		"death_state":{
			"ability": "lucraftcore:command_loop",
			"show_in_bar": false,
			"cooldown": 0,
			"title": {"text":"Death State"},			
			"icon": {"type": "texture",
				"texture": "ben_ten:textures/gui/omnitrix/recal_timeout.png"},
			"commands": ["execute @s[score_Health=0,score_Health_min=0,tag=os] ~ ~ ~ /superpower @s ben_ten:prototypeomnitrix",
			"execute @s[score_Health=0,score_Health_min=0,tag=af] ~ ~ ~ /superpower @s ben_ten:recalibratedomnitrix",
			"execute @s[score_Health=0,score_Health_min=0,tag=ua] ~ ~ ~ /superpower @s ben_ten:ultimatrix",
			"execute @s[score_Health=0,score_Health_min=0,tag=ov] ~ ~ ~ /superpower @s ben_ten:completedomnitrix"],
			"hidden": true
		},
		"master_base": {	
	        "ability": "lucraftcore:command",		
			"cooldown": 0,
            "show_in_bar": true,	
            "title": {"text":"Base Form"},
			"icon": { "type": "texture", "texture": "ben_ten:textures/gui/omnitrix/omnitrix.png" },
			"conditions": [{"type": "lucraftcore:scoreboard_tag", 
			                "tag": "Master"},
							{"type": "lucraftcore:scoreboard_tag", 
			                "tag": "os"}],
            "bar_color": "green",				
			"commands": ["execute @s[tag=os] ~ ~ ~ /superpower @s ben_ten:prototypeomnitrix", 
			"execute @s[tag=os] ~ ~ ~ /playsound minecraft:custom.transform master @a ~ ~ ~", 
			"execute @s[tag=os] ~ ~ ~ /particle fallingdust ~ ~ ~ 1 1 1 0 3500 force @a 0133"]
		},
		"base_os": {	
	        "ability": "lucraftcore:command",
			"required_level": 30,		
			"cooldown": 0,
            "show_in_bar": true,	
            "title": {"text":"Base Form"},
			"icon": { "type": "texture", "texture": "ben_ten:textures/gui/omnitrix/omnitrix.png" },
			"conditions": [{"type": "lucraftcore:scoreboard_tag", 
			                "tag": "os"},
							{"type": "lucraftcore:not", 
			                    "conditions": [{
						        "type": "lucraftcore:scoreboard_tag", 
						        "tag": "Master"}]}],
            "bar_color": "green",				
			"commands": ["execute @s[tag=os] ~ ~ ~ /superpower @s ben_ten:prototypeomnitrix", 
			"execute @s[tag=os] ~ ~ ~ /playsound minecraft:custom.transform master @a ~ ~ ~", 
			"execute @s[tag=os] ~ ~ ~ /particle fallingdust ~ ~ ~ 1 1 1 0 3500 force @a 0133"]
		},
		"base_af": {	
	        "ability": "lucraftcore:command",		
			"cooldown": 0,
            "show_in_bar": true,	
            "title": {"text":"Base Form"},
			"icon": { "type": "texture", "texture": "ben_ten:textures/gui/omnitrix/recal_omnitrix.png" },
            "bar_color": "green",
			"conditions": [{
                        "type": "lucraftcore:or",
                            "conditions": [
                            {"type": "lucraftcore:scoreboard_tag",
                             "tag": "af"
                            },
                            {"type": "lucraftcore:scoreboard_tag",
                             "tag": "ua"
                            }]
                    }],
			"commands": ["execute @s[tag=af] ~ ~ ~ /superpower @s[tag=af] ben_ten:recalibratedomnitrix", 
			"execute @s[tag=af] ~ ~ ~ /playsound minecraft:custom.recalibratedhuman master @a ~ ~ ~",
			"execute @s[tag=ua] ~ ~ ~ /superpower @s ben_ten:ultimatrix",
			"execute @s[tag=ua] ~ ~ ~ /playsound minecraft:custom.ultimatrixhuman master @a ~ ~ ~",
			"execute @s[tag=os] ~ ~ ~ /superpower @s ben_ten:prototypeomnitrix", 
			"execute @s[tag=os] ~ ~ ~ /playsound minecraft:custom.transform master @a ~ ~ ~",
			"/particle fallingdust ~ ~ ~ 1 1 1 0 3500 force @a 0133"]
		},
		"base_ov": {	
	        "ability": "lucraftcore:command",		
			"cooldown": 0,
            "show_in_bar": true,	
            "title": {"text":"Base Form"},
			"icon": { "type": "texture", "texture": "ben_ten:textures/gui/omnitrix/ov_trix_master.png" },
            "bar_color": "green",
			"conditions": [{
			    "type": "lucraftcore:scoreboard_tag",
				"tag": "ov"}],				
			"commands": ["execute @s[tag=ov] ~ ~ ~ /superpower @s ben_ten:completedomnitrix", 
			"execute @s[tag=ov] ~ ~ ~ /playsound minecraft:custom.ov_human master @a ~ ~ ~",
			"/particle fallingdust ~ ~ ~ 1 1 1 0 3500 force @a 0133"]
		}
	}
}