{
	"name": {
		"text": "Celestialsapien"
	},

	"icon": {
		"type": "texture",
		"texture": "ben_ten:textures/gui/omnitrix/celestialsapien_activation.png"
	},

	"creative_tab": "ben10",
	
	"max_level": 40,
	
	"capsule_color": 3080117,
	
    "effects": [

        {
        "type": "skin_change",
        "texture": "ben_ten:textures/models/ben/celestialsapien.png"
        },
		{
            "type": "skin_overlay",
            "texture": "ben_ten:textures/overlays/glow/celestialsapien_glow.png",
            "size": 0,
            "glow": true,
            "conditions": [
            	{
            		"type": "always"
            	}
            ]
        }
    ],
	
	"abilities": {
		"size": {
		    "hidden": true,
			"ability": "lucraftcore:command_loop",
			"show_in_bar": false,
			"title": {"text": "Size"},
			"icon": { "type": "texture", "texture": "ben_ten:textures/gui/omnitrix/omnitrix.png" },
			"bar_color": "light_gray",
			"commands": ["sizechange @s 1 lucraftcore:default"]
        },
		"radiation_protection": {
            "ability": "the-fifth-world:potion_immunity",
            "show_in_bar": false,
            "title": {"text":"Radiation Protection"},
            "icon": { "type": "internal" },
            "potion": "lucraftcore:radiation"
        },
        "tough_lungs": {
            "ability": "lucraftcore:tough_lungs",
            "show_in_bar": false,
            "title": {"translate":"lucraftcore.abilities.tough_lungs.name"},
            "icon": { "type": "internal" },
            "bar_color": "green"
        },
		"health": {		
			"ability": "lucraftcore:health",			
            "show_in_bar": false,		
            "title": {"text":"Health"},					
			"amount": 10,
			"operation": 0,
			"uuid": "5c5cfbea-9f1b-42dd-b43c-d129733c4a75"		
		},
		"strength": {	
			"ability": "lucraftcore:strength",				
            "show_in_bar": false,		
            "title": {"text":"Strength"},							
			"amount": 150,
			"operation": 0,
			"uuid": "5c5cfbea-9f1b-42dd-b43c-d129733c4a75"			
		},
		"sprint": {
			"ability": "lucraftcore:sprint",			
            "show_in_bar": false,		
            "title": {"text":"Speed"},										
			"amount": 1.0,
			"operation": 0,
			"uuid": "5c5cfbea-9f1b-42dd-b43c-d129733c4a75"							
		},	
		"jump": {
			"ability": "lucraftcore:jump_boost",			
            "show_in_bar": false,		
            "title": {"text":"Jump Boost"},									
			"amount": 7,
			"operation": 0,
			"uuid": "5c5cfbea-9f1b-42dd-b43c-d129733c4a75"	
               },
		"celestialsapien_resistance": {
			"ability": "lucraftcore:command_loop",
			"show_in_bar": false,
			"title": {"translate":"lucraftcore.abilities.command.name"},
			"icon": { "type": "internal" },
			"bar_color": "light_gray",
			"commands": ["/effect @s resistance 1 255 true"]
		},
		"fall_resistance": {
			"ability": "lucraftcore:fall_resistance",
			"show_in_bar": false,
			"title": {"text":"Fall Resistance"},
			"amount": 2000,
			"operation": 0,
			"uuid": "5c5cfbea-9f1b-42dd-b43c-d129733c4a75"
		},
		"knockback_resistance": {
            "ability": "lucraftcore:knockback_resistance",
            "show_in_bar": false,
            "title": {"translate":"lucraftcore.abilities.knockback_resistance.name"},
            "icon": { "type": "internal" },
            "bar_color": "light_gray",
            "amount": 500.0,
            "operation": 0,
            "uuid": "0669d99d-b34d-40fc-a4d8-c7ee963cc842"
                },
		"fire_resistance": {
			"ability": "lucraftcore:fire_resistance",			
            "show_in_bar": false,		
            "title": {"text":"Fire Resistance"},						
			"operation": 0,
			"uuid": "5c5cfbea-9f1b-42dd-b43c-d129733c4a75"			
		},
		"blackhole": {
			"ability": "heroesexpansion:black_hole",
			"icon": {"type": "texture", "texture": "ben_ten:textures/gui/omnitrix/black_hole.png"},			
            "show_in_bar": true,			
            "title": {"text":"Black Hole"},
            "bar_color": "green",						
			"operation": 0,
			"uuid": "5c5cfbea-9f1b-42dd-b43c-d129733c4a75"			
		},
		"cosmic_punch": {
			"ability": "lucraftcore:set_punch",
			"icon": { "type": "texture", "texture": "ben_ten:textures/gui/omnitrix/cosmic_punch.png" },
			"cooldown": 125,
			"damage": 170,
            "reach_distance": 9.0,
            "arm": 0,			
            "show_in_bar": true,
            "title": {"text":"Cosmic Punch"},
            "bar_color": "green"		
		},
		"flight": {			
			"ability": "lucraftcore:flight",
			"icon": { "type": "internal" },			
            "show_in_bar": true,
            "title": {"text":"Flight"},	
            "bar_color": "green",				
			"speed": 2.0,
            "sprint_speed": 8,
			"rotate_arms": true
		},
		"teleport": {
            "ability": "lucraftcore:teleport",
            "show_in_bar": true,
            "title": {"translate":"lucraftcore.abilities.teleport.name"},
            "icon": { "type": "internal" },
            "bar_color": "green",
            "distance": 30.0
        },
		"portal": {
            "ability": "heroesexpansion:portal",
            "show_in_bar": true,
            "title": {"translate":"heroesexpansion.abilities.portal.name"},
            "icon": { "type": "internal" },
            "bar_color": "green"
		},
		"accel_time":{
            "ability": "lucraftcore:command",
            "show_in_bar": true,
			"bar_color": "green",
            "title": {"text":"Accelerate Time"},
            "icon": {"type": "texture", "texture": "ben_ten:textures/gui/omnitrix/sun.png"},
            "commands": ["/cast ebwizardry:speed_time @p 10"],
            "hidden": true
		},
		"slow_time":{
            "ability": "lucraftcore:command",
            "show_in_bar": true,
			"bar_color": "green",
            "title": {"text":"Slow Time"},
            "icon": {"type": "texture", "texture": "ben_ten:textures/gui/omnitrix/slow.png"},
            "commands": ["/cast ebwizardry:slow_time @p"],
            "hidden": true
		},
		"stop_projectiles": {
            "ability": "lucraftcore:command_held",
            "bar_color": "green",            
            "show_in_bar": true,
            "title": {"text":"Stop Projectiles"},
			"icon": { "type": "texture", "texture": "ben_ten:textures/gui/omnitrix/stop_projectiles.png" },
			"commands": ["entitydata @e[type=snowball,r=10] {NoGravity:0b,Motion:[0.0,0.0,0.0]}",
                  "entitydata @e[type=arrow,r=7] {NoGravity:1b,Motion:[0.0,0.0,0.0]}",
                  "entitydata @e[type=lucraftcore:energy_blast,r=7] {NoGravity:1b,Motion:[0.0,0.0,0.0]}",
                  "entitydata @e[type=wither_skull,r=7] {NoGravity1b,Motion:[0.0,0.0,0.0]}",
                  "entitydata @e[type=fireball,r=7] {NoGravity:1b,Motion:[0.0,0.0,0.0]}",
                  "entitydata @e[type=small_fireball,r=7] {NoGravity:1b,Motion:[0.0,0.0,0.0]}",
                  "entitydata @e[type=dragon_fireball,r=7] {NoGravity:1b,Motion:[0.0,0.0,0.0]}",
                  "entitydata @e[type=potion,r=7] {NoGravity:1b,Motion:[0.0,0.0,0.0]}",
                  "entitydata @e[type=shulker_bullet,r=7] {NoGravity:1b,Motion:[0.0,0.0,0.0]}",
                  "entitydata @e[type=llama_spit,r=7] {NoGravity:1b,Motion:[0.0,0.0,0.0]}",
                  "entitydata @e[type=heroesexpansion:vibranium_arrow,r=7] {NoGravity:1b,Motion:[0.0,0.0,0.0]}",
                  "entitydata @e[type=heroesexpansion:smoke_arrow,r=7] {NoGravity:1b,Motion:[0.0,0.0,0.0]}",
                  "entitydata @e[type=heroesexpansion:gas_arrow,r=7] {NoGravity:1b,Motion:[0.0,0.0,0.0]}",
                  "entitydata @e[type=heroesexpansion:grappling_arrow,r=7] {NoGravity:1b,Motion:[0.0,0.0,0.0]}",
                  "entitydata @e[type=heroesexpansion:sharpened_arrow,r=7] {NoGravity:1b,Motion:[0.0,0.0,0.0]}",
                  "entitydata @e[type=heroesexpansion:explosive_arrow,r=7] {NoGravity:1b,Motion:[0.0,0.0,0.0]}",
                  "entitydata @e[type=heroesexpansion:kryptonite_arrow,r=7] {NoGravity:1b,Motion:[0.0,0.0,0.0]}",
                  "entitydata @e[type=heroesexpansion:thrown_billy_club,r=7] {NoGravity:1b,Motion:[0.0,0.0,0.0]}",
                  "entitydata @e[type=heroesexpansion:web_grenade,r=7] {NoGravity:1b,Motion:[0.0,0.0,0.0]}",
                  "entitydata @e[type=heroesexpansion:thrown_mjolnir,r=7] {NoGravity:1b,Motion:[0.0,0.0,0.0]}",
                  "entitydata @e[type=heroesexpansion:impact_web,r=7] {NoGravity:1b,Motion:[0.0,0.0,0.0]}"]
		},
		"telekinetic_grab": {						
            "ability": "lucraftcore:command",
            "cooldown": 100,
            "show_in_bar": true,
            "title": {"text":"Telekinetic Grab"},
            "icon": { "type": "texture", "texture": "ben_ten:textures/gui/omnitrix/alien_x_telekinesis.png" },
            "commands": ["/cast ebwizardry:greater_telekinesis @p 5"],
            "hidden": true
		},
		"weather":{
            "ability": "lucraftcore:command",
            "show_in_bar": true,
			"bar_color": "green",
            "title": {"text":"Change Weather"},
            "icon": {"type": "texture", "texture": "ben_ten:textures/gui/omnitrix/dust.png"},
            "commands": ["/cast ebwizardry:invoke_weather @p"],
            "hidden": true
		},
		"smite":{
            "ability": "lucraftcore:command",
            "show_in_bar": true,
			"bar_color": "green",
            "title": {"text":"Smite"},
            "icon": {"type": "texture", "texture": "ben_ten:textures/gui/omnitrix/celestialsapien_face.png"},
            "commands": ["/cast ebwizardry:celestial_smite @p"],
            "hidden": true
		},
		"forcefield":{
            "ability": "lucraftcore:command",
            "show_in_bar": true,
			"bar_color": "green",
            "title": {"text":"Forcefield"},
            "icon": {"type": "texture", "texture": "ben_ten:textures/gui/omnitrix/ice.png"},
            "commands": ["/cast ebwizardry:forcefield @p"],
            "hidden": true
		},
		"mind_control":{
            "ability": "lucraftcore:command",
            "show_in_bar": true,
			"bar_color": "green",
            "title": {"text":"Mind Control"},
            "icon": {"type": "texture", "texture": "ben_ten:textures/gui/omnitrix/possession.png"},
            "commands": ["/cast ebwizardry:mind_control @p"],
            "hidden": true
		},
		"dragon_ball":{
            "ability": "lucraftcore:command",
            "show_in_bar": true,
			"bar_color": "green",
            "title": {"text":"Dragon Ball"},
            "icon": {"type": "texture", "texture": "ben_ten:textures/gui/omnitrix/placeholder.png"},
            "commands": ["/cast ebwizardry:dragon_fireball @p"],
            "hidden": true		
		},
		"plague_blast":{
            "ability": "lucraftcore:command",
            "show_in_bar": true,
			"bar_color": "green",
            "title": {"text":"Plague Blast"},
            "icon": {"type": "texture", "texture": "ben_ten:textures/gui/omnitrix/gas_wither.png"},
            "commands": ["/cast ebwizardry:plague_of_darkness @p"],
            "hidden": true		
		},
		"tornado":{
            "ability": "lucraftcore:command",
            "show_in_bar": true,
			"bar_color": "green",
            "title": {"text":"Tornado"},
            "icon": {"type": "texture", "texture": "ben_ten:textures/gui/omnitrix/dust.png"},
            "commands": ["/cast ebwizardry:tornado @p"],
            "hidden": true		
		},
		"stone_turn":{
            "ability": "lucraftcore:command",
            "show_in_bar": true,
			"bar_color": "green",
            "title": {"text":"Turn to Stone"},
            "icon": {"type": "texture", "texture": "ben_ten:textures/gui/omnitrix/gas_slow.png"},
            "commands": ["/cast ebwizardry:petrify @p"],
            "hidden": true		
		},
		"holy_ray":{
            "ability": "lucraftcore:command",
            "show_in_bar": true,
			"bar_color": "green",
            "title": {"text":"Purify Ray"},
            "icon": {"type": "texture", "texture": "ben_ten:textures/gui/omnitrix/bone_meal.png"},
            "commands": ["/cast ebwizardry:ray_of_purification @p 5"],
            "hidden": true
		},
		"healing_zone":{
            "ability": "lucraftcore:command",
            "show_in_bar": true,
			"bar_color": "green",
            "title": {"text":"Heal Zone"},
            "icon": {"type": "texture", "texture": "ben_ten:textures/gui/omnitrix/bone_meal.png"},
            "commands": ["/cast ebwizardry:healing_aura @p"],
            "hidden": true
		},
		"meteor_strike":{
            "ability": "lucraftcore:command",
            "show_in_bar": true,
			"bar_color": "green",
            "title": {"text":"Meteor Strike"},
            "icon": {"type": "texture", "texture": "ben_ten:textures/gui/omnitrix/log.png"},
            "commands": ["/cast ebwizardry:meteor @p"],
            "hidden": true
		},		
		"reduce_gravity":{
			"ability": "lucraftcore:command",
			"title": {"text": "Reduce Gravity"},
            "bar_color": "green",
			"icon": {"type": "texture",
				"texture": "ben_ten:textures/gui/omnitrix/gravity_up.png"},
			"commands": ["execute @e[rm=1,r=10] ~ ~ ~ effect @s minecraft:levitation 10 3"]
		},
		"increase_gravity": {
            "ability": "lucraftcore:command_held",
            "bar_color": "green",            
            "show_in_bar": true,
            "title": {"text":"Increase Gravity"},
			"icon": {"type": "texture",
				"texture": "ben_ten:textures/gui/omnitrix/gravity_down.png"},
			"commands": ["entitydata @e[type=snowball,r=10] {NoGravity:1b,Motion:[0.0,-3.0,0.0]}",
                  "entitydata @e[type=arrow,r=7] {NoGravity:1b,Motion:[0.0,-3.0,0.0]}",
                  "entitydata @e[type=lucraftcore:energy_blast,r=7] {NoGravity:1b,Motion:[0.0,-3.0,0.0]}",
                  "entitydata @e[type=wither_skull,r=7] {NoGravity:1b,Motion:[0.0,-3.0,0.0]}",
                  "entitydata @e[type=fireball,r=7] {NoGravity:1b,Motion:[0.0,-3.0,0.0]}",
                  "entitydata @e[type=small_fireball,r=7] {NoGravity:1b,Motion:[0.0,-3.0,0.0]}",
                  "entitydata @e[type=dragon_fireball,r=7] {NoGravity:1b,Motion:[0.0,-3.0,0.0]}",
                  "entitydata @e[type=potion,r=7] {NoGravity:1b,Motion:[0.0,-3.0,0.0]}",
                  "entitydata @e[type=shulker_bullet,r=7] {NoGravity:1b,Motion:[0.0,-3.0,0.0]}",
                  "entitydata @e[type=llama_spit,r=7] {NoGravity:1b,Motion:[0.0,-3.0,0.0]}",
                  "entitydata @e[type=heroesexpansion:vibranium_arrow,r=7] {NoGravity:1b,Motion:[0.0,-3.0,0.0]}",
                  "entitydata @e[type=heroesexpansion:smoke_arrow,r=7] {NoGravity:1b,Motion:[0.0,-3.0,0.0]}",
                  "entitydata @e[type=heroesexpansion:gas_arrow,r=7] {NoGravity:1b,Motion:[0.0,-3.0,0.0]}",
                  "entitydata @e[type=heroesexpansion:grappling_arrow,r=7] {NoGravity:1b,Motion:[0.0,-3.0,0.0]}",
                  "entitydata @e[type=heroesexpansion:sharpened_arrow,r=7] {NoGravity:1b,Motion:[0.0,-3.0,0.0]}",
                  "entitydata @e[type=heroesexpansion:explosive_arrow,r=7] {NoGravity:1b,Motion:[0.0,-3.0,0.0]}",
                  "entitydata @e[type=heroesexpansion:kryptonite_arrow,r=7] {NoGravity:1b,Motion:[0.0,-3.0,0.0]}",
                  "entitydata @e[type=heroesexpansion:thrown_billy_club,r=7] {NoGravity:1b,Motion:[0.0,-3.0,0.0]}",
                  "entitydata @e[type=heroesexpansion:web_grenade,r=7] {NoGravity:1b,Motion:[0.0,-3.0,0.0]}",
                  "entitydata @e[type=heroesexpansion:thrown_mjolnir,r=7] {NoGravity:1b,Motion:[0.0,-3.0,0.0]}",
                  "entitydata @e[type=heroesexpansion:impact_web,r=7] {NoGravity:1b,Motion:[0.0,-3.0,0.0]}"]
		},		
		"trap":{
			"ability": "lucraftcore:command",
			"title": {"text": "Trap"},
            "bar_color": "green",
			"icon": {"type": "texture",
				"texture": "ben_ten:textures/gui/omnitrix/stop.png"},
			"commands": ["execute @e[rm=1,r=10] ~ ~ ~ effect @s ebwizardry:containment 10 3"]
		},		
		"gravity_drop":{
            "ability": "lucraftcore:command_held",
            "show_in_bar": false,
            "title": {"translate":"lucraftcore.abilities.command_held.name"},
            "icon": { "type": "internal" },
            "bar_color": "green",
            "commands": ["execute @e[rm=1,r=25] ~ ~ ~ effect @s minecraft:levitation 0 0"],
            "parent_ability": "increase_gravity"
        },
		"timer":{
			"ability": "lucraftcore:command_loop",
			"show_in_bar": false,
			"title": {"text":"Timer"},			
			"icon": {"type": "texture",
				"texture": "ben_ten:textures/gui/omnitrix/recal_timeout.png"},
			"conditions": [{"type": "lucraftcore:not", 
			            "conditions": [{
						"type": "lucraftcore:scoreboard_tag", 
						"tag": "Master"}]}],
			"commands": ["superpowerxp 1 @s", 
			"scoreboard players remove @s Timer 1", 
			"execute @s[score_Timer=0,score_Timer_min=0] ~ ~ ~ /superpower @s ben_ten:ultimatrix", 
			"execute @s[score_Timer=0,score_Timer_min=0] ~ ~ ~ /particle fallingdust ~ ~ ~ 1 1 1 0 3500 force @a 0133", 
			"execute @s[score_Timer=1,score_Timer_min=1] ~ ~ ~ /playsound minecraft:custom.ultimatrixhuman master @a ~ ~ ~",
			"scoreboard players remove @s Limit 1",
			"execute @s[score_Limit=0,score_Limit_min=0] ~ ~ ~ /superpower @s ben_ten:U_celestialsapien_new"],
			"hidden": true
		},
		"death_state":{
			"ability": "lucraftcore:command_loop",
			"show_in_bar": false,
			"cooldown": 0,
			"title": {"text":"Death State"},			
			"icon": {"type": "texture",
				"texture": "ben_ten:textures/gui/omnitrix/recal_timeout.png"},
			"commands": ["execute @s[score_Health=0,score_Health_min=0,tag=os] ~ ~ ~ /superpower @s ben_ten:prototypeomnitrix",
			"execute @s[score_Health=0,score_Health_min=0,tag=af] ~ ~ ~ /superpower @s ben_ten:recalibratedomnitrix",
			"execute @s[score_Health=0,score_Health_min=0,tag=ua] ~ ~ ~ /superpower @s ben_ten:ultimatrix",
			"execute @s[score_Health=0,score_Health_min=0,tag=ov] ~ ~ ~ /superpower @s ben_ten:completedomnitrix"],
			"hidden": true
		},
		"base": {	
	        "ability": "lucraftcore:command",		
            "show_in_bar": true,	
            "title": {"text":"Base Form"},
			"icon": { "type": "texture", "texture": "ben_ten:textures/gui/omnitrix/recal_omnitrix.png" },
            "bar_color": "green",				
			"commands": ["/superpower @s ben_ten:ultimatrix", "playsound minecraft:custom.ultimatrixhuman master @a ~ ~ ~", "/particle fallingdust ~ ~ ~ 1 1 1 0 3500 force @a 0133"]
		}
	}
}