{
	"name" : {
		"text": "Ultimatrix"
	},

	"icon": {
		"type": "texture",
		"texture": "ben_ten:textures/gui/omnitrix/ultimatrix_4.png"
	},
	
	"creative_tab": "ben10",
	
	"max_level": 40,
	
	"capsule_color" : 65280,
	
	"effects": [
        {
            "type": "skin_overlay",
            "texture": "ben_ten:textures/overlays/ultimatrix/ultimatrix_active.png",
            "size": 0,
            "glow": false,
            "conditions": [
            	{
            		"type": "always"
				}
			]
	    },
		{
            "type": "skin_overlay",
            "texture": "ben_ten:textures/overlays/ultimatrix/ultimatrix_active_glow.png",
            "size": 0,
            "glow": true,
            "conditions": [
            	{
            		"type": "always"
            	}
            ]
        }
    ],

	"abilities": {
		"timeout": {
		    "hidden": true,
			"ability": "lucraftcore:command_loop",
			"show_in_bar": false,
			"title": {"text": "Recharge Mode"},
			"icon": { "type": "texture", "texture": "ben_ten:textures/gui/omnitrix/recal_timeout.png" },
			"bar_color": "light_gray",
			"commands": ["execute @s[score_Timer=5999,score_Timer_min=0] ~ ~ ~ /superpower @p ben_ten:ultimatrix_timeout", "sizechange @s 1 lucraftcore:default"]
        },
		"splixson": {
			"ability": "lucraftcore:command",
			"show_in_bar": true,
			"title": {"text":"Splixson"},
			"icon": { "type": "texture", "texture": "ben_ten:textures/gui/omnitrix/r_splixson_activation.png"},
			"bar_color": "green",
			"commands": ["/superpower @s ben_ten:splixson", 
			"playsound minecraft:custom.ultimatrixtransform master @a ~ ~ ~", 
			"particle fallingdust ~ ~ ~ 1 1 1 0 3500 force @a 0133"]
		},
		"florauna": {
			"ability": "lucraftcore:command",
			"show_in_bar": true,
			"title": {"text":"Florauna"},
			"icon": { "type": "texture", "texture": "ben_ten:textures/gui/omnitrix/r_florauna_activation.png"},
			"bar_color": "green",
			"commands": ["/superpower @s ben_ten:florauna", 
			"playsound minecraft:custom.ultimatrixtransform master @a ~ ~ ~", 
			"particle fallingdust ~ ~ ~ 1 1 1 0 3500 force @a 0133"]
		},
		"perk_gourmand": {	
	        "ability": "lucraftcore:command",
            "show_in_bar": true,	
            "title": {"text":"Perk Gourmand"},
			"icon": { "type": "texture", "texture": "ben_ten:textures/gui/omnitrix/r_gourmand_activation.png" },
            "bar_color": "green",				
			"commands": ["/superpower @s ben_ten:perk_gourmand", 
			"playsound minecraft:custom.ultimatrixtransform master @a ~ ~ ~", 
			"particle fallingdust ~ ~ ~ 1 1 1 0 3500 force @a 0133"]
		},
		"polar_manzardill": {
			"ability": "lucraftcore:command",			
			"show_in_bar": true,
			"title": {"text":"Polar Manzardill"},
			"icon": { "type": "texture", "texture": "ben_ten:textures/gui/omnitrix/r_polar_manzardill_activation.png"},
			"bar_color": "green",
			"commands": ["/superpower @s ben_ten:polar_manzardill", 
			"playsound minecraft:custom.ultimatrixtransform master @a ~ ~ ~", 
			"particle fallingdust ~ ~ ~ 1 1 1 0 3500 force @a 0133"]
		},
		"nosedeenian": {
		   "ability": "lucraftcore:command",
			"show_in_bar": true,
			"title": {"text":"Nosedeenian"},
			"icon": { "type": "texture", "texture": "ben_ten:textures/gui/omnitrix/r_nosedeenian_activation.png" },
			"bar_color": "green",
			"commands": ["/superpower @s ben_ten:nosedeenian", 
			"playsound minecraft:custom.ultimatrixtransform master @a ~ ~ ~", 
			"particle fallingdust ~ ~ ~ 1 1 1 0 3500 force @a 0133"]
		},
		"sphoeroid": {
			"ability": "lucraftcore:command",			
			"show_in_bar": true,
			"title": {"text":"Sphoeroid"},
			"icon": { "type": "texture", "texture": "ben_ten:textures/gui/omnitrix/r_sphoeroid_activation.png"},
			"bar_color": "green",
			"commands": ["/superpower @s ben_ten:sphoeroid", 
			"playsound minecraft:custom.ultimatrixtransform master @a ~ ~ ~", 
			"particle fallingdust ~ ~ ~ 1 1 1 0 3500 force @a 0133"]
		},
		"opticoid": {
		   "ability": "lucraftcore:command",
			"show_in_bar": true,
			"title": {"text":"Opticoid"},
			"icon": { "type": "texture", "texture": "ben_ten:textures/gui/omnitrix/r_opticoid_activation.png" },
			"bar_color": "green",
			"commands": ["/superpower @s ben_ten:opticoid", 
			"playsound minecraft:custom.ultimatrixtransform master @a ~ ~ ~", 
			"particle fallingdust ~ ~ ~ 1 1 1 0 3500 force @a 0133"]
		},
		"loboan": {	
	        "ability": "lucraftcore:command",
            "show_in_bar": true,	
            "title": {"text":"Loboan"},
			"icon": { "type": "texture", "texture": "ben_ten:textures/gui/omnitrix/r_loboan_activation.png" },
            "bar_color": "green",				
			"commands": ["/superpower @s ben_ten:loboan", 
			"playsound minecraft:custom.ultimatrixtransform master @a ~ ~ ~", 
			"particle fallingdust ~ ~ ~ 1 1 1 0 3500 force @a 0133", 
			"effect @s ebwizardry:sixth_sense 1000000 1 true"]
		},
		"thep_khufan": {
			"ability": "lucraftcore:command",
			"show_in_bar": true,
			"title": {"text":"Thep Khufan"},
			"icon": { "type": "texture", "texture": "ben_ten:textures/gui/omnitrix/r_thep_khufan_activation.png"},
			"bar_color": "green",
			"commands": ["/superpower @s ben_ten:thep_khufan", 
			"playsound minecraft:custom.ultimatrixtransform master @a ~ ~ ~", 
			"particle fallingdust ~ ~ ~ 1 1 1 0 3500 force @a 0133"]
		},
		"transylian": {
			"ability": "lucraftcore:command",
			"show_in_bar": true,
			"title": {"text":"Transylian"},
			"icon": { "type": "texture", "texture": "ben_ten:textures/gui/omnitrix/r_transylian_activation.png"},
			"bar_color": "green",
			"commands": ["/superpower @s ben_ten:transylian", 
			"playsound minecraft:custom.ultimatrixtransform master @a ~ ~ ~", 
			"particle fallingdust ~ ~ ~ 1 1 1 0 3500 force @a 0133"]
		},
		"next_playlist_5": {	
	        "ability": "lucraftcore:command",
            "show_in_bar": true,	
            "title": {"text":"Next Playlist"},
			"icon": { "type": "texture", "texture": "ben_ten:textures/gui/omnitrix/ultimatrix_5.png" },
            "bar_color": "green",				
			"commands": ["/superpower @s ben_ten:ultimatrix_5", 
			"playsound minecraft:custom.switch master @a ~ ~ ~"]
		},
		"main_menu": {	
	        "ability": "lucraftcore:command",
            "show_in_bar": true,	
            "title": {"text":"Playlist Selection"},
			"icon": { "type": "texture", "texture": "ben_ten:textures/gui/omnitrix/recal_omnitrix.png" },
            "bar_color": "green",				
			"commands": ["/superpower @s ben_ten:ultimatrix", 
			"playsound minecraft:custom.switch master @a ~ ~ ~"]
		},
		"previous_playlist_3": {	
	        "ability": "lucraftcore:command",
            "show_in_bar": true,	
            "title": {"text":"Previous Playlist"},
			"icon": { "type": "texture", "texture": "ben_ten:textures/gui/omnitrix/ultimatrix_3.png" },
            "bar_color": "green",				
			"commands": ["/superpower @s ben_ten:ultimatrix_3", 
			"playsound minecraft:custom.switch master @a ~ ~ ~"]
		}
	}
}
