{
	"name" : {
		"text": "Ultimatrix"
	},

	"icon": {
		"type": "texture",
		"texture": "ben_ten:textures/gui/omnitrix/ultimatrix_2.png"
	},
	
	"creative_tab": "ben10",
	
	"max_level": 40,
	
	"capsule_color" : 65280,
	
	"effects": [
        {
            "type": "skin_overlay",
            "texture": "ben_ten:textures/overlays/ultimatrix/ultimatrix_active.png",
            "size": 0,
            "glow": false,
            "conditions": [
            	{
            		"type": "always"
				}
			]
	    },
		{
            "type": "skin_overlay",
            "texture": "ben_ten:textures/overlays/ultimatrix/ultimatrix_active_glow.png",
            "size": 0,
            "glow": true,
            "conditions": [
            	{
            		"type": "always"
            	}
            ]
        }
    ],

	"abilities": {
		"timeout": {
		    "hidden": true,
			"ability": "lucraftcore:command_loop",
			"show_in_bar": false,
			"title": {"text": "Recharge Mode"},
			"icon": { "type": "texture", "texture": "ben_ten:textures/gui/omnitrix/recal_timeout.png" },
			"bar_color": "light_gray",
			"commands": ["execute @s[score_Timer=5999,score_Timer_min=0] ~ ~ ~ /superpower @p ben_ten:ultimatrix_timeout", "sizechange @s 1 lucraftcore:default"]
        },
		"arburian_pelarota": {	
	        "ability": "lucraftcore:command",			
			"cooldown": 0,
			"show_in_bar": true,	
            "title": {"text":"Arburian Pelarota"},
			"icon": { "type": "texture", "texture": "ben_ten:textures/gui/omnitrix/r_arburian_pelarota_activation.png" },
            "bar_color": "green",				
			"commands": ["superpower @s ben_ten:arburian_pelarota", 
			"playsound minecraft:custom.ultimatrixtransform master @a ~ ~ ~", 
			"particle fallingdust ~ ~ ~ 1 1 1 0 3500 force @a 0133"] 
		},
		"murk_gourmand": {	
	        "ability": "lucraftcore:command",			
			"cooldown": 0,
			"show_in_bar": true,	
            "title": {"text":"Murk Gourmand"},
			"icon": { "type": "texture", "texture": "ben_ten:textures/gui/omnitrix/r_gourmand_activation.png" },
            "bar_color": "green",				
			"commands": ["superpower @s ben_ten:murk_gourmand", 
			"playsound minecraft:custom.ultimatrixtransform master @a ~ ~ ~", 
			"particle fallingdust ~ ~ ~ 1 1 1 0 3500 force @a 0133",
			"scoreboard objectives add Blocks dummy",
			"scoreboard players add @s Blocks 0"] 
		},
		"tokustar": {	
	        "ability": "lucraftcore:command",			
			"cooldown": 0,
			"show_in_bar": true,	
            "title": {"text":"To'kustar"},
			"icon": { "type": "texture", "texture": "ben_ten:textures/gui/omnitrix/r_tokustar_activation.png" },
            "bar_color": "green",				
			"commands": ["superpower @s ben_ten:tokustar", 
			"playsound minecraft:custom.ultimatrixtransform master @a ~ ~ ~", 
			"particle fallingdust ~ ~ ~ 1 1 1 0 3500 force @a 0133"] 
		},
		"biosovortian": {	
	        "ability": "lucraftcore:command",
            "show_in_bar": true,	
            "title": {"text":"Biosovortian"},
			"icon": { "type": "texture", "texture": "ben_ten:textures/gui/omnitrix/biosovortian_activation.png" },
            "bar_color": "green",				
			"commands": ["/superpower @s ben_ten:biosovortian", 
			"playsound minecraft:custom.ultimatrixtransform master @a ~ ~ ~", 
			"particle fallingdust ~ ~ ~ 1 1 1 0 3500 force @a 0133"]
		},
		"appoplexian": {	
	        "ability": "lucraftcore:command",	
            "show_in_bar": true,	
            "title": {"text":"Appoplexian"},
			"icon": { "type": "texture", "texture": "ben_ten:textures/gui/omnitrix/appoplexian_activation.png" },
            "bar_color": "green",				
			"commands": ["/superpower @s ben_ten:appoplexian", "playsound minecraft:custom.ultimatrixtransform master @a ~ ~ ~", "particle fallingdust ~ ~ ~ 1 1 1 0 3500 force @a 0133"]
		},
		"chip_hybrid": {	
	        "ability": "lucraftcore:command",
            "show_in_bar": true,	
            "title": {"text":"Human/Chip Hybrid"},
			"icon": { "type": "texture", "texture": "ben_ten:textures/gui/omnitrix/nanomech_activation.png" },
            "bar_color": "green",				
			"commands": ["/superpower @s ben_ten:nanomech", "playsound minecraft:custom.ultimatrixtransform master @a ~ ~ ~", "particle fallingdust ~ ~ ~ 1 1 1 0 3500 force @a 0133"]
		},
		"orishan": {	
	        "ability": "lucraftcore:command",
            "show_in_bar": true,
            "required_level": 28,	
            "title": {"text":"Orishan"},
			"icon": { "type": "texture", "texture": "ben_ten:textures/gui/omnitrix/orishan_activation.png" },
            "bar_color": "green",				
			"commands": ["/superpower @s ben_ten:orishan", "playsound minecraft:custom.ultimatrixtransform master @a ~ ~ ~", "particle fallingdust ~ ~ ~ 1 1 1 0 3500 force @a 0133"]
		},
		"amperi": {
		    "ability": "lucraftcore:command",
            "show_in_bar": true,			
            "required_level": 20,
            "title": {"text":"Amperi"},
			"icon": { "type": "texture", "texture": "ben_ten:textures/gui/omnitrix/amperi_activation.png" },
            "bar_color": "green",				
			"commands": ["/superpower @s ben_ten:amperi", "playsound minecraft:custom.ultimatrixtransform master @a ~ ~ ~", "particle fallingdust ~ ~ ~ 1 1 1 0 3500 force @a 0133"]
		},
		"geochelone_aerio": {
		    "ability": "lucraftcore:command",
            "show_in_bar": true,
            "required_level": 23,	
            "title": {"text":"Geochelone Aerio"},
			"icon": { "type": "texture", "texture": "ben_ten:textures/gui/omnitrix/geochelone_aerio_activation.png" },
            "bar_color": "green",				
			"commands": ["/superpower @s ben_ten:geochelone_aerio", "playsound minecraft:custom.ultimatrixtransform master @a ~ ~ ~", "particle fallingdust ~ ~ ~ 1 1 1 0 3500 force @a 0133"]
		},
		"talpaedan": {	
	        "ability": "lucraftcore:command",
            "show_in_bar": true,
            "required_level": 25,	
            "title": {"text":"Talpaedan"},
			"icon": { "type": "texture", "texture": "ben_ten:textures/gui/omnitrix/talpaedan_activation.png" },
            "bar_color": "green",				
			"commands": ["/superpower @s ben_ten:talpaedan", "playsound minecraft:custom.ultimatrixtransform master @a ~ ~ ~", "particle fallingdust ~ ~ ~ 1 1 1 0 3500 force @a 0133"]
		},
		"prypiatosian_b": {	
	        "ability": "lucraftcore:command",
            "show_in_bar": true,
            "required_level": 30,	
            "title": {"text":"Prypiatosian B"},
			"icon": { "type": "texture", "texture": "ben_ten:textures/gui/omnitrix/prypiatosian_b_activation.png" },
            "bar_color": "green",				
			"commands": ["/superpower @s ben_ten:prypiatosian_b_suit", "playsound minecraft:custom.ultimatrixtransform master @a ~ ~ ~", "particle fallingdust ~ ~ ~ 1 1 1 0 3500 force @a 0133"]
		},
		"next_playlist_3": {	
	        "ability": "lucraftcore:command",
            "show_in_bar": true,	
            "title": {"text":"Next Playlist"},
			"icon": { "type": "texture", "texture": "ben_ten:textures/gui/omnitrix/ultimatrix_3.png" },
            "bar_color": "green",				
			"commands": ["/superpower @s ben_ten:ultimatrix_3", 
			"playsound minecraft:custom.switch master @a ~ ~ ~"]
		},
		"main_menu": {	
	        "ability": "lucraftcore:command",
            "show_in_bar": true,	
            "title": {"text":"Playlist Selection"},
			"icon": { "type": "texture", "texture": "ben_ten:textures/gui/omnitrix/recal_omnitrix.png" },
            "bar_color": "green",				
			"commands": ["/superpower @s ben_ten:ultimatrix", 
			"playsound minecraft:custom.switch master @a ~ ~ ~"]
		},
		"previous_playlist_1": {	
	        "ability": "lucraftcore:command",
            "show_in_bar": true,	
            "title": {"text":"Previous Playlist"},
			"icon": { "type": "texture", "texture": "ben_ten:textures/gui/omnitrix/ultimatrix_1.png" },
            "bar_color": "green",				
			"commands": ["/superpower @s ben_ten:ultimatrix_1", 
			"playsound minecraft:custom.switch master @a ~ ~ ~"]
		}
	}
}
