{
	"name" : {
		"text": "Ultimatrix"
	},

	"icon": {
		"type": "texture",
		"texture": "ben_ten:textures/gui/omnitrix/recal_omnitrix.png"
	},
	
	"creative_tab": "ben10",
	
	"max_level": 40,
	
	"capsule_color" : 65280,
	
	"effects": [
        {
            "type": "skin_overlay",
            "texture": "ben_ten:textures/overlays/ultimatrix/ultimatrix.png",
            "size": 0,
            "glow": false,
            "conditions": [
            	{
            		"type": "always"
				}
			]
	    },
		{
            "type": "skin_overlay",
            "texture": "ben_ten:textures/overlays/ultimatrix/ultimatrix_glow.png",
            "size": 0,
            "glow": true,
            "conditions": [
            	{
            		"type": "always"
            	}
            ]
        }
    ],

	"abilities": {
		"version": {
            "ability": "lucraftcore:command_on_gain",
            "show_in_bar": false,
            "title": {"translate":"lucraftcore.abilities.command_on_gain.name"},
            "icon": { "type": "internal" },
            "commands": ["scoreboard objectives add Failsafe dummy",
						 "scoreboard players set @s Failsafe 0"]
        },
		"timeout": {
		    "hidden": true,
			"ability": "lucraftcore:command_loop",
			"show_in_bar": false,
			"title": {"text": "Recharge Mode"},
			"icon": { "type": "texture", "texture": "ben_ten:textures/gui/omnitrix/recal_timeout.png" },
			"bar_color": "light_gray",
			"commands": ["execute @s[score_Timer=5999,score_Timer_min=0] ~ ~ ~ /scoreboard players add @s Timer 1", 
			"sizechange @s 1 lucraftcore:default",
			"scoreboard players add @s Random 1", 
			"scoreboard players set @s[score_Random_min=361] Random 0",
            "scoreboard players tag @s[score_Sneak=1,score_Sneak_min=1] add Sneaking",
            "scoreboard players tag @s[score_Sneak=0,score_Sneak_min=0] remove Sneaking",
			"scoreboard players set @s[score_Sneak_min=1] Sneak 0",
			"execute @s ~ ~ ~ detect ~10 ~ ~ lucraftcore:ore_uranium 0 playsound minecraft:custom.radiation master @a ~ ~ ~",
			"execute @s ~ ~ ~ detect ~-10 ~ ~ lucraftcore:ore_uranium 0 playsound minecraft:custom.radiation master @a ~ ~ ~",
			"execute @s ~ ~ ~ detect ~ ~10 ~ lucraftcore:ore_uranium 0 playsound minecraft:custom.radiation master @a ~ ~ ~",
			"execute @s ~ ~ ~ detect ~ ~-10 ~ lucraftcore:ore_uranium 0 playsound minecraft:custom.radiation master @a ~ ~ ~",
			"execute @s ~ ~ ~ detect ~ ~ ~10 lucraftcore:ore_uranium 0 playsound minecraft:custom.radiation master @a ~ ~ ~",
			"execute @s ~ ~ ~ detect ~ ~ ~-10 lucraftcore:ore_uranium 0 playsound minecraft:custom.radiation master @a ~ ~ ~",
			"execute @s[score_Health=20,score_Health_min=5] ~ ~ ~ /scoreboard players tag @s remove Explode"]
        },
		"failsafe": {
			"hidden": true,
			"ability": "lucraftcore:command_loop",
			"show_in_bar": false,
			"title": {"text": "Omnitrix Failsafe"},
			"conditions": [{"type": "lucraftcore:not", 
			        "conditions": [{
						"type": "lucraftcore:scoreboard_tag", 
						"tag": "Explode"}]}],
			"icon": {"type": "texture",
				"texture": "ben_ten:textures/gui/omnitrix/redomnitrix.png"},
			"commands": ["execute @s[score_Health=4,score_Health_min=1] ~ ~ ~ /superpower @s ben_ten:omnitrix_failsafe",
			             "execute @s[score_Health=4,score_Health_min=1] ~ ~ ~ /playsound minecraft:custom.failsafe master @a ~ ~ ~",
						 "superpowerxp -40L @s[tag=os]",
			             "superpowerxp -40L @s[tag=af]",
			             "superpowerxp -40L @s[tag=ov]"]
		},	
		"playlist_1": {	
	        "ability": "lucraftcore:command",
            "show_in_bar": true,	
            "title": {"text":"Playlist 1"},
			"icon": { "type": "texture", "texture": "ben_ten:textures/gui/omnitrix/ultimatrix_1.png" },
            "bar_color": "green",
			"conditions": [{"type": "lucraftcore:not", 
			        "conditions": [{
						"type": "lucraftcore:scoreboard_tag", 
						"tag": "Sneaking"}]}],				
			"commands": ["/superpower @s ben_ten:ultimatrix_1", 
			"playsound minecraft:custom.ultimatrix_switch master @a ~ ~ ~", 
			"scoreboard players tag @s[tag=os] remove os",
			"scoreboard players tag @s[tag=af] remove af",
			"scoreboard players tag @s[tag=ov] remove ov"]
		},
		"playlist_2": {	
	        "ability": "lucraftcore:command",
            "show_in_bar": true,
            "title": {"text":"Playlist 2"},
			"icon": { "type": "texture", "texture": "ben_ten:textures/gui/omnitrix/ultimatrix_2.png" },
            "bar_color": "green",
			"conditions": [{"type": "lucraftcore:not", 
			        "conditions": [{
						"type": "lucraftcore:scoreboard_tag", 
						"tag": "Sneaking"}]}],				
			"commands": ["/superpower @s ben_ten:ultimatrix_2",
			"playsound minecraft:custom.ultimatrix_switch master @a ~ ~ ~", 
			"scoreboard players tag @s[tag=os] remove os",
			"scoreboard players tag @s[tag=af] remove af",
			"scoreboard players tag @s[tag=ov] remove ov"]
		},
		"playlist_3": {	
	        "ability": "lucraftcore:command",
            "show_in_bar": true,
            "title": {"text":"Playlist 3"},
			"icon": { "type": "texture", "texture": "ben_ten:textures/gui/omnitrix/ultimatrix_3.png" },
            "bar_color": "green",
			"conditions": [{"type": "lucraftcore:not", 
			        "conditions": [{
						"type": "lucraftcore:scoreboard_tag", 
						"tag": "Sneaking"}]}],				
			"commands": ["/superpower @s ben_ten:ultimatrix_3",
			"playsound minecraft:custom.ultimatrix_switch master @a ~ ~ ~", 
			"scoreboard players tag @s[tag=os] remove os",
			"scoreboard players tag @s[tag=af] remove af",
			"scoreboard players tag @s[tag=ov] remove ov"]
		},
		"playlist_4": {	
	        "ability": "lucraftcore:command",
            "show_in_bar": true,
            "title": {"text":"Playlist 4"},
			"icon": { "type": "texture", "texture": "ben_ten:textures/gui/omnitrix/ultimatrix_4.png" },
            "bar_color": "green",
			"conditions": [{"type": "lucraftcore:not", 
			        "conditions": [{
						"type": "lucraftcore:scoreboard_tag", 
						"tag": "Sneaking"}]}],				
			"commands": ["/superpower @s ben_ten:ultimatrix_4",
			"playsound minecraft:custom.ultimatrix_switch master @a ~ ~ ~", 
			"scoreboard players tag @s[tag=os] remove os",
			"scoreboard players tag @s[tag=af] remove af",
			"scoreboard players tag @s[tag=ov] remove ov"]
		},
		"playlist_5": {	
	        "ability": "lucraftcore:command",
            "show_in_bar": true,
            "title": {"text":"Playlist 5"},
			"icon": { "type": "texture", "texture": "ben_ten:textures/gui/omnitrix/ultimatrix_5.png" },
            "bar_color": "green",
			"conditions": [{"type": "lucraftcore:not", 
			        "conditions": [{
						"type": "lucraftcore:scoreboard_tag", 
						"tag": "Sneaking"}]}],				
			"commands": ["/superpower @s ben_ten:ultimatrix_5",
			"playsound minecraft:custom.ultimatrix_switch master @a ~ ~ ~", 
			"scoreboard players tag @s[tag=os] remove os",
			"scoreboard players tag @s[tag=af] remove af",
			"scoreboard players tag @s[tag=ov] remove ov"]
		},
		"random": {	
	        "ability": "lucraftcore:command",            
			"show_in_bar": true,	
            "title": {"text":"Random Alien"},
			"icon": { "type": "texture", "texture": "ben_ten:textures/gui/omnitrix/recal_activation.png" },
            "bar_color": "green",
			"conditions": [{
						"type": "lucraftcore:scoreboard_tag", 
						"tag": "Sneaking"}],				
			"commands": ["execute @s[score_Random=20,score_Random_min=0] ~ ~ ~ /superpower @s ben_ten:necrofriggian",
				"execute @s[score_Random=40,score_Random_min=21] ~ ~ ~ /superpower @s ben_ten:crystalsapien",
				"execute @s[score_Random=60,score_Random_min=41] ~ ~ ~ /superpower @s ben_ten:methanosian",
				"execute @s[score_Random=80,score_Random_min=61] ~ ~ ~ /superpower @s ben_ten:sonorosian",				
				"execute @s[score_Random=100,score_Random_min=81] ~ ~ ~ /superpower @s ben_ten:vaxasaurian",				
				"execute @s[score_Random=100,score_Random_min=81] ~ ~ ~ sizechange @s 3 lucraftcore:default",  
				"execute @s[score_Random=120,score_Random_min=101] ~ ~ ~ /superpower @s ben_ten:aerophibian",
				"execute @s[score_Random=140,score_Random_min=121] ~ ~ ~ /superpower @s ben_ten:cerebrocrustacean",
				"execute @s[score_Random=160,score_Random_min=141] ~ ~ ~ /superpower @s ben_ten:arachnichimp",
				"execute @s[score_Random=180,score_Random_min=161] ~ ~ ~ /superpower @s ben_ten:polymorph",				
				"particle fallingdust ~ ~ ~ 1 1 1 0 3500 force @a 0133",
				"playsound minecraft:custom.ultimatrixtransform master @a ~ ~ ~", 
				"scoreboard players tag @s[tag=os] remove os",
				"scoreboard players tag @s[tag=af] remove af",
				"scoreboard players tag @s[tag=ov] remove ov"]
		},		
		"sub": {	
	        "ability": "lucraftcore:command",            
			"show_in_bar": true,	
            "title": {"text":"Sub-Menu"},
			"icon": { "type": "texture", "texture": "ben_ten:textures/gui/omnitrix/recal_omnitrix.png" },
            "bar_color": "green",				
			"commands": ["/superpower @s ben_ten:ultimatrix_sub",			
			"title @s actionbar [{\"text\":\"<\",\"color\":\"black\"},{\"text\":\"Code\",\"color\":\"green\"},{\"text\":\">\",\"color\":\"black\"},{\"text\":\"<\",\"color\":\"black\"},{\"score\":{\"name\":\"@s\",\"objective\":\"Code\"},\"color\":\"green\"},{\"text\":\">\",\"color\":\"black\"}]",
			"playsound minecraft:custom.switch master @a ~ ~ ~", 
			"scoreboard players tag @s[tag=os] remove os",
			"scoreboard players tag @s[tag=af] remove af",
			"scoreboard players tag @s[tag=ov] remove ov"]
		}
	}
}
