{
	"name" : {
		"text": "Ultimatrix"
	},

	"icon": {
		"type": "texture",
		"texture": "ben_ten:textures/gui/omnitrix/ultimatrix_3.png"
	},
	
	"creative_tab": "ben10",
	
	"max_level": 40,
	
	"capsule_color" : 65280,
	
	"effects": [
        {
            "type": "skin_overlay",
            "texture": "ben_ten:textures/overlays/ultimatrix/ultimatrix_active.png",
            "size": 0,
            "glow": false,
            "conditions": [
            	{
            		"type": "always"
				}
			]
	    },
		{
            "type": "skin_overlay",
            "texture": "ben_ten:textures/overlays/ultimatrix/ultimatrix_active_glow.png",
            "size": 0,
            "glow": true,
            "conditions": [
            	{
            		"type": "always"
            	}
            ]
        }
    ],

	"abilities": {
		"timeout": {
		    "hidden": true,
			"ability": "lucraftcore:command_loop",
			"show_in_bar": false,
			"title": {"text": "Recharge Mode"},
			"icon": { "type": "texture", "texture": "ben_ten:textures/gui/omnitrix/recal_timeout.png" },
			"bar_color": "light_gray",
			"commands": ["execute @s[score_Timer=5999,score_Timer_min=0] ~ ~ ~ /superpower @p ben_ten:recalibratedomnitrix_timeout", "sizechange @s 1 lucraftcore:default"]
        },
		"pyronite": {	
	        "ability": "lucraftcore:command",
            "show_in_bar": true,	
            "title": {"text":"Pyronite"},
			"icon": { "type": "texture", "texture": "ben_ten:textures/gui/omnitrix/r_pyronite_activation.png" },
            "bar_color": "green",				
			"commands": ["/superpower @s ben_ten:pyronite", 
			"playsound minecraft:custom.ultimatrixtransform master @a ~ ~ ~", 
			"particle fallingdust ~ ~ ~ 1 1 1 0 3500 force @a 0133"]
		},	
     	"petrosapien": {	
	        "ability": "lucraftcore:command",			
			"cooldown": 0,
			"show_in_bar": true,	
            "title": {"text":"Petrosapien"},
			"icon": { "type": "texture", "texture": "ben_ten:textures/gui/omnitrix/r_petrosapien_activation.png" },
            "bar_color": "green",				
			"commands": ["superpower @s ben_ten:petrosapien", 
			"playsound minecraft:custom.ultimatrixtransform master @a ~ ~ ~", 
			"particle fallingdust ~ ~ ~ 1 1 1 0 3500 force @a 0133"] 
		},
		"ectonurite": {	
	        "ability": "lucraftcore:command",			
			"cooldown": 0,
			"show_in_bar": true,	
            "title": {"text":"Ectonurite"},
			"icon": { "type": "texture", "texture": "ben_ten:textures/gui/omnitrix/r_ectonurite_activation.png" },
            "bar_color": "green",				
			"commands": ["superpower @s ben_ten:ectonurite", 
			"playsound minecraft:custom.ultimatrixtransform master @a ~ ~ ~", 
			"particle fallingdust ~ ~ ~ 1 1 1 0 3500 force @a 0133"] 
		},
		"tetramand": {	
	        "ability": "lucraftcore:command",
            "show_in_bar": true,	
            "title": {"text":"Tetramand"},
			"icon": { "type": "texture", "texture": "ben_ten:textures/gui/omnitrix/r_tetramand_activation.png" },
            "bar_color": "green",				
			"commands": ["/superpower @s ben_ten:tetramand", 
			"playsound minecraft:custom.ultimatrixtransform master @a ~ ~ ~", 
			"particle fallingdust ~ ~ ~ 1 1 1 0 3500 force @a 0133"]
		},
		"lepidopterran": {	
	        "ability": "lucraftcore:command",
            "show_in_bar": true,	
            "title": {"text":"Lepidopterran"},
			"icon": { "type": "texture", "texture": "ben_ten:textures/gui/omnitrix/r_lepidopterran_activation.png" },
            "bar_color": "green",				
			"commands": ["/superpower @s ben_ten:lepidopterran", 
			"playsound minecraft:custom.ultimatrixtransform master @a ~ ~ ~", 
			"particle fallingdust ~ ~ ~ 1 1 1 0 3500 force @a 0133"]
		},
		"kineceleran": {	
	        "ability": "lucraftcore:command",
            "show_in_bar": true,	
            "title": {"text":"Kineceleran"},
			"icon": { "type": "texture", "texture": "ben_ten:textures/gui/omnitrix/r_kineceleran_activation.png" },
            "bar_color": "green",				
			"commands": ["/superpower @s ben_ten:kineceleran", 
			"playsound minecraft:custom.ultimatrixtransform master @a ~ ~ ~", 
			"particle fallingdust ~ ~ ~ 1 1 1 0 3500 force @a 0133"]
		},
		"vulpimancer": {	
	        "ability": "lucraftcore:command",
            "show_in_bar": true,	
            "title": {"text":"Vulpimancer"},
			"icon": { "type": "texture", "texture": "ben_ten:textures/gui/omnitrix/r_vulpimancer_activation.png" },
            "bar_color": "green",				
			"commands": ["/superpower @s ben_ten:vulpimancer", 
			"playsound minecraft:custom.ultimatrixtransform master @a ~ ~ ~", 
			"particle fallingdust ~ ~ ~ 1 1 1 0 3500 force @a 0133"]
		},
		"galvan": {
			"ability": "lucraftcore:command",
			"show_in_bar": true,
			"title": {"text":"Galvan"},
			"icon": { "type": "texture", "texture": "ben_ten:textures/gui/omnitrix/r_galvan_activation.png"},
			"bar_color": "green",
			"commands": ["/superpower @s ben_ten:galvan", 
			"playsound minecraft:custom.ultimatrixtransform master @a ~ ~ ~", 
			"particle fallingdust ~ ~ ~ 1 1 1 0 3500 force @a 0133"]
		},
		"piscciss_volan": {
			"ability": "lucraftcore:command",
			"show_in_bar": true,
			"title": {"text":"Piscciss Volan"},
			"icon": { "type": "texture", "texture": "ben_ten:textures/gui/omnitrix/r_piscciss_volan_activation.png"},
			"bar_color": "green",
			"commands": ["scoreboard objectives add Breath dummy", 
			    "scoreboard players set @s Breath 0", 
				"/superpower @s ben_ten:piscciss_volan", 
			    "playsound minecraft:custom.ultimatrixtransform master @a ~ ~ ~", 
			    "particle fallingdust ~ ~ ~ 1 1 1 0 3500 force @a 0133"]
		},
		"galvanic_mechamorph": {
			"ability": "lucraftcore:command",
			"show_in_bar": true,
			"title": {"text":"Galvanic Mechamorph"},
			"icon": { "type": "texture", "texture": "ben_ten:textures/gui/omnitrix/r_galvanic_mechamorph_activation.png"},
			"bar_color": "green",
			"commands": ["/superpower @s ben_ten:U_galvanic_mechamorph", 
			"playsound minecraft:custom.ultimatrixtransform master @a ~ ~ ~", 
			"particle fallingdust ~ ~ ~ 1 1 1 0 3500 force @a 0133"]
		},
		"next_playlist_4": {	
	        "ability": "lucraftcore:command",
            "show_in_bar": true,	
            "title": {"text":"Next Playlist"},
			"icon": { "type": "texture", "texture": "ben_ten:textures/gui/omnitrix/ultimatrix_4.png" },
            "bar_color": "green",				
			"commands": ["/superpower @s ben_ten:ultimatrix_4", 
			"playsound minecraft:custom.switch master @a ~ ~ ~"]
		},
		"main_menu": {	
	        "ability": "lucraftcore:command",
            "show_in_bar": true,	
            "title": {"text":"Playlist Selection"},
			"icon": { "type": "texture", "texture": "ben_ten:textures/gui/omnitrix/recal_omnitrix.png" },
            "bar_color": "green",				
			"commands": ["/superpower @s ben_ten:ultimatrix", "playsound minecraft:custom.switch master @a ~ ~ ~"]
		},
		"previous_playlist_2": {	
	        "ability": "lucraftcore:command",
            "show_in_bar": true,	
            "title": {"text":"Previous Playlist"},
			"icon": { "type": "texture", "texture": "ben_ten:textures/gui/omnitrix/ultimatrix_2.png" },
            "bar_color": "green",				
			"commands": ["/superpower @s ben_ten:ultimatrix_2", 
			"playsound minecraft:custom.switch master @a ~ ~ ~"]
		}
	}
}
