{
	"name" : {
		"text": "Ultimatrix"
	},

	"icon": {
		"type": "texture",
		"texture": "ben_ten:textures/gui/omnitrix/ultimatrix_5.png"
	},
	
	"creative_tab": "ben10",
	
	"max_level": 40,
	
	"capsule_color" : 65280,
	
	"effects": [
        {
            "type": "skin_overlay",
            "texture": "ben_ten:textures/overlays/ultimatrix/ultimatrix_active.png",
            "size": 0,
            "glow": false,
            "conditions": [
            	{
            		"type": "always"
				}
			]
	    },
		{
            "type": "skin_overlay",
            "texture": "ben_ten:textures/overlays/ultimatrix/ultimatrix_active_glow.png",
            "size": 0,
            "glow": true,
            "conditions": [
            	{
            		"type": "always"
            	}
            ]
        }
    ],

	"abilities": {
		"timeout": {
		    "hidden": true,
			"ability": "lucraftcore:command_loop",
			"show_in_bar": false,
			"title": {"text": "Recharge Mode"},
			"icon": { "type": "texture", "texture": "ben_ten:textures/gui/omnitrix/recal_timeout.png" },
			"bar_color": "light_gray",
			"commands": ["execute @s[score_Timer=5999,score_Timer_min=0] ~ ~ ~ /superpower @p ben_ten:ultimatrix_timeout", "sizechange @s 1 lucraftcore:default"]
        },
		"merlinisapien": {	
	        "ability": "lucraftcore:command",
            "show_in_bar": true,
            "required_level": 34,	
            "title": {"text":"Merlinisapien"},
			"icon": { "type": "texture", "texture": "ben_ten:textures/gui/omnitrix/merlinisapien_activation.png" },
            "bar_color": "green",				
			"commands": ["/superpower @s ben_ten:merlinisapien", "playsound minecraft:custom.ultimatrixtransform master @a ~ ~ ~", "particle fallingdust ~ ~ ~ 1 1 1 0 3500 force @a 0133"]
		},
		"planchakule": {	
	        "ability": "lucraftcore:command",
            "show_in_bar": true,
            "required_level": 36,	
            "title": {"text":"Planchakule"},
			"icon": { "type": "texture", "texture": "ben_ten:textures/gui/omnitrix/planchakule_activation.png" },
            "bar_color": "green",				
			"commands": ["/superpower @s ben_ten:planchakule", "playsound minecraft:custom.ultimatrixtransform master @a ~ ~ ~", "particle fallingdust ~ ~ ~ 1 1 1 0 3500 force @a 0133"]
		},
		"chronosapien": {	
	        "ability": "lucraftcore:command",
            "show_in_bar": true,
            "required_level": 38,	
            "title": {"text":"Chronosapien"},
			"icon": { "type": "texture", "texture": "ben_ten:textures/gui/omnitrix/chronosapien_activation.png" },
            "bar_color": "green",				
			"commands": ["/superpower @s ben_ten:chronosapien", "playsound minecraft:custom.ultimatrixtransform master @a ~ ~ ~", "particle fallingdust ~ ~ ~ 1 1 1 0 3500 force @a 0133"]
		},
		"citrakayah": {	
	        "ability": "lucraftcore:command",
            "show_in_bar": true,
            "required_level": 35,	
            "title": {"text":"Citrakayah"},
			"icon": { "type": "texture", "texture": "ben_ten:textures/gui/omnitrix/citrakayah_activation.png" },
            "bar_color": "green",				
			"commands": ["/superpower @s ben_ten:citrakayah", "playsound minecraft:custom.ultimatrixtransform master @a ~ ~ ~", "particle fallingdust ~ ~ ~ 1 1 1 0 3500 force @a 0133"]
		},
		"oryctini": {	
	        "ability": "lucraftcore:command",
            "show_in_bar": true,
            "required_level": 35,	
            "title": {"text":"Oryctini"},
			"icon": { "type": "texture", "texture": "ben_ten:textures/gui/omnitrix/oryctini_activation.png" },
            "bar_color": "green",				
			"commands": ["/superpower @s ben_ten:Oryctini", "playsound minecraft:custom.ultimatrixtransform master @a ~ ~ ~", "particle fallingdust ~ ~ ~ 1 1 1 0 3500 force @a 0133"]
		},
		"next_playlist_1": {	
	        "ability": "lucraftcore:command",
            "show_in_bar": true,	
            "title": {"text":"Next Playlist"},
			"icon": { "type": "texture", "texture": "ben_ten:textures/gui/omnitrix/ultimatrix_1.png" },
            "bar_color": "green",				
			"commands": ["/superpower @s ben_ten:ultimatrix_2", 
			"playsound minecraft:custom.switch master @a ~ ~ ~"]
		},
		"main_menu": {	
	        "ability": "lucraftcore:command",
            "show_in_bar": true,	
            "title": {"text":"Playlist Selection"},
			"icon": { "type": "texture", "texture": "ben_ten:textures/gui/omnitrix/recal_omnitrix.png" },
            "bar_color": "green",				
			"commands": ["/superpower @s ben_ten:ultimatrix", 
			"playsound minecraft:custom.switch master @a ~ ~ ~"]
		},
		"previous_playlist_4": {	
	        "ability": "lucraftcore:command",
            "show_in_bar": true,	
            "title": {"text":"Previous Playlist"},
			"icon": { "type": "texture", "texture": "ben_ten:textures/gui/omnitrix/ultimatrix_4.png" },
            "bar_color": "green",				
			"commands": ["/superpower @s ben_ten:ultimatrix_5", 
			"playsound minecraft:custom.switch master @a ~ ~ ~"]
		}
	}
}
