{
	"name" : {
		"text": "Ultimatrix"
	},

	"icon": {
		"type": "texture",
		"texture": "ben_ten:textures/gui/omnitrix/ultimatrix_1.png"
	},
	
	"creative_tab": "ben10",
	
	"max_level": 40,
	
	"capsule_color" : 65280,
	
	"effects": [
        {
            "type": "skin_overlay",
            "texture": "ben_ten:textures/overlays/ultimatrix/ultimatrix_active.png",
            "size": 0,
            "glow": false,
            "conditions": [
            	{
            		"type": "always"
				}
			]
	    },
		{
            "type": "skin_overlay",
            "texture": "ben_ten:textures/overlays/ultimatrix/ultimatrix_active_glow.png",
            "size": 0,
            "glow": true,
            "conditions": [
            	{
            		"type": "always"
            	}
            ]
        }
    ],

	"abilities": {
		"timeout": {
		    "hidden": true,
			"ability": "lucraftcore:command_loop",
			"show_in_bar": false,
			"title": {"text": "Recharge Mode"},
			"icon": { "type": "texture", "texture": "ben_ten:textures/gui/omnitrix/recal_timeout.png" },
			"bar_color": "light_gray",
			"commands": ["execute @s[score_Timer=5999,score_Timer_min=0] ~ ~ ~ /superpower @p ben_ten:ultimatrix_timeout", "sizechange @s 1 lucraftcore:default"]
        },
		"methanosian": {	
	        "ability": "lucraftcore:command",
            "show_in_bar": true,	
            "title": {"text":"Methanosian"},
			"icon": { "type": "texture", "texture": "ben_ten:textures/gui/omnitrix/methanosian_activation.png" },
            "bar_color": "green",				
			"commands": ["/superpower @s ben_ten:methanosian", "playsound minecraft:custom.ultimatrixtransform master @a ~ ~ ~", "particle fallingdust ~ ~ ~ 1 1 1 0 3500 force @a 0133"]
		},
		"sonorosian": {	
	        "ability": "lucraftcore:command",
            "show_in_bar": true,	
            "title": {"text":"Sonorosian"},
			"icon": { "type": "texture", "texture": "ben_ten:textures/gui/omnitrix/sonorosian_activation.png" },
            "bar_color": "green",				
			"commands": ["/superpower @s ben_ten:sonorosian", "playsound minecraft:custom.ultimatrixtransform master @a ~ ~ ~", "particle fallingdust ~ ~ ~ 1 1 1 0 3500 force @a 0133"]
		},
		"vaxasaurian": {
			"ability": "lucraftcore:command",
			"show_in_bar": true,
			"title": {"text":"Vaxasaurian"},
			"icon": { "type": "texture", "texture": "ben_ten:textures/gui/omnitrix/vaxasaurian_activation.png" },
			"bar_color": "green",
			"commands": ["/superpower @s ben_ten:vaxasaurian", "playsound minecraft:custom.ultimatrixtransform master @a ~ ~ ~", "particle fallingdust ~ ~ ~ 1 1 1 0 3500 force @a 0133", "sizechange @s 3 lucraftcore:default"]
		},
		"aerophibian": {	
	        "ability": "lucraftcore:command",
            "show_in_bar": true,	
            "title": {"text":"Aerophibian"},
			"icon": { "type": "texture", "texture": "ben_ten:textures/gui/omnitrix/aerophibian_activation.png" },
            "bar_color": "green",				
			"commands": ["/superpower @s ben_ten:aerophibian", "playsound minecraft:custom.ultimatrixtransform master @a ~ ~ ~", "particle fallingdust ~ ~ ~ 1 1 1 0 3500 force @a 0133"]
		},
		"necrofriggian": {	
	        "ability": "lucraftcore:command",
            "show_in_bar": true,	
            "title": {"text":"Necrofriggian"},
			"icon": { "type": "texture", "texture": "ben_ten:textures/gui/omnitrix/necrofriggian_activation.png" },
            "bar_color": "green",				
			"commands": ["/superpower @s ben_ten:necrofriggian", "playsound minecraft:custom.ultimatrixtransform master @a ~ ~ ~", "particle fallingdust ~ ~ ~ 1 1 1 0 3500 force @a 0133"]
		},
		"crystalsapien": {
			"ability": "lucraftcore:command",
			"show_in_bar": true,
			"title": {"text":"Crystalsapien"},
			"icon": { "type": "texture", "texture": "ben_ten:textures/gui/omnitrix/crystalsapien_activation.png" },
			"bar_color": "green",
			"commands": ["/superpower @s ben_ten:crystalsapien", "solarenergy add 40 @s", "playsound minecraft:custom.ultimatrixtransform master @a ~ ~ ~", "particle fallingdust ~ ~ ~ 1 1 1 0 3500 force @a 0133"]
		},
		"cerebrocrustacean": {	
	        "ability": "lucraftcore:command",
            "show_in_bar": true,	
            "title": {"text":"Cerebrocrustacean"},
			"icon": { "type": "texture", "texture": "ben_ten:textures/gui/omnitrix/cerebrocrustacean_activation.png" },
            "bar_color": "green",				
			"commands": ["/superpower @s ben_ten:cerebrocrustacean", "playsound minecraft:custom.ultimatrixtransform master @a ~ ~ ~", "particle fallingdust ~ ~ ~ 1 1 1 0 3500 force @a 0133"]
		},
		"arachnichimp": {
			"ability": "lucraftcore:command",
			"show_in_bar": true,
			"title": {"text":"Arachnichimp"},
			"icon": { "type": "texture", "texture": "ben_ten:textures/gui/omnitrix/arachnichimp_activation.png" },
			"bar_color": "green",
			"commands": ["/superpower @s ben_ten:arachnichimp", "playsound minecraft:custom.ultimatrixtransform master @a ~ ~ ~", "particle fallingdust ~ ~ ~ 1 1 1 0 3500 force @a 0133"]
		},
		"polymorph": {	
	        "ability": "lucraftcore:command",
            "show_in_bar": true,	
            "title": {"text":"Polymorph"},
			"icon": { "type": "texture", "texture": "ben_ten:textures/gui/omnitrix/polymorph_activation.png" },
            "bar_color": "green",				
			"commands": ["/superpower @s ben_ten:polymorph", "playsound minecraft:custom.ultimatrixtransform master @a ~ ~ ~", "particle fallingdust ~ ~ ~ 1 1 1 0 3500 force @a 0133"]
		},				
		"celestialsapien": {	
	        "ability": "lucraftcore:command",            	
            "show_in_bar": true,	
            "title": {"text":"Celestialsapien"},
			"icon": { "type": "texture", "texture": "ben_ten:textures/gui/omnitrix/celestialsapien_activation.png" },
            "bar_color": "green",			
			"conditions": [{
                "type": "lucraftcore:held_item",
                "item": "ben_ten:security_key_chest",
                "hand": "main_hand"},
				{
                "type": "lucraftcore:held_item",
                "item": "ben_ten:security_key_chest",
                "hand": "off_hand"}],				
			"commands": ["scoreboard objectives add Choice dummy",
			"scoreboard players add @s Choice 0", 
			"scoreboard objectives add Ask dummy",
			"scoreboard players add @s Ask 0", 
			"/superpower @s ben_ten:U_celestialsapien_new", 
			"playsound minecraft:custom.ultimatrixtransform master @a ~ ~ ~", 
			"particle fallingdust ~ ~ ~ 1 1 1 0 3500 force @a 0133"]
		},
		"next_playlist_2": {	
	        "ability": "lucraftcore:command",
            "show_in_bar": true,	
            "title": {"text":"Next Playlist"},
			"icon": { "type": "texture", "texture": "ben_ten:textures/gui/omnitrix/ultimatrix_2.png" },
            "bar_color": "green",				
			"commands": ["/superpower @s ben_ten:ultimatrix_2", 
			"playsound minecraft:custom.switch master @a ~ ~ ~"]
		},
		"main_menu": {	
	        "ability": "lucraftcore:command",
            "show_in_bar": true,	
            "title": {"text":"Playlist Selection"},
			"icon": { "type": "texture", "texture": "ben_ten:textures/gui/omnitrix/recal_omnitrix.png" },
            "bar_color": "green",				
			"commands": ["/superpower @s ben_ten:ultimatrix", 
			"playsound minecraft:custom.switch master @a ~ ~ ~"]
		},
		"previous_playlist_5": {	
	        "ability": "lucraftcore:command",
            "show_in_bar": true,	
            "title": {"text":"Previous Playlist"},
			"icon": { "type": "texture", "texture": "ben_ten:textures/gui/omnitrix/ultimatrix_5.png" },
            "bar_color": "green",				
			"commands": ["/superpower @s ben_ten:ultimatrix_5", 
			"playsound minecraft:custom.switch master @a ~ ~ ~"]
		}
	}
}
