{
	"name": {
		"text": "Ultimate To'kustar"
	},

	"icon": {
		"type": "texture",
		"texture": "ben_ten:textures/gui/omnitrix/ultimatrix.png"
	},

	"creative_tab": "ben10",
	
	"max_level": 40,
	
	"capsule_color": 3080117,
	
    "effects": [
        {
            "type": "skin_change",
            "texture": "ben_ten:textures/models/ben/ultimates/ultimate_tokustar.png"
        },
		{
            "type": "skin_overlay",
            "texture": "ben_ten:textures/overlays/glow/ultimates/ultimate_tokustar_glow.png",
            "size": 0,
            "glow": true,
            "conditions": [
            	{
            		"type": "always"
            	}
            ]
        }
    ],
	
	"abilities": {
		"radiation_protection": {
            "ability": "the-fifth-world:potion_immunity",
            "show_in_bar": false,
            "title": {"text":"Radiation Protection"},
            "icon": { "type": "internal" },
            "potion": "lucraftcore:radiation"
        },
		"gigantification_2": {
			"ability": "lucraftcore:command_loop",
			"show_in_bar": false,
			"title": {"text": "Gigantification"},
			"icon": {"type": "internal"},
			"bar_color": "green",
			"commands": ["sizechange @s 16 lucraftcore:default"]
		},		
		"health": {		
			"ability": "lucraftcore:health",			
            "show_in_bar": false,		
            "title": {"text":"Health"},					
			"amount": 35,
			"operation": 0,
			"uuid": "5c5cfbea-9f1b-42dd-b43c-d129733c4a75"		
		},
		"strength": {	
			"ability": "lucraftcore:strength",				
            "show_in_bar": false,		
            "title": {"text":"Strength"},							
			"amount": 125,
			"operation": 0,
			"uuid": "5c5cfbea-9f1b-42dd-b43c-d129733c4a75"			
		},	
		"jump": {
			"ability": "lucraftcore:jump_boost",			
            "show_in_bar": false,		
            "title": {"text":"Jump Boost"},									
			"amount": 25,
			"operation": 0,
			"uuid": "5c5cfbea-9f1b-42dd-b43c-d129733c4a75"	
		},
		"defense": {
			"ability": "lucraftcore:resistance",			
            "show_in_bar": false,		
            "title": {"text":"Resistance"},						
			"amount": 200,
			"operation": 0,
			"uuid": "5c5cfbea-9f1b-42dd-b43c-d129733c4a75"			
		},
		"fall_resistance": {
			"ability": "lucraftcore:fall_resistance",
			"show_in_bar": false,
			"title": {"text":"Fall Resistance"},
			"amount": 200,
			"operation": 0,
			"uuid": "5c5cfbea-9f1b-42dd-b43c-d129733c4a75"
		},
		"long_range_punch": {
			"ability": "lucraftcore:set_punch",
			"cooldown": 0,
			"show_in_bar": true,
			"title": {"translate":"lucraftcore.abilities.set_punch.name"},
			"icon": {"type": "texture", "texture": "ben_ten:textures/gui/omnitrix/u_tokustarpunch.png"},
			"bar_color": "green",
			"arm": 0,
			"reach_distance": 40.0,
			"damage": 125.0
		},
		"flight": {			
			"ability": "lucraftcore:flight",
			"icon": { "type": "internal" },
            "cooldown": 0,			
            "show_in_bar": true,
            "title": {"text":"Flight"},	
            "bar_color": "green",				
			"speed": 0.3,
            "sprint_speed": 0.6,
			"rotate_arms": true			
		},
		"stomp":{
            "ability": "lucraftcore:command",
            "cooldown": 60,
            "show_in_bar": true,
			"bar_color": "green",
            "title": {"text":"Stomp"},
            "icon": {"type": "texture", "texture": "ben_ten:textures/gui/omnitrix/stomp.png"},
            "commands": ["/cast ebwizardry:shockwave @p {blast:5}", "/superpowerxp 50 @s"],
            "hidden": true
		},
		"earthquake": {	
	        "ability": "lucraftcore:command",
			"required_level": 35,		
			"cooldown": 500,
            "show_in_bar": true,	
            "title": {"text":"Earthquake"},
			"icon": {"type": "texture", "texture": "ben_ten:textures/gui/omnitrix/earthquake.png"},
            "bar_color": "green",				
			"commands": ["/cast ebwizardry:earthquake @p {blast:10}", "/superpowerxp 50 @s"]
		},
		"cosmic_beam": {
			"ability": "heroesexpansion:photon_blast",
			"cooldown": 500,
			"show_in_bar": true,
			"title": {"text":"Cosmic Beam"},
			"icon": { "type": "internal" },
			"bar_color": "green",
			"color": [138, 255, 255]
		},
		"timer":{
			"ability": "lucraftcore:command_loop",
			"show_in_bar": false,
			"cooldown": 0,
			"title": {"text":"Timer"},			
			"icon": {"type": "texture",
				"texture": "ben_ten:textures/gui/omnitrix/recal_timeout.png"},
			"conditions": [{"type": "lucraftcore:not", 
			            "conditions": [{
						"type": "lucraftcore:scoreboard_tag", 
						"tag": "Master"}]}],
			"commands": ["superpowerxp 1 @s", 
			"scoreboard players remove @s Timer 3", 
			"execute @s[score_Timer=0,score_Timer_min=0] ~ ~ ~ /superpower @s ben_ten:ultimatrix", 
			"execute @s[score_Timer=0,score_Timer_min=0] ~ ~ ~ /particle fallingdust ~ ~ ~ 1 1 1 0 3500 force @a 0133", 
			"execute @s[score_Timer=1,score_Timer_min=1] ~ ~ ~ /playsound minecraft:custom.ultimatrixhuman master @a ~ ~ ~", 
			"/effect @s minecraft:slowness 1 2 true", "/effect @s minecraft:mining_fatigue 1 0 true"],
			"hidden": true
		},
		"death_state":{
			"ability": "lucraftcore:command_loop",
			"show_in_bar": false,
			"cooldown": 0,
			"title": {"text":"Death State"},			
			"icon": {"type": "texture",
				"texture": "ben_ten:textures/gui/omnitrix/recal_timeout.png"},
			"commands": ["execute @s[score_Health=0,score_Health_min=0,tag=os] ~ ~ ~ /superpower @s ben_ten:prototypeomnitrix",
			"execute @s[score_Health=0,score_Health_min=0,tag=af] ~ ~ ~ /superpower @s ben_ten:recalibratedomnitrix",
			"execute @s[score_Health=0,score_Health_min=0,tag=ua] ~ ~ ~ /superpower @s ben_ten:ultimatrix",
			"execute @s[score_Health=0,score_Health_min=0,tag=ov] ~ ~ ~ /superpower @s ben_ten:completedomnitrix"],
			"hidden": true
		},
		"devolve": {	
	        "ability": "lucraftcore:command",		
			"cooldown": 0,
            "show_in_bar": true,	
            "title": {"text":"Devolve"},
			"icon": { "type": "texture", "texture": "ben_ten:textures/gui/omnitrix/ultimatrix.png" },
            "bar_color": "green",				
			"commands": ["/superpower @s ben_ten:tokustar",
			"sizechange @s 12 lucraftcore:default",
			"playsound minecraft:custom.ultimatrixhuman master @a ~ ~ ~", 
			"/particle fallingdust ~ ~ ~ 1 1 1 0 3500 force @a 0133"]
		}
	}
}