{
	"name" : {
		"text": "Fantastic 4 (Human Torch)"
	},

	"icon": {
		"type": "texture",
		"texture": "mightiestheroes:textures/gui/fantastic4_logo.png"
	},

	"capsule_color" : 16737024,

	"effects": [
		{
			"type": "skin_change",
			"texture": "mightiestheroes:textures/models/humantorch_skin.png",
			"conditions": [
				{
					"type": "ability_enabled",
					"ability": "lucraftcore:toggle_power"
				}
			]
		},
		{
			"type": "name_change",
			"name": {
				"text": "Human Torch"
			},
			"conditions": [
				{
					"type": "ability_enabled",
					"ability": "lucraftcore:toggle_power"
				}
			]
		},
		{
			"type": "glow",
			"color": [1, 0.5, 0],
			"size": 0.5,
			"conditions": [
				{
					"type": "ability_enabled",
					"ability": "lucraftcore:toggle_power"
				}
			]
		}
	],

	"abilities": [
		{
			"ability": "lucraftcore:toggle_power",
			"title": {"translate":"Flame On"},
			"icon": {
				"type": "texture",
				"texture": "mightiestheroes:textures/gui/fantastic4_logo.png"
			}
		},
		{
			"ability": "lucraftcore:flight",
			"speed": 2,
			"sprint_speed": 5,
			"required_ability": "toggle_power"
		},
		{
			"ability": "lucraftcore:energy_blast",
			"color": [255, 69, 0],
			"damage": 5,
			"required_ability": "toggle_power"
		},
		{
			"ability": "fire_punch",
			"cooldown": 0,
			"required_ability": "toggle_power"
		}
	]
}
