{
	"name" : {
		"text": "Fantastic 4 (The Thing)"
	},

	"icon": {
		"type": "texture",
		"texture": "mightiestheroes:textures/gui/fantastic4_logo.png"
	},

	"capsule_color" : 16754688,

	"effects": [
		{
			"type": "skin_change",
			"texture": "mightiestheroes:textures/models/thething_skin.png"
		},
		{
			"type": "name_change",
			"name": {
				"text": "The Thing"
			}
		}
	],

	"abilities": [
		{
			"ability": "lucraftcore:size_change",
			"size": 1.5,
			"size_changer": "lucraftcore:default"
		},
		{
			"ability": "lucraftcore:resistance",
			"amount": 15.0,
			"required_ability": "toggle_power"
		},
		{
		    "ability": "lucraftcore:fall_resistance",
			"amount": 400,
			"required_ability": "toggle_power"
		},
		{
			"ability": "lucraftcore:jump_boost",
			"amount": 2.0,
			"required_ability": "toggle_power"
		},
		{
			"ability": "lucraftcore:sprint",
			"amount": 0.5,
			"required_ability": "toggle_power"
		},
		{
			"ability": "lucraftcore:punch_damage",
			"amount": 5.0,
			"required_ability": "toggle_power"
		},
		{
			"ability": "lucraftcore:strenght",
			"amount": 20.0,
			"required_ability": "toggle_power"
		},
		{
			"ability": "lucraftcore:healing",
			"frequency": 3,
			"amount":1,
			"required_ability": "toggle_power"
		},
		{
			"ability": "lucraftcore:knockback_resistance",
			"amount": 2.0,
			"required_ability": "toggle_power"
		}
	]
}
