{
	"name" : {
		"text": "Ghost Rider"
	},

	"icon": {
		"type": "texture",
		"texture": "mightiestheroes:textures/gui/ghostrider_logo.png"
	},

	"capsule_color" : 16736256,

	"effects": [
		{
			"type": "skin_change",
			"texture": "mightiestheroes:textures/models/ghostrider_skin.png",
			"conditions": [
				{
					"type": "ability_enabled",
					"ability": "lucraftcore:toggle_power"
				}
			]
		},
		{
			"type": "name_change",
			"name": {
				"text": "Ghost Rider"
			},
			"conditions": [
				{
					"type": "ability_enabled",
					"ability": "lucraftcore:toggle_power"
				}
			]
		},
		{
			"type": "glowing_hand",
			"color": [1, 0.35, 0],
			"size": 1.5,
			"conditions": [
				{
					"type": "ability_enabled",
					"ability": "lucraftcore:fire_punch"
				}
			]
		}
	],

	"abilities": [
		{
			"ability": "lucraftcore:toggle_power",
			"title": {"translate":"Ghost Rider"},
			"icon": {
				"type": "texture",
				"texture": "mightiestheroes:textures/gui/ghostrider_logo.png"
			}
		},
		{
			"ability": "lucraftcore:fire_punch",
			"cooldown": 0,
			"duration": 20,
			"required_ability": "toggle_power"
		},
		{
			"ability": "lucraftcore:water_breathing",
			"required_ability": "toggle_power"
		},
		{
			"ability": "lucraftcore:tough_lungs",
			"required_ability": "toggle_power"
		},
		{
			"ability": "lucraftcore:fire_resistance",
			"required_ability": "toggle_power"
		},
		{
			"ability": "lucraftcore:resistance",
			"amount": 15.0,
			"required_ability": "toggle_power"
		},
		{
		    "ability": "lucraftcore:fall_resistance",
			"amount": 500,
			"required_ability": "toggle_power"
		},
		{
			"ability": "lucraftcore:punch_damage",
			"amount": 5.0,
			"required_ability": "toggle_power"
		},
		{
			"ability": "lucraftcore:strenght",
			"amount": 15.0,
			"required_ability": "toggle_power"
		},
		{
			"ability": "lucraftcore:healing",
			"frequency": 2,
			"amount": 2,
			"required_ability": "toggle_power"
		},
		{
			"ability": "lucraftcore:knockback_resistance",
			"amount": 2.0,
			"required_ability": "toggle_power"
		},
		{
			"ability": "lucraftcore:strenght",
			"amount": 25.0,
			"required_ability": "toggle_power"
		}
	]
}
