{
	"name" : {
		"text": "Hulk"
	},

	"icon": {
		"type": "texture",
		"texture": "mightiestheroes:textures/gui/hulk_logo.png"
	},

	"capsule_color" : 38656,

  "effects": [
		{
			"type": "skin_change",
			"texture": "mightiestheroes:textures/models/hulk_skin.png",
			"conditions": [
				{
					"type": "ability_enabled",
					"ability": "lucraftcore:toggle_power"
				}
			]
		},
		{
			"type": "name_change",
			"name": {
				"text": "Hulk"
			},
			"conditions": [
				{
					"type": "ability_enabled",
					"ability": "lucraftcore:toggle_power"
				}
			]
		}
	],

	"abilities": [
		{
			"ability": "lucraftcore:toggle_power",
			"title": {"translate":"Hulk"},
			"icon": {
				"type": "texture",
				"texture": "mightiestheroes:textures/gui/hulk_logo.png"
			}
		},
		{
			"ability": "lucraftcore:size_change",
			"size": 1.5,
			"size_changer": "lucraftcore:default",
			"required_ability": "toggle_power"
		},
		{
			"ability": "lucraftcore:fire_resistance",
			"required_ability": "toggle_power"
		},
		{
			"ability": "lucraftcore:resistance",
			"amount": 20.0,
			"required_ability": "toggle_power"
		},
		{
		    "ability": "lucraftcore:fall_resistance",
			"amount": 500,
			"required_ability": "toggle_power"
		},
		{
			"ability": "lucraftcore:jump_boost",
			"amount": 2.0,
			"required_ability": "toggle_power"
		},
		{
			"ability": "lucraftcore:sprint",
			"amount": 0.5,
			"required_ability": "toggle_power"
		},
		{
			"ability": "lucraftcore:punch_damage",
			"amount": 5.0,
			"required_ability": "toggle_power"
		},
		{
			"ability": "lucraftcore:strenght",
			"amount": 25.0,
			"required_ability": "toggle_power"
		},
		{
			"ability": "lucraftcore:healing",
			"frequency": 3,
			"amount":2,
			"required_ability": "toggle_power"
		},
		{
			"ability": "lucraftcore:knockback_resistance",
			"amount": 2.0,
			"required_ability": "toggle_power"
		}
	]
}
