{
	"name" : {
		"text": "Lucifer Morningstar (Comics)"
	},

	"icon": {
		"type": "texture",
		"texture": "mightiestheroes:textures/gui/dc_logo.png"
	},

	"capsule_color" : 16777029,

	"effects": [
		{
			"type": "skin_change",
			"texture": "mightiestheroes:textures/models/lucifer_skin.png"
		},
		{
			"type": "name_change",
			"name": {
				"text": "Lucifer Morningstar"
			}
		}
	],

	"abilities": [
    {
			"ability": "lucraftcore:flight",
			"speed": 2,
			"sprint_speed": 5
		},
		{
			"ability": "speedsterheroes:turn_into_bubbles",
			"cooldown": 0
		},
		{
			"ability": "speedsterheroes:save_block",
			"cooldown": 0
		},
		{
			"ability": "speedsterheroes:change_blocks",
			"cooldown": 0
		},
		{
      "ability": "lucraftcore:water_breathing"
		},
		{
			"ability": "lucraftcore:tough_lungs"
		},
		{
			"ability": "lucraftcore:fire_resistance"
		},
		{
			"ability": "lucraftcore:resistance",
			"amount": 200.0
		},
		{
			"ability": "lucraftcore:fall_resistance",
			"amount": 2000
		},
		{
			"ability": "lucraftcore:punch_damage",
			"amount": 100.0
		},
		{
			"ability": "lucraftcore:strenght",
			"amount": 100.0
		},
		{
			"ability": "lucraftcore:healing",
			"frequency": 2,
			"amount": 10
		},
		{
			"ability": "lucraftcore:knockback_resistance",
			"amount": 10.0
		},
		{
			"ability": "heroesexpansion:precision"
		}
	]
}
