{
	"name" : {
		"text": "Martian Manhunter"
	},

	"icon": {
		"type": "texture",
		"texture": "mightiestheroes:textures/gui/martianmanhunter_logo.png"
	},

	"capsule_color" : 53086,

	"effects": [
		{
			"type": "skin_change",
			"texture": "mightiestheroes:textures/models/martianmanhunter_skin.png"
		},
		{
			"type": "name_change",
			"name": {
				"text": "Martian Manhunter"
			}
		}
	],

	"abilities": [
		{
			"ability": "heroesexpansion:heat_vision",
			"color": [255, 0, 0],
			"cooldown": 0
		},
		{
			"ability": "lucraftcore:flight",
			"speed": 2,
			"sprint_speed": 5,
			"rotate_arms": false
		},
		{
			"ability": "speedsterheroes:phasing",
			"cooldown": 0
		},
		{
			"ability": "lucraftcore:invisibility",
			"cooldown": 0
		},
		{
			"ability": "lucraftcore:size_change",
			"size": 1.5,
			"size_changer": "lucraftcore:default"
		},
		{
			"ability": "lucraftcore:water_breathing"
		},
		{
			"ability": "lucraftcore:tough_lungs"
		},
		{
			"ability": "lucraftcore:punch_damage",
			"amount": 5.0,
			"required_ability": "toggle_power"
		},
		{
			"ability": "lucraftcore:strenght",
			"amount": 15.0,
			"required_ability": "toggle_power"
		},
		{
			"ability": "lucraftcore:healing",
			"frequency": 2,
			"amount":1,
			"required_ability": "toggle_power"
		},
		{
			"ability": "lucraftcore:knockback_resistance",
			"amount": 2.0,
			"required_ability": "toggle_power"
		},
		{
			"ability": "lucraftcore:resistance",
			"amount": 15.0,
			"required_ability": "toggle_power"
		},
		{
		    "ability": "lucraftcore:fall_resistance",
			"amount": 300,
			"required_ability": "toggle_power"
		}
	]
}
