{
	"name" : {
		"text": "Shazam"
	},

	"icon": {
		"type": "texture",
		"texture": "mightiestheroes:textures/gui/shazam_logo.png"
	},

	"capsule_color" : 16773896,

  "effects": [
		{
			"type": "skin_change",
			"texture": "mightiestheroes:textures/models/shazam_skin.png",
			"conditions": [
				{
					"type": "ability_enabled",
					"ability": "lucraftcore:toggle_power"
				}
			]
		},
		{
			"type": "name_change",
			"name": {
				"text": "Shazam"
			},
			"conditions": [
				{
					"type": "ability_enabled",
					"ability": "lucraftcore:toggle_power"
				}
			]
		}
	],

	"abilities": [
		{
			"ability": "lucraftcore:toggle_power",
			"title": {"translate":"Shazam"},
			"icon": {
				"type": "texture",
				"texture": "mightiestheroes:textures/gui/shazam_logo.png"
			}
		},
		{
			"ability": "heroesexpansion:lightning_strike",
			"cooldown": 0,
			"required_ability": "toggle_power"
		},
		{
			"ability": "lucraftcore:water_breathing",
			"required_ability": "toggle_power"
		},
		{
			"ability": "lucraftcore:tough_lungs",
			"required_ability": "toggle_power"
		},
		{
			"ability": "lucraftcore:fire_resistance",
			"required_ability": "toggle_power"
		},
		{
			"ability": "lucraftcore:resistance",
			"amount": 20.0,
			"required_ability": "toggle_power"
		},
		{
		    "ability": "lucraftcore:fall_resistance",
			"amount": 500,
			"required_ability": "toggle_power"
		},
		{
			"ability": "lucraftcore:sprint",
			"amount": 0.5,
			"required_ability": "toggle_power"
		},
		{
			"ability": "lucraftcore:punch_damage",
			"amount": 5.0,
			"required_ability": "toggle_power"
		},
		{
			"ability": "lucraftcore:strenght",
			"amount": 15.0,
			"required_ability": "toggle_power"
		},
		{
			"ability": "lucraftcore:healing",
			"frequency": 3,
			"amount": 2,
			"required_ability": "toggle_power"
		},
		{
			"ability": "lucraftcore:knockback_resistance",
			"amount": 2.0,
			"required_ability": "toggle_power"
		},
		{
			"ability": "lucraftcore:flight",
			"cooldown": 0,
			"speed": 2,
			"sprint_speed": 5,
			"rotate_arms": false,
			"required_ability": "toggle_power"
		},
		{
			"ability": "lucraftcore:strenght",
			"amount": 20.0,
			"required_ability": "toggle_power"
		}
	]
}
