{
	"name" : {
		"text": "Thanos"
	},

	"icon": {
		"type": "texture",
		"texture": "mightiestheroes:textures/gui/thanos_logo.png"
	},

	"capsule_color" : 10748104,

	"effects": [
		{
			"type": "skin_change",
			"texture": "mightiestheroes:textures/models/thanos_skin.png"
		},
		{
			"type": "name_change",
			"name": {
				"text": "Thanos"
			}
		}
	],

	"abilities": [
		{
			"ability": "speedsterheroes:turn_into_bubbles",
			"cooldown": 0
		},
		{
			"ability": "speedsterheroes:save_block",
			"cooldown": 0
		},
		{
			"ability": "speedsterheroes:change_blocks",
			"cooldown": 0
		},
		{
			"ability": "heroesexpansion:photon_blast",
			"cooldown": 0,
			"color": [128, 0, 128],
			"title": {"translate":"Power Stone"}
		},
		{
			"ability": "heroesexpansion:grab_entity",
			"cooldown": 0
		},
		{
			"ability": "heroesexpansion:portal",
			"cooldown": 0
		},
		{
			"ability": "lucraftcore:water_breathing"
		},
		{
			"ability": "lucraftcore:tough_lungs"
		},
		{
			"ability": "lucraftcore:resistance",
			"amount": 20.0
		},
		{
		  "ability": "lucraftcore:fall_resistance",
			"amount": 500
		},
		{
			"ability": "lucraftcore:fire_resistance"
		},
		{
			"ability": "lucraftcore:sprint",
			"amount": 0.5
		},
		{
			"ability": "lucraftcore:punch_damage",
			"amount": 5.0
		},
		{
			"ability": "lucraftcore:strenght",
			"amount": 15.0
		},
		{
			"ability": "lucraftcore:healing",
			"frequency": 3,
			"amount": 2
		},
		{
			"ability": "lucraftcore:knockback_resistance",
			"amount": 2.0
		},
		{
			"ability": "lucraftcore:jump_boost",
			"amount": 1
		},
		{
			"ability": "heroesexpansion:precision",
			"show_in_bar": false
		},
		{
			"ability": "lucraftcore:strenght",
			"amount": 25.0
		}
	]
}
