{
	"name" : {
		"text": "X-Men: Superspeed"
	},

	"icon": {
		"type": "texture",
		"texture": "mightiestheroes:textures/gui/xmen_logo.png"
	},

	"capsule_color" : 3093151,

	"effects": [
		{
			"type": "trail",
			"trail_type": "normal",
			"color": [1, 1, 1],
			"use_suit_trails": false,
			"conditions": [
				{
					"type": "ability_enabled",
					"ability": "speedsterheroes:super_speed"
				},
				{
					"type": "moving"
				}
			]
		},
		{
			"type": "vibrating",
			"conditions": [
				{
					"type": "ability_enabled",
					"ability": "speedsterheroes:phasing"
				}
			]
		}
	],

	"abilities": [
		{
			"ability": "speedsterheroes:super_speed",
			"cooldown": 0,
			"base_speed_levels": 6
		},
		{
			"ability": "speedsterheroes:change_speed",
			"accelerate": "true",
			"title": {"translate":"Accelerate"}
		},
		{
		  "ability": "speedsterheroes:change_speed",
			"accelerate": "false",
			"title": {"translate":"Decelerate"}
		},
		{
			"ability": "speedsterheroes:water_running"
		},
		{
			"ability": "speedsterheroes:phasing",
			"cooldown": 300
		},
		{
			"ability": "speedsterheroes:arm_vortex",
			"distance": 10.0,
			"cooldown": 120
		},
		{
			"ability": "lucraftcore:healing",
			"frequency": 5,
			"amount": 0.5
		},
		{
			"ability": "lucraftcore:strenght",
			"amount": 1.0
		},
		{
			"ability": "lucraftcore:resistance",
			"amount": 1.0
		},
		{
			"ability": "lucraftcore:fall_resistance",
			"amount": 1.0
		},
		{
			"ability": "lucraftcore:step_assit",
			"amount": 2.0
		}
	]
}
