{
	"name" : {
		"text": "Yellow Lantern"
	},

	"icon": {
		"type": "texture",
		"texture": "mightiestheroes:textures/gui/yellowlantern_logo.png"
	},

	"capsule_color" : 16769536,

	"effects": [
		{
			"type": "skin_change",
			"texture": "mightiestheroes:textures/models/yellowlantern_skin.png",
			"conditions": [
				{
					"type": "ability_enabled",
					"ability": "lucraftcore:toggle_power"
				}
			]
		},
		{
			"type": "name_change",
			"name": {
				"text": "Green Lantern"
			},
			"conditions": [
				{
					"type": "ability_enabled",
					"ability": "lucraftcore:toggle_power"
				}
			]
		},
		{
			"type": "glow",
			"color": [1, 1, 0],
			"size": 0.5,
			"conditions": [
				{
					"type": "ability_enabled",
					"ability": "lucraftcore:toggle_power"
				}
			]
		}
	],

	"abilities": [
		{
			"ability": "lucraftcore:toggle_power",
			"title": {"translate":"Yellow Lantern"},
			"icon": {
				"type": "texture",
				"texture": "mightiestheroes:textures/gui/yellowlantern_logo.png"
			}
		},
		{
			"ability": "lucraftcore:flight",
			"speed": 2,
			"sprint_speed": 5,
			"required_ability": "toggle_power"
		},
		{
			"ability": "heroesexpansion:photon_blast",
			"cooldown": 400,
			"color": [255, 255, 0],
			"required_ability": "toggle_power"
		},
		{
			"ability": "lucraftcore:energy_blast",
			"cooldown": 5,
			"damage": 3.0,
			"color": [255, 255, 0],
			"required_ability": "toggle_power"
		},
		{
			"ability": "lucraftcore:water_breathing",
			"required_ability": "toggle_power"
		},
		{
			"ability": "lucraftcore:tough_lungs",
			"required_ability": "toggle_power"
		},
		{
			"ability": "lucraftcore:healing",
			"frequency": 5,
			"amount": 0.5,
			"required_ability": "toggle_power"
		},
		{
			"ability": "lucraftcore:fire_resistance",
			"required_ability": "toggle_power"
		},
		{
			"ability": "lucraftcore:fall_resistance",
			"amount": 500.0,
			"required_ability": "toggle_power"
		},
		{
			"ability": "lucraftcore:resistance",
			"amount": 20.0,
			"required_ability": "toggle_power"
		},
		{
			"ability": "lucraftcore:punch",
			"amount": 1.0,
			"required_ability": "toggle_power"
		},
		{
			"ability": "lucraftcore:strenght",
			"amount": 1.0,
			"required_ability": "toggle_power"
		}
	]
}
