{
    "input": {
        "item": "mam:magic_wand"
    },

    "input_container": {
        "item": "lucraftcore:injection"
    },
    
    "input_fluid": {
        "fluid": "water",
        "amount": 5000
    },
    
    "energy": 10000,
    
    "outputs": {
        "primary": {
            "item": "lucraftcore:injection",
            "nbt": "{\"Injection\": \"mystheroes:mystic_arts\"}",
            "chance": 0.80
        }
    },
		"conditions": [
    {
      "item": "mam:magic_wand",
      "type": "minecraft:item_exists"
    }
  ]
}