{
	"name" : {
		"text": "Albedo's Omnitrix"
	},

	"icon": {
		"type": "texture",
		"texture": "albedo:textures/gui/omnitrix/albedo_destruct.png"
	},
	
	"creative_tab": "albedo",
	
	"max_level": 40,
	
	"capsule_color" : 65280,
	
	"effects": [
        {
            "type": "skin_overlay",
            "texture": "albedo:textures/overlays/omnitrix/recalibrated_destruct.png",
            "size": 0,
            "glow": false,
            "conditions": [
            	{
            		"type": "always"
            	}
            ]
        },
		{
            "type": "skin_overlay",
            "texture": "albedo:textures/overlays/glow/omnitrix/recalibrated_destruct_glow.png",
            "size": 0,
            "glow": true,
            "conditions": [
            	{
            		"type": "always"
            	}
            ]
        }	
    ],

	"abilities": {
		"destruct": {	
	        "ability": "lucraftcore:command_loop",		
			"cooldown": 0,
            "show_in_bar": false,	
            "title": {"text":"Self Destruct"},
			"icon": {"type": "texture", "texture": "albedo:textures/gui/omnitrix/albedo_destruct.png"},
            "bar_color": "red",				
			"commands": ["scoreboard players add @s Destruct 1", 
			"execute @s[score_Destruct=600,score_Destruct_min=600] ~ ~ ~ /superpower @s remove", 
			"execute @s[score_Destruct=600,score_Destruct_min=600] ~ ~ ~ /summon minecraft:tnt", 
			"execute @s[score_Destruct=600,score_Destruct_min=600] ~ ~ ~ /effect @s minecraft:instant_damage 1 1",
			"execute @s[score_Destruct=600,score_Destruct_min=600] ~ ~ ~ /scoreboard objectives remove Destruct"]
		},
		"cancel": {	
	        "ability": "lucraftcore:command",
            "show_in_bar": true,	
            "title": {"text":"Cancel Self Destruct"},
			"icon": {"type": "texture", "texture": "albedo:textures/gui/omnitrix/albedo_omnitrix.png"},
            "bar_color": "red",				
			"commands": ["scoreboard players set @s Destruct 0",
			"scoreboard objectives remove Destruct",
			"tellraw @s {\"text\":\"Omnitrix self destruct cancelled\"}",
			"superpower @s albedo:al_omnitrix"]
		}
	}
}
