{
	"name" : {
		"text": "Albedo's Omnitrix"
	},

	"icon": {
		"type": "texture",
		"texture": "albedo:textures/gui/omnitrix/albedo_omnitrix.png"
	},
	
	"creative_tab": "albedo",
	
	"max_level": 40,
	
	"capsule_color" : 65280,
	
	"effects": [
        {
            "type": "skin_overlay",
            "texture": "albedo:textures/overlays/omnitrix/recalibrated_omnitrix_active.png",
            "size": 0,
            "glow": false,
            "conditions": [
            	{
            		"type": "always"
				}
			]
	    },
		{
            "type": "skin_overlay",
            "texture": "albedo:textures/overlays/glow/omnitrix/recalibrated_omnitrix_active_glow.png",
            "size": 0,
            "glow": true,
            "conditions": [
            	{
            		"type": "always"
            	}
            ]
        }
    ],

	"abilities": {
		"normal_size": {
			"ability": "lucraftcore:command_loop",
			"show_in_bar": false,
			"title": {"text": "Normal Size"},
			"icon": {"type": "internal"},
			"bar_color": "light_gray",
			"commands": ["execute @s[score_Timer=5999,score_Timer_min=0] ~ ~ ~ /scoreboard players add @s Timer 1", "sizechange @s 1"]
        },		
		"necrofriggian": {	
	        "ability": "lucraftcore:command",		
			"cooldown": 0,
            "show_in_bar": true,	
            "title": {"text":"Necrofriggian"},
			"icon": {"type": "texture", "texture": "albedo:textures/gui/omnitrix/necrofriggian_activation.png"},
            "bar_color": "red",				
			"commands": ["superpower @s albedo:necrofriggian", 
			"playsound minecraft:custom.recaltransform master @a ~ ~ ~", 
			"particle reddust ~ ~ ~ 1 1 1 0 7000"] 
		},
		"crystalsapien": {
			"ability": "lucraftcore:command",
			"cooldown": 0,
			"show_in_bar": true,
			"title": {"text":"Crystalsapien"},
			"icon": {"type": "texture", "texture": "albedo:textures/gui/omnitrix/crystalsapien_activation.png"},
			"bar_color": "red",
			"commands": ["superpower @s albedo:crystalsapien", 
			"solarenergy add 40 @s", 
			"playsound minecraft:custom.recaltransform master @a ~ ~ ~", 
			"particle reddust ~ ~ ~ 1 1 1 0 7000"] 
		},
		"methanosian": {	
	        "ability": "lucraftcore:command",		
			"cooldown": 0,
            "show_in_bar": true,	
            "title": {"text":"Methanosian"},
			"icon": {"type": "texture", "texture": "albedo:textures/gui/omnitrix/methanosian_activation.png"},
            "bar_color": "red",				
			"commands": ["superpower @s albedo:methanosian", 
			"playsound minecraft:custom.recaltransform master @a ~ ~ ~", 
			"particle reddust ~ ~ ~ 1 1 1 0 7000"] 
		},
		"sonorosian": {	
	        "ability": "lucraftcore:command",		
			"cooldown": 0,
            "show_in_bar": true,	
            "title": {"text":"Sonorosian"},
			"icon": {"type": "texture", "texture": "albedo:textures/gui/omnitrix/sonorosian_activation.png"},
            "bar_color": "red",				
			"commands": ["superpower @s albedo:sonorosian", 
			"playsound minecraft:custom.recaltransform master @a ~ ~ ~", 
			"particle reddust ~ ~ ~ 1 1 1 0 7000"] 
		},
		"vaxasaurian": {
			"ability": "lucraftcore:command",
			"cooldown": 0,
			"show_in_bar": true,
			"title": {"text":"Vaxasaurian"},
			"icon": {"type": "texture", "texture": "albedo:textures/gui/omnitrix/vaxasaurian_activation.png"},
			"bar_color": "red",
			"commands": ["superpower @s albedo:vaxasaurian", 
			"playsound minecraft:custom.recaltransform master @a ~ ~ ~", 
			"particle reddust ~ ~ ~ 1 1 1 0 7000", 
			"/sizechange @s 3"] 
		},
		"aerophibian": {	
	        "ability": "lucraftcore:command",		
			"cooldown": 0,
            "show_in_bar": true,	
            "title": {"text":"Aerophibian"},
			"icon": {"type": "texture", "texture": "albedo:textures/gui/omnitrix/aerophibian_activation.png"},
            "bar_color": "red",				
			"commands": ["superpower @s albedo:aerophibian", 
			"playsound minecraft:custom.recaltransform master @a ~ ~ ~", 
			"particle reddust ~ ~ ~ 1 1 1 0 7000"] 
		},
		"cerebrocrustacean": {	
	        "ability": "lucraftcore:command",		
			"cooldown": 0,
            "show_in_bar": true,	
            "title": {"text":"Cerebrocrustacean"},
			"icon": {"type": "texture", "texture": "albedo:textures/gui/omnitrix/cerebrocrustacean_activation.png"},
            "bar_color": "red",				
			"commands": ["superpower @s albedo:cerebrocrustacean", 
			"playsound minecraft:custom.recaltransform master @a ~ ~ ~", 
			"particle reddust ~ ~ ~ 1 1 1 0 7000"] 
		},
		"arachnichimp": {
			"ability": "lucraftcore:command",
			"cooldown": 0,
			"show_in_bar": true,
			"title": {"text":"Arachnichimp"},
			"icon": {"type": "texture", "texture": "albedo:textures/gui/omnitrix/arachnichimp_activation.png"},
			"bar_color": "red",
			"commands": ["superpower @s albedo:arachnichimp", 
			"playsound minecraft:custom.recaltransform master @a ~ ~ ~",
			"particle reddust ~ ~ ~ 1 1 1 0 7000"] 
		},
		"polymorph": {	
	        "ability": "lucraftcore:command",		
			"cooldown": 0,
            "show_in_bar": true,	
            "title": {"text":"Polymorph"},
			"icon": {"type": "texture", "texture": "albedo:textures/gui/omnitrix/polymorph_activation.png"},
            "bar_color": "red",				
			"commands": ["superpower @s albedo:polymorph", 
			"playsound minecraft:custom.recaltransform master @a ~ ~ ~", 
			"particle reddust ~ ~ ~ 1 1 1 0 7000"] 
		},
		"celestialsapien": {	
	        "ability": "lucraftcore:command",            		
			"cooldown": 0,
			"show_in_bar": true,	
            "title": {"text":"Celestialsapien"},
			"icon": {"type": "texture", "texture": "albedo:textures/gui/omnitrix/celestialsapien_activation.png"},
            "bar_color": "red",				
			"commands": ["scoreboard objectives add Choice dummy",
			"scoreboard players add @s Choice 0", 
			"scoreboard objectives add Ask dummy",
			"scoreboard players add @s Ask 0",
			"superpower @s albedo:celestialsapien_new", 
			"playsound minecraft:custom.recaltransform master @a ~ ~ ~", 
			"particle reddust ~ ~ ~ 1 1 1 0 7000"] 
		},
		"arburian_pelarota": {	
	        "ability": "lucraftcore:command",			
			"cooldown": 0,
            "required_level": 15,
			"show_in_bar": true,	
            "title": {"text":"Arburian Pelarota"},
			"icon": {"type": "texture", "texture": "albedo:textures/gui/omnitrix/arburian_pelarota_activation.png"},
            "bar_color": "red",				
			"commands": ["superpower @s albedo:arburian_pelarota", 
			"playsound minecraft:custom.recaltransform master @a ~ ~ ~", 
			"particle reddust ~ ~ ~ 1 1 1 0 7000"] 
		},
		"murk_gourmand": {	
	        "ability": "lucraftcore:command",			
			"cooldown": 0,
            "required_level": 16,
			"show_in_bar": true,	
            "title": {"text":"Murk Gourmand"},
			"icon": {"type": "texture", "texture": "albedo:textures/gui/omnitrix/gourmand_activation.png"},
            "bar_color": "red",				
			"commands": ["superpower @s albedo:murk_gourmand", 
			"playsound minecraft:custom.recaltransform master @a ~ ~ ~", 
			"particle reddust ~ ~ ~ 1 1 1 0 7000"] 
		},
		"tokustar": {	
	        "ability": "lucraftcore:command",			
			"cooldown": 0,
            "required_level": 17,
			"show_in_bar": true,	
            "title": {"text":"To'kustar"},
			"icon": {"type": "texture", "texture": "albedo:textures/gui/omnitrix/tokustar_activation.png"},
            "bar_color": "red",				
			"commands": ["superpower @s albedo:tokustar", 
			"playsound minecraft:custom.recaltransform master @a ~ ~ ~", 
			"particle reddust ~ ~ ~ 1 1 1 0 7000"] 
		},
		"biosovortian": {	
	        "ability": "lucraftcore:command",		
			"cooldown": 0,
            "required_level": 22,
			"show_in_bar": true,	
            "title": {"text":"Biosovortian"},
			"icon": {"type": "texture", "texture": "albedo:textures/gui/omnitrix/biosovortian_activation.png"},
            "bar_color": "red",				
			"commands": ["superpower @s albedo:biosovortian", 
			"playsound minecraft:custom.recaltransform master @a ~ ~ ~", 
			"particle reddust ~ ~ ~ 1 1 1 0 7000"] 
		},
		"petrosapien": {	
	        "ability": "lucraftcore:command",			
			"cooldown": 0,
            "required_level": 25,
			"show_in_bar": true,	
            "title": {"text":"Petrosapien"},
			"icon": {"type": "texture", "texture": "albedo:textures/gui/omnitrix/petrosapien_activation.png"},
            "bar_color": "red",				
			"commands": ["superpower @s albedo:petrosapien", 
			"playsound minecraft:custom.recaltransform master @a ~ ~ ~", 
			"particle reddust ~ ~ ~ 1 1 1 0 7000"] 
		},
		"chip_hybrid": {	
	        "ability": "lucraftcore:command",			
			"cooldown": 0,
            "required_level": 28,
			"show_in_bar": true,	
            "title": {"text":"Human/Chip Hybrid"},
			"icon": {"type": "texture", "texture": "albedo:textures/gui/omnitrix/nanomech_activation.png"},
            "bar_color": "red",				
			"commands": ["superpower @s albedo:nanomech", 
			"playsound minecraft:custom.recaltransform master @a ~ ~ ~", 
			"particle reddust ~ ~ ~ 1 1 1 0 7000"] 
		},
		"ectonurite": {	
	        "ability": "lucraftcore:command",			
			"cooldown": 0,
            "required_level": 31,
			"show_in_bar": true,	
            "title": {"text":"Ectonurite"},
			"icon": {"type": "texture", "texture": "albedo:textures/gui/omnitrix/ectonurite_activation.png"},
            "bar_color": "red",				
			"commands": ["superpower @s albedo:ectonurite", 
			"effect @s minecraft:night_vision 1000000 1 true", 
			"playsound minecraft:custom.recaltransform master @a ~ ~ ~", 
			"particle reddust ~ ~ ~ 1 1 1 0 7000"] 
		},
		"appoplexian": {	
	        "ability": "lucraftcore:command",			
			"cooldown": 0,
            "required_level": 37,
			"show_in_bar": true,	
            "title": {"text":"Appoplexian"},
			"icon": {"type": "texture", "texture": "albedo:textures/gui/omnitrix/appoplexian_activation.png"},
            "bar_color": "red",				
			"commands": ["superpower @s albedo:appoplexian", 
			"playsound minecraft:custom.recaltransform master @a ~ ~ ~", 
			"particle reddust ~ ~ ~ 1 1 1 0 7000"] 
		},
		"deselect": {	
	        "ability": "lucraftcore:command",		
			"cooldown": 0,
            "show_in_bar": true,	
            "title": {"text":"Deselect"},
			"icon": {"type": "texture", "texture": "albedo:textures/gui/omnitrix/albedo_omnitrix.png"},
            "bar_color": "red",				
			"commands": ["/superpower @s albedo:al_omnitrix"]
        }
	}
}	
