{
	"name" : {
		"text": "Albedo's Omnitrix"
	},

	"icon": {
		"type": "texture",
		"texture": "albedo:textures/gui/omnitrix/albedo_omnitrix.png"
	},
	
	"creative_tab": "albedo",
	
	"max_level": 40,
	
	"capsule_color" : 65280,
	
	"effects": [
        {
            "type": "skin_overlay",
            "texture": "albedo:textures/overlays/omnitrix/recalibrated_omnitrix.png",
            "size": 0,
            "glow": false,
            "conditions": [
            	{
            		"type": "always"
            	}
            ]
        },
		{
            "type": "skin_overlay",
            "texture": "albedo:textures/overlays/glow/omnitrix/recalibrated_omnitrix_glow.png",
            "size": 0,
            "glow": true,
            "conditions": [
            	{
            		"type": "always"
            	}
            ]
        }
    ],

	"abilities": {
		"timeout": {
		    "hidden": true,
			"ability": "lucraftcore:command_loop",
			"show_in_bar": false,
			"title": {"text": "Recharge Mode"},
			"icon": {"type": "texture", "texture": "albedo:textures/gui/omnitrix/albedo_timeout.png"},
			"bar_color": "light_gray",
			"commands": ["execute @s[score_Timer=5999,score_Timer_min=0] ~ ~ ~ /scoreboard players add @s Timer 1", 
			"sizechange @s 1", 
			"execute @s[score_os=1,score_os_min=1] ~ ~ ~ /superpowerxp -40L @s",  
			"execute @s[score_ua=1,score_ua_min=1] ~ ~ ~ /superpowerxp -40L @s",
			"execute @s[score_ov=1,score_ov_min=1] ~ ~ ~ /superpowerxp -40L @s"]
        },	
		"select_alien": {	
	        "ability": "lucraftcore:command",		
			"cooldown": 0,
            "show_in_bar": true,	
            "title": {"text":"Alien Selection"},
			"icon": {"type": "texture", "texture": "albedo:textures/gui/omnitrix/albedo_selection.png"},
            "bar_color": "red",				
			"commands": ["superpower @s albedo:al_omnitrix_selection",
			"playsound minecraft:custom.recalibratedactivate master @a ~ ~ ~",
			"execute @s[score_os=1,score_os_min=1] ~ ~ ~ /scoreboard players set @s os 0",
			"execute @s[score_ua=1,score_ua_min=1] ~ ~ ~ /scoreboard players set @s ua 0",
			"execute @s[score_ov=1,score_ov_min=1] ~ ~ ~ /scoreboard players set @s ov 0"]
		},
		"sub_selection": {
			"ability": "lucraftcore:command",
			"cooldown": 0,
			"show_in_bar": true,
			"title": {"text": "Sub-Menu"},
			"icon": {"type": "texture",
				"texture": "albedo:textures/gui/omnitrix/albedo_omnitrix.png"},
			"bar_color": "red",
			"commands": ["/superpower @s albedo:al_omnitrix_sub", 
			"playsound minecraft:custom.switch master @a ~ ~ ~"]
		}
	}
}
