{
	"name": {
		"text": "Appoplexian"
	},

	"icon": {
		"type": "texture",
		"texture": "albedo:textures/gui/omnitrix/appoplexian_activation.png"
	},

	"creative_tab": "albedo",
	
	"max_level": 40,
	
	"capsule_color": 3080117,	
	
    "effects": [
        {
        "type": "skin_change",
        "texture": "albedo:textures/models/albedo/al_appoplexian.png"
        },
		{
			"type": "blade",
			"conditions": [
				{
					"type": "ability_enabled",
					"ability": "speedsterheroes:blade"
				}
			]
		},
		{
            "type": "skin_overlay",
            "texture": "albedo:textures/overlays/glow/al_appoplexian_glow.png",
            "size": 0,
            "glow": true
        }
    ],
	
	"abilities": {		
		"health": {		
			"ability": "lucraftcore:health",			
            "show_in_bar": false,		
            "title": {"text":"Health"},					
			"amount": 15,
			"operation": 0		
		},
		"death_state":{
			"ability": "lucraftcore:command_loop",
			"show_in_bar": false,
			"cooldown": 0,
			"title": {"text":"Death State"},			
			"icon": {"type": "texture",
				"texture": "albedo:textures/gui/omnitrix/albedo_omnitrix.png"},
			"commands": ["execute @s[score_Health=0,score_Health_min=0,tag=af] ~ ~ ~ /superpower @s albedo:al_omnitrix",
			"execute @s[score_Health=0,score_Health_min=0,tag=ua] ~ ~ ~ /superpower @s albedo:ultimatrix"]
		},
		"radiation_protection": {
            "ability": "the-fifth-world:potion_immunity",
            "show_in_bar": false,
            "title": {"text":"Radiation Protection"},
            "icon": {"type": "internal"},
            "potion": "lucraftcore:radiation"
        },
		"strength": {	
			"ability": "lucraftcore:strength",				
            "show_in_bar": false,		
            "title": {"text":"Strength"},							
			"amount": 20,
			"operation": 0			
		},
		"sprint": {
			"ability": "lucraftcore:sprint",			
            "show_in_bar": false,		
            "title": {"text":"Speed"},										
			"amount": 0.9,
			"operation": 0							
		},	
		"jump": {
			"ability": "lucraftcore:jump_boost",			
            "show_in_bar": false,		
            "title": {"text":"Jump Boost"},									
			"amount": 6,
			"operation": 0	
		},
		"resistance": {
			"ability": "lucraftcore:resistance",			
            "show_in_bar": false,		
            "title": {"text":"Resistance"},						
			"amount": 11,
			"operation": 0			
		},
		"fall_resistance": {
			"ability": "lucraftcore:fall_resistance",
			"show_in_bar": false,
			"title": {"text":"Fall Resistance"},
			"amount": 8,
			"operation": 0
		},
		"size": {
			"ability": "lucraftcore:command_loop",
			"show_in_bar": false,
			"title": {"text": "Big size"},
			"icon": {"type": "internal"},
			"bar_color": "red",
			"commands": ["sizechange @s 1.4 lucraftcore:default", "stopsound @s player ebwizardry:spell.enrage"]
		},
		"appoplexian_punch": {
			"ability": "lucraftcore:set_punch",
			"icon": {"type": "texture", "texture": "albedo:textures/gui/omnitrix/appoplexian_punch.png"},
			"cooldown": 75,
			"damage": 45,
            "reach_distance": 6.0,
            "arm": 0,			
            "show_in_bar": true,
            "title": {"text":"Big Punch"},
            "bar_color": "red"		
		},
		"appoplexian_punch_xp": {
            "ability": "lucraftcore:command",
            "cooldown": 0,
			"parent_ability": "appoplexian_punch",
            "show_in_bar": false,
            "title": {"text":"Appoplexian Punch XP"},
			"icon": {"type": "texture", "texture": "albedo:textures/gui/omnitrix/appoplexian_punch.png"},
            "conditions": [{
			    "type": "ability_enabled",
				"ability": "lucraftcore:set_punch"}],
		    "commands": ["/superpowerxp 50 @s"],
		    "hidden": true
		},
		"arm_blades": {
            "ability": "speedsterheroes:blade",
			"icon": {"type": "texture", "texture": "albedo:textures/gui/omnitrix/armclaws.png"},
            "cooldown": 0,
            "show_in_bar": true,
            "title": {"text":"Arm Claws"},
            "icon": {"type": "internal"},
            "bar_color": "red"
        },
		"arm_blades_xp": {
            "ability": "lucraftcore:command",
            "cooldown": 0,
			"parent_ability": "arm_blades",
            "show_in_bar": false,
            "title": {"text":"Arm Blades XP"},
			"icon": {"type": "texture", "texture": "albedo:textures/gui/omnitrix/armclaws.png"},
            "conditions": [{
			    "type": "ability_enabled",
				"ability": "speedsterheroes:blade"}],
		    "commands": ["/superpowerxp 50 @s"],
		    "hidden": true
		},
		"diss":{
            "ability": "lucraftcore:command",
            "show_in_bar": true,
			"bar_color": "red",
            "cooldown": 400,
            "title": {"text":"Let Me Tell You Something"},
            "icon": {"type": "texture", "texture": "albedo:textures/gui/omnitrix/let_me_tell_you_something.png"},
            "commands": ["/cast ebwizardry:enrage @p", "/playsound minecraft:custom.diss master @a ~ ~ ~"],
            "hidden": true
		},
		"switch":{
			"ability": "lucraftcore:command",
			"show_in_bar": true,
			"cooldown": 0,
			"title": {"text":"Switch"},			
			"icon": {"type": "texture",
				"texture": "albedo:textures/gui/omnitrix/albedo_selection.png"},
		    "conditions": [{
			    "type": "lucraftcore:not", 
			        "conditions": [{
						"type": "lucraftcore:scoreboard_tag", 
						"tag": "ov"}]}],
			"commands": ["/superpower @s albedo:appoplexian_switch"],
            "bar_color": "red"
		},
		"timer":{
			"ability": "lucraftcore:command_loop",
			"show_in_bar": false,
			"cooldown": 0,
			"title": {"text":"Timer"},			
			"icon": {"type": "texture",
				"texture": "albedo:textures/gui/omnitrix/albedo_omnitrix.png"},
			"conditions": [{"type": "lucraftcore:not", 
			            "conditions": [{
						"type": "lucraftcore:scoreboard_tag", 
						"tag": "Master"}]}],
			"commands": ["superpowerxp 1 @s", 
			"scoreboard players remove @s Timer 1", 
			"execute @s[score_Timer=0,score_Timer_min=0,tag=af] ~ ~ ~ /superpower @s albedo:al_omnitrix",
			"execute @s[score_Timer=0,score_Timer_min=0,tag=ua] ~ ~ ~ /superpower @s albedo:ultimatrix", 
			"execute @s[score_Timer=0,score_Timer_min=0] ~ ~ ~ /particle reddust ~ ~ ~ 1 1 1 0 7000", 
			"execute @s[score_Timer=1,score_Timer_min=1,tag=ua] ~ ~ ~ /playsound minecraft:custom.ultimatrixhuman master @a ~ ~ ~",
			"execute @s[score_Timer=1,score_Timer_min=1,tag=af] ~ ~ ~ /playsound minecraft:custom.recalibratedhuman master @a ~ ~ ~"]
		},
		"base": {	
	        "ability": "lucraftcore:command",		
			"cooldown": 0,
            "show_in_bar": true,	
            "title": {"text":"Base Form"},
			"icon": {"type": "texture", "texture": "albedo:textures/gui/omnitrix/albedo_omnitrix.png"},
            "bar_color": "red",				
			"commands": ["superpower @s[tag=af] albedo:al_omnitrix", 
			"superpower @s[tag=ua] albedo:ultimatrix",
			"execute @s[tag=af] ~ ~ ~ /playsound minecraft:custom.recalibratedhuman master @a ~ ~ ~", 
			"execute @s[tag=ua] ~ ~ ~ /playsound minecraft:custom.ultimatrixhuman master @a ~ ~ ~",
			"particle reddust ~ ~ ~ 1 1 1 0 7000"]
		}
	}
}