{
	"name": {
		"text": "Switch"
	},
	"icon": {
		"type": "texture",
		"texture": "albedo:textures/gui/omnitrix/omnitrix.png"
	},
	"creative_tab": "albedo",	
	"max_level": 40,	
	"effects": [
        {
            "type": "skin_change",
            "texture": "albedo:textures/models/albedo/al_arburian_pelarota.png"
        },
		{
            "type": "skin_overlay",
            "texture": "albedo:textures/overlays/glow/al_arburian_pelarota_glow.png",
            "size": 0,
            "glow": true,
            "conditions": [{"type": "always"}]
        }
    ],	
	"abilities": {	
		"radiation_protection": {
            "ability": "the-fifth-world:potion_immunity",
            "show_in_bar": false,
            "title": {"text":"Radiation Protection"},
            "icon": {"type": "internal"},
            "potion": "lucraftcore:radiation"
        },	
		"necrofriggian": {	
	        "ability": "lucraftcore:command",
            "show_in_bar": true,	
            "title": {"text":"Necrofriggian"},
			"icon": {"type": "texture","texture": "albedo:textures/gui/omnitrix/necrofriggian_activation.png"},
            "bar_color": "red",				
			"commands": ["execute @s[score_Timer=5999,score_Timer_min=1200] ~ ~ ~ /superpower @s albedo:necrofriggian",
			"execute @s[score_Timer=5999,score_Timer_min=1200] ~ ~ ~ /playsound minecraft:custom.recaltransform master @a ~ ~ ~",
			"execute @s[score_Timer=5999,score_Timer_min=1200] ~ ~ ~ /particle reddust ~ ~ ~ 1 1 1 0 7000",
			"execute @s[score_Timer=5999,score_Timer_min=1200] ~ ~ ~ /scoreboard players remove @s Timer 1200",
			"execute @s[tag=Master] ~ ~ ~ /superpower @s albedo:necrofriggian",
			"execute @s[tag=Master] ~ ~ ~ /playsound minecraft:custom.recaltransform master @a ~ ~ ~",
			"execute @s[tag=Master] ~ ~ ~ /particle reddust ~ ~ ~ 1 1 1 0 7000"] 
		},
		"crystalsapien": {
			"ability": "lucraftcore:command",
			"show_in_bar": true,
			"title": {"text":"Crystalsapien"},
			"icon": {"type": "texture","texture": "albedo:textures/gui/omnitrix/crystalsapien_activation.png"},
			"bar_color": "red",
			"commands": ["execute @s[score_Timer=5999,score_Timer_min=1200] ~ ~ ~ /superpower @s albedo:crystalsapien",
			"execute @s[score_Timer=5999,score_Timer_min=1200] ~ ~ ~ /playsound minecraft:custom.recaltransform master @a ~ ~ ~",
			"execute @s[score_Timer=5999,score_Timer_min=1200] ~ ~ ~ /particle reddust ~ ~ ~ 1 1 1 0 7000",
			"execute @s[score_Timer=5999,score_Timer_min=1200] ~ ~ ~ /scoreboard players remove @s Timer 1200",
			"execute @s[tag=Master] ~ ~ ~ /superpower @s albedo:crystalsapien",
			"execute @s[tag=Master] ~ ~ ~ /playsound minecraft:custom.recaltransform master @a ~ ~ ~",
			"execute @s[tag=Master] ~ ~ ~ /particle reddust ~ ~ ~ 1 1 1 0 7000"] 
		},
		"methanosian": {	
	        "ability": "lucraftcore:command",
            "show_in_bar": true,	
            "title": {"text":"Methanosian"},
			"icon": {"type": "texture","texture": "albedo:textures/gui/omnitrix/methanosian_activation.png"},
            "bar_color": "red",				
			"commands": ["execute @s[score_Timer=5999,score_Timer_min=1200] ~ ~ ~ /superpower @s albedo:methanosian",
			"execute @s[score_Timer=5999,score_Timer_min=1200] ~ ~ ~ /playsound minecraft:custom.recaltransform master @a ~ ~ ~",
			"execute @s[score_Timer=5999,score_Timer_min=1200] ~ ~ ~ /particle reddust ~ ~ ~ 1 1 1 0 7000",
			"execute @s[score_Timer=5999,score_Timer_min=1200] ~ ~ ~ /scoreboard players remove @s Timer 1200",
			"execute @s[tag=Master] ~ ~ ~ /superpower @s albedo:methanosian",
			"execute @s[tag=Master] ~ ~ ~ /playsound minecraft:custom.recaltransform master @a ~ ~ ~",
			"execute @s[tag=Master] ~ ~ ~ /particle reddust ~ ~ ~ 1 1 1 0 7000"] 
		},
		"sonorosian": {	
	        "ability": "lucraftcore:command",
            "show_in_bar": true,	
            "title": {"text":"Sonorosian"},
			"icon": {"type": "texture","texture": "albedo:textures/gui/omnitrix/sonorosian_activation.png"},
            "bar_color": "red",				
			"commands": ["execute @s[score_Timer=5999,score_Timer_min=1200] ~ ~ ~ /superpower @s albedo:sonorosian",
			"execute @s[score_Timer=5999,score_Timer_min=1200] ~ ~ ~ /playsound minecraft:custom.recaltransform master @a ~ ~ ~",
			"execute @s[score_Timer=5999,score_Timer_min=1200] ~ ~ ~ /particle reddust ~ ~ ~ 1 1 1 0 7000",
			"execute @s[score_Timer=5999,score_Timer_min=1200] ~ ~ ~ /scoreboard players remove @s Timer 1200",
			"execute @s[tag=Master] ~ ~ ~ /superpower @s albedo:sonorosian",
			"execute @s[tag=Master] ~ ~ ~ /playsound minecraft:custom.recaltransform master @a ~ ~ ~",
			"execute @s[tag=Master] ~ ~ ~ /particle reddust ~ ~ ~ 1 1 1 0 7000"] 
		},
		"vaxasaurian": {
			"ability": "lucraftcore:command",
			"show_in_bar": true,
			"title": {"text":"Vaxasaurian"},
			"icon": {"type": "texture","texture": "albedo:textures/gui/omnitrix/vaxasaurian_activation.png"},
			"bar_color": "red",
			"commands": ["execute @s[score_Timer=5999,score_Timer_min=1200] ~ ~ ~ /superpower @s albedo:vaxasaurian",			
			"execute @s[score_Timer=5999,score_Timer_min=1200] ~ ~ ~ /sizechange @s 3",
			"execute @s[score_Timer=5999,score_Timer_min=1200] ~ ~ ~ /playsound minecraft:custom.recaltransform master @a ~ ~ ~",
			"execute @s[score_Timer=5999,score_Timer_min=1200] ~ ~ ~ /particle reddust ~ ~ ~ 1 1 1 0 7000",
			"execute @s[score_Timer=5999,score_Timer_min=1200] ~ ~ ~ /scoreboard players remove @s Timer 1200",
			"execute @s[tag=Master] ~ ~ ~ /superpower @s albedo:vaxasaurian",			
			"execute @s[tag=Master] ~ ~ ~ /sizechange @s 3",
			"execute @s[tag=Master] ~ ~ ~ /playsound minecraft:custom.recaltransform master @a ~ ~ ~",
			"execute @s[tag=Master] ~ ~ ~ /particle reddust ~ ~ ~ 1 1 1 0 7000"] 
		},
		"aerophibian": {	
	        "ability": "lucraftcore:command",
            "show_in_bar": true,	
            "title": {"text":"Aerophibian"},
			"icon": {"type": "texture","texture": "albedo:textures/gui/omnitrix/aerophibian_activation.png"},
            "bar_color": "red",				
			"commands": ["execute @s[score_Timer=5999,score_Timer_min=1200] ~ ~ ~ /superpower @s albedo:aerophibian",
			"execute @s[score_Timer=5999,score_Timer_min=1200] ~ ~ ~ /playsound minecraft:custom.recaltransform master @a ~ ~ ~",
			"execute @s[score_Timer=5999,score_Timer_min=1200] ~ ~ ~ /particle reddust ~ ~ ~ 1 1 1 0 7000",
			"execute @s[score_Timer=5999,score_Timer_min=1200] ~ ~ ~ /scoreboard players remove @s Timer 1200",
			"execute @s[tag=Master] ~ ~ ~ /superpower @s albedo:aerophibian",
			"execute @s[tag=Master] ~ ~ ~ /playsound minecraft:custom.recaltransform master @a ~ ~ ~",
			"execute @s[tag=Master] ~ ~ ~ /particle reddust ~ ~ ~ 1 1 1 0 7000"] 
		},
		"cerebrocrustacean": {	
	        "ability": "lucraftcore:command",
            "show_in_bar": true,	
            "title": {"text":"Cerebrocrustacean"},
			"icon": {"type": "texture","texture": "albedo:textures/gui/omnitrix/cerebrocrustacean_activation.png"},
            "bar_color": "red",				
			"commands": ["execute @s[score_Timer=5999,score_Timer_min=1200] ~ ~ ~ /superpower @s albedo:cerebrocrustacean",
			"execute @s[score_Timer=5999,score_Timer_min=1200] ~ ~ ~ /playsound minecraft:custom.recaltransform master @a ~ ~ ~",
			"execute @s[score_Timer=5999,score_Timer_min=1200] ~ ~ ~ /particle reddust ~ ~ ~ 1 1 1 0 7000",
			"execute @s[score_Timer=5999,score_Timer_min=1200] ~ ~ ~ /scoreboard players remove @s Timer 1200",
			"execute @s[tag=Master] ~ ~ ~ /superpower @s albedo:cerebrocrustacean",
			"execute @s[tag=Master] ~ ~ ~ /playsound minecraft:custom.recaltransform master @a ~ ~ ~",
			"execute @s[tag=Master] ~ ~ ~ /particle reddust ~ ~ ~ 1 1 1 0 7000"] 
		},
		"arachnichimp": {
			"ability": "lucraftcore:command",
			"show_in_bar": true,
			"title": {"text":"Arachnichimp"},
			"icon": {"type": "texture","texture": "albedo:textures/gui/omnitrix/arachnichimp_activation.png"},
			"bar_color": "red",
			"commands": ["execute @s[score_Timer=5999,score_Timer_min=1200] ~ ~ ~ /superpower @s albedo:arachnichimp",
			"execute @s[score_Timer=5999,score_Timer_min=1200] ~ ~ ~ /playsound minecraft:custom.recaltransform master @a ~ ~ ~",
			"execute @s[score_Timer=5999,score_Timer_min=1200] ~ ~ ~ /particle reddust ~ ~ ~ 1 1 1 0 7000",
			"execute @s[score_Timer=5999,score_Timer_min=1200] ~ ~ ~ /scoreboard players remove @s Timer 1200",
			"execute @s[tag=Master] ~ ~ ~ /superpower @s albedo:arachnichimp",
			"execute @s[tag=Master] ~ ~ ~ /playsound minecraft:custom.recaltransform master @a ~ ~ ~",
			"execute @s[tag=Master] ~ ~ ~ /particle reddust ~ ~ ~ 1 1 1 0 7000"] 
		},
		"polymorph": {	
	        "ability": "lucraftcore:command",
            "show_in_bar": true,	
            "title": {"text":"Polymorph"},
			"icon": {"type": "texture","texture": "albedo:textures/gui/omnitrix/polymorph_activation.png"},
            "bar_color": "red",				
			"commands": ["execute @s[score_Timer=5999,score_Timer_min=1200] ~ ~ ~ /superpower @s albedo:polymorph",
			"execute @s[score_Timer=5999,score_Timer_min=1200] ~ ~ ~ /playsound minecraft:custom.recaltransform master @a ~ ~ ~",
			"execute @s[score_Timer=5999,score_Timer_min=1200] ~ ~ ~ /particle reddust ~ ~ ~ 1 1 1 0 7000",
			"execute @s[score_Timer=5999,score_Timer_min=1200] ~ ~ ~ /scoreboard players remove @s Timer 1200",
			"execute @s[tag=Master] ~ ~ ~ /superpower @s albedo:polymorph",
			"execute @s[tag=Master] ~ ~ ~ /playsound minecraft:custom.recaltransform master @a ~ ~ ~",
			"execute @s[tag=Master] ~ ~ ~ /particle reddust ~ ~ ~ 1 1 1 0 7000"] 
		},
		"arburian_pelarota": {	
	        "ability": "lucraftcore:command",
            "required_level": 15,
			"show_in_bar": true,	
            "title": {"text":"Arburian Pelarota"},
			"icon": {"type": "texture","texture": "albedo:textures/gui/omnitrix/albedo_selection.png"},
            "bar_color": "red",				
			"commands": ["superpower @s albedo:arburian_pelarota"] 
		},
		"murk_gourmand": {	
	        "ability": "lucraftcore:command",
            "required_level": 16,
			"show_in_bar": true,	
            "title": {"text":"Murk Gourmand"},
			"icon": {"type": "texture","texture": "albedo:textures/gui/omnitrix/gourmand_activation.png"},
            "bar_color": "red",				
			"commands": ["execute @s[score_Timer=5999,score_Timer_min=1200] ~ ~ ~ /superpower @s albedo:murk_gourmand",
			"execute @s[score_Timer=5999,score_Timer_min=1200] ~ ~ ~ /playsound minecraft:custom.recaltransform master @a ~ ~ ~",
			"execute @s[score_Timer=5999,score_Timer_min=1200] ~ ~ ~ /particle reddust ~ ~ ~ 1 1 1 0 7000",
			"execute @s[score_Timer=5999,score_Timer_min=1200] ~ ~ ~ /scoreboard players remove @s Timer 1200",
			"execute @s[tag=Master] ~ ~ ~ /superpower @s albedo:murk_gourmand",
			"execute @s[tag=Master] ~ ~ ~ /playsound minecraft:custom.recaltransform master @a ~ ~ ~",
			"execute @s[tag=Master] ~ ~ ~ /particle reddust ~ ~ ~ 1 1 1 0 7000"] 
		},
		"tokustar": {	
	        "ability": "lucraftcore:command",
            "required_level": 17,
			"show_in_bar": true,	
            "title": {"text":"To'kustar"},
			"icon": {"type": "texture","texture": "albedo:textures/gui/omnitrix/tokustar_activation.png"},
            "bar_color": "red",				
			"commands": ["execute @s[score_Timer=5999,score_Timer_min=1200] ~ ~ ~ /superpower @s albedo:tokustar",
			"execute @s[score_Timer=5999,score_Timer_min=1200] ~ ~ ~ /playsound minecraft:custom.recaltransform master @a ~ ~ ~",
			"execute @s[score_Timer=5999,score_Timer_min=1200] ~ ~ ~ /particle reddust ~ ~ ~ 1 1 1 0 7000",
			"execute @s[score_Timer=5999,score_Timer_min=1200] ~ ~ ~ /scoreboard players remove @s Timer 1200",
			"execute @s[tag=Master] ~ ~ ~ /superpower @s albedo:tokustar",
			"execute @s[tag=Master] ~ ~ ~ /playsound minecraft:custom.recaltransform master @a ~ ~ ~",
			"execute @s[tag=Master] ~ ~ ~ /particle reddust ~ ~ ~ 1 1 1 0 7000"] 
		},
		"biosovortian": {	
	        "ability": "lucraftcore:command",
            "required_level": 22,
			"show_in_bar": true,	
            "title": {"text":"Biosovortian"},
			"icon": {"type": "texture","texture": "albedo:textures/gui/omnitrix/biosovortian_activation.png"},
            "bar_color": "red",				
			"commands": ["execute @s[score_Timer=5999,score_Timer_min=1200] ~ ~ ~ /superpower @s albedo:biosovortian",
			"execute @s[score_Timer=5999,score_Timer_min=1200] ~ ~ ~ /playsound minecraft:custom.recaltransform master @a ~ ~ ~",
			"execute @s[score_Timer=5999,score_Timer_min=1200] ~ ~ ~ /particle reddust ~ ~ ~ 1 1 1 0 7000",
			"execute @s[score_Timer=5999,score_Timer_min=1200] ~ ~ ~ /scoreboard players remove @s Timer 1200",
			"execute @s[tag=Master] ~ ~ ~ /superpower @s albedo:biosovortian",
			"execute @s[tag=Master] ~ ~ ~ /playsound minecraft:custom.recaltransform master @a ~ ~ ~",
			"execute @s[tag=Master] ~ ~ ~ /particle reddust ~ ~ ~ 1 1 1 0 7000"] 
		},
		"petrosapien": {	
	        "ability": "lucraftcore:command",
            "required_level": 25,
			"show_in_bar": true,	
            "title": {"text":"Petrosapien"},
			"icon": {"type": "texture","texture": "albedo:textures/gui/omnitrix/petrosapien_activation.png"},
            "bar_color": "red",				
			"commands": ["execute @s[score_Timer=5999,score_Timer_min=1200] ~ ~ ~ /superpower @s albedo:petrosapien",
			"execute @s[score_Timer=5999,score_Timer_min=1200] ~ ~ ~ /playsound minecraft:custom.recaltransform master @a ~ ~ ~",
			"execute @s[score_Timer=5999,score_Timer_min=1200] ~ ~ ~ /particle reddust ~ ~ ~ 1 1 1 0 7000",
			"execute @s[score_Timer=5999,score_Timer_min=1200] ~ ~ ~ /scoreboard players remove @s Timer 1200",
			"execute @s[tag=Master] ~ ~ ~ /superpower @s albedo:petrosapien",
			"execute @s[tag=Master] ~ ~ ~ /playsound minecraft:custom.recaltransform master @a ~ ~ ~",
			"execute @s[tag=Master] ~ ~ ~ /particle reddust ~ ~ ~ 1 1 1 0 7000"] 
		},
		"chip_hybrid": {	
	        "ability": "lucraftcore:command",
            "required_level": 28,
			"show_in_bar": true,	
            "title": {"text":"Human/Chip Hybrid"},
			"icon": {"type": "texture","texture": "albedo:textures/gui/omnitrix/nanomech_activation.png"},
            "bar_color": "red",				
			"commands": ["execute @s[score_Timer=5999,score_Timer_min=1200] ~ ~ ~ /superpower @s albedo:nanomech",
			"execute @s[score_Timer=5999,score_Timer_min=1200] ~ ~ ~ /playsound minecraft:custom.recaltransform master @a ~ ~ ~",
			"execute @s[score_Timer=5999,score_Timer_min=1200] ~ ~ ~ /particle reddust ~ ~ ~ 1 1 1 0 7000",
			"execute @s[score_Timer=5999,score_Timer_min=1200] ~ ~ ~ /scoreboard players remove @s Timer 1200",
			"execute @s[tag=Master] ~ ~ ~ /superpower @s albedo:nanomech",
			"execute @s[tag=Master] ~ ~ ~ /playsound minecraft:custom.recaltransform master @a ~ ~ ~",
			"execute @s[tag=Master] ~ ~ ~ /particle reddust ~ ~ ~ 1 1 1 0 7000"] 
		},
		"ectonurite": {	
	        "ability": "lucraftcore:command",
            "required_level": 31,
			"show_in_bar": true,	
            "title": {"text":"Ectonurite"},
			"icon": {"type": "texture","texture": "albedo:textures/gui/omnitrix/ectonurite_activation.png"},
            "bar_color": "red",				
			"commands": ["execute @s[score_Timer=5999,score_Timer_min=1200] ~ ~ ~ /superpower @s albedo:ectonurite",
			"execute @s[score_Timer=5999,score_Timer_min=1200] ~ ~ ~ /playsound minecraft:custom.recaltransform master @a ~ ~ ~",
			"execute @s[score_Timer=5999,score_Timer_min=1200] ~ ~ ~ /particle reddust ~ ~ ~ 1 1 1 0 7000",
			"execute @s[score_Timer=5999,score_Timer_min=1200] ~ ~ ~ /scoreboard players remove @s Timer 1200",
			"execute @s[tag=Master] ~ ~ ~ /superpower @s albedo:ectonurite",
			"execute @s[tag=Master] ~ ~ ~ /playsound minecraft:custom.recaltransform master @a ~ ~ ~",
			"execute @s[tag=Master] ~ ~ ~ /particle reddust ~ ~ ~ 1 1 1 0 7000"] 
		},
		"appoplexian": {	
	        "ability": "lucraftcore:command",
            "required_level": 37,
			"show_in_bar": true,	
            "title": {"text":"Appoplexian"},
			"icon": {"type": "texture","texture": "albedo:textures/gui/omnitrix/appoplexian_activation.png"},
            "bar_color": "red",				
			"commands": ["execute @s[score_Timer=5999,score_Timer_min=1200] ~ ~ ~ /superpower @s albedo:appoplexian",
			"execute @s[score_Timer=5999,score_Timer_min=1200] ~ ~ ~ /playsound minecraft:custom.recaltransform master @a ~ ~ ~",
			"execute @s[score_Timer=5999,score_Timer_min=1200] ~ ~ ~ /particle reddust ~ ~ ~ 1 1 1 0 7000",
			"execute @s[score_Timer=5999,score_Timer_min=1200] ~ ~ ~ /scoreboard players remove @s Timer 1200",
			"execute @s[tag=Master] ~ ~ ~ /superpower @s albedo:appoplexian",
			"execute @s[tag=Master] ~ ~ ~ /playsound minecraft:custom.recaltransform master @a ~ ~ ~",
			"execute @s[tag=Master] ~ ~ ~ /particle reddust ~ ~ ~ 1 1 1 0 7000"] 
		}
	}
}