{
	"name": {
		"text": "Biosovortian"
	},

	"icon": {
		"type": "texture",
		"texture": "albedo:textures/gui/omnitrix/biosovortian_activation.png"
	},

	"creative_tab": "albedo",
	
	"max_level": 40,
	
	"capsule_color": 3080117,
	
    "effects": [

        {
        "type": "skin_change",
        "texture": "albedo:textures/models/albedo/al_biosovortian.png"
        },
		{
            "type": "skin_overlay",
            "texture": "albedo:textures/overlays/glow/al_biosovortian_glow.png",
            "size": 0,
            "glow": true
        },
		{
            "type": "skin_overlay",
            "texture": "albedo:textures/models/albedo/al_biosovortian_head.png",
            "size": 0.1,
            "glow": false,
            "conditions": [
            	{
            		"type": "always"
            	}
            ]
        }
    ],
	
	"abilities": {
		"radiation_protection": {
            "ability": "the-fifth-world:potion_immunity",
            "show_in_bar": false,
            "title": {"text":"Radiation Protection"},
            "icon": {"type": "internal"},
            "potion": "lucraftcore:radiation"
        },
		"death_state":{
			"ability": "lucraftcore:command_loop",
			"show_in_bar": false,
			"cooldown": 0,
			"title": {"text":"Death State"},			
			"icon": {"type": "texture",
				"texture": "albedo:textures/gui/omnitrix/albedo_omnitrix.png"},
			"commands": ["execute @s[score_Health=0,score_Health_min=0,tag=af] ~ ~ ~ /superpower @s albedo:al_omnitrix",
			"execute @s[score_Health=0,score_Health_min=0,tag=ua] ~ ~ ~ /superpower @s albedo:ultimatrix"]
		},
		"magnetic_grab": {						
            "ability": "heroesexpansion:grab_entity",
            "cooldown": 0,
            "show_in_bar": true,
            "title": {"text":"Magnetic Grab"},
            "icon": {"type": "texture", "texture": "albedo:textures/gui/omnitrix/magnetic_grab.png"},
            "bar_color": "red"		
		},
		"strength": {	
			"ability": "lucraftcore:strength",				
            "show_in_bar": false,		
            "title": {"text":"Strength"},							
			"amount": 5,
			"operation": 0			
		},
		"jump_boost": {
            "ability": "lucraftcore:jump_boost",
            "show_in_bar": false,
            "title": {"translate":"lucraftcore.abilities.jump_boost.name"},
            "icon": {"type": "internal"},
            "amount": 3.0,
            "operation": 0
        },
		"defense": {
			"ability": "lucraftcore:resistance",			
            "show_in_bar": false,		
            "title": {"text":"Resistance"},						
			"amount": 3,
			"operation": 0			
		},
		"fall_resistance": {
			"ability": "lucraftcore:fall_resistance",
			"show_in_bar": false,
			"title": {"text":"Fall Resistance"},
			"amount": 3,
			"operation": 0
		},
		"fire_resistance": {
			"ability": "lucraftcore:fire_resistance",			
            "show_in_bar": false,		
            "title": {"text":"Fire Resistance"},						
			"operation": 0			
		},
		"flight": {			
			"ability": "lucraftcore:flight",
			"icon": {"type": "internal"},
            "cooldown": 0,
			"required_level": 25,			
            "show_in_bar": true,
            "title": {"text":"Magnetic Levitation"},	
            "bar_color": "red",				
			"speed": 1.0,
            "sprint_speed": 4,
			"rotate_arms": false
		},
		"flight_xp": {
            "ability": "lucraftcore:command_toggle",
            "cooldown": 0,
			"parent_ability": "flight",
            "show_in_bar": false,
            "title": {"text":"Flight XP"},
            "icon": {"type": "internal"},
            "conditions": [{
			    "type": "ability_enabled",
				"ability": "lucraftcore:flight"}],
		    "commands": ["/superpowerxp 1 @s"],
		    "hidden": true
		},
		"healing": {
            "ability": "lucraftcore:healing",
            "show_in_bar": false,
            "title": {"translate":"lucraftcore.abilities.healing.name"},
            "icon": {"type": "internal"},
            "frequency": 1,
            "amount": 0.5
        },
		"force_field": {
			"ability": "the-fifth-world:screech",
			"cooldown": 100,
            "show_in_bar": true,
            "bar_color": "red",			
            "title": {"text":"Magnetic Force Field"},
            "icon": {"type": "texture", "texture": "albedo:textures/gui/omnitrix/forcefield.png"},
            "damage": 0.0						
		},
		"force_field_xp": {
            "ability": "lucraftcore:command_held",
            "cooldown": 0,
			"parent_ability": "force_field",
            "show_in_bar": false,
            "title": {"text":"Magnetic Force Field XP"},
            "icon": {"type": "texture", "texture": "albedo:textures/gui/omnitrix/forcefield.png"},
            "conditions": [{
			    "type": "ability_enabled",
				"ability": "the-fifth-world:screech"}],
		    "commands": ["/superpowerxp 10 @s", "playsound minecraft:custom.magnet master @a[r=10] ~ ~ ~"],
		    "hidden": true
		},
		"switch":{
			"ability": "lucraftcore:command",
			"show_in_bar": true,
			"cooldown": 0,
			"title": {"text":"Switch"},			
			"icon": {"type": "texture",
				"texture": "albedo:textures/gui/omnitrix/albedo_selection.png"},
			"conditions": [{"type": "lucraftcore:not", 
			            "conditions": [{
						"type": "lucraftcore:scoreboard_tag", 
						"tag": "ov"}]}],	
			"commands": ["/superpower @s albedo:biosovortian_switch"],
            "bar_color": "red"
		},
		"timer":{
			"ability": "lucraftcore:command_loop",
			"show_in_bar": false,
			"cooldown": 0,
			"title": {"text":"Timer"},			
			"icon": {"type": "texture",
				"texture": "albedo:textures/gui/omnitrix/albedo_omnitrix.png"},
			"conditions": [{"type": "lucraftcore:not", 
			            "conditions": [{
						"type": "lucraftcore:scoreboard_tag", 
						"tag": "Master"}]}],
			"commands": ["superpowerxp 1 @s", 
			"scoreboard players remove @s Timer 1", 
			"execute @s[score_Timer=0,score_Timer_min=0,tag=af] ~ ~ ~ /superpower @s albedo:al_omnitrix",
			"execute @s[score_Timer=0,score_Timer_min=0,tag=ua] ~ ~ ~ /superpower @s albedo:ultimatrix", 
			"execute @s[score_Timer=0,score_Timer_min=0] ~ ~ ~ /particle reddust ~ ~ ~ 1 1 1 0 7000", 
			"execute @s[score_Timer=1,score_Timer_min=1,tag=ua] ~ ~ ~ /playsound minecraft:custom.ultimatrixhuman master @a ~ ~ ~",
			"execute @s[score_Timer=1,score_Timer_min=1,tag=af] ~ ~ ~ /playsound minecraft:custom.recalibratedhuman master @a ~ ~ ~"]
		},
		"base": {	
	        "ability": "lucraftcore:command",		
			"cooldown": 0,
            "show_in_bar": true,	
            "title": {"text":"Base Form"},
			"icon": {"type": "texture", "texture": "albedo:textures/gui/omnitrix/albedo_omnitrix.png"},
            "bar_color": "red",				
			"commands": ["superpower @s[tag=af] albedo:al_omnitrix", 
			"superpower @s[tag=ua] albedo:ultimatrix",
			"execute @s[tag=af] ~ ~ ~ /playsound minecraft:custom.recalibratedhuman master @a ~ ~ ~", 
			"execute @s[tag=ua] ~ ~ ~ /playsound minecraft:custom.ultimatrixhuman master @a ~ ~ ~",
			"particle reddust ~ ~ ~ 1 1 1 0 7000"]
		}
	}
}