{
	"name": {
		"text": "Cerebrocrustacean"
	},

	"icon": {
		"type": "texture",
		"texture": "albedo:textures/gui/omnitrix/cerebrocrustacean_activation.png"
	},

	"creative_tab": "albedo",
	
	"max_level": 40,
	
	"capsule_color": 3080117,
	
   "effects": [
        {
        	"type": "skin_change",
        	"texture": "albedo:textures/models/albedo/al_cerebrocrustacean.png"
        },
        {
        	"type": "skin_change",
        	"texture": "albedo:textures/models/albedo/al_cerebrocrustacean_open.png",
        	"conditions": [
        		{
        			"type": "ability_enabled",
        			"ability": "heroesexpansion:lightning_attack"
        		}
        	]
        },
        {
        	"type": "skin_change",
        	"texture": "albedo:textures/models/albedo/al_cerebrocrustacean_open.png",
        	"conditions": [
        		{
        			"type": "ability_enabled",
        			"ability": "heroesexpansion:lightning_strike"
        		}
        	]
        },
		{
            "type": "skin_overlay",
            "texture": "albedo:textures/overlays/glow/al_cerebrocrustacean_glow.png",
            "size": 0,
            "glow": true,
            "conditions": [
            	{
            		"type": "always"
            	}
            ]
        }
    ],
	
	"abilities": {
		"radiation_protection": {
            "ability": "the-fifth-world:potion_immunity",
            "show_in_bar": false,
            "title": {"text":"Radiation Protection"},
            "icon": {"type": "internal"},
            "potion": "lucraftcore:radiation"
        },
		"death_state":{
			"ability": "lucraftcore:command_loop",
			"show_in_bar": false,
			"cooldown": 0,
			"title": {"text":"Death State"},			
			"icon": {"type": "texture",
				"texture": "albedo:textures/gui/omnitrix/albedo_omnitrix.png"},
			"commands": ["execute @s[score_Health=0,score_Health_min=0,tag=af] ~ ~ ~ /superpower @s albedo:al_omnitrix",
			"execute @s[score_Health=0,score_Health_min=0,tag=ua] ~ ~ ~ /superpower @s albedo:ultimatrix"]
		},
		"move_blocks": {
			"ability": "heroesexpansion:grab_entity",
			"show_in_bar": true,
			"title": {"text": "Move Block"},
			"bar_color": "red",
			"icon": {"type": "texture", "texture": "albedo:textures/gui/omnitrix/cerebrocrustacean_grab.png"}
		},
		"move_blocks_ray": {
            "ability": "lucraftcore:command_held",
			"parent_ability": "move_blocks",
            "cooldown": 0,
            "show_in_bar": false,
            "title": {"text":"Move Blocks Ray"},
			"icon": {"type": "texture", "texture": "albedo:textures/gui/omnitrix/cerebrocrustacean_grab.png"},
            "bar_color": "red",
		    "commands": ["cast ebwizardry:lightning_ray @s 1", "superpowerxp 25 @s"],
		    "hidden": true
		},
		"lightning_ray": {
            "ability": "lucraftcore:command",
            "cooldown": 0,
            "show_in_bar": true,
            "title": {"text":"Lightning Ray"},
			"icon": {"type": "texture", "texture": "albedo:textures/gui/omnitrix/chainshock.png"},
            "bar_color": "red",
		    "commands": ["cast ebwizardry:lightning_ray @s 5", "superpowerxp 25 @s", "playsound minecraft:custom.brainstorm master @a ~ ~ ~"],
		    "hidden": true
		},
		"shield": {
			"ability": "heroesexpansion:force_field",
            "cooldown": 200,
			"required_level": 25,
            "show_in_bar": true,
            "title": {"translate":"heroesexpansion.abilities.force_field.name"},
			"icon": {"type": "texture", "texture": "albedo:textures/gui/omnitrix/forcefield.png"},
            "bar_color": "red",
            "color": [255, 255, 85]					
		},
		"shield_xp": {
            "ability": "lucraftcore:command_held",
            "cooldown": 0,
			"parent_ability": "shield",
            "show_in_bar": false,
            "title": {"text":"Force Field XP"},
			"icon": {"type": "texture", "texture": "albedo:textures/gui/omnitrix/forcefield.png"},
            "conditions": [{
			    "type": "ability_enabled",
				"ability": "heroesexpansion:force_field"}],
		    "commands": ["/superpowerxp 15 @s"],
		    "hidden": true
		},
		"intelligence": {
            "ability": "heroesexpansion:precision",
            "show_in_bar": false,
            "title": {"text":"Super Intelligence"},
            "icon": {"type": "internal"},
            "bar_color": "red"
        },
		"knowledge": {	
	        "ability": "lucraftcore:command",
			"required_level": 25,
			"cooldown": 0,
            "show_in_bar": true,	
            "title": {"text":"Alien Knowledge"},
			"icon": {"type": "texture", "texture": "albedo:textures/gui/omnitrix/alienknowledge.png"},
            "bar_color": "red",				
			"commands": ["/recipe give @s albedo:ultimatrix", 
			"/recipe give @s albedo:the_omnitrix"]
		},
		"water_breathing": {
			"ability": "lucraftcore:water_breathing",
			"show_in_bar": false,
			"title": {"text": "Water Breathing"},
			"icon": {"type": "internal"},
			"bar_color": "red"
		},
		"switch":{
			"ability": "lucraftcore:command",
			"show_in_bar": true,
			"cooldown": 0,
			"title": {"text":"Switch"},			
			"icon": {"type": "texture",
				"texture": "albedo:textures/gui/omnitrix/albedo_selection.png"},
			"commands": ["/superpower @s albedo:cerebrocrustacean_switch"],
            "bar_color": "red"
		},
		"timer":{
			"ability": "lucraftcore:command_loop",
			"show_in_bar": false,
			"cooldown": 0,
			"title": {"text":"Timer"},			
			"icon": {"type": "texture",
				"texture": "albedo:textures/gui/omnitrix/albedo_omnitrix.png"},
			"conditions": [{"type": "lucraftcore:not", 
			            "conditions": [{
						"type": "lucraftcore:scoreboard_tag", 
						"tag": "Master"}]}],
			"commands": ["superpowerxp 1 @s", 
			"scoreboard players remove @s Timer 1", 
			"execute @s[score_Timer=0,score_Timer_min=0,tag=af] ~ ~ ~ /superpower @s albedo:al_omnitrix",
			"execute @s[score_Timer=0,score_Timer_min=0,tag=ua] ~ ~ ~ /superpower @s albedo:ultimatrix", 
			"execute @s[score_Timer=0,score_Timer_min=0] ~ ~ ~ /particle reddust ~ ~ ~ 1 1 1 0 7000", 
			"execute @s[score_Timer=1,score_Timer_min=1,tag=ua] ~ ~ ~ /playsound minecraft:custom.ultimatrixhuman master @a ~ ~ ~",
			"execute @s[score_Timer=1,score_Timer_min=1,tag=af] ~ ~ ~ /playsound minecraft:custom.recalibratedhuman master @a ~ ~ ~"]
		},
		"base": {	
	        "ability": "lucraftcore:command",		
			"cooldown": 0,
            "show_in_bar": true,	
            "title": {"text":"Base Form"},
			"icon": {"type": "texture", "texture": "albedo:textures/gui/omnitrix/albedo_omnitrix.png"},
            "bar_color": "red",				
			"commands": ["superpower @s[tag=af] albedo:al_omnitrix", 
			"superpower @s[tag=ua] albedo:ultimatrix",
			"execute @s[tag=af] ~ ~ ~ /playsound minecraft:custom.recalibratedhuman master @a ~ ~ ~", 
			"execute @s[tag=ua] ~ ~ ~ /playsound minecraft:custom.ultimatrixhuman master @a ~ ~ ~",
			"particle reddust ~ ~ ~ 1 1 1 0 7000"]
		}
	}
}