{
	"name": {
		"text": "Crystalsapien"
	},

	"icon": {
		"type": "texture",
		"texture": "albedo:textures/gui/omnitrix/crystalsapien_activation.png"
	},

	"creative_tab": "albedo",
	
	"max_level": 40,
	
	"capsule_color": 3080117,
	
    "effects": [

        {
        "type": "skin_change",
        "texture": "albedo:textures/models/albedo/al_crystalsapien.png"
        },
		{
            "type": "skin_overlay",
            "texture": "albedo:textures/overlays/glow/al_crystalsapien_glow.png",
            "size": 0,
            "glow": true,
            "conditions": [
            	{
            		"type": "always"
            	}
            ]
        }
    ],
	
	"abilities": {
		"radiation_protection": {
            "ability": "the-fifth-world:potion_immunity",
            "show_in_bar": false,
            "title": {"text":"Radiation Protection"},
            "icon": {"type": "internal"},
            "potion": "lucraftcore:radiation"
        },
		"death_state":{
			"ability": "lucraftcore:command_loop",
			"show_in_bar": false,
			"cooldown": 0,
			"title": {"text":"Death State"},			
			"icon": {"type": "texture",
				"texture": "albedo:textures/gui/omnitrix/albedo_omnitrix.png"},
			"commands": ["execute @s[score_Health=0,score_Health_min=0,tag=af] ~ ~ ~ /superpower @s albedo:al_omnitrix",
			"execute @s[score_Health=0,score_Health_min=0,tag=ua] ~ ~ ~ /superpower @s albedo:ultimatrix"]
		},		 
		"health": {		
			"ability": "lucraftcore:health",			
            "show_in_bar": false,		
            "title": {"text":"Health"},					
			"amount": 5,
			"operation": 0		
		},
		"strength": {	
			"ability": "lucraftcore:strength",				
            "show_in_bar": false,		
            "title": {"text":"Strength"},							
			"amount": 8,
			"operation": 0			
		},
		"sprint": {
			"ability": "lucraftcore:sprint",			
            "show_in_bar": false,		
            "title": {"text":"Speed"},										
			"amount": 0.5,
			"operation": 0							
		},	
		"jump": {
			"ability": "lucraftcore:jump_boost",			
            "show_in_bar": false,		
            "title": {"text":"Jump Boost "},									
			"amount": 4,
			"operation": 0	
		},
		"defense": {
			"ability": "lucraftcore:resistance",			
            "show_in_bar": false,		
            "title": {"text":"Resistance"},						
			"amount": 10,
			"operation": 0			
		},
		"fall_resistance": {
			"ability": "lucraftcore:fall_resistance",
			"show_in_bar": false,
			"title": {"text":"Fall Resistance"},
			"amount": 200,
			"operation": 0
		},
		"radiation_immunity":{
			"ability": "the-fifth-world:potion_immunity",
			"show_in_bar": false,
			"potion": "lucraftcore:radiation",
			"title": {"text":"Radiation Immunity"},
			"icon": {"type": "texture",
				"texture": "albedo:textures/gui/omnitrix/radioactive_icon.png"}
		},
		"solar_energy": {
			"ability": "heroesexpansion:solar_energy",
			"show_in_bar": true,
			"title": {"translate": "heroesexpansion.abilities.solar_energy.name"},
			"icon": {"type": "internal"},
			"bar_color": "red",
			"max_solar_energy": 150,
			"ability_values": [{
					"ability": "energy_beam",
					"amount": 4,
					"frequency": 1}]
		},		
		"energy_absorption": {
			"ability": "heroesexpansion:energy_absorption",
			"cooldown": 0,
			"show_in_bar": true,
			"title": {"text":"Energy Absorption"},
			"icon": {"type": "texture", "texture": "albedo:textures/gui/omnitrix/crystalsapien_energy_absorb.png"},
			"bar_color": "red",
			"max_energy": 200,
			"max_damage": 10.0			
		},
		"energy_absorption_xp": {
            "ability": "lucraftcore:command",
            "cooldown": 0,
			"parent_ability": "energy_absorption",
            "show_in_bar": false,
            "title": {"text":"Energy Absorption XP"},
			"icon": {"type": "texture", "texture": "albedo:textures/gui/omnitrix/crystalsapien_energy_absorb.png"},
            "conditions": [{
			    "type": "ability_enabled",
				"ability": "heroesexpansion:energy_absorption"}],
		    "commands": ["/superpowerxp 50 @s"],
		    "hidden": true
		},
		"flight": {			
			"ability": "lucraftcore:flight",
			"icon": {"type": "internal"},
            "cooldown": 0,
			"required_level": 27,			
            "show_in_bar": true,
            "title": {"text":"Flight"},	
            "bar_color": "red",				
			"speed": 0.7,
            "sprint_speed": 1,
			"rotate_arms": true
		},
		"flight_xp": {
            "ability": "lucraftcore:command_toggle",
            "cooldown": 0,
			"parent_ability": "flight",
            "show_in_bar": false,
            "title": {"text":"Flight XP"},
            "icon": {"type": "internal"},
            "conditions": [{
			    "type": "ability_enabled",
				"ability": "lucraftcore:flight"}],
		    "commands": ["/superpowerxp 1 @s"],
		    "hidden": true
		},
		"size": {
			"ability": "lucraftcore:command_loop",
			"show_in_bar": false,
			"title": {"text": "Big size"},
			"icon": {"type": "internal"},
			"bar_color": "light_gray",
			"commands": ["sizechange @s 1.3 lucraftcore:default"]
		},
		"energy_beam": {
			"ability": "heroesexpansion:photon_blast",					
            "cooldown": 200,
            "show_in_bar": true,
            "title": {"text":"Energy Beam"},
			"icon": {"type": "texture", "texture": "albedo:textures/gui/omnitrix/crystalsapien_energy_beam.png"},
            "bar_color": "red",
			"conditions": [{
				"type": "lucraftcore:solar_energy",
				"ability": "solar_energy",
				"minimum": 40
			}],				
            "color": [170, 0, 170]	
		},
		"energy_beam_xp": {
            "ability": "lucraftcore:command_held",
            "cooldown": 0,
			"parent_ability": "energy_beam",
            "show_in_bar": false,
            "title": {"text":"Energy Beam XP"},
			"icon": {"type": "texture", "texture": "albedo:textures/gui/omnitrix/crystalsapien_energy_beam.png"},
            "conditions": [{
			    "type": "ability_enabled",
				"ability": "heroesexpansion:photon_blast"}],
		    "commands": ["/superpowerxp 5 @s", "playsound minecraft:custom.chromastone master @a ~ ~ ~"],
		    "hidden": true
		},
		"switch":{
			"ability": "lucraftcore:command",
			"show_in_bar": true,
			"cooldown": 0,
			"title": {"text":"Switch"},			
			"icon": {"type": "texture",
				"texture": "albedo:textures/gui/omnitrix/albedo_selection.png"},
			"commands": ["/superpower @s albedo:crystalsapien_switch"],
			"bar_color": "red"
		},
		"timer":{
			"ability": "lucraftcore:command_loop",
			"show_in_bar": false,
			"cooldown": 0,
			"title": {"text":"Timer"},			
			"icon": {"type": "texture",
				"texture": "albedo:textures/gui/omnitrix/albedo_omnitrix.png"},
			"conditions": [{"type": "lucraftcore:not", 
			            "conditions": [{
						"type": "lucraftcore:scoreboard_tag", 
						"tag": "Master"}]}],
			"commands": ["superpowerxp 1 @s", 
			"scoreboard players remove @s Timer 1", 
			"execute @s[score_Timer=0,score_Timer_min=0,tag=af] ~ ~ ~ /superpower @s albedo:al_omnitrix",
			"execute @s[score_Timer=0,score_Timer_min=0,tag=ua] ~ ~ ~ /superpower @s albedo:ultimatrix", 
			"execute @s[score_Timer=0,score_Timer_min=0] ~ ~ ~ /particle reddust ~ ~ ~ 1 1 1 0 7000", 
			"execute @s[score_Timer=1,score_Timer_min=1,tag=ua] ~ ~ ~ /playsound minecraft:custom.ultimatrixhuman master @a ~ ~ ~",
			"execute @s[score_Timer=1,score_Timer_min=1,tag=af] ~ ~ ~ /playsound minecraft:custom.recalibratedhuman master @a ~ ~ ~"]
		},
		"base": {	
	        "ability": "lucraftcore:command",		
			"cooldown": 0,
            "show_in_bar": true,	
            "title": {"text":"Base Form"},
			"icon": {"type": "texture", "texture": "albedo:textures/gui/omnitrix/albedo_omnitrix.png"},
            "bar_color": "red",				
			"commands": ["superpower @s[tag=af] albedo:al_omnitrix", 
			"superpower @s[tag=ua] albedo:ultimatrix",
			"execute @s[tag=af] ~ ~ ~ /playsound minecraft:custom.recalibratedhuman master @a ~ ~ ~", 
			"execute @s[tag=ua] ~ ~ ~ /playsound minecraft:custom.ultimatrixhuman master @a ~ ~ ~",
			"particle reddust ~ ~ ~ 1 1 1 0 7000"]
		}
	}
}