{
	"name": {
		"text": "Murk Gourmand"
	},

	"icon": {
		"type": "texture",
		"texture": "albedo:textures/gui/omnitrix/gourmand_activation.png"
	},

	"creative_tab": "albedo",
	
	"max_level": 40,
	
	"capsule_color": 3080117,
	
    "effects": [
        {
            "type": "skin_change",
            "texture": "albedo:textures/models/albedo/al_murk_gourmand.png"
        },
		{
            "type": "skin_overlay",
            "texture": "albedo:textures/overlays/glow/al_murk_gourmand_glow.png",
            "size": 0,
            "glow": true,
            "conditions": [
            	{
            		"type": "always"
            	}
            ]
        }
    ],
	
	"abilities": {
		"radiation_protection": {
            "ability": "the-fifth-world:potion_immunity",
            "show_in_bar": false,
            "title": {"text":"Radiation Protection"},
            "icon": { "type": "internal" },
            "potion": "lucraftcore:radiation"
        },
				"radiation_protection": {
            "ability": "the-fifth-world:potion_immunity",
            "show_in_bar": false,
            "title": {"text":"Radiation Protection"},
            "icon": { "type": "internal" },
            "potion": "lucraftcore:radiation"
        },
		"gain": {
            "ability": "lucraftcore:command_on_gain",
            "show_in_bar": false,
            "title": {"translate":"lucraftcore.abilities.command_on_gain.name"},
            "icon": { "type": "internal" },
            "commands": ["scoreboard objectives add Boom dummy"]
        },
		"lose": {
            "ability": "lucraftcore:command_on_lose",
            "show_in_bar": false,
            "title": {"translate":"lucraftcore.abilities.command_on_lose.name"},
            "icon": { "type": "internal" },
            "commands": ["scoreboard objectives remove Boom dummy"]
        },
        "tough_lungs": {
            "ability": "lucraftcore:tough_lungs",
            "show_in_bar": false,
            "title": {"translate":"lucraftcore.abilities.tough_lungs.name"},
            "icon": { "type": "internal" },
            "bar_color": "green"
        },
		"size": {
			"ability": "lucraftcore:command_loop",
			"show_in_bar": false,
			"title": {"text": "Small size"},
			"icon": { "type": "internal" },
			"commands": ["sizechange @s 0.7 pymtech:pym_particles",
			             "execute @e[type=lucraftcore:energy_blast] ~ ~ ~ particle fallingdust ~ ~ ~ 0.2 0.2 0.2 0 100 force @p 18"]
		},
		"knockback_resistance": {
            "ability": "lucraftcore:knockback_resistance",
            "show_in_bar": false,
            "title": {"translate":"lucraftcore.abilities.knockback_resistance.name"},
            "icon": { "type": "internal" },
            "bar_color": "light_gray",
			"conditions": [{
                        "type": "lucraftcore:or",
                            "conditions": [
                            {"type": "lucraftcore:scoreboard_tag",
                             "tag": "af"
                            },
                            {"type": "lucraftcore:scoreboard_tag",
                             "tag": "ua"
                            }]
                    }],
            "amount": 0.0,
            "operation": 0,
            "uuid": "0669d99d-b34d-40fc-a4d8-c7ee963cc842"
        },
		"step_assist": {
            "ability": "lucraftcore:step_assist",
            "show_in_bar": false,
            "title": {"translate":"lucraftcore.abilities.step_assist.name"},
            "icon": { "type": "internal" },
            "bar_color": "light_gray",
            "amount": 0.0,
            "operation": 0,
			"conditions": [{
			    "type": "lucraftcore:scoreboard_tag",
				"tag": "ov"}],
            "uuid": "0669d99d-b34d-40fc-a4d8-c7ee963cc842"
        },
		"strength": {	
			"ability": "lucraftcore:strength",				
            "show_in_bar": false,		
            "title": {"text":"Strength"},							
			"amount": 3,
			"operation": 0,
			"uuid": "5c5cfbea-9f1b-42dd-b43c-d129733c4a75"			
		},
		"defense": {
			"ability": "lucraftcore:resistance",			
            "show_in_bar": false,		
            "title": {"text":"Resistance"},						
			"amount": 10,
			"operation": 0,
			"uuid": "5c5cfbea-9f1b-42dd-b43c-d129733c4a75"			
		},
		"fall_resistance": {
			"ability": "lucraftcore:fall_resistance",
			"show_in_bar": false,
			"title": {"text":"Fall Resistance"},
			"amount": 8,
			"operation": 0,
			"uuid": "5c5cfbea-9f1b-42dd-b43c-d129733c4a75"
		},
		"eat_block": {
			"ability": "heroesexpansion:grab_entity",
			"show_in_bar": true,
			"cooldown": 10,
			"title": {"text": "Eat Block"},
			"bar_color": "red",
			"icon": {"type": "texture", "texture": "albedo:textures/gui/omnitrix/eatblock.png"}
		},
		"eat_commands": {
			"ability": "lucraftcore:command_loop",
			"show_in_bar": false,
           	"parent_ability": "eat_block",
			"title": {"text": "Eat Blocks"},
			"icon": { "type": "internal" },
			"bar_color": "red",
			"commands": ["tp @e[type=heroesexpansion:grabbed_block,r=10] @s",
			"execute @e[type=heroesexpansion:grabbed_block,r=1] ~ ~ ~ scoreboard players add @p[r=1] Blocks 1",
			"effect @p minecraft:saturation 1",
			"kill @e[type=heroesexpansion:grabbed_block,r=1]",
			"superpowerxp 2 @s",
			"/playsound minecraft:entity.shulker.ambient master @s ~ ~ ~"]
		},
		"blast": {
			"ability": "lucraftcore:energy_blast",
			"cooldown": 10,
			"show_in_bar": true,
			"color": [0, 255, 0],
			"damage": 5,
			"title": {"translate":"Basic Upchuck"},
			"bar_color": "red",
			"icon": {"type": "texture", "texture": "albedo:textures/gui/omnitrix/gourmand_bellyblast.png"}
		},
		"upchuck": {
			"ability": "lucraftcore:command",
			"parent_ability": "Blast",
			"show_in_bar": false,
			"title": {"text":"Upchuck Blocks"},
			"icon": {"type": "texture", "texture": "albedo:textures/gui/omnitrix/gourmand_bellyblast.png"},
			"bar_color": "red",
			"commands": [
			"execute @s[score_Blocks_min=1] ~ ~ ~ /scoreboard players remove @s Blocks 1",
			"execute @s[score_Blocks=0,score_Blocks_min=0] ~ ~ ~ /tellraw @s {\"text\":\"You need to eat something first!\"}",
			"execute @s[score_Blocks=0,score_Blocks_min=0] ~ ~ ~ kill @e[type=lucraftcore:energy_blast,r=3]"]
		},
		"explosion_attack": {
			"ability": "lucraftcore:energy_blast",
			"cooldown": 50,
			"show_in_bar": true,
			"color": [0, 255, 0],
			"damage": 5,
			"title": {"translate":"UpChuck Explosion"},
			"bar_color": "red",
			"icon": {"type": "texture", "texture": "albedo:textures/gui/omnitrix/gourmand_bellyblast.png"}
		},
		"boom_timer": {
			"ability": "lucraftcore:command_loop",
			"show_in_bar": false,
			"title": {"text": "Boom Timer"},
			"icon": { "type": "internal" },
			"bar_color": "red",
			"commands": ["execute @s[tag=Boom!!] ~ ~ ~ /scoreboard players add @s Boom 1",
			             "execute @e[tag=Boom!] ~ ~ ~ /summon Creeper ~ ~ ~ {Fuse:0,NoAI:1}",
						 "execute @s[score_Boom=5,score_Boom_min=5] ~ ~ ~ /scoreboard players tag @e[type=lucraftcore:energy_blast,r=25] add Boom!",
			             "execute @s[score_Boom=9,score_Boom_min=9] ~ ~ ~ /scoreboard players tag @s remove Boom!!",
	                     "execute @s[score_Boom=9,score_Boom_min=9] ~ ~ ~ /scoreboard players set @s Boom 1",
						 "execute @s[score_Blocks=2000,score_Blocks_min=0] ~ ~ ~ /title @s actionbar [{\"text\":\"<\",\"color\":\"black\"},{\"text\":\"Upchuck\",\"color\":\"green\"},{\"text\":\">\",\"color\":\"black\"},{\"text\":\"<\",\"color\":\"black\"},{\"score\":{\"name\":\"@s\",\"objective\":\"Blocks\"},\"color\":\"yellow\"},{\"text\":\">\",\"color\":\"black\"}]"]
        },
		"rocket_attack": {
			"ability": "lucraftcore:command",
			"parent_ability": "explosion_attack",
			"show_in_bar": false,
			"title": {"text": "Explosion Attack"},
			"icon": {"type": "texture", "texture": "albedo:textures/gui/omnitrix/omnitrix.png"},
			"commands": ["/scoreboard players tag @s add Boom!!","scoreboard players set @s Boom 1"]
	 	},	
		"upchuck_boom": {
			"ability": "lucraftcore:command",
			"parent_ability": "explosion_attack",
			"show_in_bar": false,
			"title": {"text":"Upchuck Blocks"},
			"icon": {"type": "texture", "texture": "albedo:textures/gui/omnitrix/gourmand_bellyblast.png"},
			"bar_color": "red",
			"commands": [
			"execute @s[score_Blocks_min=3] ~ ~ ~ /scoreboard players remove @s Blocks 3",
			"execute @s[score_Blocks=3,score_Blocks_min=0] ~ ~ ~ /tellraw @s {\"text\":\"You need to eat something first!\"}",
			"execute @s[score_Blocks=3,score_Blocks_min=0] ~ ~ ~ kill @e[type=lucraftcore:energy_blast,r=3]",
			"execute @s[score_Blocks=3,score_Blocks_min=0] ~ ~ ~ scoreboard players tag @s remove Boom!!"]
		},
		"switch": {	
	        "ability": "lucraftcore:command",		
			"cooldown": 0,
            "show_in_bar": true,	
            "title": {"text":"Switch"},
			"icon": {"type": "texture", "texture": "albedo:textures/gui/omnitrix/albedo_selection.png"},
            "bar_color": "red",				
			"command": ["/superpower @s albedo:murk_gourmand_switch"]
		},
		"timer":{
			"ability": "lucraftcore:command_loop",
			"show_in_bar": false,
			"cooldown": 0,
			"title": {"text":"Timer"},			
			"icon": {"type": "texture",
				"texture": "albedo:textures/gui/omnitrix/albedo_omnitrix.png"},
			"conditions": [{"type": "lucraftcore:not", 
			            "conditions": [{
						"type": "lucraftcore:scoreboard_tag", 
						"tag": "Master"}]}],
			"commands": ["superpowerxp 1 @s", 
			"scoreboard players remove @s Timer 1", 
			"execute @s[score_Timer=0,score_Timer_min=0,tag=af] ~ ~ ~ /superpower @s albedo:al_omnitrix",
			"execute @s[score_Timer=0,score_Timer_min=0,tag=ua] ~ ~ ~ /superpower @s albedo:ultimatrix", 
			"execute @s[score_Timer=0,score_Timer_min=0] ~ ~ ~ /particle reddust ~ ~ ~ 1 1 1 0 7000", 
			"execute @s[score_Timer=1,score_Timer_min=1,tag=ua] ~ ~ ~ /playsound minecraft:custom.ultimatrixhuman master @a ~ ~ ~",
			"execute @s[score_Timer=1,score_Timer_min=1,tag=af] ~ ~ ~ /playsound minecraft:custom.recalibratedhuman master @a ~ ~ ~"]
		},
		"base": {	
	        "ability": "lucraftcore:command",		
			"cooldown": 0,
            "show_in_bar": true,	
            "title": {"text":"Base Form"},
			"icon": {"type": "texture", "texture": "albedo:textures/gui/omnitrix/albedo_omnitrix.png"},
            "bar_color": "red",				
			"commands": ["superpower @s[tag=af] albedo:al_omnitrix", 
			"superpower @s[tag=ua] albedo:ultimatrix",
			"execute @s[tag=af] ~ ~ ~ /playsound minecraft:custom.recalibratedhuman master @a ~ ~ ~", 
			"execute @s[tag=ua] ~ ~ ~ /playsound minecraft:custom.ultimatrixhuman master @a ~ ~ ~",
			"particle reddust ~ ~ ~ 1 1 1 0 7000"]
		}
	}
}