{
	"name": {
		"text": "Necrofriggian"
	},

	"icon": {
		"type": "texture",
		"texture": "albedo:textures/gui/omnitrix/necrofriggian_activation.png"
	},

	"creative_tab": "albedo",
	
	"max_level": 40,
	
	"capsule_color": 3080117,
	
    "effects": [
        {
        	"type": "skin_change",
        	"texture": "albedo:textures/models/albedo/al_necrofriggian.png"
        },
        {
        	"type": "skin_change",
        	"texture": "albedo:textures/models/albedo/al_necrofriggian_flying.png",
        	"conditions": [
        		{
        			"type": "ability_enabled",
        			"ability": "lucraftcore:flight"
        		}
        	]
        },
        {
        	"type": "skin_change",
        	"texture": "albedo:textures/models/albedo/al_necrofriggian_transparent.png",
        	"conditions": [
        		{
        			"type": "ability_enabled",
        			"ability": "speedsterheroes:phasing"
        		}
        	]
        },
		{
            "type": "skin_overlay",
            "texture": "albedo:textures/overlays/glow/al_necrofriggian_glow.png",
            "size": 0,
            "glow": true,
            "conditions": [
            	{
            		"type": "always"
            	}
            ]
        }
    ],
	
	"abilities": {
		"radiation_protection": {
            "ability": "the-fifth-world:potion_immunity",
            "show_in_bar": false,
            "title": {"text":"Radiation Protection"},
            "icon": {"type": "internal"},
            "potion": "lucraftcore:radiation"
        },
		"death_state":{
			"ability": "lucraftcore:command_loop",
			"show_in_bar": false,
			"cooldown": 0,
			"title": {"text":"Death State"},			
			"icon": {"type": "texture",
				"texture": "albedo:textures/gui/omnitrix/albedo_omnitrix.png"},
			"commands": ["execute @s[score_Health=0,score_Health_min=0,tag=af] ~ ~ ~ /superpower @s albedo:al_omnitrix",
			"execute @s[score_Health=0,score_Health_min=0,tag=ua] ~ ~ ~ /superpower @s albedo:ultimatrix"],
			"hidden": true
		},
		"health": {		
			"ability": "lucraftcore:health",			
            "show_in_bar": false,		
            "title": {"text":"Health"},					
			"amount": 5,
			"operation": 0,
			"uuid": "5c5cfbea-9f1b-42dd-b43c-d129733c4a75"		
		},
		"strength": {	
			"ability": "lucraftcore:strength",				
            "show_in_bar": false,		
            "title": {"text":"Strength"},							
			"amount": 9,
			"operation": 0,
			"uuid": "5c5cfbea-9f1b-42dd-b43c-d129733c4a75"			
		},
		"sprint": {
			"ability": "lucraftcore:sprint",			
            "show_in_bar": false,		
            "title": {"text":"Speed"},										
			"amount": 0.5,
			"operation": 0,
			"uuid": "5c5cfbea-9f1b-42dd-b43c-d129733c4a75"							
		},	
		"jump": {
			"ability": "lucraftcore:jump_boost",			
            "show_in_bar": false,		
            "title": {"text":"Jump Boost"},									
			"amount": 4,
			"operation": 0,
			"uuid": "5c5cfbea-9f1b-42dd-b43c-d129733c4a75"	
		},
		"defense": {
			"ability": "lucraftcore:resistance",			
            "show_in_bar": false,		
            "title": {"text":"Resistance"},						
			"amount": 5,
			"operation": 0,
			"uuid": "5c5cfbea-9f1b-42dd-b43c-d129733c4a75"			
		},
		"fall_resistance": {
			"ability": "lucraftcore:fall_resistance",
			"show_in_bar": false,
			"title": {"text":"Fall Resistance"},
			"amount": 200,
			"operation": 0,
			"uuid": "5c5cfbea-9f1b-42dd-b43c-d129733c4a75"
		},
		"defense": {
			"ability": "lucraftcore:fire_resistance",			
            "show_in_bar": false,		
            "title": {"text":"Fire Resistance"},						
			"operation": 0,
			"uuid": "5c5cfbea-9f1b-42dd-b43c-d129733c4a75"			
		},
		"flight": {			
			"ability": "lucraftcore:flight",
			"icon": {"type": "internal"},
            "cooldown": 0,			
            "show_in_bar": true,
            "title": {"text":"Fly"},	
            "bar_color": "red",				
			"speed": 1.0,
            "sprint_speed": 2,
			"rotate_arms": false
		},
		"flight_xp": {
            "ability": "lucraftcore:command_toggle",
            "cooldown": 0,
			"parent_ability": "flight",
            "show_in_bar": false,
            "title": {"text":"Flight XP"},
            "icon": {"type": "internal"},
            "conditions": [{
			    "type": "ability_enabled",
				"ability": "lucraftcore:flight"}],
		    "commands": ["/superpowerxp 1 @s"],
		    "hidden": true
		},
		"freezebreath": {
			"ability": "heroesexpansion:freeze_breath",
			"icon": {"type": "texture", "texture": "albedo:textures/gui/omnitrix/necrofriggian_freezebreath.png"},
			"cooldown": 200,			
            "show_in_bar": true,
            "title": {"text":"Freeze Breath"},
            "bar_color": "red"		
		},
		"freezebreath_xp": {
            "ability": "lucraftcore:command",
            "cooldown": 0,
			"parent_ability": "freezebreath",
            "show_in_bar": false,
            "title": {"text":"Freeze Breath XP"},
			"icon": {"type": "texture", "texture": "albedo:textures/gui/omnitrix/necrofriggian_freezebreath.png"},
            "conditions": [{
			    "type": "ability_enabled",
				"ability": "heroesexpansion:freeze_breath"}],
		    "commands": ["/superpowerxp 10 @s"],
		    "hidden": true
		},
		"phasing": {
            "ability": "speedsterheroes:phasing",
			"icon": {"type": "texture", "texture": "albedo:textures/gui/omnitrix/necrofriggianphasing.png"},
            "frequency": 20,
			"bar_color": "red",
			"title": {"text":"Necrofriggian Phasing"},
			"uuid": "5c5cfbea-9f1b-42dd-b43c-d129733c4a75"	
		},
		"phasing_xp": {
            "ability": "lucraftcore:command_held",
            "cooldown": 0,
			"parent_ability": "phasing",
            "show_in_bar": false,
            "title": {"text":"Phasing XP"},
            "icon": {"type": "internal"},
            "conditions": [{
			    "type": "ability_enabled",
				"ability": "speedsterheroes:phasing"}],
		    "commands": ["/superpowerxp 15 @s"],
		    "hidden": true
		},
		"phase_direction":{
			"ability": "lucraftcore:command_held",
			"parent_ability": "phasing",
            "show_in_bar": false,			
			"title": {"text": "Phase Direction"},	
			"icon": {"type": "texture",	"texture": "albedo:textures/gui/omnitrix/necrofriggianphasing.png"},
            "bar_color": "red",
            "conditions": [{
			    "type": "ability_enabled",
				"ability": "speedsterheroes:phasing"}], 
			"commands": ["scoreboard players set @s[rx=39,rxm=-39] Facing 0", 
			"scoreboard players set @s[rx=-40,rxm=-90] Facing 1", 
			"scoreboard players set @s[rx=90,rxm=40] Facing 2", 
			"execute @s[score_Facing=1,score_Facing_min=1] ~ ~ ~ /tp @s ~ ~0.1 ~", 
			"execute @s[score_Facing=2,score_Facing_min=2] ~ ~ ~ /tp @s ~ ~-0.1 ~"]			
		},
		"freeze_aura":{
			"ability": "lucraftcore:command_loop",
            "show_in_bar": false,			
			"title": {"text": "Freezing Aura"},
			"parent_ability": "phasing",	
            "bar_color": "red",			
			"icon": {"type": "texture",	"texture": "albedo:textures/gui/omnitrix/freezing_aura.png"},
            "bar_color": "red", 
			"commands": ["effect @e[rm=0,r=1] heroesexpansion:frozen 5 5"]			
		},
		"frost_wall":{
            "ability": "lucraftcore:command",
            "show_in_bar": true,
			"bar_color": "red",
            "cooldown": 0,
            "title": {"text":"Frost Wall"},
            "icon": {"type": "texture", "texture": "albedo:textures/gui/omnitrix/frostwall.png"},
            "commands": ["/cast ebwizardry:wall_of_frost @p 5"],
            "hidden": true
	    },
		"ultimate": {	
	        "ability": "lucraftcore:command",		
			"cooldown": 0,
            "show_in_bar": true,	
            "title": {"text":"Ultimate Necrofriggian"},
			"icon": {"type": "texture", "texture": "albedo:textures/gui/omnitrix/albedo_ultimatrix.png"},
            "bar_color": "red",
			"conditions": [{"type": "lucraftcore:scoreboard_tag", 
			                "tag": "ua"}],				
			"commands": ["/sizechange @s 1", 
			"/superpower @s albedo:ultimate_necrofriggian", 
			"playsound minecraft:custom.ultimatrixtransform master @a ~ ~ ~", 
			"/particle reddust ~ ~ ~ 1 1 1 0 7000"]
		},
		"switch": {	
	        "ability": "lucraftcore:command",		
			"cooldown": 0,
            "show_in_bar": true,	
            "title": {"text":"Switch"},
			"icon": {"type": "texture", "texture": "albedo:textures/gui/omnitrix/albedo_selection.png"},
            "bar_color": "red",				
			"command": ["/superpower @s albedo:necrofriggian_switch"]
		},
		"timer":{
			"ability": "lucraftcore:command_loop",
			"show_in_bar": false,
			"cooldown": 0,
			"title": {"text":"Timer"},			
			"icon": {"type": "texture",
				"texture": "albedo:textures/gui/omnitrix/albedo_omnitrix.png"},
			"conditions": [{"type": "lucraftcore:not", 
			            "conditions": [{
						"type": "lucraftcore:scoreboard_tag", 
						"tag": "Master"}]}],
			"commands": ["superpowerxp 1 @s", 
			"scoreboard players remove @s Timer 1", 
			"execute @s[score_Timer=0,score_Timer_min=0,tag=af] ~ ~ ~ /superpower @s albedo:al_omnitrix",
			"execute @s[score_Timer=0,score_Timer_min=0,tag=ua] ~ ~ ~ /superpower @s albedo:ultimatrix", 
			"execute @s[score_Timer=0,score_Timer_min=0] ~ ~ ~ /particle reddust ~ ~ ~ 1 1 1 0 7000", 
			"execute @s[score_Timer=1,score_Timer_min=1,tag=ua] ~ ~ ~ /playsound minecraft:custom.ultimatrixhuman master @a ~ ~ ~",
			"execute @s[score_Timer=1,score_Timer_min=1,tag=af] ~ ~ ~ /playsound minecraft:custom.recalibratedhuman master @a ~ ~ ~"]
		},
		"base": {	
	        "ability": "lucraftcore:command",		
			"cooldown": 0,
            "show_in_bar": true,	
            "title": {"text":"Base Form"},
			"icon": {"type": "texture", "texture": "albedo:textures/gui/omnitrix/albedo_omnitrix.png"},
            "bar_color": "red",				
			"commands": ["superpower @s[tag=af] albedo:al_omnitrix", 
			"superpower @s[tag=ua] albedo:ultimatrix",
			"execute @s[tag=af] ~ ~ ~ /playsound minecraft:custom.recalibratedhuman master @a ~ ~ ~", 
			"execute @s[tag=ua] ~ ~ ~ /playsound minecraft:custom.ultimatrixhuman master @a ~ ~ ~",
			"particle reddust ~ ~ ~ 1 1 1 0 7000"]
		}
	}
}