{
	"name": {
		"text": "Petrosapien"
	},

	"icon": {
		"type": "texture",
		"texture": "albedo:textures/gui/omnitrix/petrosapien_activation.png"
	},

	"creative_tab": "albedo",
	
	"max_level": 40,
	
	"capsule_color": 3080117,
	
    "effects": [
        {
            "type": "skin_change",
            "texture": "albedo:textures/models/albedo/al_petrosapien.png"
        },
		{
            "type": "skin_overlay",
            "texture": "albedo:textures/overlays/glow/al_petrosapien_glow.png",
            "size": 0,
            "glow": true,
            "conditions": [
            	{
            		"type": "always"
            	}
            ]
        }
    ],
	
	"abilities": {
		"radiation_protection": {
            "ability": "the-fifth-world:potion_immunity",
            "show_in_bar": false,
            "title": {"text":"Radiation Protection"},
            "icon": {"type": "internal"},
            "potion": "lucraftcore:radiation"
        },
		"death_state":{
			"ability": "lucraftcore:command_loop",
			"show_in_bar": false,
			"cooldown": 0,
			"title": {"text":"Death State"},			
			"icon": {"type": "texture",
				"texture": "albedo:textures/gui/omnitrix/albedo_omnitrix.png"},
			"commands": ["execute @s[score_Health=0,score_Health_min=0,tag=af] ~ ~ ~ /superpower @s albedo:al_omnitrix",
			"execute @s[score_Health=0,score_Health_min=0,tag=ua] ~ ~ ~ /superpower @s albedo:ultimatrix"],
			"hidden": true
		},
		"gain": {
            "ability": "lucraftcore:command_on_gain",
            "show_in_bar": false,
            "title": {"translate":"lucraftcore.abilities.command_on_gain.name"},
            "icon": {"type": "internal"},
            "commands": ["scoreboard objectives add Sneak stat.sneakTime"]
        },
		"lose": {
            "ability": "lucraftcore:command_on_lose",
            "show_in_bar": false,
            "title": {"translate":"lucraftcore.abilities.command_on_lose.name"},
            "icon": {"type": "internal"},
            "commands": ["scoreboard objectives remove Sneak stat.sneakTime"]
        },		
		"sneak": {
		    "hidden": true,
			"ability": "lucraftcore:command_loop",
			"show_in_bar": false,
			"title": {"text": "Sneak"},
			"icon": {"type": "texture", "texture": "albedo:textures/gui/omnitrix/albedo_omnitrix.png"},
			"bar_color": "light_gray",
			"commands": ["scoreboard players tag @s[score_Sneak=1,score_Sneak_min=1] add Sneaking",
            "scoreboard players tag @s[score_Sneak=0,score_Sneak_min=0] remove Sneaking",
			"execute @s[score_Sneak_min=1] ~ ~ ~ /fill ~-6 ~-6 ~-6 ~6 ~6 ~6 air 0 replace prismarine 1",
			"scoreboard players set @s[score_Sneak_min=1] Sneak 0"]
        },	
		"size": {
			"ability": "lucraftcore:command_loop",
			"show_in_bar": false,
			"title": {"text": "Big size"},
			"icon": {"type": "internal"},
			"bar_color": "light_gray",
			"commands": ["sizechange @s 1.3 lucraftcore:default"]
		},
		"health": {		
			"ability": "lucraftcore:health",			
            "show_in_bar": false,		
            "title": {"text":"Health"},					
			"amount": 10,
			"operation": 0,
			"uuid": "5c5cfbea-9f1b-42dd-b43c-d129733c4a75"		
		},
		"strength": {	
			"ability": "lucraftcore:strength",				
            "show_in_bar": false,		
            "title": {"text":"Strength"},							
			"amount": 20,
			"operation": 0,
			"uuid": "5c5cfbea-9f1b-42dd-b43c-d129733c4a75"			
		},
		"defense": {
			"ability": "lucraftcore:resistance",			
            "show_in_bar": false,		
            "title": {"text":"Resistance"},						
			"amount": 20,
			"operation": 0,
			"uuid": "5c5cfbea-9f1b-42dd-b43c-d129733c4a75"			
		},		
		"diamond_shield":{
            "ability": "lucraftcore:command",
            "cooldown": 20,
            "show_in_bar": true,
			"bar_color": "red",
            "title": {"text":"Diamond Shield"},
            "icon": {"type": "texture", "texture": "albedo:textures/gui/omnitrix/diamond_shield.png"},
            "commands": ["execute @s[ry=-68,rym=-112] ~ ~ ~ /summon armor_stand ~3 ~ ~ {CustomName:\"Wall1\",Small:1,Invisible:1,NoGravity:1}",
                         "execute @e[name=Wall1] ~ ~ ~ /fill ~ ~ ~-2 ~ ~2 ~2 prismarine 1 replace air 0",
						 "execute @e[name=Wall1] ~ ~ ~ /fill ~ ~ ~-2 ~ ~2 ~2 prismarine 1 replace tallgrass 1",
						 "execute @e[name=Wall1] ~ ~ ~ /fill ~ ~ ~-2 ~ ~2 ~2 prismarine 1 replace double_plant 2",
                         "execute @s[ry=112,rym=68] ~ ~ ~ /summon armor_stand ~-3 ~ ~ {CustomName:\"Wall2\",Small:1,Invisible:1,NoGravity:1}",
                         "execute @e[name=Wall2] ~ ~ ~ /fill ~ ~ ~-2 ~ ~2 ~2 prismarine 1 replace air 0",
						 "execute @e[name=Wall2] ~ ~ ~ /fill ~ ~ ~-2 ~ ~2 ~2 prismarine 1 replace tallgrass 1",
						 "execute @e[name=Wall2] ~ ~ ~ /fill ~ ~ ~-2 ~ ~2 ~2 prismarine 1 replace double_plant 2",
                         "execute @s[ry=22,rym=-22] ~ ~ ~ /summon armor_stand ~ ~ ~3 {CustomName:\"Wall3\",Small:1,Invisible:1,NoGravity:1}",
                         "execute @e[name=Wall3] ~ ~ ~ /fill ~-2 ~ ~ ~2 ~2 ~ prismarine 1 replace air 0",
						 "execute @e[name=Wall3] ~ ~ ~ /fill ~-2 ~ ~ ~2 ~2 ~ prismarine 1 replace tallgrass 1",
						 "execute @e[name=Wall3] ~ ~ ~ /fill ~-2 ~ ~ ~2 ~2 ~ prismarine 1 replace double_plant 2",
						 "execute @s[ry=-158,rym=158] ~ ~ ~ /summon armor_stand ~ ~ ~-3 {CustomName:\"Wall4\",Small:1,Invisible:1,NoGravity:1}",
                         "execute @e[name=Wall4] ~ ~ ~ /fill ~-2 ~ ~ ~2 ~2 ~ prismarine 1 replace air 0",
						 "execute @e[name=Wall4] ~ ~ ~ /fill ~-2 ~ ~ ~2 ~2 ~ prismarine 1 replace tallgrass 1",
						 "execute @e[name=Wall4] ~ ~ ~ /fill ~-2 ~ ~ ~2 ~2 ~ prismarine 1 replace double_plant 2",
						 "execute @e[type=armor_stand,r=10] ~ ~ ~ /particle blockcrack ~ ~ ~ 2 1.2 2 50 1000 force @a 4264",
						 "execute @s ~ ~ ~ kill @e[type=armor_stand,r=10]",
						 "/superpowerxp 30 @s"],
            "hidden": true
		},
		"cocoon": {	
	        "ability": "lucraftcore:command",
			"required_level": 20,
            "cooldown": 400,
            "show_in_bar": true,	
            "title": {"text":"Diamond Cocoon"},
			"icon": {"type": "texture", "texture": "albedo:textures/gui/omnitrix/diamond_dome.png"},
            "bar_color": "red",				
			"commands": ["/fill ~-2 ~-1 ~-2 ~2 ~4 ~2 prismarine 1 hollow", 
			"playsound minecraft:custom.cocoon master @a[r=10] ~ ~ ~", 
			"/superpowerxp 30 @s"]
		},
		"diamond_shot":{
            "ability": "lucraftcore:command",
            "show_in_bar": true,
			"bar_color": "red",
            "cooldown": 0,
            "title": {"text":"Diamond Shot"},
            "icon": {"type": "texture", "texture": "albedo:textures/gui/omnitrix/diamond_shot.png"},
            "commands": ["/cast ebwizardry:ice_shard @p", "/superpowerxp 5 @s"],
            "hidden": true
		},
		"diamond_spikes":{
            "ability": "lucraftcore:command",
			"required_level": 25,
            "cooldown": 200,
            "show_in_bar": true,
			"bar_color": "red",
            "title": {"text":"Diamond Spikes"},
            "icon": {"type": "texture", "texture": "albedo:textures/gui/omnitrix/diamond_spikes.png"},
            "commands": ["/cast ebwizardry:ice_spikes @p", "/superpowerxp 30 @s"],
            "hidden": true
		},
		"crystal_rain":{
            "ability": "lucraftcore:command",
			"required_level": 30,
            "cooldown": 400,
            "show_in_bar": true,
			"bar_color": "red",            
            "title": {"text":"Crystal Rain"},
            "icon": {"type": "texture", "texture": "albedo:textures/gui/omnitrix/diamond_rain.png"},
            "commands": ["/cast ebwizardry:hailstorm @p", "/superpowerxp 30 @s"],
            "hidden": true
		},
		"switch": {	
	        "ability": "lucraftcore:command",		
			"cooldown": 0,
            "show_in_bar": true,	
            "title": {"text":"Switch"},
			"icon": {"type": "texture", "texture": "albedo:textures/gui/omnitrix/albedo_selection.png"},
            "bar_color": "red",				
			"command": ["/superpower @s albedo:petrosapien_switch"]
		},
		"timer":{
			"ability": "lucraftcore:command_loop",
			"show_in_bar": false,
			"cooldown": 0,
			"title": {"text":"Timer"},			
			"icon": {"type": "texture",
				"texture": "albedo:textures/gui/omnitrix/albedo_omnitrix.png"},
			"conditions": [{"type": "lucraftcore:not", 
			            "conditions": [{
						"type": "lucraftcore:scoreboard_tag", 
						"tag": "Master"}]}],
			"commands": ["superpowerxp 1 @s", 
			"scoreboard players remove @s Timer 1", 
			"execute @s[score_Timer=0,score_Timer_min=0,tag=af] ~ ~ ~ /superpower @s albedo:al_omnitrix",
			"execute @s[score_Timer=0,score_Timer_min=0,tag=ua] ~ ~ ~ /superpower @s albedo:ultimatrix", 
			"execute @s[score_Timer=0,score_Timer_min=0] ~ ~ ~ /particle reddust ~ ~ ~ 1 1 1 0 7000", 
			"execute @s[score_Timer=1,score_Timer_min=1,tag=ua] ~ ~ ~ /playsound minecraft:custom.ultimatrixhuman master @a ~ ~ ~",
			"execute @s[score_Timer=1,score_Timer_min=1,tag=af] ~ ~ ~ /playsound minecraft:custom.recalibratedhuman master @a ~ ~ ~",
			"execute @s[score_Timer=0,score_Timer_min=0] ~ ~ ~ /fill ~-15 ~-15 ~-15 ~15 ~15 ~15 air 0 replace prismarine 1"]
		},
		"base": {	
	        "ability": "lucraftcore:command",		
			"cooldown": 0,
            "show_in_bar": true,	
            "title": {"text":"Base Form"},
			"icon": {"type": "texture", "texture": "albedo:textures/gui/omnitrix/albedo_omnitrix.png"},
            "bar_color": "red",				
			"commands": ["superpower @s[tag=af] albedo:al_omnitrix", 
			"superpower @s[tag=ua] albedo:ultimatrix",
			"execute @s[tag=af] ~ ~ ~ /playsound minecraft:custom.recalibratedhuman master @a ~ ~ ~", 
			"execute @s[tag=ua] ~ ~ ~ /playsound minecraft:custom.ultimatrixhuman master @a ~ ~ ~",
			"particle reddust ~ ~ ~ 1 1 1 0 7000", 
			"fill ~-15 ~-15 ~-15 ~15 ~15 ~15 air 0 replace prismarine 1"]
		}
	}
}