{
	"name": {
		"text": "Polymorph"
	},

	"icon": {
		"type": "texture",
		"texture": "albedo:textures/gui/omnitrix/polymorph_activation.png"
	},

	"creative_tab": "albedo",
	
	"max_level": 40,
	
	"capsule_color": 3080117,
	
    "effects": [

        {
        "type": "skin_change",
        "texture": "albedo:textures/models/albedo/al_polymorph.png"
        },
		{
            "type": "skin_overlay",
            "texture": "albedo:textures/overlays/glow/al_polymorph_glow.png",
            "size": 0,
            "glow": true,
            "conditions": [
            	{
            		"type": "always"
            	}
            ]
        }
    ],
	
	"abilities": {
		"size": {
		    "hidden": true,
			"ability": "lucraftcore:command_loop",
			"show_in_bar": false,
			"title": {"text": "Size"},
			"icon": {"type": "texture", "texture": "albedo:textures/gui/omnitrix/albedo_omnitrix.png"},
		    "conditions": [{
			    "type": "lucraftcore:not", 
			        "conditions": [{
						"type": "lucraftcore:ability_enabled", 
						"ability": "lucraftcore:size_change"}]}],
			"commands": ["sizechange @s 1"]
       },
		"radiation_protection": {
            "ability": "the-fifth-world:potion_immunity",
            "show_in_bar": false,
            "title": {"text":"Radiation Protection"},
            "icon": {"type": "internal"},
            "potion": "lucraftcore:radiation"
       },
		"health": {		
			"ability": "lucraftcore:health",			
            "show_in_bar": false,		
            "title": {"text":"Health"},					
			"amount": 5,
			"operation": 0,
			"uuid": "5c5cfbea-9f1b-42dd-b43c-d129733c4a75"		
		},
		"toggle_slime_form": {
            "ability": "lucraftcore:toggle_power",
            "cooldown": 0,
            "show_in_bar": true,
            "title": {"text":"Toggle Slime Form"},
            "icon": {"type": "texture", "texture": "albedo:textures/gui/omnitrix/slime_form.png"},
            "bar_color": "green"
       },
		"slime_trail":{
			"ability": "lucraftcore:command_loop",
			"show_in_bar": false,
			"required_ability": "toggle_slime_form",
			"cooldown": 0,
			"title": {"text":"Slime Trail"},			
			"icon": {"type": "texture",
				"texture": "albedo:textures/gui/omnitrix/slime_form.png"},
			"commands": ["particle blockcrack ~ ~-0.1 ~ 0.2 0.1 0.2 1 150 force @a 0165","effect @s minecraft:invisibility 1","sizechange @s 0.4","effect @s minecraft:jump_boost 1","superpowerxp 5 @s"],
			"hidden": true
       },
		"Slime_Flight": {			
			"ability": "lucraftcore:flight",			
            "icon": {"type": "texture", "texture": "albedo:textures/gui/omnitrix/slime_form.png"},
			"required_ability": "toggle_slime_form",
            "cooldown": 0,			
            "show_in_bar": true,
            "title": {"text":"Slime Flying"},	
            "bar_color": "green",				
			"speed": 1,
            "sprint_speed": 0.5,
			"rotate_arms": false
		},
		"fall_resistance": {
			"ability": "lucraftcore:fall_resistance",
			"show_in_bar": false,
			"title": {"text":"Fall Resistance"},
			"amount": 2000,
			"operation": 0,
			"uuid": "5c5cfbea-9f1b-42dd-b43c-d129733c4a75"
		},
		"slime_ball":{
            "ability": "lucraftcore:command",
            "cooldown": 20,
            "show_in_bar": true,
			"bar_color": "green",
            "title": {"text":"Slime Ball"},
            "icon": {"type": "texture", "texture": "albedo:textures/gui/omnitrix/slimeball.png"},
            "commands": ["/cast ebwizardry:slime @p", "/superpowerxp 10 @s"],
            "hidden": true
		},
		"healing": {
            "ability": "lucraftcore:healing",
            "show_in_bar": false,
            "title": {"translate":"lucraftcore.abilities.healing.name"},
            "icon": {"type": "internal"},
            "bar_color": "light_gray",
            "frequency": 20,
            "amount": 1
       },		
		"poison_punch": {
			"ability": "lucraftcore:potion_punch",
			"cooldown": 0,
			"show_in_bar": true,
			"title": {"text":"Slime Punch"},
            "icon": {"type": "texture", "texture": "albedo:textures/gui/omnitrix/slime_punch.png"},
			"bar_color": "green",
			"potion": "minecraft:poison",
			"amplifier": 2,
			"duration": 200
		},
		"punch_xp": {
            "ability": "lucraftcore:command_toggle",
            "cooldown": 0,
			"parent_ability": "poison_punch",
            "show_in_bar": false,
            "title": {"text":"Slime Punch XP"},
            "icon": {"type": "texture", "texture": "albedo:textures/gui/omnitrix/slime_punch.png"},
            "bar_color": "light_gray",
            "conditions": [{
			    "type": "ability_enabled",
				"ability": "lucraftcore:potion_punch"}],
		    "commands": ["/superpowerxp 5 @s"],
		    "hidden": true
		},
		"switch": {	
	        "ability": "lucraftcore:command",		
			"cooldown": 0,
            "show_in_bar": true,	
            "title": {"text":"Switch"},
			"icon": {"type": "texture", "texture": "albedo:textures/gui/omnitrix/albedo_selection.png"},
            "bar_color": "red",				
			"command": ["/superpower @s albedo:polymorph_switch"]
		},
		"death_state":{
			"ability": "lucraftcore:command_loop",
			"show_in_bar": false,
			"cooldown": 0,
			"title": {"text":"Death State"},			
			"icon": {"type": "texture",
				"texture": "albedo:textures/gui/omnitrix/albedo_omnitrix.png"},
			"commands": ["execute @s[score_Health=0,score_Health_min=0,tag=af] ~ ~ ~ /superpower @s albedo:al_omnitrix",
			"execute @s[score_Health=0,score_Health_min=0,tag=ua] ~ ~ ~ /superpower @s albedo:ultimatrix"]
		},
		"timer":{
			"ability": "lucraftcore:command_loop",
			"show_in_bar": false,
			"cooldown": 0,
			"title": {"text":"Timer"},			
			"icon": {"type": "texture",
				"texture": "albedo:textures/gui/omnitrix/albedo_omnitrix.png"},
			"conditions": [{"type": "lucraftcore:not", 
			            "conditions": [{
						"type": "lucraftcore:scoreboard_tag", 
						"tag": "Master"}]}],
			"commands": ["superpowerxp 1 @s", 
			"scoreboard players remove @s Timer 1", 
			"execute @s[score_Timer=0,score_Timer_min=0,tag=af] ~ ~ ~ /superpower @s albedo:al_omnitrix",
			"execute @s[score_Timer=0,score_Timer_min=0,tag=ua] ~ ~ ~ /superpower @s albedo:ultimatrix", 
			"execute @s[score_Timer=0,score_Timer_min=0] ~ ~ ~ /particle reddust ~ ~ ~ 1 1 1 0 7000", 
			"execute @s[score_Timer=1,score_Timer_min=1,tag=ua] ~ ~ ~ /playsound minecraft:custom.ultimatrixhuman master @a ~ ~ ~",
			"execute @s[score_Timer=1,score_Timer_min=1,tag=af] ~ ~ ~ /playsound minecraft:custom.recalibratedhuman master @a ~ ~ ~"]
		},
		"base": {	
	        "ability": "lucraftcore:command",		
			"cooldown": 0,
            "show_in_bar": true,	
            "title": {"text":"Base Form"},
			"icon": {"type": "texture", "texture": "albedo:textures/gui/omnitrix/albedo_omnitrix.png"},
            "bar_color": "red",				
			"commands": ["superpower @s[tag=af] albedo:al_omnitrix", 
			"superpower @s[tag=ua] albedo:ultimatrix",
			"execute @s[tag=af] ~ ~ ~ /playsound minecraft:custom.recalibratedhuman master @a ~ ~ ~", 
			"execute @s[tag=ua] ~ ~ ~ /playsound minecraft:custom.ultimatrixhuman master @a ~ ~ ~",
			"particle reddust ~ ~ ~ 1 1 1 0 7000"]
		}
	}
}