{
	"name": {
		"text": "Sonorosian"
	},

	"icon": {
		"type": "texture",
		"texture": "albedo:textures/gui/omnitrix/sonorosian_activation.png"
	},

	"creative_tab": "albedo",
	
	"max_level": 40,
	
	"capsule_color": 3080117,
	
    "effects": [

        {
        "type": "skin_change",
        "texture": "albedo:textures/models/albedo/al_sonorosian.png"
        },
        {
        	"type": "skin_change",
        	"texture": "albedo:textures/models/albedo/al_sonorosian_scream.png",
        	"conditions": [
        		{
        			"type": "ability_enabled",
        			"ability": "the-fifth-world:screech"
        		}
        	]
        },
		{
            "type": "skin_overlay",
            "texture": "albedo:textures/overlays/glow/al_sonorosian_glow.png",
            "size": 0,
            "glow": true,
            "conditions": [
            	{
            		"type": "always"
            	}
            ]
        },
		{
            "type": "skin_overlay",
            "texture": "albedo:textures/overlays/glow/al_sonorosian_scream_glow.png",
            "size": 0,
            "glow": true,
            "conditions": [
            	{
        			"type": "ability_enabled",
        			"ability": "the-fifth-world:screech"
        		}
            ]
        }
    ],
	
	"abilities": {
		"radiation_protection": {
            "ability": "the-fifth-world:potion_immunity",
            "show_in_bar": false,
            "title": {"text":"Radiation Protection"},
            "icon": {"type": "internal"},
            "potion": "lucraftcore:radiation"
        },
		"death_state":{
			"ability": "lucraftcore:command_loop",
			"show_in_bar": false,
			"cooldown": 0,
			"title": {"text":"Death State"},			
			"icon": {"type": "texture",
				"texture": "albedo:textures/gui/omnitrix/albedo_omnitrix.png"},
			"commands": ["execute @s[score_Health=0,score_Health_min=0,tag=af] ~ ~ ~ /superpower @s albedo:al_omnitrix",
			"execute @s[score_Health=0,score_Health_min=0,tag=ua] ~ ~ ~ /superpower @s albedo:ultimatrix"]
		},
		"sonic_cry": {
			"ability": "the-fifth-world:screech",
			"cooldown": 50,
            "show_in_bar": true,
            "bar_color": "red",			
            "title": {"text":"Sonic Cry"},		
			"icon": {"type": "texture", "texture": "albedo:textures/gui/omnitrix/sonic_cry.png"},
            "damage": 20.0
		},
		"sonic_cry_xp": {
            "ability": "lucraftcore:command",
            "cooldown": 0,
			"parent_ability": "sonic_cry",
            "show_in_bar": false,
            "title": {"text":"Sonic Cry XP"},		
			"icon": {"type": "texture", "texture": "albedo:textures/gui/omnitrix/sonic_cry.png"},
            "conditions": [{
			    "type": "ability_enabled",
				"ability": "the-fifth-world:screech"}],
		    "commands": ["/superpowerxp 10 @s", "playsound minecraft:custom.sonorosian master @a[r=10] ~ ~ ~"],
		    "hidden": true
		},
		"echolocation": {
            "ability": "heroesexpansion:x_ray",
            "cooldown": 10,
            "show_in_bar": true,
            "title": {"text":"Echolocation"},
            "icon": {"type": "internal"},
            "bar_color": "red"
        },
		"clone":{
            "ability": "lucraftcore:command",
            "show_in_bar": true,
			"bar_color": "red",
            "cooldown": 0,
            "title": {"text":"Clone"},
            "icon": {"type": "texture", "texture": "albedo:textures/gui/omnitrix/sonorosian_clone.png"},
            "commands": ["/cast ebwizardry:decoy @p"],
            "hidden": true
	    },
		"size": {
			"ability": "lucraftcore:command_loop",
			"show_in_bar": false,
			"title": {"text": "Small size"},
			"icon": {"type": "internal"},
			"bar_color": "red",
			"commands": ["sizechange @s 0.7 lucraftcore:default"]
		},
		"ultimate": {	
	        "ability": "lucraftcore:command",		
			"cooldown": 0,
            "show_in_bar": true,	
            "title": {"text":"Ultimate Sonorosian"},
			"icon": {"type": "texture", "texture": "albedo:textures/gui/omnitrix/albedo_ultimatrix.png"},
            "bar_color": "red",
			"conditions": [{"type": "lucraftcore:scoreboard_tag", 
			                "tag": "ua"}],				
			"commands": ["/sizechange @s 1", 
			"/superpower @s albedo:ultimate_sonorosian", 
			"playsound minecraft:custom.ultimatrixtransform master @a ~ ~ ~", 
			"/particle reddust ~ ~ ~ 1 1 1 0 7000"]
		},
		"switch": {	
	        "ability": "lucraftcore:command",		
			"cooldown": 0,
            "show_in_bar": true,	
            "title": {"text":"Switch"},
			"icon": {"type": "texture", "texture": "albedo:textures/gui/omnitrix/albedo_selection.png"},
            "bar_color": "red",				
			"command": ["/superpower @s albedo:sonorosian_switch"]
		},
		"timer":{
			"ability": "lucraftcore:command_loop",
			"show_in_bar": false,
			"cooldown": 0,
			"title": {"text":"Timer"},			
			"icon": {"type": "texture",
				"texture": "albedo:textures/gui/omnitrix/albedo_omnitrix.png"},
			"conditions": [{"type": "lucraftcore:not", 
			            "conditions": [{
						"type": "lucraftcore:scoreboard_tag", 
						"tag": "Master"}]}],
			"commands": ["superpowerxp 1 @s", 
			"scoreboard players remove @s Timer 1", 
			"execute @s[score_Timer=0,score_Timer_min=0,tag=af] ~ ~ ~ /superpower @s albedo:al_omnitrix",
			"execute @s[score_Timer=0,score_Timer_min=0,tag=ua] ~ ~ ~ /superpower @s albedo:ultimatrix", 
			"execute @s[score_Timer=0,score_Timer_min=0] ~ ~ ~ /particle reddust ~ ~ ~ 1 1 1 0 7000", 
			"execute @s[score_Timer=1,score_Timer_min=1,tag=ua] ~ ~ ~ /playsound minecraft:custom.ultimatrixhuman master @a ~ ~ ~",
			"execute @s[score_Timer=1,score_Timer_min=1,tag=af] ~ ~ ~ /playsound minecraft:custom.recalibratedhuman master @a ~ ~ ~"]
		},
		"base": {	
	        "ability": "lucraftcore:command",		
			"cooldown": 0,
            "show_in_bar": true,	
            "title": {"text":"Base Form"},
			"icon": {"type": "texture", "texture": "albedo:textures/gui/omnitrix/albedo_omnitrix.png"},
            "bar_color": "red",				
			"commands": ["superpower @s[tag=af] albedo:al_omnitrix", 
			"superpower @s[tag=ua] albedo:ultimatrix",
			"execute @s[tag=af] ~ ~ ~ /playsound minecraft:custom.recalibratedhuman master @a ~ ~ ~", 
			"execute @s[tag=ua] ~ ~ ~ /playsound minecraft:custom.ultimatrixhuman master @a ~ ~ ~",
			"particle reddust ~ ~ ~ 1 1 1 0 7000"]
		}
	}
}