{
	"name": {
		"text": "To'kustar"
	},

	"icon": {
		"type": "texture",
		"texture": "albedo:textures/gui/omnitrix/tokustar_activation.png"
	},

	"creative_tab": "albedo",
	
	"max_level": 40,
	
	"capsule_color": 3080117,
	
    "effects": [
        {
            "type": "skin_change",
            "texture": "albedo:textures/models/albedo/al_tokustar.png"
        },
		{
            "type": "skin_overlay",
            "texture": "albedo:textures/overlays/glow/al_tokustar_glow.png",
            "size": 0,
            "glow": true,
            "conditions": [
            	{
            		"type": "always"
            	}
            ]
        }
    ],
	
	"abilities": {
		"radiation_protection": {
            "ability": "the-fifth-world:potion_immunity",
            "show_in_bar": false,
            "title": {"text":"Radiation Protection"},
            "icon": {"type": "internal"},
            "potion": "lucraftcore:radiation"
        },
		"death_state":{
			"ability": "lucraftcore:command_loop",
			"show_in_bar": false,
			"cooldown": 0,
			"title": {"text":"Death State"},			
			"icon": {"type": "texture",
				"texture": "albedo:textures/gui/omnitrix/albedo_omnitrix.png"},
			"commands": ["execute @s[score_Health=0,score_Health_min=0,tag=af] ~ ~ ~ /superpower @s albedo:al_omnitrix",
			"execute @s[score_Health=0,score_Health_min=0,tag=ua] ~ ~ ~ /superpower @s albedo:ultimatrix"],
			"hidden": true
		},
		"gigantification_2": {
			"ability": "lucraftcore:command_loop",
			"show_in_bar": false,
			"title": {"text": "Gigantification"},
			"icon": {"type": "internal"},
			"bar_color": "red",
			"commands": ["sizechange @s 12", "/effect @s minecraft:mining_fatigue 1 0 true"]
		},
		"health": {		
			"ability": "lucraftcore:health",			
            "show_in_bar": false,		
            "title": {"text":"Health"},					
			"amount": 20,
			"operation": 0,
			"uuid": "5c5cfbea-9f1b-42dd-b43c-d129733c4a75"		
		},
		"strength": {	
			"ability": "lucraftcore:strength",				
            "show_in_bar": false,		
            "title": {"text":"Strength"},							
			"amount": 17,
			"operation": 0,
			"uuid": "5c5cfbea-9f1b-42dd-b43c-d129733c4a75"			
		},	
		"jump": {
			"ability": "lucraftcore:jump_boost",			
            "show_in_bar": false,		
            "title": {"text":"Jump Boost"},									
			"amount": 10,
			"operation": 0,
			"uuid": "5c5cfbea-9f1b-42dd-b43c-d129733c4a75"	
		},
		"defense": {
			"ability": "lucraftcore:resistance",			
            "show_in_bar": false,		
            "title": {"text":"Resistance"},						
			"amount": 150,
			"operation": 0,
			"uuid": "5c5cfbea-9f1b-42dd-b43c-d129733c4a75"			
		},
		"fall_resistance": {
			"ability": "lucraftcore:fall_resistance",
			"show_in_bar": false,
			"title": {"text":"Fall Resistance"},
			"amount": 200,
			"operation": 0,
			"uuid": "5c5cfbea-9f1b-42dd-b43c-d129733c4a75"
		},
		"tough_lungs": {
            "ability": "lucraftcore:tough_lungs",
            "show_in_bar": false,
            "title": {"translate":"lucraftcore.abilities.tough_lungs.name"},
            "icon": {"type": "internal"},
            "bar_color": "light_gray"
        },
		"long_range_punch": {
			"ability": "lucraftcore:set_punch",
			"cooldown": 0,
			"show_in_bar": true,
			"title": {"translate":"lucraftcore.abilities.set_punch.name"},		
			"icon": {"type": "texture", "texture": "albedo:textures/gui/omnitrix/tokustarpunch.png"},
			"bar_color": "red",
			"arm": 0,
			"reach_distance": 20.0,
			"damage": 12.0
		},
		"stomp":{
            "ability": "lucraftcore:command",
			"required_level": 10,
            "cooldown": 60,
            "show_in_bar": true,
			"bar_color": "red",
            "title": {"text":"Stomp"},
            "icon": {"type": "texture", "texture": "albedo:textures/gui/omnitrix/stomp.png"},
            "commands": ["/cast ebwizardry:shockwave @p", "/superpowerxp 50 @s"],
            "hidden": true
		},
		"cosmic_beam": {
			"ability": "heroesexpansion:photon_blast",
			"cooldown": 250,
			"show_in_bar": true,
			"title": {"text":"Cosmic Beam"},
			"icon": {"type": "internal"},
			"bar_color": "red",
			"color": [138, 255, 255]
		},
		"ultimate": {	
	        "ability": "lucraftcore:command",		
			"cooldown": 0,
            "show_in_bar": true,	
            "title": {"text":"Ultimate Tokustar"},
			"icon": {"type": "texture", "texture": "albedo:textures/gui/omnitrix/albedo_ultimatrix.png"},
            "bar_color": "red",
			"conditions": [{"type": "lucraftcore:scoreboard_tag", 
			                "tag": "ua"}],				
			"commands": ["/sizechange @s 1", 
			"/superpower @s albedo:ultimate_tokustar", 
			"playsound minecraft:custom.ultimatrixtransform master @a ~ ~ ~", 
			"/particle reddust ~ ~ ~ 1 1 1 0 7000"]
		},
		"switch": {	
	        "ability": "lucraftcore:command",		
			"cooldown": 0,
            "show_in_bar": true,	
            "title": {"text":"Switch"},
			"icon": {"type": "texture", "texture": "albedo:textures/gui/omnitrix/albedo_selection.png"},
            "bar_color": "red",				
			"command": ["/superpower @s albedo:tokustar_switch"]
		},
		"timer":{
			"ability": "lucraftcore:command_loop",
			"show_in_bar": false,
			"cooldown": 0,
			"title": {"text":"Timer"},			
			"icon": {"type": "texture",
				"texture": "albedo:textures/gui/omnitrix/albedo_omnitrix.png"},
			"conditions": [{"type": "lucraftcore:not", 
			            "conditions": [{
						"type": "lucraftcore:scoreboard_tag", 
						"tag": "Master"}]}],
			"commands": ["superpowerxp 1 @s", 
			"scoreboard players remove @s Timer 1", 
			"execute @s[score_Timer=0,score_Timer_min=0,tag=af] ~ ~ ~ /superpower @s albedo:al_omnitrix",
			"execute @s[score_Timer=0,score_Timer_min=0,tag=ua] ~ ~ ~ /superpower @s albedo:ultimatrix", 
			"execute @s[score_Timer=0,score_Timer_min=0] ~ ~ ~ /particle reddust ~ ~ ~ 1 1 1 0 7000", 
			"execute @s[score_Timer=1,score_Timer_min=1,tag=ua] ~ ~ ~ /playsound minecraft:custom.ultimatrixhuman master @a ~ ~ ~",
			"execute @s[score_Timer=1,score_Timer_min=1,tag=af] ~ ~ ~ /playsound minecraft:custom.recalibratedhuman master @a ~ ~ ~"]
		},
		"base": {	
	        "ability": "lucraftcore:command",		
			"cooldown": 0,
            "show_in_bar": true,	
            "title": {"text":"Base Form"},
			"icon": {"type": "texture", "texture": "albedo:textures/gui/omnitrix/albedo_omnitrix.png"},
            "bar_color": "red",				
			"commands": ["superpower @s[tag=af] albedo:al_omnitrix", 
			"superpower @s[tag=ua] albedo:ultimatrix",
			"execute @s[tag=af] ~ ~ ~ /playsound minecraft:custom.recalibratedhuman master @a ~ ~ ~", 
			"execute @s[tag=ua] ~ ~ ~ /playsound minecraft:custom.ultimatrixhuman master @a ~ ~ ~",
			"particle reddust ~ ~ ~ 1 1 1 0 7000"]
		}
	}
}