{
	"name": {
		"text": "Ultimate Sonorosian"
	},

	"icon": {
		"type": "texture",
		"texture": "albedo:textures/gui/omnitrix/albedo_ultimatrix.png"
	},

	"creative_tab": "albedo",
	
	"max_level": 40,
	
	"capsule_color": 3080117,
	
    "effects": [

        {
        "type": "skin_change",
        "texture": "albedo:textures/models/albedo/ultimates/al_ult_sonorosian.png"
        },
		{
            "type": "skin_overlay",
            "texture": "albedo:textures/overlays/glow/ultimates/al_ult_sonorosian_glow.png",
            "size": 0,
            "glow": true,
            "conditions": [
            	{
            		"type": "always"
            	}
            ]
        }
    ],
	
	"abilities": {	
		"radiation_protection": {
            "ability": "the-fifth-world:potion_immunity",
            "show_in_bar": false,
            "title": {"text":"Radiation Protection"},
            "icon": {"type": "internal"},
            "potion": "lucraftcore:radiation"
        },	
		"scream": {
			"ability": "the-fifth-world:screech",
			"cooldown": 50,
            "show_in_bar": true,
            "bar_color": "red",			
            "title": {"text":"Sonic Cry"},			
			"icon": {"type": "texture",
				"texture": "albedo:textures/gui/omnitrix/u_sonic_cry.png"},
            "damage": 60.0			
		},
		"scream_sfx": {
            "ability": "lucraftcore:command",
            "cooldown": 0,
			"parent_ability": "scream",
            "show_in_bar": false,
            "title": {"text":"Sonic Cry SFX"},			
			"icon": {"type": "texture",
				"texture": "albedo:textures/gui/omnitrix/u_sonic_cry.png"},
            "conditions": [{
			    "type": "ability_enabled",
				"ability": "the-fifth-world:screech"}],
		    "commands": ["playsound minecraft:custom.ultimate_sonorosian master @a[r=10] ~ ~ ~"],
		    "hidden": true
		},		
		"echolocation": {
            "ability": "heroesexpansion:x_ray",
            "cooldown": 10,
            "show_in_bar": true,
            "title": {"text":"Echolocation"},
            "icon": {"type": "internal"},
            "bar_color": "red"
        },
		"flight": {			
			"ability": "lucraftcore:flight",
			"icon": {"type": "internal"},
            "cooldown": 0,			
            "show_in_bar": true,
            "title": {"text":"Flight"},	
            "bar_color": "red",				
			"speed": 1.6,
            "sprint_speed": 1,
			"rotate_arms": false
		},
		"fall_resistance": {
			"ability": "lucraftcore:fall_resistance",
			"show_in_bar": false,
			"title": {"text":"Fall Resistance"},
			"amount": 200,
			"operation": 0,
			"uuid": "5c5cfbea-9f1b-42dd-b43c-d129733c4a75"
		},
		"timer":{
			"ability": "lucraftcore:command_loop",
			"show_in_bar": false,
			"cooldown": 0,
			"title": {"text":"Timer"},			
			"icon": {"type": "texture",
				"texture": "albedo:textures/gui/omnitrix/albedo_omnitrix.png"},
			"conditions": [{"type": "lucraftcore:not", 
			            "conditions": [{
						"type": "lucraftcore:scoreboard_tag", 
						"tag": "Master"}]}],
			"commands": ["superpowerxp 1 @s", 
			"scoreboard players remove @s Timer 3", 
			"execute @s[score_Timer=0,score_Timer_min=0] ~ ~ ~ /superpower @s albedo:ultimatrix", 
			"execute @s[score_Timer=0,score_Timer_min=0] ~ ~ ~ /particle reddust ~ ~ ~ 1 1 1 0 7000", 
			"execute @s[score_Timer=1,score_Timer_min=1] ~ ~ ~ /playsound minecraft:custom.ultimatrixhuman master @a ~ ~ ~"],
			"hidden": true
		},
		"death_state":{
			"ability": "lucraftcore:command_loop",
			"show_in_bar": false,
			"cooldown": 0,
			"title": {"text":"Death State"},			
			"icon": {"type": "texture",
				"texture": "albedo:textures/gui/omnitrix/albedo_omnitrix.png"},
			"commands": ["execute @s[score_Health=0,score_Health_min=0,tag=af] ~ ~ ~ /superpower @s albedo:al_omnitrix",
			"execute @s[score_Health=0,score_Health_min=0,tag=ua] ~ ~ ~ /superpower @s albedo:ultimatrix"],
			"hidden": true
		},
		"devolve": {	
	        "ability": "lucraftcore:command",		
			"cooldown": 0,
            "show_in_bar": true,	
            "title": {"text":"Devolve"},
			"icon": {"type": "texture", "texture": "albedo:textures/gui/omnitrix/albedo_ultimatrix.png"},
            "bar_color": "red",				
			"commands": ["/superpower @s albedo:sonorosian", 
			"playsound minecraft:custom.ultimatrixhuman master @a ~ ~ ~", 
			"/particle reddust ~ ~ ~ 1 1 1 0 7000"]
		}
	}
}