{
	"name": {
		"text": "Ultimate Methanosian"
	},

	"icon": {
		"type": "texture",
		"texture": "albedo:textures/gui/omnitrix/albedo_ultimatrix.png"
	},

	"creative_tab": "albedo",
	
	"max_level": 40,
	
	"capsule_color": 3080117,
	
    "effects": [

        {
        "type": "skin_change",
        "texture": "albedo:textures/models/albedo/ultimates/al_ult_methanosian.png"
        },
		{
            "type": "skin_overlay",
            "texture": "albedo:textures/overlays/glow/ultimates/al_ult_methanosian_glow.png",
            "size": 0,
            "glow": true,
            "conditions": [
            	{
            		"type": "always"
            	}
            ]
        }
    ],
	
	"abilities": {
		"radiation_protection": {
            "ability": "the-fifth-world:potion_immunity",
            "show_in_bar": false,
            "title": {"text":"Radiation Protection"},
            "icon": {"type": "internal"},
            "potion": "lucraftcore:radiation"
        },
		"size": {
			"ability": "lucraftcore:command_loop",
			"show_in_bar": false,
			"title": {"text": "Big size"},
			"icon": {"type": "internal"},
			"bar_color": "light_gray",
			"commands": ["sizechange @s 2 lucraftcore:default"]
		},
		"health": {		
			"ability": "lucraftcore:health",			
            "show_in_bar": false,		
            "title": {"text":"Health"},					
			"amount": 10,
			"operation": 0,
			"uuid": "5c5cfbea-9f1b-42dd-b43c-d129733c4a75"		
		},
		"healing": {
            "ability": "lucraftcore:healing",
            "show_in_bar": false,
            "title": {"translate":"lucraftcore.abilities.healing.name"},
            "icon": {"type": "internal"},
            "bar_color": "red",
            "frequency": 5,
            "amount": 0.5
        },
		"strength": {	
			"ability": "lucraftcore:strength",				
            "show_in_bar": false,		
            "title": {"text":"Strength"},							
			"amount": 20,
			"operation": 0,
			"uuid": "5c5cfbea-9f1b-42dd-b43c-d129733c4a75"			
		},
		"defense": {
			"ability": "lucraftcore:resistance",			
            "show_in_bar": false,		
            "title": {"text":"Resistance"},						
			"amount": 20,
			"operation": 0,
			"uuid": "5c5cfbea-9f1b-42dd-b43c-d129733c4a75"			
		},
		"sprint": {
			"ability": "lucraftcore:sprint",			
            "show_in_bar": false,		
            "title": {"text":"Speed"},										
			"amount": 0.5,
			"operation": 0,
			"uuid": "5c5cfbea-9f1b-42dd-b43c-d129733c4a75"							
		},	
		"jump": {
			"ability": "lucraftcore:jump_boost",			
            "show_in_bar": false,		
            "title": {"text":"Jump Boost"},									
			"amount": 4,
			"operation": 0,
			"uuid": "5c5cfbea-9f1b-42dd-b43c-d129733c4a75"	
				
		},
		"fall_resistance": {
			"ability": "lucraftcore:fall_resistance",
			"show_in_bar": false,
			"title": {"text":"Fall Resistance"},
			"amount": 200,
			"operation": 0,
			"uuid": "5c5cfbea-9f1b-42dd-b43c-d129733c4a75"
		},
		"plant_growth": {
			"ability": "the-fifth-world:bonemeal_area",
			"cooldown": 0,
			"show_in_bar": true,
			"title": {"translate":"Bonemeal Area"},
			"icon": {"type": "texture", "texture": "albedo:textures/gui/omnitrix/bone_meal.png"},
			"bar_color": "red",
			"radius": 2		
		},
		"plant_growth_xp": {
            "ability": "lucraftcore:command",
            "cooldown": 0,
			"parent_ability": "plant_growth",
            "show_in_bar": false,
            "title": {"text":"Plant Growth XP"},
			"icon": {"type": "texture", "texture": "albedo:textures/gui/omnitrix/bone_meal.png"},
            "conditions": [{
			    "type": "ability_enabled",
				"ability": "the-fifth-world:bonemeal_area"}],
		    "commands": ["/superpowerxp 50 @s"],
		    "hidden": true
		},
		"plant_barrier":{
            "ability": "lucraftcore:command",
            "show_in_bar": true,
			"bar_color": "red",
            "cooldown": 400,
            "title": {"text":"Plant Barrier"},
            "icon": {"type": "texture", "texture": "albedo:textures/gui/omnitrix/plantbarrier.png"},
            "commands": ["/cast ebwizardry:forest_of_thorns @p"],
            "hidden": true
		},
		"thorn_trap":{
            "ability": "lucraftcore:command",
            "show_in_bar": true,
			"bar_color": "red",
            "cooldown": 100,
            "title": {"text":"Thorn Trap"},
            "icon": {"type": "texture", "texture": "albedo:textures/gui/omnitrix/thorntrap.png"},
            "commands": ["/cast ebwizardry:snare @p"],
            "hidden": true
		},
		"flamethrower":{
            "ability": "lucraftcore:command",
			"required_level": 30,
            "show_in_bar": true,
			"bar_color": "red",
            "cooldown": 400,
            "title": {"text":"Flamethrower"},
            "icon": {"type": "texture", "texture": "albedo:textures/gui/omnitrix/flamethrower.png"},
            "commands": ["/cast ebwizardry:fire_breath @p 5"],
            "hidden": true
		},
		"fireball":{
            "ability": "lucraftcore:command",
            "show_in_bar": true,
			"bar_color": "red",
            "cooldown": 0,
            "title": {"text":"Throw Fireball"},
            "icon": {"type": "texture", "texture": "albedo:textures/gui/omnitrix/fireball.png"},
            "commands": ["/cast ebwizardry:fireball @p"],
            "hidden": true
        },
		"flame_wave": {	
	        "ability": "lucraftcore:command",		
			"cooldown": 0,
            "show_in_bar": true,	
            "title": {"text":"Flame Wave"},
			"icon": {"type": "texture", "texture": "albedo:textures/gui/omnitrix/supernova.png"},
            "bar_color": "red",				
			"commands": ["/particle flame ~-3 ~ ~-3 3 3 3 0 7000", "/fill ~-3 ~ ~-3 ~3 ~ ~3 fire 0 replace air"]
		},	
		"freezing_immunity":{
			"ability": "the-fifth-world:potion_immunity",
			"show_in_bar": false,
			"potion": "heroesexpansion:frozen",
			"title": {"text":"Freezing Immunity"},
			"icon": {"type": "texture", "texture": "albedo:textures/gui/omnitrix/blaze.png"}
		},
		"timer":{
			"ability": "lucraftcore:command_loop",
			"show_in_bar": false,
			"cooldown": 0,
			"title": {"text":"Timer"},			
			"icon": {"type": "texture",
				"texture": "albedo:textures/gui/omnitrix/albedo_omnitrix.png"},
			"conditions": [{"type": "lucraftcore:not", 
			            "conditions": [{
						"type": "lucraftcore:scoreboard_tag", 
						"tag": "Master"}]}],
			"commands": ["superpowerxp 1 @s", 
			"scoreboard players remove @s Timer 3", 
			"execute @s[score_Timer=0,score_Timer_min=0] ~ ~ ~ /superpower @s albedo:ultimatrix", 
			"execute @s[score_Timer=0,score_Timer_min=0] ~ ~ ~ /particle reddust ~ ~ ~ 1 1 1 0 7000", 
			"execute @s[score_Timer=1,score_Timer_min=1] ~ ~ ~ /playsound minecraft:custom.ultimatrixhuman master @a ~ ~ ~"],
			"hidden": true
		},
		"death_state":{
			"ability": "lucraftcore:command_loop",
			"show_in_bar": false,
			"cooldown": 0,
			"title": {"text":"Death State"},			
			"icon": {"type": "texture",
				"texture": "albedo:textures/gui/omnitrix/albedo_omnitrix.png"},
			"commands": ["execute @s[score_Health=0,score_Health_min=0,tag=af] ~ ~ ~ /superpower @s albedo:al_omnitrix",
			"execute @s[score_Health=0,score_Health_min=0,tag=ua] ~ ~ ~ /superpower @s albedo:ultimatrix"],
			"hidden": true
		},
		"devolve": {	
	        "ability": "lucraftcore:command",		
			"cooldown": 0,
            "show_in_bar": true,	
            "title": {"text":"Devolve"},
			"icon": {"type": "texture", "texture": "albedo:textures/gui/omnitrix/albedo_ultimatrix.png"},
            "bar_color": "red",				
			"commands": ["/superpower @s albedo:methanosian", 
			"playsound minecraft:custom.ultimatrixhuman master @a ~ ~ ~", 
			"/particle reddust ~ ~ ~ 1 1 1 0 7000"]
		}
	}
}
