{
	"name" : {
		"text": "Albedo's Ultimatrix"
	},

	"icon": {
		"type": "texture",
		"texture": "albedo:textures/gui/omnitrix/albedo_omnitrix.png"
	},
	
	"creative_tab": "albedo",
	
	"max_level": 40,
	
	"capsule_color" : 65280,
	
	"effects": [
        {
            "type": "skin_overlay",
            "texture": "albedo:textures/overlays/ultimatrix/ultimatrix.png",
            "size": 0,
            "glow": false,
            "conditions": [
            	{
            		"type": "always"
				}
			]
	    },
		{
            "type": "skin_overlay",
            "texture": "albedo:textures/overlays/ultimatrix/ultimatrix_glow.png",
            "size": 0,
            "glow": true,
            "conditions": [
            	{
            		"type": "always"
            	}
            ]
        }
    ],

	"abilities": {
		"timeout": {
		    "hidden": true,
			"ability": "lucraftcore:command_loop",
			"show_in_bar": false,
			"title": {"text": "Recharge Mode"},
			"icon": {"type": "texture", "texture": "albedo:textures/gui/omnitrix/albedo_omnitrix.png"},
			"bar_color": "light_gray",
			"commands": ["execute @s[score_Timer=5999,score_Timer_min=0] ~ ~ ~ /scoreboard players add @s Timer 1", 
			"sizechange @s 1",  
			"execute @s[score_os=1,score_os_min=1] ~ ~ ~ /superpowerxp -40L @p",
			"execute @s[score_af=1,score_af_min=1] ~ ~ ~ /superpowerxp -40L @p",
			"execute @s[score_ov=1,score_ov_min=1] ~ ~ ~ /superpowerxp -40L @p"]
        },	
		"activate_ultimatrix": {	
	        "ability": "lucraftcore:command",
            "show_in_bar": true,	
            "title": {"text":"Activate Ultimatrix"},
			"icon": {"type": "texture", "texture": "albedo:textures/gui/omnitrix/albedo_selection.png"},
            "bar_color": "red",				
			"commands": ["/superpower @s albedo:ultimatrix_selection", 
			"playsound minecraft:custom.ultimatrix_switch master @a ~ ~ ~",
			"execute @s[score_os=1,score_os_min=1] ~ ~ ~ /scoreboard players set @p os 0",
			"execute @s[score_af=1,score_af_min=1] ~ ~ ~ /scoreboard players set @p af 0",
			"execute @s[score_ov=1,score_ov_min=1] ~ ~ ~ /scoreboard players set @p ov 0"]
		},		
		"sub": {	
	        "ability": "lucraftcore:command",            
			"show_in_bar": true,	
            "title": {"text":"Sub-Menu"},
			"icon": {"type": "texture", "texture": "albedo:textures/gui/omnitrix/albedo_omnitrix.png"},
            "bar_color": "red",				
			"commands": ["/superpower @s albedo:ultimatrix_sub", 
			"playsound minecraft:custom.ultimatrix_switch master @a ~ ~ ~"]
		}
	}
}
