{
	"name": {
		"text": "Ultimate Necrofriggian"
	},

	"icon": {
		"type": "texture",
		"texture": "albedo:textures/gui/omnitrix/albedo_ultimatrix.png"
	},

	"creative_tab": "albedo",
	
	"max_level": 40,
	
	"capsule_color": 3080117,
	
    "effects": [
        {
        	"type": "skin_change",
        	"texture": "albedo:textures/models/albedo/ultimates/al_ult_necrofriggian.png"
        },
        {
        	"type": "skin_change",
        	"texture": "albedo:textures/models/albedo/ultimates/al_ult_necrofriggian_flying.png",
        	"conditions": [
        		{
        			"type": "ability_enabled",
        			"ability": "lucraftcore:flight"
        		}
        	]
        },
        {
        	"type": "skin_change",
        	"texture": "albedo:textures/models/albedo/ultimates/al_ult_necrofriggian_transparent.png",
        	"conditions": [
        		{
        			"type": "ability_enabled",
        			"ability": "speedsterheroes:phasing"
        		}
        	]
        },
		{
            "type": "skin_overlay",
            "texture": "albedo:textures/overlays/glow/ultimates/al_ult_necrofriggian_glow.png",
            "size": 0,
            "glow": true,
            "conditions": [
            	{
            		"type": "always"
            	}
            ]
        }		
    ],
	
	"abilities": {
		"radiation_protection": {
            "ability": "the-fifth-world:potion_immunity",
            "show_in_bar": false,
            "title": {"text":"Radiation Protection"},
            "icon": {"type": "internal"},
            "potion": "lucraftcore:radiation"
        },
		"health": {		
			"ability": "lucraftcore:health",			
            "show_in_bar": false,		
            "title": {"text":"Health"},					
			"amount": 15,
			"operation": 0,
			"uuid": "5c5cfbea-9f1b-42dd-b43c-d129733c4a75"		
		},
		"strength": {	
			"ability": "lucraftcore:strength",				
            "show_in_bar": false,		
            "title": {"text":"Strength"},							
			"amount": 18,
			"operation": 0,
			"uuid": "5c5cfbea-9f1b-42dd-b43c-d129733c4a75"			
		},
		"sprint": {
			"ability": "lucraftcore:sprint",			
            "show_in_bar": false,		
            "title": {"text":"Speed"},										
			"amount": 1,
			"operation": 0,
			"uuid": "5c5cfbea-9f1b-42dd-b43c-d129733c4a75"							
		},	
		"jump": {
			"ability": "lucraftcore:jump_boost",			
            "show_in_bar": false,		
            "title": {"text":"Jump Boost"},									
			"amount": 4,
			"operation": 0,
			"uuid": "5c5cfbea-9f1b-42dd-b43c-d129733c4a75"	
		},
		"defense": {
			"ability": "lucraftcore:resistance",			
            "show_in_bar": false,		
            "title": {"text":"Resistance"},						
			"amount": 10,
			"operation": 0,
			"uuid": "5c5cfbea-9f1b-42dd-b43c-d129733c4a75"			
		},
		"fall_resistance": {
			"ability": "lucraftcore:fall_resistance",
			"show_in_bar": false,
			"title": {"text":"Fall Resistance"},
			"amount": 200,
			"operation": 0,
			"uuid": "5c5cfbea-9f1b-42dd-b43c-d129733c4a75"
		},
		"fire_resistance": {
			"ability": "lucraftcore:fire_resistance",			
            "show_in_bar": false,		
            "title": {"text":"Fire Resistance"},						
			"operation": 0,
			"uuid": "5c5cfbea-9f1b-42dd-b43c-d129733c4a75"			
		},
		"flight": {			
			"ability": "lucraftcore:flight",
			"icon": {"type": "internal"},
            "cooldown": 0,			
            "show_in_bar": true,
            "title": {"text":"Fly"},	
            "bar_color": "red",				
			"speed": 1.0,
            "sprint_speed": 4,
			"rotate_arms": false
		},
		"phasing": {
            "ability": "speedsterheroes:phasing",
			"icon": {"type": "texture", "texture": "albedo:textures/gui/omnitrix/u_necrofriggianphasing.png"},
            "frequency": 20,
			"bar_color": "red",
			"title": {"text":"Necrofriggian Phasing"},
			"uuid": "5c5cfbea-9f1b-42dd-b43c-d129733c4a75"	
		},
		"phase_direction":{
			"ability": "lucraftcore:command_held",
			"parent_ability": "phasing",
            "show_in_bar": false,			
			"title": {"text": "Phase Direction"},	
			"icon": {"type": "texture",	"texture": "albedo:textures/gui/omnitrix/u_necrofriggianphasing.png"},
            "bar_color": "red",
            "conditions": [{
			    "type": "ability_enabled",
				"ability": "speedsterheroes:phasing"}], 
			"commands": ["scoreboard players set @s[rx=39,rxm=-39] Facing 0", 
			"scoreboard players set @s[rx=-40,rxm=-90] Facing 1", 
			"scoreboard players set @s[rx=90,rxm=40] Facing 2", 
			"execute @s[score_Facing=1,score_Facing_min=1] ~ ~ ~ /tp @s ~ ~0.1 ~", 
			"execute @s[score_Facing=2,score_Facing_min=2] ~ ~ ~ /tp @s ~ ~-0.1 ~"]			
		},
		"freeze_aura":{
			"ability": "lucraftcore:command_loop",
            "show_in_bar": false,			
			"title": {"text": "Freezing Aura"},
			"parent_ability": "phasing",	
            "bar_color": "red",			
			"icon": {"type": "texture",	"texture": "albedo:textures/gui/omnitrix/ice.png"},
            "bar_color": "red", 
			"commands": ["effect @e[rm=0,r=1] heroesexpansion:frozen 5 5"]			
		},
		"freezing_flame":{
			"ability": "lucraftcore:command",
			"show_in_bar": true,
			"title": {"text": "Freezing Flame"},			
			"icon": {"type": "texture", "texture": "albedo:textures/gui/omnitrix/u_necrofriggian_freezing_flame.png"},
			"bar_color": "red",
			"commands": ["particle flame ~ ~ ~ 6 1 6 0.1 7000 force", 
			"execute @p ~ ~ ~ /execute @e[type=!item,rm=1,r=6] ~ ~ ~ /particle snowshovel ~ ~ ~ 1 1 1 0.1 5",
			"execute @s ~ ~ ~ /execute @e[rm=1,r=6] ~ ~ ~ effect @s heroesexpansion:frozen 5 5"]			
		},
		"frost_breath":{
            "ability": "lucraftcore:command",
            "show_in_bar": true,
			"bar_color": "red",
            "cooldown": 0,
            "title": {"text":"Frost Breath"},
            "icon": {"type": "texture", "texture": "albedo:textures/gui/omnitrix/u_necrofriggian_freezebreath.png"},
            "commands": ["/cast ebwizardry:frost_ray @p 5"],
            "hidden": true
		},
		"frost_wall":{
            "ability": "lucraftcore:command",
            "show_in_bar": true,
			"bar_color": "red",
            "cooldown": 0,
            "title": {"text":"Frost Wall"},
            "icon": {"type": "texture", "texture": "albedo:textures/gui/omnitrix/frostwall.png"},
            "commands": ["/cast ebwizardry:wall_of_frost @p 5"],
            "hidden": true
	    },
		"ice_age":{
            "ability": "lucraftcore:command",
			"required_level": 30,
            "show_in_bar": true,
			"bar_color": "red",
            "cooldown": 300,
            "title": {"text":"Ice Age"},
            "icon": {"type": "texture", "texture": "albedo:textures/gui/omnitrix/freezing_aura.png"},
            "commands": ["/cast ebwizardry:ice_age @p"],
            "hidden": true
		},
		"timer":{
			"ability": "lucraftcore:command_loop",
			"show_in_bar": false,
			"cooldown": 0,
			"title": {"text":"Timer"},			
			"icon": {"type": "texture",
				"texture": "albedo:textures/gui/omnitrix/albedo_omnitrix.png"},
			"conditions": [{"type": "lucraftcore:not", 
			            "conditions": [{
						"type": "lucraftcore:scoreboard_tag", 
						"tag": "Master"}]}],
			"commands": ["superpowerxp 1 @s", 
			"scoreboard players remove @s Timer 3", 
			"execute @s[score_Timer=0,score_Timer_min=0] ~ ~ ~ /superpower @s albedo:ultimatrix", 
			"execute @s[score_Timer=0,score_Timer_min=0] ~ ~ ~ /particle reddust ~ ~ ~ 1 1 1 0 7000", 
			"execute @s[score_Timer=1,score_Timer_min=1] ~ ~ ~ /playsound minecraft:custom.ultimatrixhuman master @a ~ ~ ~"],
			"hidden": true
		},
		"death_state":{
			"ability": "lucraftcore:command_loop",
			"show_in_bar": false,
			"cooldown": 0,
			"title": {"text":"Death State"},			
			"icon": {"type": "texture",
				"texture": "albedo:textures/gui/omnitrix/albedo_omnitrix.png"},
			"commands": ["execute @s[score_Health=0,score_Health_min=0,tag=af] ~ ~ ~ /superpower @s albedo:al_omnitrix",
			"execute @s[score_Health=0,score_Health_min=0,tag=ua] ~ ~ ~ /superpower @s albedo:ultimatrix"],
			"hidden": true
		},
		"devolve": {	
	        "ability": "lucraftcore:command",		
			"cooldown": 0,
            "show_in_bar": true,	
            "title": {"text":"Devolve"},
			"icon": {"type": "texture", "texture": "albedo:textures/gui/omnitrix/albedo_ultimatrix.png"},
            "bar_color": "red",				
			"commands": ["/superpower @s albedo:necrofriggian", 
			"playsound minecraft:custom.ultimatrixhuman master @a ~ ~ ~", 
			"/particle reddust ~ ~ ~ 1 1 1 0 7000"]
		}
	}
}