{
	"name" : {
		"text": "Albedo's Ultimatrix"
	},

	"icon": {
		"type": "texture",
		"texture": "albedo:textures/gui/omnitrix/albedo_omnitrix.png"
	},
	
	"creative_tab": "albedo",
	
	"max_level": 40,
	
	"capsule_color" : 65280,
	
	"effects": [
        {
            "type": "skin_overlay",
            "texture": "albedo:textures/overlays/ultimatrix/ultimatrix.png",
            "size": 0,
            "glow": false,
            "conditions": [
            	{
            		"type": "always"
				}
			]
	    },
		{
            "type": "skin_overlay",
            "texture": "albedo:textures/overlays/ultimatrix/ultimatrix_glow.png",
            "size": 0,
            "glow": true,
            "conditions": [
            	{
            		"type": "always"
            	}
            ]
        }
    ],

	"abilities": {
		"size": {
		    "hidden": true,
			"ability": "lucraftcore:command_loop",
			"show_in_bar": false,
			"title": {"text": "Size"},
			"icon": {"type": "texture", "texture": "albedo:textures/gui/omnitrix/albedo_omnitrix.png"},
			"bar_color": "light_gray",
			"commands": ["sizechange @s 1", 
			"execute @s[score_Timer=5999,score_Timer_min=0] ~ ~ ~ /scoreboard players add @s Timer 1",
            "scoreboard players tag @s[score_Sneak=1,score_Sneak_min=1] add Sneaking",
            "scoreboard players tag @s[score_Sneak=0,score_Sneak_min=0] remove Sneaking",
			"scoreboard players set @s[score_Sneak=9999,score_Sneak_min=1] Sneak 0"]
        },
		"title": {
			"hidden": true,
			"ability": "lucraftcore:command_loop",
			"show_in_bar": false,
			"title": {"text": "Code Display"},
			"icon": {"type": "texture",
				"texture": "albedo:textures/gui/omnitrix/albedo_timeout.png"},
			"commands": ["scoreboard players add @s Title 1",
			"execute @s[score_Title_min=5] ~ ~ ~ /scoreboard players set @s Title 1",
			"execute @s[score_Title=4,score_Title_min=3] ~ ~ ~ /title @s actionbar [{\"text\":\"<\",\"color\":\"black\"},{\"text\":\"Code\",\"color\":\"red\"},{\"text\":\">\",\"color\":\"black\"},{\"text\":\"<\",\"color\":\"black\"},{\"score\":{\"name\":\"@s\",\"objective\":\"Code1\"},\"color\":\"red\"},{\"text\":\"-\",\"color\":\"black\"},{\"score\":{\"name\":\"@s\",\"objective\":\"Code2\"},\"color\":\"red\"},{\"text\":\"-\",\"color\":\"black\"},{\"score\":{\"name\":\"@s\",\"objective\":\"Code3\"},\"color\":\"red\"},{\"text\":\"-\",\"color\":\"black\"},{\"score\":{\"name\":\"@s\",\"objective\":\"Code4\"},\"color\":\"red\"},{\"text\":\">\",\"color\":\"black\"}]"]
		},
		"full_turn": {
			"ability": "lucraftcore:command",
			"cooldown": 10,
			"show_in_bar": true,
			"title": {"text": "Full Turn"},
			"icon": {"type": "texture",
				"texture": "albedo:textures/gui/omnitrix/full_turn.png"},
			"bar_color": "red",
			"commands": ["scoreboard players add @s[tag=!Sneaking] Code1 1", 
			"scoreboard players remove @s[score_Code1_min=1,tag=Sneaking] Code1 1", 
			"scoreboard players set @s[score_Code1=10,score_Code1_min=10] Code1 0",
			"playsound minecraft:custom.fiddle master @a ~ ~ ~"]
		},
		"half_turn": {
			"ability": "lucraftcore:command",
			"cooldown": 10,
			"show_in_bar": true,
			"title": {"text": "Half Turn"},
			"icon": {"type": "texture",
				"texture": "albedo:textures/gui/omnitrix/half_turn.png"},
			"bar_color": "red",
			"commands": ["/scoreboard players add @s[tag=!Sneaking] Code2 1", 
			"scoreboard players remove @s[score_Code2_min=1,tag=Sneaking] Code2 1", 
			"scoreboard players set @s[score_Code2=10,score_Code2_min=10] Code2 0", 
			"playsound minecraft:custom.fiddle master @a ~ ~ ~"]
		},
		"quarter_turn": {
			"ability": "lucraftcore:command",
			"cooldown": 10,
			"show_in_bar": true,
			"title": {"text": "Quarter Turn"},
			"icon": {"type": "texture",
				"texture": "albedo:textures/gui/omnitrix/quarter_turn.png"},
			"bar_color": "red",
			"commands": ["/scoreboard players add @s[tag=!Sneaking] Code3 1", 
			"scoreboard players remove @s[score_Code3_min=1,tag=Sneaking] Code3 1", 
			"scoreboard players set @s[score_Code3=10,score_Code3_min=10] Code3 0", 
			"playsound minecraft:custom.fiddle master @a ~ ~ ~"]
		},
		"eighth_turn": {
			"ability": "lucraftcore:command",
			"cooldown": 10,
			"show_in_bar": true,
			"title": {"text": "Eigth Turn"},
			"icon": {"type": "texture",
				"texture": "albedo:textures/gui/omnitrix/eighth_turn.png"},
			"bar_color": "red",
			"commands": ["/scoreboard players add @s[tag=!Sneaking] Code4 1", 
			"scoreboard players remove @s[score_Code4_min=1,tag=Sneaking] Code4 1", 
			"scoreboard players set @s[score_Code4=10,score_Code4_min=10] Code4 0", 
			"playsound minecraft:custom.fiddle master @a ~ ~ ~"]
		},
		"enter_code": {
			"hidden": true,
			"ability": "lucraftcore:command",
			"cooldown": 60,
			"show_in_bar": true,
			"title": {"text": "Enter Code"},
			"icon": {"type": "texture",
				"texture": "albedo:textures/gui/omnitrix/albedo_white.png"},
			"bar_color": "red",
			"commands": ["execute @s[score_Code1=4,score_Code1_min=4,score_Code2=1,score_Code2_min=1,score_Code3=0,score_Code3_min=0,score_Code4=7,score_Code4_min=7] ~ ~ ~ /playsound minecraft:custom.destruct master @a ~ ~ ~", 
			"execute @s[score_Code1=4,score_Code1_min=4,score_Code2=1,score_Code2_min=1,score_Code3=0,score_Code3_min=0,score_Code4=7,score_Code4_min=7] ~ ~ ~ /superpower @s albedo:ultimatrix",
			"execute @s[score_Code1=4,score_Code1_min=4,score_Code2=1,score_Code2_min=1,score_Code3=0,score_Code3_min=0,score_Code4=7,score_Code4_min=7] ~ ~ ~ /scoreboard players tag @s add Master", 
			"execute @s[score_Code1=4,score_Code1_min=4,score_Code2=1,score_Code2_min=1,score_Code3=0,score_Code3_min=0,score_Code4=7,score_Code4_min=7] ~ ~ ~ /scoreboard players set @s Code1 0",
			"execute @s[score_Code1=4,score_Code1_min=4,score_Code2=1,score_Code2_min=1,score_Code3=0,score_Code3_min=0,score_Code4=7,score_Code4_min=7] ~ ~ ~ /scoreboard players set @s Code2 0",
			"execute @s[score_Code1=4,score_Code1_min=4,score_Code2=1,score_Code2_min=1,score_Code3=0,score_Code3_min=0,score_Code4=7,score_Code4_min=7] ~ ~ ~ /scoreboard players set @s Code3 0",
			"execute @s[score_Code1=4,score_Code1_min=4,score_Code2=1,score_Code2_min=1,score_Code3=0,score_Code3_min=0,score_Code4=7,score_Code4_min=7] ~ ~ ~ /scoreboard players set @s Code4 0",			
			"execute @s[score_Code1=4,score_Code1_min=4,score_Code2=1,score_Code2_min=1,score_Code3=0,score_Code3_min=0,score_Code4=8,score_Code4_min=8] ~ ~ ~ /playsound minecraft:custom.destruct master @a ~ ~ ~", 
			"execute @s[score_Code1=4,score_Code1_min=4,score_Code2=1,score_Code2_min=1,score_Code3=0,score_Code3_min=0,score_Code4=8,score_Code4_min=8] ~ ~ ~ /superpower @s albedo:ultimatrix",
			"execute @s[score_Code1=4,score_Code1_min=4,score_Code2=1,score_Code2_min=1,score_Code3=0,score_Code3_min=0,score_Code4=8,score_Code4_min=8] ~ ~ ~ /scoreboard players tag @s remove Master",			
			"execute @s[score_Code1=6,score_Code1_min=6,score_Code2=0,score_Code2_min=0,score_Code3=6,score_Code3_min=6,score_Code4=4,score_Code4_min=4] ~ ~ ~ /scoreboard objectives add Destruct dummy",
			"execute @s[score_Code1=6,score_Code1_min=6,score_Code2=0,score_Code2_min=0,score_Code3=6,score_Code3_min=6,score_Code4=4,score_Code4_min=4] ~ ~ ~ /scoreboard players set @s Destruct 0",
			"execute @s[score_Code1=6,score_Code1_min=6,score_Code2=0,score_Code2_min=0,score_Code3=6,score_Code3_min=6,score_Code4=4,score_Code4_min=4] ~ ~ ~ /playsound minecraft:custom.recal_destruct master @a ~ ~ ~",
			"execute @s[score_Code1=6,score_Code1_min=6,score_Code2=0,score_Code2_min=0,score_Code3=6,score_Code3_min=6,score_Code4=4,score_Code4_min=4] ~ ~ ~ /superpower @s albedo:ultimatrix_destruct", 
			"execute @s[score_Code1=6,score_Code1_min=6,score_Code2=0,score_Code2_min=0,score_Code3=6,score_Code3_min=6,score_Code4=4,score_Code4_min=4] ~ ~ ~ /scoreboard players set @s Code1 0", 
			"execute @s[score_Code1=6,score_Code1_min=6,score_Code2=0,score_Code2_min=0,score_Code3=6,score_Code3_min=6,score_Code4=4,score_Code4_min=4] ~ ~ ~ /scoreboard players set @s Code2 0", 
			"execute @s[score_Code1=6,score_Code1_min=6,score_Code2=0,score_Code2_min=0,score_Code3=6,score_Code3_min=6,score_Code4=4,score_Code4_min=4] ~ ~ ~ /scoreboard players set @s Code3 0", 
			"execute @s[score_Code1=6,score_Code1_min=6,score_Code2=0,score_Code2_min=0,score_Code3=6,score_Code3_min=6,score_Code4=4,score_Code4_min=4] ~ ~ ~ /scoreboard players set @s Code4 0",			
			"execute @s[score_Code1=1,score_Code1_min=1,score_Code2=7,score_Code2_min=7,score_Code3=0,score_Code3_min=0,score_Code4=9,score_Code4_min=9] ~ ~ ~ /superpower @s ben_ten:ultimatrix",
			"execute @s[score_Code1=1,score_Code1_min=1,score_Code2=7,score_Code2_min=7,score_Code3=0,score_Code3_min=0,score_Code4=9,score_Code4_min=9] ~ ~ ~ /playsound minecraft:custom.destruct master @a ~ ~ ~", 
			"execute @s[score_Code1=1,score_Code1_min=1,score_Code2=7,score_Code2_min=7,score_Code3=0,score_Code3_min=0,score_Code4=9,score_Code4_min=9] ~ ~ ~ /scoreboard players set @s Code1 0", 
			"execute @s[score_Code1=1,score_Code1_min=1,score_Code2=7,score_Code2_min=7,score_Code3=0,score_Code3_min=0,score_Code4=9,score_Code4_min=9] ~ ~ ~ /scoreboard players set @s Code2 0", 
			"execute @s[score_Code1=1,score_Code1_min=1,score_Code2=7,score_Code2_min=7,score_Code3=0,score_Code3_min=0,score_Code4=9,score_Code4_min=9] ~ ~ ~ /scoreboard players set @s Code3 0", 
			"execute @s[score_Code1=1,score_Code1_min=1,score_Code2=7,score_Code2_min=7,score_Code3=0,score_Code3_min=0,score_Code4=9,score_Code4_min=9] ~ ~ ~ /scoreboard players set @s Code4 0",			
			"scoreboard players set @s Code1 0", 
			"scoreboard players set @s Code2 0", 
			"scoreboard players set @s Code3 0", 
			"scoreboard players set @s Code4 0"]
		},
		"dna_repair": {
		    "hidden": true,
			"ability": "lucraftcore:command",
			"show_in_bar": true,
			"title": {"text": "DNA Repair"},
			"icon": { "type": "texture", "texture": "albedo:textures/gui/omnitrix/albedo_repair.png" },
			"bar_color": "red",
			"commands": ["scoreboard players remove @s[score_Timer_min=1200,tag=!Master] Timer 1200", 
			             "execute @s[score_Timer=1199,score_Timer_min=1,tag=!Master] ~ ~ ~ /tellraw @s {\"text\":\"Insufficient power, recharge required\",\"color\":\"red\"}",
						 "execute @e[type=zombie_villager,r=5] ~ ~ ~ summon villager ~ ~ ~",
                         "execute @e[type=zombie_villager,r=5] ~ ~ ~ /kill @s",
                         "execute @e[type=villager] ~ ~ ~  /particle totem ~ ~1.8 ~ 0.4 0.1 0.4 0 500 force",
                         "playsound entity.zombie_villager.cure master @a ~ ~ ~ 10 1"]
        },
		"decouple_ultimatrix": {	
	        "ability": "lucraftcore:command",            
			"show_in_bar": true,	
            "title": {"text":"Decouple Ultimatrix"},
			"icon": {"type": "texture", "texture": "albedo:textures/gui/omnitrix/albedo_decouple.png"},
            "bar_color": "red",				
			"commands": ["execute @s[score_Timer=6000,score_Timer_min=6000,tag=!Master] ~ ~ ~ /superpower @s remove",
			"execute @s[score_Timer=6000,score_Timer_min=6000,tag=!Master] ~ ~ ~ /give @s albedo:al_ultimatrix_chest", 
			"execute @s[score_Timer=5999,score_Timer_min=0,tag=!Master] ~ ~ ~ /tellraw @s {\"text\":\"Ultimatrix power supply drained. Recharge required\"}", 
			"execute @s[tag=Master] ~ ~ ~ /superpower @s remove",
			"execute @s[tag=Master] ~ ~ ~ /give @s albedo:al_ultimatrix_chest",
			"execute @s[tag=Master] ~ ~ ~ /scoreboard players tag @s remove Master"]
		},
		"main": {
			"ability": "lucraftcore:command",
			"cooldown": 0,
			"show_in_bar": true,
			"title": {"text": "Main Menu"},
			"icon": {"type": "texture",
				"texture": "albedo:textures/gui/omnitrix/albedo_omnitrix.png"},
			"bar_color": "red",
			"commands": ["superpower @s albedo:ultimatrix", 
			"playsound minecraft:custom.ultimatrix_switch master @a ~ ~ ~",
			"scoreboard objectives setdisplay sidebar"]
		}
	}
}
