{
	"name": {
		"text": "Vaxasaurian"
	},

	"icon": {
		"type": "texture",
		"texture": "albedo:textures/gui/omnitrix/vaxasaurian_activation.png"
	},

	"creative_tab": "albedo",
	
	"max_level": 40,
	
	"capsule_color": 3080117,
	
    "effects": [

        {
        "type": "skin_change",
        "texture": "albedo:textures/models/albedo/al_vaxasaurian.png"
        },
		{
            "type": "skin_overlay",
            "texture": "albedo:textures/overlays/glow/al_vaxasaurian_glow.png",
            "size": 0,
            "glow": true,
            "conditions": [
            	{
            		"type": "always"
            	}
            ]
        },
        {
        "type": "skin_change",
        "texture": "albedo:textures/models/albedo/al_vaxasaurian_giant.png",
		"conditions": [            	
				{
            		"type": "ability_enabled",
					"ability": "heroesexpansion:precision"
            	}
			]
       }
    ],
	
	"abilities": {
		"radiation_protection": {
            "ability": "the-fifth-world:potion_immunity",
            "show_in_bar": false,
            "title": {"text":"Radiation Protection"},
            "icon": {"type": "internal"},
            "potion": "lucraftcore:radiation"
        },
		"death_state":{
			"ability": "lucraftcore:command_loop",
			"show_in_bar": false,
			"cooldown": 0,
			"title": {"text":"Death State"},			
			"icon": {"type": "texture",
				"texture": "albedo:textures/gui/omnitrix/albedo_omnitrix.png"},
			"commands": ["execute @s[score_Health=0,score_Health_min=0,tag=af] ~ ~ ~ /superpower @s albedo:al_omnitrix",
			"execute @s[score_Health=0,score_Health_min=0,tag=ua] ~ ~ ~ /superpower @s albedo:ultimatrix"]
		},
		"growth": {
            "ability": "lucraftcore:command",
            "cooldown": 0,
            "show_in_bar": true,
            "title": {"text":"Increase Size"},
			"icon": {"type": "internal"},
            "bar_color": "red",
		    "conditions": [{
			    "type": "lucraftcore:not", 
			        "conditions": [{
						"type": "lucraftcore:scoreboard_tag", 
						"tag": "Giant"}]}],
            "commands": ["sizechange @s 8 lucraftcore:default", "scoreboard players tag @s add Giant"],
            "hidden": true
		},
		"shrink": {
            "ability": "lucraftcore:command",
            "cooldown": 0,
            "show_in_bar": true,
            "title": {"text":"Decrease Size"},
			"icon": {"type": "internal"},
            "bar_color": "red",
			"conditions": [{
			    "type": "lucraftcore:scoreboard_tag",
				"tag": "Giant"}],
            "commands": ["sizechange @s 3 lucraftcore:default", "scoreboard players tag @s remove Giant"],
            "hidden": true
		},
		"giant": {
            "ability": "heroesexpansion:precision",
            "show_in_bar": false,
            "title": {"text":"Giant"},
            "icon": {"type": "internal"},
			"conditions": [{
			    "type": "lucraftcore:scoreboard_tag",
				"tag": "Giant"}],
            "bar_color": "red"
       },
		"growth_xp": {
            "ability": "lucraftcore:command",
            "cooldown": 0,
			"parent_ability": "growth",
            "show_in_bar": false,
            "title": {"text":"Growth XP"},
            "icon": {"type": "internal"},
		    "commands": ["/superpowerxp 50 @s"],
		    "hidden": true
		},
		"long_range_punch": {
			"ability": "lucraftcore:set_punch",
			"cooldown": 0,
			"show_in_bar": true,
			"title": {"translate":"lucraftcore.abilities.set_punch.name"},
            "icon": {"type": "texture", "texture": "albedo:textures/gui/omnitrix/vaxasaurian_punch.png"},
			"bar_color": "red",
			"arm": 0,
			"reach_distance": 5.0,
			"damage": 12.0
		},
		"long_range_punch_xp": {
            "ability": "lucraftcore:command",
            "cooldown": 0,
			"parent_ability": "long_range_punch",
            "show_in_bar": false,
            "title": {"text":"Long Range Punch XP"},
            "icon": {"type": "texture", "texture": "albedo:textures/gui/omnitrix/vaxasaurian_punch.png"},
            "conditions": [{
			    "type": "ability_enabled",
				"ability": "lucraftcore:set_punch"}],
		    "commands": ["/superpowerxp 50 @s"],
		    "hidden": true
		},
		"stomp":{
            "ability": "lucraftcore:command",
            "cooldown": 60,
            "show_in_bar": true,
			"bar_color": "red",
            "title": {"text":"Stomp"},
            "icon": {"type": "texture", "texture": "albedo:textures/gui/omnitrix/stomp.png"},
            "commands": ["/cast ebwizardry:shockwave @p", "superpowerxp 50 @s"],
            "hidden": true
		},
		"health": {		
			"ability": "lucraftcore:health",			
            "show_in_bar": false,		
            "title": {"text":"Health"},					
			"amount": 10,
			"operation": 0		
		},
		"strength": {	
			"ability": "lucraftcore:strength",				
            "show_in_bar": false,		
            "title": {"text":"Strength"},							
			"amount": 20,
			"operation": 0			
		},
		"defense": {
			"ability": "lucraftcore:resistance",			
            "show_in_bar": false,		
            "title": {"text":"Resistance"},						
			"amount": 20,
			"operation": 0
		},
		"ultimate": {	
	        "ability": "lucraftcore:command",		
			"cooldown": 0,
            "show_in_bar": true,	
            "title": {"text":"Ultimate Vaxasaurian"},
			"icon": {"type": "texture", "texture": "albedo:textures/gui/omnitrix/albedo_ultimatrix.png"},
            "bar_color": "red",
			"conditions": [{"type": "lucraftcore:scoreboard_tag", 
			                "tag": "ua"}],				
			"commands": ["/sizechange @s 1", 
			"/superpower @s albedo:ultimate_vaxasaurian", 
			"playsound minecraft:custom.ultimatrixtransform master @a ~ ~ ~", 
			"/particle reddust ~ ~ ~ 1 1 1 0 7000"]
		},
		"switch": {	
	        "ability": "lucraftcore:command",		
			"cooldown": 0,
            "show_in_bar": true,	
            "title": {"text":"Switch"},
			"icon": {"type": "texture", "texture": "albedo:textures/gui/omnitrix/albedo_selection.png"},
            "bar_color": "red",				
			"command": ["/superpower @s albedo:vaxasaurian_switch"]
		},
		"timer":{
			"ability": "lucraftcore:command_loop",
			"show_in_bar": false,
			"cooldown": 0,
			"title": {"text":"Timer"},			
			"icon": {"type": "texture",
				"texture": "albedo:textures/gui/omnitrix/albedo_omnitrix.png"},
			"conditions": [{"type": "lucraftcore:not", 
			            "conditions": [{
						"type": "lucraftcore:scoreboard_tag", 
						"tag": "Master"}]}],
			"commands": ["superpowerxp 1 @s", 
			"scoreboard players remove @s Timer 1", 
			"execute @s[score_Timer=0,score_Timer_min=0,tag=af] ~ ~ ~ /superpower @s albedo:al_omnitrix",
			"execute @s[score_Timer=0,score_Timer_min=0,tag=ua] ~ ~ ~ /superpower @s albedo:ultimatrix", 
			"execute @s[score_Timer=0,score_Timer_min=0] ~ ~ ~ /particle reddust ~ ~ ~ 1 1 1 0 7000", 
			"execute @s[score_Timer=1,score_Timer_min=1,tag=ua] ~ ~ ~ /playsound minecraft:custom.ultimatrixhuman master @a ~ ~ ~",
			"execute @s[score_Timer=1,score_Timer_min=1,tag=af] ~ ~ ~ /playsound minecraft:custom.recalibratedhuman master @a ~ ~ ~"]
		},
		"base": {	
	        "ability": "lucraftcore:command",		
			"cooldown": 0,
            "show_in_bar": true,	
            "title": {"text":"Base Form"},
			"icon": {"type": "texture", "texture": "albedo:textures/gui/omnitrix/albedo_omnitrix.png"},
            "bar_color": "red",				
			"commands": ["superpower @s[tag=af] albedo:al_omnitrix", 
			"superpower @s[tag=ua] albedo:ultimatrix",
			"execute @s[tag=af] ~ ~ ~ /playsound minecraft:custom.recalibratedhuman master @a ~ ~ ~", 
			"execute @s[tag=ua] ~ ~ ~ /playsound minecraft:custom.ultimatrixhuman master @a ~ ~ ~",
			"particle reddust ~ ~ ~ 1 1 1 0 7000"]
		}
	}
}