{
    "input": {
        "item": "lucraftcore:ingot_titanium"
    },

    "input_container": {
        "item": "lucraftcore:injection",
		"nbt": "{\"Injection\": \"maxheroes:darkmatter\"}"
    },
    
    "input_fluid": {
        "fluid": "titanium",
        "amount": 3000
    },
    
    "energy": 60000,
    
    "outputs": {
        "primary": {
            "item": "lucraftcore:injection",
            "nbt": "{\"Injection\": \"maxheroes:cicada\"}",
            "chance": 0.78
        }
    }
}