{
    "input": {
        "item": "minecraft:fire_charge"
    },

    "input_container": {
        "item": "lucraftcore:injection",
		"nbt": "{\"Injection\": \"maxheroes:darkmatter\"}"
    },
    
    "input_fluid": {
        "fluid": "lava",
        "amount": 3000
    },
    
    "energy": 70000,
    
    "outputs": {
        "primary": {
            "item": "lucraftcore:injection",
            "nbt": "{\"Injection\": \"maxheroes:firestorm\"}",
            "chance": 0.75
        }
    }
}