{
    "input": {
        "item": "minecraft:packed_ice"
    },

    "input_container": {
        "item": "lucraftcore:injection",
		"nbt": "{\"Injection\": \"maxheroes:darkmatter\"}"
    },
    
    "input_fluid": {
        "fluid": "water",
        "amount": 5000
    },
    
    "energy": 50000,
    
    "outputs": {
        "primary": {
            "item": "lucraftcore:injection",
            "nbt": "{\"Injection\": \"maxheroes:killerfrost\"}",
            "chance": 0.65
        }
    }
}