{
    "input": {
        "item": "lucraftcore:ingot_vibranium"
    },

    "input_container": {
        "item": "lucraftcore:injection",
		"nbt": "{\"Injection\": \"maxheroes:darkmatter\"}"
    },
    
    "input_fluid": {
        "fluid": "water",
        "amount": 3000
    },
    
    "energy": 80000,
    
    "outputs": {
        "primary": {
            "item": "lucraftcore:injection",
            "nbt": "{\"Injection\": \"maxheroes:vibe\"}",
            "chance": 0.85
        }
    }
}