{
	"name": {
		"text": "Bluestorm Energy"
	},

	"max_level": 1,

	"capsule_color": 2727167,

	"effects": [{
		"type": "glowing_hand",
		"color": [0.258823529, 0.850980392, 1],
           "size": 1.4,
		"conditions": [{
			"type": "ability_enabled",
			"ability": "lucraftcore:toggle_power"
		}]
	}],


	"abilities": [{
			"ability": "lucraftcore:toggle_power",
			"icon": {
				"type": "texture",
				"texture": "maxheroes:textures/gui/bluestorm.png"
			}
		},
		{
			"ability": "lucraftcore:healing",
			"frequency": 20,
			"amount": 5,
			"conditions": [{
				"type": "lucraftcore:ability",
				"ability": "toggle_power"
			}]

		},
		{
			"ability": "lucraftcore:flight",
			"cooldown": 0,
			"show_in_bar": true,
			"speed": 1,
			"sprint_speed": 2,
			"rotate_arms": false,
			"conditions": [{
				"type": "lucraftcore:ability",
				"ability": "toggle_power"
			}]

		},
		{
			"ability": "heroesexpansion:photon_blast",
			"cooldown": 14,
			"show_in_bar": true,
			"color": [0, 209, 255],
			"conditions": [{
				"type": "lucraftcore:ability",
				"ability": "toggle_power"
			}]

		},
		{
			"ability": "lucraftcore:potion_punch",
			"key": 1,
			"potion": "minecraft:slowness",
			"amplifier": 7,
			"duration": 50,
			"conditions": [{
				"type": "lucraftcore:ability",
				"ability": "toggle_power"
			}]

		},

		{
			"ability": "lucraftcore:energy_blast",
			"cooldown": 5,
			"damage": 2,
			"color": [0, 209, 255],
			"conditions": [{
				"type": "lucraftcore:ability",
				"ability": "toggle_power"
			}]

		}
	]
}