{
	"name": {
		"text": "Dark Matter Manipulation Powers"
	},

	"description": {
		"text": "Cicada"
	},

	"max_level": 1,

	"capsule_color": 16671002,

	"abilities": [{
			"ability": "lucraftcore:toggle_power",
			"icon": {
				"type": "texture",
				"texture": "maxheroes:textures/gui/cicada.png"
			}
		},
		{
			"ability": "lucraftcore:healing",
			"frequency": 20,
			"amount": 1.5,
			"conditions": [{
				"type": "lucraftcore:ability",
				"ability": "toggle_power"
			}]
		},
		{
			"ability": "lucraftcore:health",
			"factor": 1,
			"operation": 1,
			"uuid": "2125e01b-30bf-434d-b7e1-994dacc52f19",
			"conditions": [{
				"type": "lucraftcore:ability",
				"ability": "toggle_power"
			}]

		},
		{
			"ability": "lucraftcore:strength",
			"show_in_bar": false,
			"amount": 1.0,
			"operation": 0,
			"uuid": "0669d99d-b34d-40fc-a4d8-c7ee963cc842",
			"conditions": [{
				"type": "lucraftcore:ability",
				"ability": "toggle_power"
			}]
		},
		{
			"ability": "lucraftcore:punch",
			"factor": 2,
			"operation": 2,
			"uuid": "2125e01b-30bf-434d-b7e1-994dacc52f19",
			"conditions": [{
				"type": "lucraftcore:ability",
				"ability": "toggle_power"
			}]

		},
		{
			"ability": "heroesexpansion:energy_absorption",
			"cooldown": 0,
			"show_in_bar": true,
			"title": {
				"translate": "Dark Matter Absorption"
			},
			"icon": {
				"type": "internal"
			},
			"max_energy": 100,
			"max_damage": 15.0,
			"conditions": [{
				"type": "lucraftcore:ability",
				"ability": "toggle_power"
			}]
		},
		{
			"ability": "lucraftcore:resistance",
			"factor": 1,
			"operation": 1,
			"uuid": "2125e01b-30bf-434d-b7e1-994dacc52f19",
			"conditions": [{
				"type": "lucraftcore:ability",
				"ability": "toggle_power"
			}]

		},
		{
			"ability": "heroesexpansion:call_weapon",
			"cooldown": 0,
			"show_in_bar": true,
			"title": {
				"translate": "Call Dagger"
			},
			"icon": {
				"type": "internal"
			},
			"conditions": [{
				"type": "lucraftcore:ability",
				"ability": "toggle_power"
			}]
		},
		{
			"ability": "heroesexpansion:photon_blast",
			"cooldown": 20,
			"show_in_bar": true,
			"title": {
				"translate": "Dark Matter Blast"
			},
			"color": [250, 69, 0],
			"conditions": [{
				"type": "lucraftcore:ability",
				"ability": "toggle_power"
			}]
		},
		{
			"ability": "lucraftcore:fall_resistance",
			"factor": 1.5,
			"operation": 1.5,
			"uuid": "2125e01b-30bf-434d-b7e1-994dacc52f19",
			"conditions": [{
				"type": "lucraftcore:ability",
				"ability": "toggle_power"
			}]

		}
	]
}