{
	"name": {
		"text": "Firestorm Matrix"
	},

	"max_level": 1,

	"capsule_color": 16668928,

	"effects": [{
		"type": "glowing_hand",
		"color": [1, 0.35, 0],
           "size": 1.4,
		"conditions": [{
			"type": "ability_enabled",
			"ability": "lucraftcore:toggle_power"
		}]
	}],


	"abilities": {
		"toggle_power": {
			"ability": "lucraftcore:toggle_power",
			"icon": {
				"type": "texture",
				"texture": "maxheroes:textures/gui/firestorm.png"
			}
		},
		"fire_resistance": {
			"ability": "lucraftcore:fire_resistance"
		},
		"healing": {
			"ability": "lucraftcore:healing",
			"frequency": 20,
			"amount": 5,
			"conditions": [{
				"type": "lucraftcore:ability",
				"ability": "toggle_power"
			}]
		},
		"photon_blast": {
			"ability": "heroesexpansion:photon_blast",
			"cooldown": 14,
			"show_in_bar": true,
			"color": [255, 75, 0],
			"conditions": [{
				"type": "lucraftcore:ability",
				"ability": "toggle_power"
			}]
		},
		"flight": {
			"ability": "lucraftcore:flight",
			"cooldown": 0,
			"show_in_bar": true,
			"speed": 1,
			"sprint_speed": 2,
			"rotate_arms": false,
			"conditions": [{
				"type": "lucraftcore:ability",
				"ability": "toggle_power"
			}]
		},
		"fire_punch": {
			"ability": "lucraftcore:fire_punch",
			"key": 1,
			"duration": 50,
			"conditions": [{
				"type": "lucraftcore:ability",
				"ability": "toggle_power"
			}]
		},
		"energy_blast": {
			"ability": "lucraftcore:energy_blast",
			"cooldown": 7,
			"damage": 5,
			"color": [255, 75, 0],
			"key": 2,
			"conditions": [{
				"type": "lucraftcore:ability",
				"ability": "toggle_power"
			}]
		}
	}
}