{
	"name": {
		"text": "Ancient Myth Spirit"
	},
    
     "description": {
		"text": "Herobrine"
	},


	"effects": [{
		"type": "skin_change",
		"texture": "maxheroes:textures/models/armor/herobrine/skin.png"
	},
{
          "type": "skin_overlay",
          "texture":
"maxheroes:textures/models/armor/herobrine/helmet_glow.png",
          "glow": true,
          "size": 0.2
}
],

	"max_level": 1,

	"capsule_color": 5636096,

	"abilities": [{
			"ability": "lucraftcore:fire_resistance"
		},
		{
			"ability": "lucraftcore:healing",
			"frequency": 20,
			"amount": 5
		},
		{
			"ability": "lucraftcore:teleport",
			"key": 1,
			"distance": 150
		},
		{
			"ability": "heroesexpansion:lightning_strike",
			"key": 2
		},
		{
			"ability": "heroesexpansion:god_mode",
			"key": 4,
			"damage": 15
		},

		{
			"ability": "heroesexpansion:lightning_attack",
			"key": 3,
			"distance": 40

		},
		{
			"ability": "lucraftcore:health",
			"factor": 0.5,
			"operation": 1,
			"uuid": "0669d99d-b34d-40fc-a4d8-c7ee963cc842",
			"key": 5
		}
	]
}