{
	"name": {
		"text": "Hulk"
	},
    
     "description": {
		"text": "Hulk"
	},


	"effects": [{
		"type": "skin_change",
		"texture": "maxheroes:textures/models/armor/hulk/skin.png",
		  "conditions": [{
			"type": "ability_enabled",
			"ability": "lucraftcore:toggle_power"
		}]
	},
{
          "type": "skin_overlay",
          "texture":
"maxheroes:textures/models/armor/hulk/skin.png",
          "glow": false,
          "size": 0.2,
		  "conditions": [{
			"type": "ability_enabled",
			"ability": "lucraftcore:toggle_power"
		}]
}
],

	"max_level": 1,

	"capsule_color": 47872,

	"abilities": [{
			"ability": "lucraftcore:toggle_power",
			"icon": {
				"type": "texture",
				"texture": "maxheroes:textures/gui/hulk.png"
			}
		},
	    {
			"ability": "lucraftcore:fire_resistance",
			"conditions": [{
				"type": "lucraftcore:ability",
				"ability": "toggle_power"
			}]
		},	
           {
			"ability": "lucraftcore:punch",
			"factor": 7,
			"operation": 1,
                "uuid": "2125e01b-30bf-434d-b7e1-994dacc52f19",
				"conditions": [{
				"type": "lucraftcore:ability",
				"ability": "toggle_power"
			}]
           },
		{
			"ability": "lucraftcore:size_change",
			"size": 2.1,
			"conditions": [{
				"type": "lucraftcore:ability",
				"ability": "toggle_power"
			}]
		},
		{
			"ability": "lucraftcore:strength",
			"factor": 3,
			"operation": 2,
                "uuid": "2125e01b-30bf-434d-b7e1-994dacc52f19",
				"conditions": [{
				"type": "lucraftcore:ability",
				"ability": "toggle_power"
			}]

		},
           {
			"ability": "lucraftcore:jump_boost",
			"factor": 3,
			"operation": 2,
                "uuid": "2125e01b-30bf-434d-b7e1-994dacc52f19",
				"conditions": [{
				"type": "lucraftcore:ability",
				"ability": "toggle_power"
			}]
		},
		{
			"ability": "lucraftcore:fall_resistance",
			"amount": 80,
			"operation": 0,
			"uuid": "2125e01b-30bf-434d-b7e1-994dacc52f19",
			"conditions": [
				{
					"type": "lucraftcore:ability",
					"ability": "toggle_power"
				}
			]
		},
		{
			"ability": "heroesexpansion:god_mode",
			"cooldown": 90,
			"show_in_bar": true,
			"damage": 9,
			"title": {"translate":"Hulk's Rage"},
			"conditions": [{
				"type": "lucraftcore:ability",
				"ability": "toggle_power"
			}]
		},
		{
			"ability": "lucraftcore:health",
			"factor": 0.5,
			"operation": 1,
			"uuid": "0669d99d-b34d-40fc-a4d8-c7ee963cc842",
			"key": 5,
			"conditions": [{
				"type": "lucraftcore:ability",
				"ability": "toggle_power"
			}]
		}
	]
}