{
	"name": {
		"text": "Ice Powers"
	},
    
     "description": {
		"text": "Killer Frost"
	},

	"max_level": 1,

	"capsule_color": 11468799,

	"abilities": [{
			"ability": "lucraftcore:toggle_power",
			"icon": {
				"type": "texture",
				"texture": "maxheroes:textures/gui/killerfrost.png"
			}
		},
		{
			"ability": "lucraftcore:healing",
			"frequency": 20,
			"amount": 5,
                "conditions": [{
				"type": "lucraftcore:ability",
				"ability": "toggle_power"
			}]
		},
           {
                "ability": "lucraftcore:energy_blast",
                "cooldown": 4,
                "show_in_bar": true,
                "title": {"translate":"Ice Spike"},
                "damage": 2.0,
                "color": [130, 255, 255],
                "conditions": [{
				"type": "lucraftcore:ability",
				"ability": "toggle_power"
			}]
           },
           {
                "ability": "heroesexpansion:photon_blast",
                "cooldown": 30,
                "show_in_bar": true,
                "title": {"translate":"Ice Blast"},
                "color": [130, 255, 255],
                "conditions": [{
				"type": "lucraftcore:ability",
				"ability": "toggle_power"
			}]
           },
           {
                "ability": "lucraftcore:flight",
                "cooldown": 0,
                "show_in_bar": true,
                "title": {"translate":"Ice Surfing"},
                "speed": 1,
                "sprint_speed": 2,
                "rotate_arms": false,
                "conditions": [{
				"type": "lucraftcore:ability",
				"ability": "toggle_power"
			}]
           },
           {
                "ability": "lucraftcore:potion_punch",
                "cooldown": 30,
                "show_in_bar": true,
                "potion": "minecraft:slowness",
                "amplifier": 5,
                "duration": 20,
                "conditions": [{
				"type": "lucraftcore:ability",
				"ability": "toggle_power"
			}]
           } 

	]
}