{
	"name": {
		"text": "Radioactive Spider Venom"
	},

	"max_level": 1,

	"capsule_color": 65280,


	"abilities": [{
			"ability": "lucraftcore:fire_resistance"
		},
		{
			"ability": "lucraftcore:toggle_power",
			"icon": {
				"type": "texture",
				"texture": "maxheroes:textures/gui/spiderman.png"
			}
		},

		{
			"ability": "lucraftcore:healing",
			"frequency": 20,
			"amount": 5,
                "conditions": [{
				"type": "lucraftcore:ability",
				"ability": "toggle_power"
			}]
		},
           {
                "ability": "heroesexpansion:wall_crawling",
                "cooldown": 0,
                "show_in_bar": true,
                "conditions": [{
				"type": "lucraftcore:ability",
				"ability": "toggle_power"
			}]
           },
           {
                "ability": "heroesexpansion:spider_sense",
                "show_in_bar": false
           }, 
		{
			"ability": "lucraftcore:sprint",
			"factor": 1,
			"operation": 1,
			"uuid": "2125e01b-30bf-434d-b7e1-994dacc52f19",
                "conditions": [{
				"type": "lucraftcore:ability",
				"ability": "toggle_power"
			}]

		},
		{
			"ability": "lucraftcore:jump_boost",
			"factor": 2,
			"operation": 2,
			"uuid": "2125e01b-30bf-434d-b7e1-994dacc52f19",
                "conditions": [{
				"type": "lucraftcore:ability",
				"ability": "toggle_power"
			}]

		},
           {
			"ability": "speedsterheroes:wall_running",
			"speed": 20,
			"required_level": 0,
                "conditions": [{
				"type": "lucraftcore:ability",
				"ability": "toggle_power"
			}]
		},
		{
			"ability": "lucraftcore:resistance",
			"factor": 1,
			"operation": 1,
			"uuid": "2125e01b-30bf-434d-b7e1-994dacc52f19",
                "conditions": [{
				"type": "lucraftcore:ability",
				"ability": "toggle_power"
			}]
		},
		{
			"ability": "lucraftcore:health",
			"factor": 1,
			"operation": 1,
			"uuid": "2125e01b-30bf-434d-b7e1-994dacc52f19",
                "conditions": [{
				"type": "lucraftcore:ability",
				"ability": "toggle_power"
			}]

		},
		{
			"ability": "lucraftcore:strength",
			"factor": 2,
			"operation": 2,
			"uuid": "2125e01b-30bf-434d-b7e1-994dacc52f19",
                "conditions": [{
				"type": "lucraftcore:ability",
				"ability": "toggle_power"
			}]


		}
	]
}