{
	"name": {
		"text": "Symbiote"
	},
    
     "description": {
		"text": "Symbiote"
	},


	"effects": [{
		"type": "skin_change",
		"texture": "maxheroes:textures/models/armor/venom/skin.png",
           "conditions": [{
			"type": "ability_enabled",
			"ability": "lucraftcore:toggle_power"
		}]
	},
{
          "type": "skin_overlay",
          "texture":
"maxheroes:textures/models/armor/venom/skin.png",
          "glow": false,
          "size": 0.2,
          "conditions": [{
			"type": "ability_enabled",
			"ability": "lucraftcore:toggle_power"
		}]
}
],

"data": {
		"transition_color_1": {
			"red": 1,
			"green": 1,
			"blue": 1
		},
		"transition_color_2": {
			"red": 1,
			"green": 1,
			"blue": 1
		},
		"necklace_texture": "maxheroes:textures/gui/symbiote"
	},

	"max_level": 1,

	"capsule_color": 0,

		"abilities": [{
			"ability": "lucraftcore:toggle_power",
			"icon": {
				"type": "texture",
				"texture": "maxheroes:textures/gui/symbiote.png"
			}
		},
           {
			"ability": "lucraftcore:fire_resistance",
                "conditions": [{
				"type": "lucraftcore:ability",
				"ability": "toggle_power"
			}]

		},
		{
			"ability": "lucraftcore:healing",
			"frequency": 20,
			"amount": 1.5,
                "conditions": [{
				"type": "lucraftcore:ability",
				"ability": "toggle_power"
			}]
		},
           {
                "ability": "heroesexpansion:spider_sense",
                "show_in_bar": false,
                "conditions": [{
				"type": "lucraftcore:ability",
				"ability": "toggle_power"
			}]
           },
           {
			"ability": "lucraftcore:health",
			"factor": 1,
			"operation": 1,
                "uuid": "2125e01b-30bf-434d-b7e1-994dacc52f19",
                "conditions": [{
				"type": "lucraftcore:ability",
				"ability": "toggle_power"
			}]

		},
           {
                "ability": "heroesexpansion:wall_crawling",
                "cooldown": 0,
                "show_in_bar": true,
                "conditions": [{
				"type": "lucraftcore:ability",
				"ability": "toggle_power"
			}]
           },
           {
			"ability": "lucraftcore:strength",
			"factor": 2,
			"operation": 2,
                "uuid": "2125e01b-30bf-434d-b7e1-994dacc52f19",
                "conditions": [{
				"type": "lucraftcore:ability",
				"ability": "toggle_power"
			}]
		},
           {
			"ability": "lucraftcore:punch",
			"factor": 6,
			"operation": 2,
                "uuid": "2125e01b-30bf-434d-b7e1-994dacc52f19",
                "conditions": [{
				"type": "lucraftcore:ability",
				"ability": "toggle_power"
			}]
		},
           {
			"ability": "lucraftcore:sprint",
			"factor": 1,
			"operation": 1,
                "uuid": "2125e01b-30bf-434d-b7e1-994dacc52f19",
                "conditions": [{
				"type": "lucraftcore:ability",
				"ability": "toggle_power"
			}]
		},
           {
			"ability": "lucraftcore:jump_boost",
			"factor": 3,
			"operation": 2,
                "uuid": "2125e01b-30bf-434d-b7e1-994dacc52f19",
                "conditions": [{
				"type": "lucraftcore:ability",
				"ability": "toggle_power"
			}]
		},
           {
			"ability": "lucraftcore:resistance",
			"factor": 1,
			"operation": 1,
                "uuid": "2125e01b-30bf-434d-b7e1-994dacc52f19",
                "conditions": [{
				"type": "lucraftcore:ability",
				"ability": "toggle_power"
			}]
		},
           {
			"ability": "lucraftcore:fall_resistance",
			"factor": 1.5,
			"operation": 1.5,
                "uuid": "2125e01b-30bf-434d-b7e1-994dacc52f19",
               "conditions": [{
				"type": "lucraftcore:ability",
				"ability": "toggle_power"
			}]
		},
           {
			"ability": "lucraftcore:size_change",
     			"size": 1.3,
                "conditions": [{
				"type": "lucraftcore:ability",
				"ability": "toggle_power"
			}]
		}

	]
}