{
	"name": {
		"text": "Transdimensionnal Powers"
	},
    
     "description": {
		"text": "Vibe"
	},

	"max_level": 1,

	"capsule_color": 9727,

	"abilities": [{
			"ability": "lucraftcore:toggle_power",
			"icon": {
				"type": "texture",
				"texture": "maxheroes:textures/gui/vibe.png"
			}
		},
           {
                "ability": "heroesexpansion:portal",
                "cooldown": 180,
                "show_in_bar": true,
                "conditions": [{
				"type": "lucraftcore:ability",
				"ability": "toggle_power"
			}]
           },
		{
                "ability": "heroesexpansion:photon_blast",
                "cooldown": 17,
                "show_in_bar": true,
                "title": {"translate":"Vibe Blast"},
                "color": [0, 80, 255],
                "conditions": [{
				"type": "lucraftcore:ability",
				"ability": "toggle_power"
			}]
           },
           {
                "ability": "speedsterheroes:dimension_breach",
                "cooldown": 70,
                "show_in_bar": true,
                "conditions": [{
				"type": "lucraftcore:ability",
				"ability": "toggle_power"
			}]
           },
           {
                "ability": "lucraftcore:teleport",
                "cooldown": 130,
                "show_in_bar": true,
                "distance": 35.0,
                "conditions": [{
				"type": "lucraftcore:ability",
				"ability": "toggle_power"
			}]
           },
           {
                "ability": "lucraftcore:potion_punch",
                "cooldown": 25,
                "show_in_bar": true,
                "potion": "minecraft:slowness",
                "amplifier": 15,
                "duration": 100,
                "conditions": [{
				"type": "lucraftcore:ability",
				"ability": "toggle_power"
			}]
           }  
	]
}