{
	"name" : {
		"text": "Martian"
	},

	"icon": {
		"type": "texture",
		"texture": "dfheroes:textures/icons/wip_icon.png"
	},
	
	"max_level": 1,
	
	"capsule_color" : 1949696,
	
	"abilities": [
		{
			"ability": "lucraftcore:toggle_power",
			"abilities": [  ],
			"icon": {
						"type": "texture",
						"texture": "dfheroes:textures/icons/wip_icon.png"
					}
		},
		{
			"ability": "lucraftcore:sprint",
			"amount": 1,
			"operation": 0,
			"uuid": "b2930a55-fa9d-4124-bb58-2ba3169d1495"
		},
		{
			"ability": "lucraftcore:tough_lungs"
		},
		{
			"ability": "lucraftcore:water_breathing"
		},
		{
            "ability": "lucraftcore:fire_resistance"
		},
		{
		    "ability": "heroesexpansion:heat_vision",
			"color": [ 1, 0, 0 ],
			"cooldown": 100
		},
		{
			"ability": "lucraftcore:flight",
			"speed": 0.5,
			"sprint_speed": 4,
			"rotate_arms": true
	    },
		{
            "ability": "lucraftcore:healing",
            "frequency": 10,
            "amount": 5
        },
		{
			"ability": "lucraftcore:health",
			"amount": 20,
			"operation": 0,
			"uuid": "b2930a55-fa9d-4124-bb58-2ba3169d1495"
		},
		{
			"ability": "lucraftcore:jump_boost",
			"amount": 5.5,
			"operation": 0,
			"uuid": "b2930a55-fa9d-4124-bb58-2ba3169d1495"
		},
		{
			"ability": "lucraftcore:stength",
			"amount": 20,
			"operation": 0,
			"uuid": "b2930a55-fa9d-4124-bb58-2ba3169d1495"	
		},
		{
			"ability": "lucraftcore:punch",
			"amount": 16,
			"operation": 0,
			"uuid": "b2930a55-fa9d-4124-bb58-2ba3169d1495"
		},
		{
			"ability": "lucraftcore:resistance",
			"amount": 15,
			"operation": 0,
			"uuid": "b2930a55-fa9d-4124-bb58-2ba3169d1495"
		},
		{
			"ability": "lucraftcore:fall_resistance",
			"amount": 15,
			"operation": 0,
			"uuid": "b2930a55-fa9d-4124-bb58-2ba3169d1495"
		}
    ],
	
	"effects": [
	    {
		"type": "skin_change",
        "texture": "dfheroes:textures/skins/martian_skin.png",
		"conditions": [
				{
					"type": "ability_enabled",
					"ability": "lucraftcore:toggle_power"
				}
			]
	    },
		{
          "type": "skin_overlay",
          "texture": "dfheroes:textures/skins/martian_eyes.png",
          "glow": true,
          "size": 0.0,
		  "conditions": [
				{
					"type": "ability_enabled",
					"ability": "lucraftcore:toggle_power"
				}
			]
		}
	]
}
