{
    "input": {
        "item": "minecraft:skull",
        "data": 0
    },

    "input_container": {
        "item": "lucraftcore:injection",
        "nbt": "{\"Injection\": \"mightiestheroes:f4_humantorch\"}"
    },

    "input_fluid": {
        "fluid": "lava",
        "amount": 5000
    },

    "energy": 80000,

    "outputs": {
        "primary": {
            "item": "lucraftcore:injection",
            "nbt": "{\"Injection\": \"mightiestheroes:ghostrider\"}",
            "chance": 0.40
        }
    }
}
