{
    "input": {
        "item": "minecraft:nether_star"
    },

    "input_container": {
        "item": "lucraftcore:injection",
        "nbt": "{\"Injection\": \"mightiestheroes:thanos\"}"
    },

    "input_fluid": {
        "fluid": "lava",
        "amount": 5000
    },

    "energy": 100000,

    "outputs": {
        "primary": {
            "item": "lucraftcore:injection",
            "nbt": "{\"Injection\": \"mightiestheroes:lucifermorningstar\"}",
            "chance": 0.30
        }
    }
}
