{
    "input": {
        "item": "minecraft:dye",
        "data": 1
    },

    "input_container": {
        "item": "lucraftcore:injection",
        "nbt": "{\"Injection\": \"mightiestheroes:greenlantern\"}"
    },

    "input_fluid": {
        "fluid": "water",
        "amount": 5000
    },

    "energy": 80000,

    "outputs": {
        "primary": {
            "item": "lucraftcore:injection",
            "nbt": "{\"Injection\": \"mightiestheroes:redlantern\"}",
            "chance": 0.40
        }
    }
}
