{
    "input": {
        "item": "lucraftcore:ingot_dwarf_star_alloy"
    },

    "input_container": {
        "item": "lucraftcore:injection",
        "nbt": "{\"Injection\": \"speedsterheroes:speedforce\"}"
    },

    "input_fluid": {
        "fluid": "water",
        "amount": 5000
    },

    "energy": 80000,

    "outputs": {
        "primary": {
            "item": "lucraftcore:injection",
            "nbt": "{\"Injection\": \"mightiestheroes:xmen_superspeed\"}",
            "chance": 0.100
        }
    }
}
