{
	"input": {
		"nbt": "{FluidName:\"super_soldier_serum\",Amount:1000}",
        "item": "forge:bucketfilled",
        "type": "minecraft:item_nbt"
	},
	
	"input_container": {
		"item": "lucraftcore:injection"
	},
	
	"input_fluid": {
		"fluid": "super_soldier_serum",
		"amount": 5000
	},
	
	"energy": 5000,
	
	"outputs": {
		"primary": {
			"item": "lucraftcore:injection",
			"nbt": "{\"Injection\": \"heroesuniverse:redskull\"}",
			"chance": 1
		},
		"secondary": {
			"item": "minecraft:bucket",
			"chance": 1
		}
	}
}