{
	"input": {
		"item": "lucraftcore:injection",
	    "nbt": "{\"Injection\": \"symbiotes:hellmark\"}"
	},
	
	"input_container": {
		"item": "lucraftcore:injection"
	},
	
	"input_fluid": {
		"fluid": "water",
		"amount": 1000
	},
	
	"energy": 5000,
	
	"outputs": {
		"primary": {
			"item": "lucraftcore:injection",
			"nbt": "{\"Injection\": \"heroesuniverse:spirit_of_vengeance\"}",
			"chance": 0.1
		},
		"secondary": {
			"item": "minecraft:blaze_powder",
			"chance": 1
		}
	}
}